{"type":"FeatureCollection","name":"bd_bs_groundwater_bodies_preview","features":[{"type":"Feature","id":"BG2G000000N019","properties":{"OBJECTID":1,"localId":"BG2G000000N019","nameTxtInt":"POROUS WATERS - NEOGEN-MIOCEN GALATA-DOLNI CHIFLIK","nameText":"POROUS WATERS - NEOGEN-MIOCEN GALATA-DOLNI CHIFLIK","horizons":"1,2","Type":"5","Age":"N","n":15.0,"cod":"BG2G000000N019","ime":"Порови води в неоген - миоцен Галата- Долен чифлик","risk_q":"Не е в риск","risk_ch":"Не е в риск","q_s":"добро","dostoverno":" -","ch_s":"добро","dostover_1":" -","sustoyanie":"добро","sustoyan_1":"добро","Shape_Leng":87141.4830779,"Shape_Area":429524638.153,"gwb_code":"BG2G000000N019","gwb_name":"Порови води в неоген - миоцен Галата- Долен чифлик","basin_district":"BG2"},"geometry":{"type":"Polygon","coordinates":[[[27.9099034,43.1810975],[27.910371,43.1806842],[27.9106026,43.1804796],[27.9106791,43.1802213],[27.9107402,43.1800147],[27.9108236,43.1797336],[27.9108325,43.1797033],[27.910907,43.179408],[27.9110133,43.178986],[27.9111018,43.1786331],[27.9111796,43.1783228],[27.9112182,43.1781496],[27.911279,43.1778763],[27.9113892,43.177386],[27.9114219,43.1772403],[27.9114493,43.1771186],[27.9120593,43.175889],[27.9129513,43.1749635],[27.9130541,43.1748731],[27.9135826,43.1744087],[27.9138872,43.1741411],[27.9139914,43.1740501],[27.9140329,43.1740138],[27.9142804,43.1739038],[27.9168906,43.1738331],[27.9177935,43.173393],[27.9193893,43.1736028],[27.9200952,43.1736956],[27.9245058,43.1742756],[27.9279454,43.1747279],[27.9284675,43.1747965],[27.9320717,43.1734631],[27.939706,43.1706387],[27.9411199,43.1701156],[27.9411905,43.1700895],[27.9412665,43.1701244],[27.9453185,43.1719855],[27.9454249,43.1717219],[27.9461396,43.1699522],[27.946768,43.168396],[27.9464732,43.1669566],[27.9459667,43.1644841],[27.9455888,43.162639],[27.945362,43.1615318],[27.939831,43.1345295],[27.9381943,43.133269],[27.9328575,43.1291588],[27.9307615,43.1275445],[27.9291881,43.1227975],[27.9261796,43.1137208],[27.9237981,43.1065359],[27.9237365,43.10635],[27.9216676,43.0980124],[27.9127085,43.0619085],[27.9107732,43.0599257],[27.9070438,43.0561046],[27.90642,43.0554655],[27.9015592,43.0551457],[27.901434,43.0551375],[27.9013769,43.0550187],[27.897646,43.0472525],[27.8972751,43.0470036],[27.8959915,43.0461421],[27.8900185,43.042133],[27.8895855,43.022869],[27.892227,42.9872095],[27.8935625,42.9803085],[27.8986402,42.9588004],[27.8987534,42.9583211],[27.901449,42.946903],[27.9067995,42.9295655],[27.9051598,42.9279959],[27.9029824,42.9259116],[27.9017443,42.9247264],[27.8983145,42.9214433],[27.897339,42.9205095],[27.8973306,42.9204094],[27.8961345,42.9196081],[27.8960167,42.9191996],[27.8960166,42.9191997],[27.8923271,42.9185486],[27.8415054,42.9319584],[27.8400344,42.9328351],[27.8247775,42.9419283],[27.8088758,42.9493484],[27.7373975,42.9752456],[27.7274316,42.9808885],[27.7095157,42.9910328],[27.7090281,42.9913089],[27.6930924,42.9980777],[27.6928043,42.9993028],[27.6857182,43.0294333],[27.6734813,43.0370316],[27.6701976,43.0390705],[27.6836886,43.0809988],[27.7153166,43.1132681],[27.7182025,43.1361674],[27.7298436,43.1424446],[27.7496904,43.1531466],[27.7734808,43.1778144],[27.8387772,43.1830813],[27.8883217,43.1807983],[27.902441,43.1833997],[27.902441,43.1833997],[27.9047001,43.1830062],[27.9051002,43.1829365],[27.9051575,43.1829154],[27.9054873,43.1827939],[27.9056465,43.1827358],[27.905664,43.1827294],[27.9056804,43.1827234],[27.9063631,43.1824718],[27.9070131,43.1823608],[27.9076626,43.1822498],[27.9080914,43.1821744],[27.9086793,43.1819896],[27.9087832,43.1819562],[27.9090092,43.1818835],[27.90924,43.1816835],[27.9094579,43.1814927],[27.9095271,43.1814296],[27.9099034,43.1810975]]]}},{"type":"Feature","id":"BG2G00000PG026","properties":{"OBJECTID":2,"localId":"BG2G00000PG026","nameTxtInt":"POROUS WATERS - PALEOGEN-EOCEN VARNA-SHABLA","nameText":"POROUS WATERS - PALEOGEN-EOCEN VARNA-SHABLA","horizons":"1,2,3","Type":"5","Age":"PG","n":23.0,"cod":"BG2G00000PG026","ime":"Порови води в палеоген - еоцен Варна - Шабла","risk_q":"Не е в риск","risk_ch":"В риск","q_s":"добро","dostoverno":"Ниска","ch_s":"лошо","dostover_1":"Ниска","sustoyanie":"лошо","sustoyan_1":"лошо","Shape_Leng":334948.610804,"Shape_Area":3475014079.63,"gwb_code":"BG2G00000PG026","gwb_name":"Порови води в палеоген - еоцен Варна - Шабла","basin_district":"BG2"},"geometry":{"type":"MultiPolygon","coordinates":[[[[28.2437343,43.7580971],[28.246437,43.7579459],[28.2446804,43.7580128],[28.2437343,43.7580971]]],[[[28.1140248,43.7534505],[28.1234745,43.7526287],[28.1412357,43.7532181],[28.1602946,43.7566637],[28.1843762,43.7633496],[28.2004005,43.7699884],[28.2065519,43.7680435],[28.2072776,43.767829],[28.2072777,43.767829],[28.2146055,43.7654669],[28.2159631,43.7649561],[28.2159631,43.7649561],[28.2177994,43.7642658],[28.2201341,43.763533],[28.2255055,43.7618469],[28.2309197,43.760033],[28.2356407,43.7585246],[28.2361256,43.7583696],[28.2362829,43.7583587],[28.2366353,43.7583342],[28.2401439,43.7580903],[28.2404998,43.7580656],[28.2452916,43.7579099],[28.2477915,43.7577566],[28.2529923,43.7572995],[28.2542077,43.7571728],[28.2561418,43.7569709],[28.2588304,43.7566901],[28.2602409,43.7566758],[28.2642677,43.7566346],[28.2703451,43.7561891],[28.2755446,43.755645],[28.276205,43.7556369],[28.2768673,43.7556289],[28.2779124,43.7556161],[28.2800013,43.7555906],[28.2811923,43.7556081],[28.2833112,43.755639],[28.2845902,43.755614],[28.2887132,43.7555332],[28.290561,43.7554688],[28.290561,43.7554688],[28.2999819,43.7549363],[28.3001423,43.7549203],[28.3030284,43.7546326],[28.30627,43.7544335],[28.3089035,43.7543313],[28.315183,43.7540297],[28.320433,43.7535929],[28.320585,43.7535802],[28.323355,43.7534379],[28.3243546,43.7533865],[28.3254464,43.7533303],[28.326297,43.7533174],[28.3291607,43.7532737],[28.3337517,43.7530221],[28.3356215,43.7529036],[28.3376682,43.7527738],[28.3395055,43.7526537],[28.3407737,43.7525708],[28.3433396,43.7523696],[28.3470532,43.7522178],[28.3481975,43.7520623],[28.3499555,43.7518234],[28.3534646,43.7510346],[28.3547115,43.7509225],[28.3557045,43.7508332],[28.3567644,43.7506328],[28.3602826,43.7496211],[28.3651446,43.7489418],[28.369248,43.7481166],[28.3709517,43.7477739],[28.3711273,43.7477391],[28.374868,43.7469975],[28.3766418,43.7465688],[28.3769174,43.7465022],[28.378514,43.7461162],[28.3835106,43.74534],[28.3840963,43.7452247],[28.3879669,43.7444622],[28.3928281,43.7437818],[28.3954523,43.7432954],[28.3961141,43.7431727],[28.397014,43.7430059],[28.3979945,43.7427834],[28.3991744,43.7425157],[28.401789,43.7420457],[28.4045757,43.7415446],[28.4056485,43.7413569],[28.4065694,43.7411957],[28.4065695,43.7411957],[28.4098735,43.7405688],[28.4132168,43.7397903],[28.4171524,43.7390592],[28.4172552,43.7390401],[28.4179423,43.7389125],[28.4206693,43.7384384],[28.4213171,43.7383258],[28.4214053,43.7383084],[28.4242866,43.7377396],[28.4255041,43.7375296],[28.4259592,43.7374511],[28.4276622,43.7371573],[28.4309018,43.736572],[28.4330898,43.7361609],[28.4345471,43.7358871],[28.4345576,43.7358854],[28.4345577,43.7358854],[28.435577,43.735692],[28.4405762,43.7347455],[28.4438608,43.734032],[28.4450002,43.7338044],[28.4456037,43.7336839],[28.4458613,43.7336324],[28.4462907,43.7335466],[28.450477,43.7336466],[28.4510175,43.7336872],[28.4517969,43.7337457],[28.4530419,43.7338391],[28.4538889,43.7339166],[28.4538876,43.7339165],[28.4493313,43.7336903],[28.4471226,43.7338123],[28.4468691,43.7338468],[28.4758626,43.734918],[28.4720516,43.7347393],[28.4604032,43.734236],[28.4634394,43.7342377],[28.4647278,43.7342375],[28.4662753,43.7342373],[28.470518,43.7345789],[28.4719971,43.7346979],[28.4723516,43.7347264],[28.4732753,43.7347726],[28.4762791,43.7349227],[28.4770986,43.7349637],[28.4791835,43.7350407],[28.4791836,43.7350407],[28.4810421,43.7350769],[28.4813989,43.7350838],[28.4831544,43.735118],[28.4842321,43.7352162],[28.4844349,43.7352347],[28.4937644,43.7355794],[28.4937645,43.7355794],[28.4940535,43.7355848],[28.4942262,43.735588],[28.4942756,43.7355889],[28.4945423,43.7355939],[28.4954429,43.7356106],[28.4968889,43.7356092],[28.498413,43.7356077],[28.5019307,43.735639],[28.5035255,43.7356531],[28.5049242,43.7357004],[28.5091621,43.7358436],[28.509467,43.7358539],[28.5141932,43.7361515],[28.520269,43.73635],[28.5210795,43.7364001],[28.5221733,43.7364678],[28.5266159,43.7367425],[28.5307326,43.7368854],[28.5324217,43.7369439],[28.5348605,43.7370581],[28.5366077,43.7371398],[28.5389369,43.737228],[28.5418742,43.737339],[28.5427019,43.7373875],[28.5493597,43.7376335],[28.5493597,43.7376335],[28.550568,43.7376344],[28.5515966,43.7376351],[28.5535663,43.7377889],[28.5585215,43.737972],[28.5596531,43.7380146],[28.5596531,43.7380146],[28.5598122,43.7380178],[28.5602388,43.7380262],[28.563941,43.7381535],[28.5660456,43.7382258],[28.5687725,43.7383581],[28.5712483,43.7384514],[28.5712483,43.7384514],[28.5738381,43.7385489],[28.5738381,43.7385489],[28.578884,43.738739],[28.5788308,43.7386167],[28.5788234,43.7385998],[28.5765036,43.73327],[28.5763364,43.7331971],[28.576238,43.7331542],[28.5762141,43.7331438],[28.5761621,43.7331212],[28.5759965,43.7330252],[28.5758308,43.7329293],[28.5756925,43.7328492],[28.5756738,43.7328383],[28.5755161,43.732747],[28.5748763,43.7323765],[28.5748106,43.7323385],[28.5747343,43.7320904],[28.5747253,43.7320613],[28.5746543,43.7318307],[28.5744853,43.7312816],[28.5744761,43.7312518],[28.574399,43.7310013],[28.5743604,43.730876],[28.5742669,43.7305722],[28.5740563,43.729773],[28.5740405,43.7297131],[28.5739483,43.7293629],[28.5739431,43.7293433],[28.5737297,43.7285336],[28.5737232,43.7285088],[28.5735819,43.7280497],[28.5734725,43.7276938],[28.5734651,43.7276699],[28.573175,43.7267269],[28.5729081,43.7258594],[28.5728956,43.7256826],[28.5729243,43.7256849],[28.5729328,43.7258423],[28.5732039,43.7267097],[28.573494,43.7276526],[28.5736109,43.7280324],[28.5737479,43.7284917],[28.5739773,43.7293455],[28.5740696,43.7296957],[28.5742918,43.7305537],[28.5743896,43.7308587],[28.5744282,43.7309839],[28.5745053,43.7312344],[28.5746835,43.7318134],[28.5747545,43.732044],[28.5748354,43.7323199],[28.5749088,43.7323591],[28.5757255,43.7328313],[28.5758638,43.7329113],[28.5761885,43.733105],[28.5762686,43.7331393],[28.576369,43.7331796],[28.5764867,43.7332312],[28.5728361,43.724844],[28.572563,43.7242165],[28.5727888,43.723564],[28.577972,43.7085844],[28.5781135,43.7081755],[28.5771881,43.7031677],[28.576746,43.700775],[28.5758948,43.7002891],[28.5733133,43.6988155],[28.5658669,43.6945649],[28.564731,43.6939165],[28.5647107,43.6921948],[28.5645105,43.6751825],[28.5645571,43.6749405],[28.5672966,43.6607025],[28.5677244,43.6584791],[28.5680988,43.6565329],[28.568743,43.6531851],[28.569128,43.651184],[28.5696722,43.650403],[28.5708113,43.6487684],[28.5712357,43.6481593],[28.5765184,43.6405784],[28.579059,43.6369325],[28.5763757,43.6333859],[28.5750076,43.6315776],[28.5731165,43.629078],[28.5732353,43.6281299],[28.574378,43.6190104],[28.5744745,43.6182405],[28.5739041,43.6175088],[28.5705141,43.6131605],[28.569683,43.6120945],[28.5679035,43.60175],[28.5686842,43.5993708],[28.5697654,43.5960759],[28.5699435,43.595533],[28.5707638,43.5930333],[28.5710505,43.5921595],[28.5720711,43.5902348],[28.5768759,43.581174],[28.578436,43.578232],[28.5808984,43.5757277],[28.5990741,43.557243],[28.6031795,43.5530678],[28.603815,43.5524215],[28.6063062,43.5435121],[28.6074014,43.5395953],[28.607464,43.5393715],[28.6037454,43.5271061],[28.6034284,43.5260603],[28.6023013,43.5223428],[28.6015055,43.519718],[28.5999642,43.5174464],[28.5993761,43.5165796],[28.5981015,43.5147011],[28.5975655,43.513911],[28.5877725,43.4994775],[28.5870488,43.4965336],[28.5869649,43.4961926],[28.5868794,43.4958447],[28.5858747,43.4917578],[28.5854955,43.4902155],[28.5852908,43.489971],[28.5845951,43.4891402],[28.584401,43.4889085],[28.582393,43.4865105],[28.5710315,43.4729425],[28.5701514,43.4715975],[28.5699772,43.4713314],[28.5672968,43.4672352],[28.5585252,43.4538306],[28.5574429,43.4521767],[28.5570984,43.4516502],[28.555622,43.449394],[28.5521358,43.4455518],[28.5515424,43.4448978],[28.549978,43.4431735],[28.549085,43.4421894],[28.5458165,43.438587],[28.5364586,43.4299544],[28.529503,43.423538],[28.5153992,43.4150948],[28.5146894,43.4146699],[28.5142995,43.4144365],[28.508583,43.4152105],[28.508358,43.415241],[28.504755,43.4132503],[28.50311,43.4123415],[28.5016935,43.4115588],[28.4967448,43.4088247],[28.4956685,43.40823],[28.4873072,43.3981802],[28.480669,43.3902015],[28.4766075,43.3874198],[28.4700525,43.3829305],[28.4700205,43.3827559],[28.4698435,43.3817893],[28.4685219,43.3745735],[28.4665753,43.3639454],[28.4665018,43.3635438],[28.4659765,43.360676],[28.4658303,43.3611239],[28.464723,43.3645156],[28.463928,43.366951],[28.4503538,43.3807059],[28.450334,43.380726],[28.4503098,43.3807305],[28.4293664,43.3846607],[28.420176,43.3863853],[28.41588,43.3871915],[28.4145647,43.3879925],[28.3911739,43.4022368],[28.387459,43.404499],[28.378956,43.406456],[28.3676937,43.4086905],[28.3657656,43.409073],[28.356056,43.4109995],[28.358673,43.411453],[28.355768,43.4133415],[28.349449,43.411175],[28.3349245,43.415539],[28.317553,43.4172977],[28.3092886,43.4181344],[28.308779,43.418186],[28.285902,43.4123385],[28.2852036,43.4124464],[28.27993,43.4132615],[28.2797939,43.4132352],[28.2695062,43.4112477],[28.2579378,43.4090127],[28.2579378,43.4090127],[28.2571756,43.4088655],[28.2555635,43.408554],[28.2552805,43.4083409],[28.248186,43.403],[28.2472957,43.4033658],[28.2417985,43.4056245],[28.2412419,43.4055117],[28.231102,43.4034575],[28.2289362,43.4023165],[28.22827,43.4019655],[28.223261,43.3993265],[28.1943015,43.3971445],[28.1800325,43.3978765],[28.1764754,43.3995577],[28.1739774,43.4007384],[28.1682014,43.4034684],[28.1676097,43.4037481],[28.1643505,43.4052885],[28.1539847,43.4048635],[28.1535854,43.4048471],[28.1509851,43.4047405],[28.150778,43.404732],[28.1505844,43.4046303],[28.1238566,43.3905842],[28.121918,43.3895654],[28.1177825,43.3873921],[28.1068258,43.3816341],[28.1047495,43.380543],[28.1046261,43.3804998],[28.0994209,43.3786769],[28.0928549,43.3763775],[28.0923765,43.37621],[28.0919638,43.3757079],[28.0826133,43.3643315],[28.0819311,43.3635015],[28.081747,43.3632775],[28.081226,43.3622511],[28.0693362,43.3388269],[28.067583,43.335373],[28.0676281,43.3352173],[28.069742,43.327915],[28.0681978,43.3260625],[28.0679644,43.3257826],[28.0667574,43.3243347],[28.0601805,43.316445],[28.054858,43.3100105],[28.050083,43.3042385],[28.0483495,43.302143],[28.0473798,43.2917507],[28.0471325,43.2891005],[28.0444125,43.2771835],[28.0384666,43.2668057],[28.0344379,43.2597741],[28.030094,43.2521925],[28.0259585,43.2449746],[28.025955,43.2449685],[28.0258202,43.244941],[28.024849,43.2447432],[28.0227989,43.2443257],[28.0221489,43.2441933],[28.020662,43.2438905],[28.0183885,43.2434275],[28.0167156,43.2374425],[28.0159006,43.2345266],[28.013714,43.2267035],[28.0117732,43.2250543],[28.0090486,43.2227391],[28.007025,43.2210195],[28.0046079,43.2203208],[28.000084,43.219013],[27.9995231,43.2189524],[27.992218,43.2181625],[27.9850235,43.219834],[27.9773425,43.2191753],[27.975275,43.218998],[27.9638076,43.2151297],[27.9560165,43.2125015],[27.943754,43.2114525],[27.9433171,43.2112644],[27.940701,43.2101384],[27.939438,43.2095947],[27.939438,43.2095947],[27.9380884,43.2090137],[27.930379,43.2056952],[27.927004,43.2042425],[27.9225157,43.1997215],[27.9199905,43.197178],[27.9196788,43.1955382],[27.9185315,43.1895025],[27.9132615,43.1891126],[27.911314,43.1889685],[27.9104203,43.1877932],[27.908924,43.1858255],[27.9134865,43.1819605],[27.913113,43.1756745],[27.9168906,43.1738331],[27.9177935,43.173393],[27.9193893,43.1736028],[27.9200952,43.1736956],[27.9245058,43.1742756],[27.9279454,43.1747279],[27.9284675,43.1747965],[27.9320717,43.1734631],[27.939706,43.1706387],[27.9411199,43.1701156],[27.9411905,43.1700895],[27.9412665,43.1701244],[27.9453185,43.1719855],[27.9454249,43.1717219],[27.9461396,43.1699522],[27.946768,43.168396],[27.9464732,43.1669566],[27.9459667,43.1644841],[27.9455888,43.162639],[27.945362,43.1615318],[27.939831,43.1345295],[27.9381943,43.133269],[27.9328575,43.1291588],[27.9307615,43.1275445],[27.9291881,43.1227975],[27.9261796,43.1137208],[27.9237981,43.1065359],[27.9237365,43.10635],[27.9216676,43.0980124],[27.9127085,43.0619085],[27.9107732,43.0599257],[27.9108317,43.0600092],[27.9113562,43.060759],[27.9120135,43.0616431],[27.9122772,43.0619979],[27.912574,43.0623971],[27.9126148,43.0625094],[27.9126757,43.06268],[27.9127088,43.0627711],[27.9127229,43.0628102],[27.9128897,43.0633103],[27.9129017,43.0634796],[27.9129434,43.0641141],[27.9129266,43.0656226],[27.9129173,43.0664217],[27.9129151,43.0666172],[27.9129098,43.0670725],[27.9130249,43.0686204],[27.9130175,43.0691258],[27.9130123,43.0694805],[27.9130217,43.0700357],[27.9130364,43.0708986],[27.9130498,43.0716621],[27.9130513,43.0717449],[27.9130569,43.0720692],[27.9130735,43.0721116],[27.9131079,43.0721992],[27.9132068,43.0724461],[27.9132669,43.072597],[27.9132848,43.072642],[27.9133176,43.0727243],[27.9135828,43.0737263],[27.9136137,43.0738432],[27.9136282,43.074045],[27.9136398,43.0742076],[27.913667,43.0745901],[27.9137337,43.0747876],[27.913763,43.0748757],[27.9137979,43.0749807],[27.9138874,43.0751019],[27.9139338,43.0751648],[27.9139962,43.0752493],[27.9140409,43.075312],[27.9142481,43.0755561],[27.9144351,43.0757764],[27.9147394,43.0761348],[27.9148264,43.0762407],[27.9149745,43.0767137],[27.9151076,43.0771449],[27.9152121,43.0773187],[27.9152612,43.0774004],[27.9156691,43.078086],[27.9156669,43.0784597],[27.9154662,43.0794506],[27.9154431,43.0795646],[27.915452,43.0801633],[27.9155092,43.0805501],[27.9156953,43.0818053],[27.9157675,43.0822922],[27.9157985,43.0825018],[27.9158195,43.0826326],[27.8368143,43.1007394],[27.7509662,43.1052556],[27.7033003,43.0939481],[27.6978683,43.0924111],[27.6935438,43.089464],[27.6836886,43.0809988],[27.6701976,43.0390705],[27.6645366,43.0388448],[27.663708,43.0388118],[27.6479087,43.0415816],[27.6455719,43.0420718],[27.6376182,43.04374],[27.6375065,43.0437635],[27.6260381,43.0461689],[27.5993193,43.0534569],[27.5968953,43.0548292],[27.5968952,43.0548315],[27.5961458,43.0678614],[27.5957838,43.0741548],[27.595727,43.075143],[27.599516,43.079346],[27.600421,43.082206],[27.600658,43.090159],[27.600515,43.094429],[27.600372,43.100157],[27.600372,43.103907],[27.599802,43.107032],[27.599444,43.11045],[27.598606,43.113315],[27.598468,43.115044],[27.5984238,43.1152278],[27.5977082,43.1182058],[27.597595,43.118677],[27.595907,43.122962],[27.593706,43.127193],[27.59047,43.131834],[27.588749,43.134702],[27.586807,43.136674],[27.5863145,43.1374108],[27.5859423,43.1386066],[27.5847554,43.1424197],[27.584762,43.142541],[27.5850716,43.1442628],[27.5855289,43.144593],[27.5867554,43.1454784],[27.5990848,43.1543791],[27.6086784,43.1569961],[27.6133066,43.1582586],[27.6247733,43.1613865],[27.6456532,43.174667],[27.6466302,43.1768713],[27.6515476,43.1879662],[27.6525148,43.1901483],[27.6531552,43.1915932],[27.6537908,43.1928785],[27.6544034,43.1941172],[27.655603,43.1965431],[27.6606421,43.2067327],[27.6607867,43.2201282],[27.651113,43.2291146],[27.6366622,43.2488438],[27.6197036,43.2632262],[27.6122471,43.2706025],[27.6015499,43.2811847],[27.6005384,43.3026239],[27.6028485,43.306638],[27.6092494,43.3177601],[27.6096112,43.318107],[27.61666,43.3248649],[27.6240632,43.3310763],[27.6263516,43.3398879],[27.6266108,43.3408861],[27.6333938,43.3532241],[27.6291222,43.3601902],[27.6251356,43.3625442],[27.6240476,43.3647652],[27.6245972,43.3666082],[27.6280596,43.3684441],[27.6304948,43.3699885],[27.630418,43.372105],[27.6283171,43.3742506],[27.623341,43.3777175],[27.6204441,43.3781205],[27.6173814,43.3767774],[27.6152507,43.3772661],[27.614019,43.3787585],[27.6134411,43.3814359],[27.6119624,43.3829296],[27.6088211,43.3836126],[27.6066787,43.3841913],[27.6059678,43.3859509],[27.6063775,43.3874165],[27.6081635,43.3882264],[27.6107356,43.3898515],[27.6128137,43.3926858],[27.6135215,43.3955274],[27.6121734,43.3977587],[27.6099231,43.3987072],[27.6072936,43.4000269],[27.6058142,43.4015204],[27.6058574,43.4033661],[27.6066715,43.405748],[27.607628,43.4087774],[27.6084778,43.410997],[27.6140684,43.4178825],[27.6265028,43.4222182],[27.6272332,43.4224675],[27.637041,43.4258157],[27.6381693,43.4261966],[27.6551825,43.4286036],[27.6602976,43.4291944],[27.6627202,43.4294742],[27.6742582,43.4308069],[27.6927679,43.4309393],[27.7063517,43.4292715],[27.7147916,43.4274085],[27.7180921,43.4266799],[27.7234801,43.4254906],[27.7391183,43.4202311],[27.7523456,43.4150033],[27.7653571,43.4114593],[27.7771729,43.4111095],[27.7864713,43.4128558],[27.7981338,43.4168179],[27.8086101,43.424344],[27.815724,43.4389166],[27.8175679,43.4501318],[27.8200294,43.4658267],[27.8247637,43.4794252],[27.8317595,43.490936],[27.8388747,43.4974661],[27.8441271,43.5043493],[27.8506059,43.5128397],[27.8533836,43.5174125],[27.8554572,43.5208263],[27.855752,43.5320523],[27.8530923,43.5382761],[27.8488392,43.5430169],[27.8437137,43.5438382],[27.836993,43.5429962],[27.8302751,43.5423429],[27.8210125,43.5438865],[27.8100703,43.5485296],[27.8017433,43.5553865],[27.7935796,43.5682293],[27.7902154,43.5780131],[27.7806627,43.587317],[27.7767828,43.5967347],[27.7780333,43.6053251],[27.7803275,43.6140975],[27.7875738,43.6252308],[27.7992133,43.6364952],[27.8113278,43.6458821],[27.8409802,43.6649453],[27.8567693,43.6771455],[27.8971924,43.7049637],[27.9136766,43.7197886],[27.9269485,43.7359428],[27.9423597,43.7605233],[27.9499448,43.7719674],[27.9584164,43.7795949],[27.9668029,43.7841162],[27.9794129,43.7861427],[27.9916355,43.7857312],[28.011724,43.7823228],[28.02811,43.7776386],[28.0510663,43.7679668],[28.0747045,43.760724],[28.0984773,43.7550326],[28.1140248,43.7534505]]]]}},{"type":"Feature","id":"BG2G00000PG027","properties":{"OBJECTID":3,"localId":"BG2G00000PG027","nameTxtInt":"POROUS WATERS - PALEOGEN-EOCEN-OLYGOCEN PROVADIA","nameText":"POROUS WATERS - PALEOGEN-EOCEN-OLYGOCEN PROVADIA","horizons":"1,2","Type":"5","Age":"PG","n":24.0,"cod":"BG2G00000PG027","ime":"Порови води в палеоген - еоцен, олигоцен Провадия","risk_q":"Не е в риск","risk_ch":"Не е в риск","q_s":"добро","dostoverno":"Ниска","ch_s":"добро","dostover_1":"Средна","sustoyanie":"добро","sustoyan_1":"лошо","Shape_Leng":325983.125443,"Shape_Area":915733187.145,"gwb_code":"BG2G00000PG027","gwb_name":"Порови води в палеоген - еоцен, олигоцен Провадия","basin_district":"BG2"},"geometry":{"type":"Polygon","coordinates":[[[27.320486,43.003543],[27.328891,43.008653],[27.321437,43.012269],[27.312249,43.016959],[27.306547,43.019849],[27.299976,43.023097],[27.294712,43.024919],[27.317305,43.024329],[27.320617,43.026502],[27.325709,43.02797],[27.327958,43.02869],[27.3306614,43.0291199],[27.3316352,43.0292748],[27.331951,43.029325],[27.3317672,43.0293912],[27.328058,43.030727],[27.32277,43.032236],[27.3199839,43.0331099],[27.3075477,43.0370108],[27.2962293,43.0405611],[27.275431,43.047085],[27.254349,43.053721],[27.245288,43.056539],[27.222564,43.066283],[27.206111,43.073828],[27.191854,43.071542],[27.159195,43.082343],[27.164548,43.085132],[27.1628943,43.0854535],[27.160749,43.088303],[27.159896,43.089728],[27.158922,43.09276],[27.158494,43.09504],[27.158247,43.097577],[27.157861,43.100428],[27.157269,43.104583],[27.154839,43.105086],[27.152186,43.105119],[27.149533,43.105153],[27.14683,43.104382],[27.144654,43.10343],[27.141289,43.101633],[27.137975,43.100315],[27.135442,43.099286],[27.132633,43.098246],[27.130857,43.097557],[27.127347,43.097299],[27.124674,43.097634],[27.122495,43.099445],[27.122247,43.101436],[27.122997,43.102987],[27.125449,43.105687],[27.12726,43.108501],[27.12798,43.111104],[27.128898,43.112877],[27.132468,43.115318],[27.136033,43.116697],[27.140035,43.118422],[27.140867,43.119271],[27.141174,43.120657],[27.140543,43.122325],[27.139684,43.124119],[27.13841,43.126973],[27.13747,43.129733],[27.137508,43.13186],[27.137839,43.133913],[27.139384,43.13786],[27.141191,43.139964],[27.141621,43.142703],[27.141273,43.144569],[27.140859,43.146343],[27.140201,43.147602],[27.137816,43.149221],[27.135627,43.150668],[27.133284,43.152035],[27.131561,43.153322],[27.130515,43.154794],[27.130141,43.157083],[27.129095,43.158664],[27.127372,43.159798],[27.126082,43.161245],[27.125439,43.162499],[27.125916,43.164647],[27.128144,43.166603],[27.129727,43.169635],[27.130198,43.17142],[27.130643,43.173923],[27.130672,43.175711],[27.131584,43.177492],[27.131601,43.178573],[27.132949,43.180704],[27.133855,43.18213],[27.13518,43.182836],[27.138265,43.183889],[27.140021,43.183155],[27.141764,43.182422],[27.143944,43.181322],[27.143667,43.17892],[27.1439,43.176319],[27.144513,43.173984],[27.146034,43.172349],[27.148645,43.17143],[27.151941,43.171047],[27.155224,43.170654],[27.157874,43.170576],[27.160628,43.170626],[27.163941,43.17077],[27.166826,43.171281],[27.168602,43.171979],[27.17072,43.173492],[27.171966,43.176056],[27.172923,43.1767692],[27.175275,43.178522],[27.178094,43.180295],[27.181024,43.181698],[27.184168,43.182004],[27.186977,43.182032],[27.189463,43.181599],[27.19119,43.180362],[27.192525,43.178706],[27.195157,43.176896],[27.199546,43.174352],[27.206686,43.171503],[27.216355,43.167477],[27.2173587,43.1670314],[27.222238,43.164865],[27.226346,43.162574],[27.228466,43.160456],[27.228649,43.158185],[27.228017,43.155764],[27.227001,43.15391],[27.224894,43.152507],[27.223337,43.151505],[27.22088,43.151192],[27.21656,43.151839],[27.213766,43.152375],[27.209793,43.153116],[27.204933,43.154238],[27.201082,43.154978],[27.19696,43.155713],[27.192106,43.156248],[27.186977,43.156648],[27.183131,43.156715],[27.179958,43.156402],[27.176852,43.156069],[27.172599,43.155112],[27.172782,43.15391],[27.176139,43.152438],[27.180104,43.151317],[27.186284,43.150176],[27.193348,43.148665],[27.202651,43.146406],[27.21269,43.144692],[27.22072,43.143602],[27.235727,43.141278],[27.2454712,43.140435],[27.24761,43.14025],[27.255601,43.139968],[27.2589427,43.1398967],[27.264269,43.139783],[27.270362,43.139816],[27.268616,43.141623],[27.267202,43.142889],[27.264669,43.144181],[27.262471,43.145277],[27.258514,43.14711],[27.257642,43.148553],[27.257668,43.150702],[27.256183,43.153089],[27.253127,43.154845],[27.249777,43.156164],[27.244938,43.159486],[27.241862,43.161666],[27.241355,43.1621023],[27.237546,43.16538],[27.234494,43.167916],[27.231497,43.171828],[27.231081,43.173986],[27.232386,43.175244],[27.234608,43.175312],[27.237293,43.174434],[27.240611,43.172829],[27.243312,43.170583],[27.246741,43.167399],[27.249745,43.165235],[27.254139,43.162679],[27.2573088,43.1610406],[27.257664,43.160857],[27.2608,43.159741],[27.265234,43.157874],[27.271838,43.155294],[27.277387,43.152886],[27.282943,43.149712],[27.286715,43.148507],[27.289865,43.147695],[27.293406,43.148361],[27.296181,43.149232],[27.300184,43.149843],[27.305462,43.149478],[27.307819,43.14853],[27.309422,43.146929],[27.312031,43.144032],[27.315538,43.140771],[27.319148,43.137863],[27.322211,43.135687],[27.325635,43.134353],[27.32795,43.134187],[27.329271,43.134172],[27.327782,43.135725],[27.325816,43.138884],[27.323808,43.143228],[27.322445,43.146211],[27.319083,43.147999],[27.309853,43.153113],[27.30195,43.157504],[27.3009835,43.1581224],[27.295255,43.161788],[27.292572,43.164124],[27.290189,43.166767],[27.287803,43.170239],[27.286489,43.172048],[27.285191,43.174201],[27.283892,43.176364],[27.281536,43.177949],[27.279494,43.178557],[27.277284,43.178578],[27.273735,43.178259],[27.270573,43.177786],[27.267272,43.17697],[27.264437,43.176199],[27.261007,43.175951],[27.257204,43.17644],[27.254874,43.177304],[27.252852,43.178346],[27.250337,43.180108],[27.248336,43.182084],[27.246609,43.184973],[27.246294,43.187119],[27.246294,43.188594],[27.24659,43.189924],[27.247029,43.191421],[27.247666,43.194318],[27.247986,43.19751],[27.248177,43.199735],[27.248053,43.202535],[27.246761,43.204693],[27.243682,43.206159],[27.238365,43.207302],[27.233548,43.208061],[27.228747,43.209058],[27.22612,43.2098],[27.219135,43.212006],[27.216357,43.213339],[27.213021,43.214213],[27.209092,43.216401],[27.204321,43.219668],[27.20303,43.221832],[27.201757,43.22435],[27.200931,43.227945],[27.200088,43.229742],[27.19878,43.230834],[27.1961772,43.2318087],[27.194852,43.232305],[27.191818,43.234485],[27.18866,43.238827],[27.185343,43.241709],[27.181856,43.243892],[27.177181,43.246185],[27.175889,43.24727],[27.172773,43.249442],[27.170221,43.249442],[27.166927,43.248033],[27.164067,43.24772],[27.161002,43.248109],[27.158824,43.248846],[27.155777,43.250683],[27.152755,43.253213],[27.148891,43.255122],[27.145427,43.256471],[27.142262,43.257558],[27.13928,43.25834],[27.137124,43.259428],[27.13539,43.260877],[27.1350293,43.2614984],[27.133782,43.263647],[27.133185,43.266909],[27.133471,43.269075],[27.1334258,43.269085],[27.133427,43.269096],[27.1428409,43.2669641],[27.1442004,43.266653],[27.143892,43.265162],[27.144341,43.263023],[27.146279,43.261396],[27.148166,43.26028],[27.1488224,43.2600435],[27.150619,43.259396],[27.153665,43.258662],[27.157587,43.257556],[27.159983,43.256639],[27.162798,43.255178],[27.16553,43.25458],[27.16871,43.254588],[27.172659,43.255276],[27.173823,43.256164],[27.169938,43.25772],[27.1660028,43.2593068],[27.1642038,43.2600399],[27.161213,43.2612588],[27.166442,43.262269],[27.169501,43.261525],[27.1731426,43.2605966],[27.173851,43.260416],[27.178213,43.259297],[27.181707,43.258194],[27.186069,43.257075],[27.189551,43.255973],[27.193402,43.253646],[27.197717,43.25147],[27.197624,43.2515509],[27.197761,43.251454],[27.203534,43.248626],[27.205283,43.248256],[27.207916,43.247869],[27.210993,43.247664],[27.21319,43.247644],[27.214945,43.247628],[27.216708,43.248153],[27.218472,43.248668],[27.220328,43.248073],[27.22208,43.24788],[27.223394,43.247151],[27.224913,43.246243],[27.226648,43.244969],[27.229045,43.24369],[27.23101,43.242954],[27.23255,43.242587],[27.234076,43.242032],[27.236941,43.24237],[27.238033,43.24236],[27.240009,43.242342],[27.241761,43.24214],[27.2429411,43.2420428],[27.244176,43.241941],[27.2458504,43.2415504],[27.246585,43.241379],[27.248999,43.24118],[27.250749,43.24081],[27.252937,43.24025],[27.256017,43.240222],[27.256853,43.241028],[27.258844,43.241735],[27.260394,43.242622],[27.260505,43.2426809],[27.261732,43.243332],[27.26328,43.244042],[27.265716,43.244923],[27.267933,43.245992],[27.2702175,43.2465958],[27.270589,43.246694],[27.272802,43.2474],[27.275934,43.248387],[27.278367,43.248894],[27.2796563,43.249162],[27.280849,43.24941],[27.283507,43.250101],[27.2844928,43.2502918],[27.286162,43.250615],[27.289248,43.251115],[27.291962,43.251452],[27.292839,43.25162],[27.293726,43.251611],[27.29527,43.251959],[27.2954933,43.2519791],[27.297034,43.252118],[27.298143,43.252107],[27.299904,43.25209],[27.301666,43.252072],[27.302994,43.251881],[27.304526,43.251148],[27.305384,43.249704],[27.304712,43.248097],[27.3043434,43.2473711],[27.303803,43.246307],[27.302906,43.244349],[27.302889,43.242913],[27.30442,43.24218],[27.306407,43.24243],[27.309486,43.242399],[27.312144,43.24309],[27.314796,43.243418],[27.317002,43.243396],[27.3187598,43.2437404],[27.318768,43.243742],[27.32142,43.244069],[27.323626,43.244047],[27.326274,43.24402],[27.328911,43.243994],[27.332886,43.243599],[27.334643,43.243218],[27.3360571,43.2430613],[27.338162,43.242828],[27.341241,43.241716],[27.343438,43.240976],[27.347388,43.2395],[27.351786,43.238384],[27.357062,43.237613],[27.360598,43.237577],[27.364735,43.238431],[27.368043,43.237866],[27.371556,43.236926],[27.373974,43.236184],[27.376169,43.235267],[27.3790861,43.2341136],[27.379897,43.233793],[27.383365,43.233252],[27.3871,43.231966],[27.389514,43.230322],[27.393037,43.230109],[27.395699,43.231516],[27.396826,43.233478],[27.398606,43.235425],[27.401055,43.237727],[27.4023257,43.2382325],[27.403702,43.23878],[27.407339,43.238989],[27.410097,43.238529],[27.413393,43.236354],[27.414912,43.234011],[27.4152816,43.2336028],[27.416877,43.231841],[27.419286,43.229666],[27.421256,43.228035],[27.423886,43.225858],[27.42696,43.223677],[27.4292037,43.2213694],[27.42326,43.222001],[27.423779,43.219389],[27.424197,43.216518],[27.425059,43.213641],[27.42602,43.210561],[27.42721,43.207513],[27.427972,43.205909],[27.4287028,43.2037759],[27.428797,43.203501],[27.428722,43.201148],[27.428207,43.199752],[27.428024,43.199256],[27.425798,43.197128],[27.423561,43.194991],[27.420741,43.193165],[27.417785,43.191465],[27.41512,43.189696],[27.412901,43.188285],[27.407977,43.183906],[27.405741,43.181066],[27.404392,43.179285],[27.403051,43.177151],[27.402131,43.173931],[27.402124,43.173279],[27.435738,43.1709966],[27.441711,43.170591],[27.4416,43.169524],[27.441586,43.167903],[27.441122,43.165756],[27.440887,43.164325],[27.4408833,43.1639089],[27.440871,43.162527],[27.441745,43.161082],[27.443271,43.159452],[27.4445402,43.1585847],[27.445684,43.157803],[27.448328,43.155796],[27.449859,43.154707],[27.4503684,43.1542809],[27.452195,43.152753],[27.453899,43.150976],[27.455651,43.14936],[27.4557863,43.149229],[27.4563313,43.1487011],[27.457781,43.147297],[27.4583836,43.1461837],[27.45885,43.145322],[27.459598,43.14369],[27.4619587,43.1436279],[27.4648015,43.1435532],[27.468995,43.143443],[27.479368,43.143096],[27.4751346,43.148547],[27.474504,43.149359],[27.471342,43.154063],[27.466905,43.160712],[27.4872431,43.1819728],[27.488813,43.183614],[27.485612,43.184422],[27.48233,43.185439],[27.478377,43.187098],[27.474864,43.189831],[27.472478,43.193083],[27.471615,43.195776],[27.471326,43.197886],[27.472109,43.201332],[27.473229,43.203825],[27.47369,43.205795],[27.473174,43.208118],[27.471935,43.209814],[27.471073,43.21269],[27.470874,43.215196],[27.470896,43.217701],[27.471801,43.219665],[27.473359,43.221613],[27.474474,43.2232],[27.476131,43.224545],[27.478664,43.226002],[27.480419,43.22707],[27.481083,43.229035],[27.481527,43.230833],[27.483368,43.234093],[27.489873,43.232573],[27.496877,43.23018],[27.502543,43.227969],[27.505617,43.222888],[27.508159,43.217116],[27.509801,43.212113],[27.510249,43.206024],[27.509035,43.201445],[27.525608,43.204055],[27.524992,43.206034],[27.52405,43.208415],[27.522943,43.211199],[27.521227,43.213619],[27.519118,43.215663],[27.518678,43.217287],[27.51868,43.219087],[27.520009,43.221366],[27.522206,43.222853],[27.524183,43.223563],[27.52725,43.223723],[27.53033,43.223348],[27.533295,43.222051],[27.535381,43.220608],[27.537133,43.218076],[27.537781,43.216094],[27.537779,43.214285],[27.537777,43.212485],[27.537774,43.210685],[27.538118,43.206103],[27.546519,43.207363],[27.553674,43.208601],[27.563747,43.20205],[27.5628,43.191989],[27.561796,43.185272],[27.5598992,43.1652611],[27.55923,43.158201],[27.558792,43.153705],[27.558193,43.147279],[27.5580039,43.1455888],[27.557086,43.137386],[27.560577,43.134875],[27.563615,43.132366],[27.566507,43.129829],[27.56927,43.126986],[27.571874,43.124115],[27.574024,43.120177],[27.574852,43.116597],[27.574801,43.112304],[27.573901,43.109807],[27.571679,43.107667],[27.568375,43.10574],[27.564692,43.104463],[27.560699,43.103109],[27.5599769,43.1030369],[27.557673,43.102807],[27.562494,43.101313],[27.565577,43.100555],[27.567784,43.100519],[27.571577,43.10139],[27.5724382,43.1017328],[27.575491,43.102948],[27.577849,43.104441],[27.580561,43.106454],[27.583181,43.109071],[27.584978,43.112643],[27.585894,43.116394],[27.5861945,43.1192108],[27.586379,43.12094],[27.586,43.125325],[27.584617,43.130502],[27.583547,43.1347537],[27.583488,43.134988],[27.580922,43.141074],[27.5788604,43.1448348],[27.578606,43.145299],[27.5789107,43.1463072],[27.579737,43.149041],[27.581054,43.15216],[27.582967,43.156168],[27.5834172,43.157146],[27.583873,43.158136],[27.5844702,43.1598315],[27.5846603,43.1603713],[27.585004,43.161347],[27.585711,43.165099],[27.58597,43.168314],[27.585319,43.171051],[27.584555,43.174394],[27.584554,43.177407],[27.585018,43.180131],[27.585896,43.18264],[27.586786,43.185159],[27.588339,43.188822],[27.589446,43.19305],[27.590403,43.196181],[27.590747,43.200612],[27.589491,43.204536],[27.58644,43.209205],[27.583833,43.214592],[27.580762,43.218971],[27.580034,43.22168],[27.57933,43.226046],[27.580126,43.230918],[27.581362,43.234657],[27.583119,43.236456],[27.5840709,43.2362762],[27.587069,43.23571],[27.587645,43.2355395],[27.594539,43.233499],[27.5952931,43.2331836],[27.597176,43.232396],[27.601123,43.22985],[27.603577,43.226774],[27.604954,43.224306],[27.607053,43.221386],[27.608809,43.220311],[27.610555,43.21959],[27.613184,43.219587],[27.616241,43.219938],[27.619753,43.220653],[27.622474,43.221583],[27.625274,43.221922],[27.628071,43.221726],[27.630257,43.221005],[27.632484,43.219911],[27.634184,43.218481],[27.635985,43.216084],[27.636903,43.213495],[27.632522,43.212417],[27.631632,43.209909],[27.632061,43.207034],[27.633803,43.205595],[27.635546,43.204156],[27.638609,43.202725],[27.642102,43.201639],[27.6437687,43.2016371],[27.6452276,43.2016354],[27.645598,43.201635],[27.6453455,43.2015314],[27.643872,43.200927],[27.640809,43.199317],[27.637084,43.197352],[27.634451,43.196096],[27.6341916,43.1959692],[27.631155,43.194485],[27.627651,43.192511],[27.623704,43.190006],[27.620355,43.187005],[27.617495,43.184312],[27.615298,43.181981],[27.61332,43.179651],[27.6109,43.17678],[27.608433,43.173794],[27.6073685,43.171805],[27.6073185,43.1717116],[27.607095,43.171294],[27.605674,43.168672],[27.605256,43.166721],[27.605015,43.164876],[27.604588,43.163002],[27.603835,43.161415],[27.602916,43.160089],[27.601829,43.159053],[27.6007747,43.1583299],[27.600562,43.158184],[27.598257,43.157431],[27.596101,43.156382],[27.593843,43.155034],[27.592354,43.153573],[27.590454,43.151626],[27.588863,43.149716],[27.587477,43.148105],[27.5873781,43.1479831],[27.5869961,43.1475123],[27.585988,43.14627],[27.5851637,43.1446062],[27.585116,43.14451],[27.5850716,43.1442628],[27.584762,43.142541],[27.5847554,43.1424197],[27.584679,43.141012],[27.585339,43.13887],[27.585878,43.1380637],[27.5863145,43.1374108],[27.586807,43.136674],[27.588749,43.134702],[27.59047,43.131834],[27.593706,43.127193],[27.595907,43.122962],[27.597595,43.118677],[27.5977082,43.1182058],[27.5984238,43.1152278],[27.598468,43.115044],[27.598606,43.113315],[27.599444,43.11045],[27.599802,43.107032],[27.600372,43.103907],[27.600372,43.100157],[27.600515,43.094429],[27.600658,43.090159],[27.600421,43.082206],[27.599516,43.079346],[27.595727,43.075143],[27.5957838,43.0741548],[27.5961458,43.0678614],[27.5968952,43.0548315],[27.5968953,43.0548292],[27.5993193,43.0534569],[27.6260381,43.0461689],[27.6375065,43.0437635],[27.6376182,43.04374],[27.6455719,43.0420718],[27.6479087,43.0415816],[27.663708,43.0388118],[27.6645366,43.0388448],[27.6701976,43.0390705],[27.6734813,43.0370316],[27.6857182,43.0294333],[27.6928043,42.9993028],[27.6930924,42.9980777],[27.7090281,42.9913089],[27.7095157,42.9910328],[27.7274316,42.9808885],[27.7373975,42.9752456],[27.8088758,42.9493484],[27.8247775,42.9419283],[27.8400345,42.9328353],[27.8400344,42.9328351],[27.8415054,42.9319584],[27.8923271,42.9185486],[27.8960166,42.9191997],[27.8960167,42.9191996],[27.8961345,42.9196081],[27.8963883,42.9204883],[27.8963989,42.9205248],[27.8964159,42.9205832],[27.8964474,42.920605],[27.8964892,42.9206339],[27.8965775,42.9206949],[27.8966092,42.9207167],[27.8969525,42.9209482],[27.8972162,42.9211248],[27.8972525,42.9211491],[27.897524,42.9213309],[27.8977267,42.9214689],[27.8979137,42.9214607],[27.8983143,42.9214433],[27.8983145,42.9214433],[27.897339,42.9205095],[27.8973306,42.9204094],[27.8967475,42.913475],[27.902298,42.887111],[27.897892,42.873352],[27.8974256,42.873055],[27.8974007,42.8731857],[27.897371,42.8733419],[27.8973695,42.8733616],[27.8973537,42.8736272],[27.8973169,42.874244],[27.8973105,42.8743526],[27.8973095,42.8743694],[27.8973053,42.8744392],[27.893993,42.875437],[27.891516,42.877266],[27.888655,42.879089],[27.88578,42.880557],[27.882696,42.882205],[27.878601,42.884667],[27.878182,42.887911],[27.878194,42.890777],[27.87864,42.893648],[27.876884,42.896542],[27.872912,42.898732],[27.867623,42.902382],[27.866409,42.904522],[27.864869,42.906221],[27.862218,42.907864],[27.859577,42.909153],[27.857368,42.910073],[27.852945,42.911016],[27.847853,42.911612],[27.841009,42.913122],[27.82863,42.915766],[27.823297,42.916754],[27.818979,42.917858],[27.8151593,42.9142162],[27.812452,42.911635],[27.769576,42.90957],[27.760104,42.914549],[27.748399,42.92145],[27.738621,42.925964],[27.730238,42.92906],[27.7296162,42.9292613],[27.7200076,42.9390995],[27.6611835,42.955898],[27.5880255,42.9617847],[27.5827724,42.9752244],[27.5599135,42.9994439],[27.5304761,43.0092147],[27.5304406,43.0092265],[27.4909686,43.002171],[27.4642105,42.998407],[27.4611853,42.9979815],[27.4611632,42.997964],[27.4496738,42.9963479],[27.40779,42.9913792],[27.401825,42.991491],[27.392978,42.992362],[27.384558,42.992867],[27.378244,42.992986],[27.370714,42.993484],[27.3601,42.994388],[27.353455,42.995196],[27.345508,42.996776],[27.338636,42.99831],[27.331152,43.000875],[27.325871,43.00235],[27.320486,43.003543]],[[27.599908,43.170242],[27.598822,43.170785],[27.596412,43.17061],[27.594442,43.170249],[27.592252,43.169896],[27.590288,43.170795],[27.587881,43.171338],[27.588181,43.169561],[27.587943,43.168131],[27.58816,43.167777],[27.588581,43.16706],[27.588577,43.166698],[27.588566,43.165806],[27.588558,43.16509],[27.58812,43.164376],[27.587888,43.163485],[27.587213,43.162418],[27.587192,43.160625],[27.5873176,43.1598656],[27.587398,43.159379],[27.588485,43.159013],[27.590278,43.1593022],[27.590686,43.159368],[27.591799,43.16008],[27.592899,43.160783],[27.594456,43.161679],[27.596449,43.163104],[27.5976989,43.1639642],[27.597995,43.164168],[27.598891,43.165234],[27.598334,43.1667005],[27.598147,43.167193],[27.599901,43.168628],[27.599908,43.170242]]]}},{"type":"Feature","id":"BG2G00000PG028","properties":{"OBJECTID":4,"localId":"BG2G00000PG028","nameTxtInt":"POROUS WATERS - PALEOGEN-PALEOCEN-EOCEN RUEN-BYALA","nameText":"POROUS WATERS - PALEOGEN-PALEOCEN-EOCEN RUEN-BYALA","horizons":"1,2,3","Type":"5","Age":"PG","n":25.0,"cod":"BG2G00000PG028","ime":"Порови води в палеоген, палеоцен, еоцен Руен- Бяла","risk_q":"Не е в риск","risk_ch":"Не е в риск","q_s":"добро","dostoverno":" -","ch_s":"добро","dostover_1":" -","sustoyanie":"добро","sustoyan_1":"добро","Shape_Leng":333468.368922,"Shape_Area":1514985349.83,"gwb_code":"BG2G00000PG028","gwb_name":"Порови води в палеоген, палеоцен, еоцен Руен- Бяла","basin_district":"BG2"},"geometry":{"type":"Polygon","coordinates":[[[27.760104,42.914549],[27.769576,42.90957],[27.8151593,42.9142162],[27.818979,42.917858],[27.823297,42.916754],[27.82863,42.915766],[27.841009,42.913122],[27.847853,42.911612],[27.852945,42.911016],[27.857368,42.910073],[27.859577,42.909153],[27.862218,42.907864],[27.864869,42.906221],[27.866409,42.904522],[27.867623,42.902382],[27.872912,42.898732],[27.876884,42.896542],[27.87864,42.893648],[27.878194,42.890777],[27.878182,42.887911],[27.878601,42.884667],[27.882696,42.882205],[27.88578,42.880557],[27.888655,42.879089],[27.891516,42.877266],[27.893993,42.875437],[27.8973053,42.8744392],[27.8973095,42.8743694],[27.8973105,42.8743526],[27.8973169,42.874244],[27.8973537,42.8736272],[27.897892,42.873352],[27.8988083,42.8698015],[27.9028815,42.854019],[27.889986,42.853207],[27.88262,42.8384135],[27.8861255,42.8153875],[27.8884071,42.808624],[27.8880827,42.8085454],[27.8880814,42.8085451],[27.8880796,42.8085447],[27.8880674,42.808549],[27.8362513,42.826823],[27.8362529,42.8268235],[27.8215482,42.8320094],[27.80877,42.8340225],[27.8087661,42.8340227],[27.8087552,42.8340244],[27.8087511,42.8340255],[27.8043918,42.8347123],[27.8043888,42.8347123],[27.7810367,42.8383912],[27.7810355,42.8383918],[27.7507619,42.8431612],[27.7507623,42.8431607],[27.7173473,42.8484249],[27.6651625,42.8504861],[27.58477,42.8498644],[27.5451819,42.8187219],[27.5339053,42.8054173],[27.5245549,42.7943854],[27.5187247,42.7875067],[27.5120448,42.7833923],[27.4952693,42.7730595],[27.4759753,42.7611754],[27.4759725,42.7611756],[27.4759723,42.7611754],[27.3745866,42.7663732],[27.3255366,42.7713443],[27.2666321,42.7690861],[27.2666314,42.7690862],[27.2666291,42.7690861],[27.2306579,42.7739852],[27.1848126,42.7620154],[27.1488025,42.7524253],[27.1487999,42.7524254],[27.1487994,42.7524253],[27.1030086,42.7548863],[27.080501,42.7581133],[27.0798322,42.7582723],[27.0794511,42.7583018],[27.0728096,42.7588173],[27.0714198,42.761056],[27.0709933,42.7616352],[27.0704512,42.7623714],[27.0704568,42.7624405],[27.0705627,42.7637311],[27.0705596,42.7637695],[27.070357,42.7663407],[27.0718191,42.7678774],[27.0736292,42.7684886],[27.0741615,42.7686684],[27.0758575,42.7693472],[27.0781887,42.7730784],[27.080728,42.7734262],[27.0807956,42.7734368],[27.0809432,42.7734597],[27.0819196,42.7735895],[27.0821129,42.7736159],[27.0835293,42.7738386],[27.083624,42.7738535],[27.0839694,42.7758908],[27.083958,42.7759004],[27.0838448,42.7760179],[27.082683,42.7772087],[27.082533,42.7775878],[27.0821306,42.778605],[27.0810982,42.779934],[27.0811281,42.7799723],[27.081332,42.7802339],[27.0813615,42.7802717],[27.0824428,42.7816583],[27.0826142,42.7818782],[27.0829601,42.7823224],[27.0830161,42.7823943],[27.0830203,42.7823996],[27.0830243,42.7824048],[27.0830887,42.7824874],[27.0833013,42.7827601],[27.0839051,42.7842771],[27.083891,42.7843181],[27.0837937,42.7846017],[27.0837368,42.7847673],[27.0833331,42.7859435],[27.078553,42.7855926],[27.0784914,42.785592],[27.0779874,42.785551],[27.0776476,42.7856453],[27.0775677,42.7856675],[27.0754162,42.7862642],[27.0723031,42.7866714],[27.0679134,42.7876557],[27.0678029,42.7876475],[27.0615245,42.7871775],[27.0582727,42.7880798],[27.0570297,42.7877372],[27.0560223,42.7874596],[27.0558428,42.7874101],[27.0556097,42.7874469],[27.0516723,42.7880678],[27.0510601,42.7881643],[27.0507457,42.7882139],[27.0500472,42.7880175],[27.0485069,42.7875845],[27.0477933,42.7876374],[27.0464423,42.7877385],[27.046113,42.7874468],[27.0445161,42.7860327],[27.0439045,42.7855827],[27.0432928,42.7851326],[27.0408196,42.7849444],[27.0353128,42.789144],[27.035149,42.7892689],[27.034828,42.7895137],[27.0342138,42.789982],[27.0341226,42.7900515],[27.0328789,42.7909999],[27.0323582,42.7913968],[27.0317952,42.7918261],[27.031374,42.7921473],[27.0278043,42.7938907],[27.0264797,42.7943638],[27.0239364,42.7956341],[27.020648,42.7962246],[27.0163982,42.7961623],[27.0142154,42.7961941],[27.0130182,42.7980133],[27.0130203,42.798087],[27.0130419,42.798878],[27.0128021,42.7990534],[27.0127304,42.7995488],[27.0111678,42.7997471],[27.0100126,42.8002515],[27.0087221,42.8006478],[27.0070778,42.8021639],[27.0070274,42.8022104],[27.0068742,42.802178],[27.0022062,42.801193],[27.0011385,42.8010669],[27.0000887,42.8015487],[26.9997653,42.8020846],[26.9996901,42.8022106],[26.9970465,42.8023431],[26.9959619,42.8023975],[26.9942131,42.8024851],[26.9921735,42.8035821],[26.9916684,42.8038538],[26.9895216,42.8045155],[26.9894782,42.8044899],[26.9892357,42.8043471],[26.9874499,42.8032953],[26.9871666,42.8031284],[26.9867767,42.8028987],[26.9846198,42.8023627],[26.9839265,42.8025551],[26.9824963,42.8029522],[26.9812056,42.8033482],[26.9799316,42.8039018],[26.9775705,42.8036853],[26.9748187,42.8039369],[26.9721294,42.8036886],[26.969656,42.8010944],[26.9677549,42.7993468],[26.9672116,42.7983921],[26.9670635,42.7982067],[26.9666592,42.7977002],[26.9653189,42.7960214],[26.9651151,42.7957664],[26.9645411,42.7956448],[26.9638167,42.7954913],[26.962934,42.7961935],[26.961664,42.7970576],[26.9613603,42.7973296],[26.9605871,42.798022],[26.9586284,42.7997762],[26.9537723,42.8002606],[26.951505,42.7987831],[26.9470175,42.7958585],[26.9429874,42.7948165],[26.937348,42.7992937],[26.9355518,42.7982751],[26.9341727,42.7974954],[26.9340625,42.7974842],[26.9291525,42.7969889],[26.9275582,42.796825],[26.9260082,42.7972249],[26.9231018,42.7979748],[26.9229187,42.7979689],[26.9217979,42.7979333],[26.9193618,42.7969816],[26.9189416,42.7963239],[26.9177119,42.7944009],[26.9176309,42.7942742],[26.9163241,42.7933817],[26.9103211,42.7935528],[26.9054458,42.7934073],[26.9031877,42.7933399],[26.9007169,42.7942968],[26.899131,42.794662],[26.8986909,42.7947678],[26.8944236,42.7965795],[26.8935454,42.7965563],[26.8916686,42.7964995],[26.8886706,42.7965866],[26.8885579,42.7968472],[26.888224,42.7976198],[26.8878632,42.7984545],[26.8877016,42.798828],[26.8867387,42.7991609],[26.8864546,42.7992591],[26.8854962,42.7998697],[26.8843644,42.8005908],[26.8821926,42.8019744],[26.8818991,42.802076],[26.8767089,42.8038733],[26.871255,42.8075404],[26.8707856,42.807856],[26.8706599,42.8079405],[26.8696238,42.8086371],[26.8670411,42.8103733],[26.8655735,42.810451],[26.8646705,42.8104988],[26.8564667,42.8109324],[26.8559129,42.8112119],[26.8546069,42.8118711],[26.8546108,42.8119458],[26.8547506,42.8147097],[26.8540067,42.8167828],[26.8539518,42.8178283],[26.8539219,42.8183982],[26.8537655,42.8213739],[26.8537264,42.8221191],[26.8536948,42.8227206],[26.8536495,42.8235826],[26.8535602,42.8252812],[26.8534961,42.8265015],[26.8533907,42.828507],[26.8520311,42.8299551],[26.8517388,42.8304087],[26.8511306,42.8313527],[26.8510922,42.8314123],[26.8498627,42.8333203],[26.8477345,42.8345422],[26.8463248,42.8363684],[26.845409,42.8379474],[26.8441104,42.8390516],[26.8418806,42.8409472],[26.8417181,42.8410855],[26.8416404,42.8413181],[26.8411412,42.8428128],[26.8408724,42.8436176],[26.8405261,42.8446544],[26.8400869,42.845277],[26.8399073,42.8455316],[26.8393024,42.846393],[26.8392882,42.8464132],[26.839229,42.8465467],[26.8387379,42.8476554],[26.8386503,42.8478532],[26.8384841,42.8477254],[26.8374766,42.846951],[26.8366867,42.8466663],[26.836197,42.8464899],[26.8350291,42.8459051],[26.8349189,42.8458499],[26.833533,42.8451559],[26.8325538,42.8446656],[26.8307357,42.8446899],[26.8263266,42.8437422],[26.824385,42.8422489],[26.8188039,42.8415192],[26.8187388,42.8415107],[26.8177422,42.8430128],[26.8173588,42.8435908],[26.8172438,42.8437641],[26.8167408,42.8433779],[26.81504,42.8420721],[26.8129438,42.8428611],[26.8118665,42.8428434],[26.8074605,42.842771],[26.8054525,42.8443008],[26.8046947,42.8448781],[26.8046093,42.8447029],[26.8042731,42.8440134],[26.8041441,42.8437488],[26.8040282,42.8435112],[26.8038751,42.8431972],[26.8025643,42.8419567],[26.8025117,42.8419071],[26.802234,42.8417017],[26.800162,42.8401695],[26.7939176,42.8376475],[26.7931409,42.8373338],[26.7929361,42.8371928],[26.7926666,42.8370073],[26.7907505,42.835688],[26.7864531,42.8327288],[26.7838749,42.8338136],[26.7822618,42.8347696],[26.781013,42.8355102],[26.7781028,42.8360269],[26.7774218,42.8368672],[26.7773085,42.837007],[26.7770493,42.8368187],[26.7769481,42.8367451],[26.7766926,42.83656],[26.776553,42.8364381],[26.7763773,42.8362847],[26.7754396,42.8341371],[26.775419,42.83409],[26.7758787,42.8334375],[26.7768896,42.8320026],[26.7775998,42.8309944],[26.7775076,42.829432],[26.7774527,42.8285022],[26.7773879,42.8274041],[26.7773815,42.827296],[26.7773754,42.8271942],[26.7773302,42.8264329],[26.7772095,42.8242992],[26.7771946,42.8241513],[26.7771928,42.8241232],[26.7771865,42.8240171],[26.7771017,42.8225895],[26.7769359,42.8197995],[26.7769194,42.8195219],[26.7769133,42.8194187],[26.7729348,42.8159078],[26.7696144,42.8153068],[26.767575,42.8106379],[26.7623123,42.8068989],[26.7592426,42.8042171],[26.7588364,42.8038623],[26.75758,42.8027645],[26.7554183,42.8024787],[26.7534256,42.8022153],[26.750603,42.803614],[26.7492421,42.8034654],[26.7476631,42.803293],[26.7454268,42.8030488],[26.7427644,42.8035426],[26.7412291,42.8037598],[26.741171,42.8027132],[26.740995,42.79961],[26.7409725,42.7991376],[26.7409436,42.7986171],[26.740747,42.7984477],[26.7394558,42.7973351],[26.7394136,42.7972988],[26.7387099,42.7970676],[26.7377349,42.7967457],[26.7358255,42.7951023],[26.7344327,42.7942198],[26.731706,42.792492],[26.7306024,42.7917852],[26.7279813,42.7914285],[26.726729,42.7912582],[26.7252257,42.7898326],[26.7243667,42.7890181],[26.7245215,42.787622],[26.7245261,42.7875818],[26.7245301,42.7875472],[26.7214085,42.7868462],[26.7196222,42.7863555],[26.7192565,42.7863055],[26.717983,42.7861314],[26.7143918,42.7856402],[26.71215,42.7844594],[26.7067087,42.7832388],[26.7052993,42.7820285],[26.7013408,42.7794967],[26.7000529,42.7777823],[26.6997145,42.7777679],[26.6977576,42.7774926],[26.6966959,42.7773322],[26.6960409,42.7772359],[26.6956638,42.777388],[26.6911094,42.7767679],[26.6906037,42.7769062],[26.689572,42.7771825],[26.6886774,42.7767974],[26.687108,42.7761222],[26.684625,42.7757237],[26.6835131,42.775545],[26.6832243,42.775452],[26.6792366,42.7741682],[26.6781771,42.7731488],[26.6736008,42.7724238],[26.6723993,42.7719838],[26.671505,42.771459],[26.670731,42.771263],[26.6704861,42.7712419],[26.6696349,42.7704228],[26.6670369,42.7696306],[26.6665073,42.7691209],[26.6639247,42.7690084],[26.6636745,42.7689975],[26.6636374,42.7690417],[26.663652,42.7689965],[26.6636567,42.768982],[26.6630531,42.7684399],[26.6628437,42.7682501],[26.657695,42.7673323],[26.6574675,42.7672917],[26.6573728,42.7672748],[26.6554416,42.7670108],[26.6546977,42.7669092],[26.6542741,42.7668512],[26.6517814,42.7652636],[26.6506657,42.7645529],[26.6479641,42.7640944],[26.6455307,42.7630842],[26.6447586,42.7627722],[26.6444924,42.7628049],[26.6405814,42.7632835],[26.6404595,42.7633573],[26.6401747,42.7635298],[26.6396051,42.7632352],[26.638414,42.7626192],[26.6377976,42.7624903],[26.6366252,42.762245],[26.6363341,42.7621841],[26.635678,42.7620468],[26.634874,42.7618786],[26.6329078,42.761368],[26.6302558,42.7603418],[26.6277732,42.7593502],[26.6275055,42.7592432],[26.6263126,42.7581487],[26.6262106,42.7580551],[26.6258644,42.7577374],[26.625841,42.7577159],[26.6231896,42.7566175],[26.6230345,42.7565813],[26.6206576,42.7560258],[26.6200435,42.7558822],[26.6176845,42.7552935],[26.6175597,42.7552287],[26.6162599,42.7545533],[26.6157221,42.7542738],[26.6149992,42.7537353],[26.6143498,42.7532516],[26.6130779,42.7520136],[26.6114091,42.751283],[26.6086569,42.7506207],[26.6054682,42.7500152],[26.6017695,42.7500882],[26.6010608,42.7500258],[26.5992114,42.7498631],[26.5957645,42.7501437],[26.5936977,42.7500598],[26.5898639,42.7492492],[26.5876009,42.7490969],[26.5848478,42.7486502],[26.5838634,42.7486467],[26.5819951,42.7483517],[26.5803225,42.7482015],[26.5780611,42.7478284],[26.5762909,42.7476058],[26.5748169,42.7472356],[26.5741839,42.7472043],[26.5732423,42.7471577],[26.5715677,42.7473676],[26.5704056,42.7469691],[26.5700145,42.7468349],[26.569932,42.746812],[26.5639947,42.7453668],[26.5633521,42.744869],[26.5602897,42.7449024],[26.5584924,42.7475971],[26.5535743,42.7515644],[26.5525095,42.7524233],[26.5404264,42.7526996],[26.5401869,42.7530679],[26.5397307,42.7531471],[26.5394259,42.7534034],[26.5391977,42.7535953],[26.536725,42.7549144],[26.535501,42.7555674],[26.5353779,42.7556331],[26.5352864,42.7556274],[26.535014,42.755609],[26.5344412,42.7555752],[26.5338107,42.7550303],[26.5334651,42.7547308],[26.5333468,42.7546285],[26.5332802,42.7545709],[26.5319963,42.753458],[26.5301274,42.7528359],[26.5299557,42.7527787],[26.5298254,42.7527872],[26.5289909,42.7528327],[26.5249065,42.7530551],[26.5234834,42.7529276],[26.522447,42.752536],[26.5191181,42.7504824],[26.5167976,42.7500846],[26.516757,42.7500776],[26.51446,42.7496838],[26.5132874,42.7491925],[26.5116585,42.7486497],[26.5112195,42.7486735],[26.5104917,42.748713],[26.5091174,42.7487874],[26.508751,42.7487119],[26.507846,42.7485253],[26.5065743,42.7482632],[26.5038787,42.7478013],[26.5023122,42.7464437],[26.5001694,42.7454437],[26.4969309,42.7456187],[26.4922225,42.7448414],[26.4900708,42.745048],[26.4866373,42.745918],[26.4853381,42.7462471],[26.4834543,42.745266],[26.4802759,42.7450354],[26.4791515,42.7449539],[26.4759277,42.7468618],[26.4745895,42.7473202],[26.4735539,42.7476749],[26.4729623,42.7481405],[26.472093,42.7485687],[26.4714331,42.7469962],[26.4714966,42.746159],[26.4715024,42.746085],[26.4703349,42.7454898],[26.4690773,42.744849],[26.4674932,42.7444717],[26.4666225,42.7442643],[26.4658117,42.7440712],[26.4638141,42.7435953],[26.4620088,42.7431185],[26.4592688,42.7427842],[26.458324,42.7426689],[26.457781,42.742528],[26.4577531,42.7425182],[26.4574384,42.7424351],[26.4573074,42.7423612],[26.4565045,42.7419083],[26.4554076,42.7416915],[26.4542193,42.7417489],[26.4522268,42.7439907],[26.4513123,42.7446059],[26.4512631,42.744639],[26.4511719,42.7446493],[26.445472,42.745291],[26.4422718,42.7462391],[26.4420369,42.7462559],[26.441807,42.7462188],[26.4416605,42.7461595],[26.4407953,42.7458176],[26.4404268,42.7454421],[26.4398879,42.7451198],[26.4381529,42.7452914],[26.4381083,42.7452898],[26.4380013,42.7452861],[26.4357634,42.7452121],[26.4353283,42.7451112],[26.4350097,42.7450373],[26.4345431,42.744864],[26.4343952,42.7448091],[26.4322051,42.7430422],[26.4320975,42.7429561],[26.4291867,42.7430272],[26.4270054,42.7424489],[26.425431,42.7422274],[26.4253463,42.7422154],[26.4245938,42.7425089],[26.4240194,42.743017],[26.4225536,42.7443137],[26.4202916,42.7463145],[26.4195291,42.746672],[26.4167756,42.7479627],[26.4131446,42.7489829],[26.4103468,42.7497689],[26.4070278,42.7507012],[26.406529,42.7508413],[26.4061676,42.7509801],[26.4038902,42.7518542],[26.4026409,42.75228],[26.4014291,42.7536425],[26.400436,42.7541082],[26.3992072,42.7546845],[26.3983174,42.7543331],[26.3982892,42.7543219],[26.3979344,42.7541804],[26.3957827,42.7533226],[26.3955591,42.7532334],[26.395324,42.7531421],[26.3951505,42.7531055],[26.394498,42.7529679],[26.3941012,42.7528842],[26.3929897,42.7526497],[26.3910327,42.7522369],[26.3886998,42.7510357],[26.3885501,42.750668],[26.3882687,42.749977],[26.3882815,42.7496758],[26.3883247,42.7486569],[26.3883275,42.7485932],[26.3880545,42.7467997],[26.3874174,42.7454275],[26.3871735,42.7449895],[26.384508,42.7454974],[26.3828062,42.7448227],[26.3820903,42.7445388],[26.381716,42.744471],[26.3795055,42.7440701],[26.3769269,42.7435563],[26.3743525,42.7436188],[26.3688075,42.7459478],[26.3665062,42.7467321],[26.3637455,42.7469689],[26.3628575,42.747027],[26.3619687,42.7472067],[26.3615398,42.7472898],[26.3610134,42.7474175],[26.360569,42.7478968],[26.3591736,42.7487715],[26.3565615,42.7496124],[26.3557258,42.7500002],[26.3556045,42.7500565],[26.3546857,42.7504828],[26.3513554,42.752028],[26.3487379,42.7524272],[26.3481842,42.7519465],[26.3467336,42.750687],[26.3446615,42.7508654],[26.3431062,42.7509994],[26.3397345,42.7510611],[26.3375976,42.7509227],[26.3321538,42.7512107],[26.3284604,42.7508626],[26.327213,42.750745],[26.3269638,42.7513088],[26.3268854,42.7514861],[26.3242777,42.7523744],[26.3232082,42.7527387],[26.3226142,42.753316],[26.3226385,42.7533683],[26.3226934,42.753487],[26.3238944,42.7560792],[26.3238899,42.7561481],[26.3238772,42.756345],[26.3237606,42.758164],[26.3248287,42.7589034],[26.3247912,42.7589547],[26.3239327,42.7601275],[26.3238164,42.7602865],[26.3237359,42.7603964],[26.3234358,42.7608563],[26.3229487,42.761603],[26.3220569,42.76362],[26.3216858,42.7644592],[26.3199113,42.7663283],[26.3190332,42.7672532],[26.3167883,42.7684449],[26.3152925,42.7692389],[26.3150824,42.7693504],[26.3144971,42.7704321],[26.3142769,42.7708392],[26.3139307,42.7714789],[26.3138585,42.7716124],[26.3130991,42.772648],[26.3131021,42.7727194],[26.3131645,42.7741958],[26.3132087,42.775243],[26.3123768,42.7758009],[26.3109276,42.7767729],[26.3095345,42.7781482],[26.3087742,42.7788987],[26.3087773,42.7789715],[26.3088199,42.7799713],[26.3088497,42.780672],[26.3088906,42.7816457],[26.3089965,42.7841699],[26.30844,42.785701],[26.308321,42.7860094],[26.3082612,42.7861723],[26.3079148,42.7871154],[26.3050983,42.7877513],[26.3032825,42.7882085],[26.3018134,42.7882631],[26.3009917,42.7882936],[26.3007153,42.7882064],[26.2990547,42.7876057],[26.2989173,42.787556],[26.2986909,42.7875979],[26.2954353,42.788201],[26.2923486,42.7886233],[26.29144,42.789133],[26.2908939,42.7894311],[26.289197,42.7903733],[26.2864413,42.7906327],[26.2848895,42.7907787],[26.2839914,42.7910442],[26.2818457,42.7916782],[26.2799834,42.7920988],[26.2781672,42.7925556],[26.2763049,42.7929761],[26.2744239,42.7934505],[26.2729492,42.7933961],[26.2717261,42.7934244],[26.2683073,42.7933015],[26.2673123,42.7932657],[26.2665062,42.7937138],[26.264574,42.794788],[26.2643787,42.7948541],[26.2622121,42.7955878],[26.2603904,42.7964946],[26.2584141,42.7966032],[26.2567237,42.796696],[26.253957,42.796669],[26.2536259,42.796874],[26.2524123,42.7980097],[26.2511983,42.7991455],[26.2486804,42.8013443],[26.2481031,42.8022771],[26.2477658,42.8027119],[26.2476236,42.8028951],[26.2472273,42.803406],[26.2464035,42.8037187],[26.245723,42.8039769],[26.2419855,42.8040783],[26.2407131,42.8039933],[26.2388976,42.8042233],[26.2381487,42.8043181],[26.2366932,42.8045024],[26.2352491,42.8050836],[26.234613,42.8053396],[26.2330352,42.8056757],[26.232728,42.8057412],[26.2296682,42.8073101],[26.2235112,42.8092812],[26.2228447,42.8096798],[26.2221643,42.8100858],[26.2212303,42.8106454],[26.2203625,42.8111644],[26.2180809,42.8116531],[26.2176935,42.8117361],[26.2176381,42.8118773],[26.2175333,42.8121447],[26.2174182,42.8124366],[26.2149009,42.8159675],[26.2149249,42.8160092],[26.2149944,42.8161302],[26.2155311,42.8173721],[26.2155046,42.8173898],[26.2153085,42.8175211],[26.2148018,42.8178604],[26.2143861,42.8181387],[26.2135067,42.8187271],[26.2120182,42.8197231],[26.2119814,42.8197477],[26.2110236,42.8207502],[26.2108447,42.8209375],[26.2107908,42.8209957],[26.2108438,42.8210201],[26.2113373,42.8212471],[26.2113598,42.8212563],[26.2113753,42.8212654],[26.2122491,42.8216667],[26.2139135,42.822431],[26.214216,42.8231977],[26.2147562,42.8245665],[26.2163108,42.8266621],[26.2174036,42.8281355],[26.2176063,42.8284086],[26.2177037,42.8285401],[26.217739,42.8286981],[26.2183916,42.8316428],[26.2185785,42.8324858],[26.2187064,42.8324764],[26.2191684,42.8324424],[26.2201872,42.8323673],[26.2227734,42.8321767],[26.2231358,42.8322816],[26.2239838,42.8325271],[26.2240436,42.8325333],[26.22409,42.8325464],[26.2260913,42.832861],[26.233623,42.8323129],[26.2341005,42.8323188],[26.2397959,42.83239],[26.2417482,42.8316645],[26.2424266,42.8314124],[26.2425183,42.8314184],[26.2451452,42.8315895],[26.2475808,42.831748],[26.250173,42.8310671],[26.2532084,42.8315778],[26.2539504,42.8316378],[26.2578985,42.8319586],[26.2596578,42.8321014],[26.2597571,42.8321431],[26.2619196,42.8330498],[26.2619919,42.8330801],[26.262023,42.8330784],[26.2621789,42.8330703],[26.2625169,42.8330517],[26.2628066,42.8330373],[26.2663053,42.8328556],[26.2663812,42.8329047],[26.2670817,42.833357],[26.2672702,42.8334787],[26.2679894,42.8339432],[26.2682349,42.8341017],[26.2689075,42.8346856],[26.2691179,42.8348683],[26.269202,42.8348639],[26.2693417,42.8348565],[26.2705642,42.8347918],[26.2718532,42.8347236],[26.2729448,42.8347952],[26.2777112,42.8351074],[26.2807498,42.8344557],[26.281036,42.8342143],[26.2829117,42.8339989],[26.2839206,42.833883],[26.2849627,42.8337633],[26.2857256,42.8336756],[26.2860914,42.8336336],[26.2861998,42.8336827],[26.2888241,42.8348717],[26.2890942,42.8349941],[26.2891307,42.8349903],[26.2902875,42.8348709],[26.2903753,42.8349217],[26.2913587,42.8354899],[26.2921853,42.8359678],[26.2934675,42.8372106],[26.2935037,42.8372457],[26.2944507,42.8377948],[26.2955756,42.8384471],[26.2956717,42.8388855],[26.2965013,42.8426673],[26.2966435,42.8426977],[26.2966858,42.8427067],[26.2971844,42.8428132],[26.2974562,42.8428713],[26.2974423,42.8428831],[26.2971658,42.843118],[26.2962202,42.8439212],[26.2949561,42.8449949],[26.2940587,42.8457571],[26.2928801,42.8467582],[26.2928353,42.8467962],[26.2942001,42.8497415],[26.294595,42.8505937],[26.2946191,42.851157],[26.2946551,42.8519989],[26.2941771,42.8529754],[26.2936914,42.8539677],[26.2935806,42.8541941],[26.2937202,42.8542311],[26.2937283,42.8542333],[26.2948174,42.8545224],[26.295461,42.8546929],[26.2976098,42.8552635],[26.3007383,42.8555965],[26.3028084,42.8558165],[26.3038929,42.8559322],[26.3039442,42.8559678],[26.3041154,42.8560865],[26.3041372,42.8560746],[26.3041708,42.8560709],[26.3041906,42.8560846],[26.3431692,42.8518843],[26.3694516,42.8448003],[26.40553,42.8353635],[26.4446956,42.8451899],[26.4447757,42.8451858],[26.4447942,42.8451904],[26.4873161,42.8429828],[26.5330523,42.8576374],[26.6050898,42.8651403],[26.670539,42.8822215],[26.7196197,42.9016369],[26.7851645,42.911421],[26.785263,42.9114212],[26.7852632,42.9114212],[26.811445,42.9114643],[26.8376356,42.9115075],[26.8376357,42.9115074],[26.8377343,42.9115076],[26.8836648,42.9019211],[26.9230152,42.8995438],[26.9590839,42.8971518],[26.9820112,42.8885571],[26.9987416,42.8848678],[27.040956,42.9019729],[27.0410193,42.9019586],[27.0410547,42.9019729],[27.0836681,42.8923073],[27.1139527,42.8922778],[27.1139532,42.8922778],[27.1393028,42.8922532],[27.1950589,42.8994035],[27.1951259,42.8993993],[27.1951576,42.8994033],[27.234494,42.8969189],[27.279217,42.8771037],[27.3278593,42.8745068],[27.3664233,42.8756229],[27.4084235,42.8791856],[27.4454263,42.8876921],[27.4874487,42.8924606],[27.5278294,42.900926],[27.5665524,42.9106202],[27.5968508,42.9166409],[27.5922903,42.95107],[27.5880255,42.9617847],[27.6611835,42.955898],[27.7200076,42.9390995],[27.7296162,42.9292613],[27.730238,42.92906],[27.738621,42.925964],[27.748399,42.92145],[27.760104,42.914549]]]}},{"type":"Feature","id":"BG2G00000PG029","properties":{"OBJECTID":5,"localId":"BG2G00000PG029","nameTxtInt":"POROUS WATERS - PALEOGEN-PALEOCEN-OLYGOCEN BURGAS","nameText":"POROUS WATERS - PALEOGEN-PALEOCEN-OLYGOCEN BURGAS","horizons":"1,2,3","Type":"5","Age":"PG","n":26.0,"cod":"BG2G00000PG029","ime":"Порови води в палеоген - еоцен , олигоцен Бургас","risk_q":"Не е в риск","risk_ch":"Не е в риск","q_s":"добро","dostoverno":"Ниска","ch_s":"добро","dostover_1":"Средна","sustoyanie":"добро","sustoyan_1":"лошо","Shape_Leng":156187.585252,"Shape_Area":781981914.368,"gwb_code":"BG2G00000PG029","gwb_name":"Порови води в палеоген - еоцен , олигоцен Бургас","basin_district":"BG2"},"geometry":{"type":"Polygon","coordinates":[[[27.6400864,42.6334217],[27.6401165,42.6334004],[27.640394,42.63345],[27.6404007,42.6334492],[27.6404044,42.6335033],[27.6404224,42.6337687],[27.6408563,42.6340094],[27.6409301,42.6340504],[27.6410089,42.6340941],[27.6415921,42.634406],[27.6417588,42.6344952],[27.6419404,42.6345924],[27.6420835,42.6346689],[27.6424346,42.6350962],[27.6427134,42.6354354],[27.642797,42.6354844],[27.6431038,42.6356673],[27.6431791,42.6357139],[27.6433056,42.6357923],[27.6436576,42.6360899],[27.643787,42.6361993],[27.6439567,42.6363567],[27.6441826,42.6365663],[27.6446436,42.6369915],[27.6446787,42.637023],[27.6447336,42.6370721],[27.6448252,42.6371571],[27.6454548,42.6375948],[27.6455447,42.6376292],[27.6455949,42.637648],[27.6457495,42.6377057],[27.6458375,42.6377379],[27.6459627,42.6377836],[27.6459894,42.6377933],[27.6415291,42.632616],[27.6355686,42.6256974],[27.63529,42.625374],[27.634992,42.6239957],[27.6314765,42.6077344],[27.6308135,42.6046675],[27.6311235,42.6017231],[27.632693,42.586817],[27.6332859,42.5811857],[27.6333194,42.580868],[27.6335945,42.578255],[27.6339541,42.5776205],[27.640934,42.565304],[27.641144,42.5651242],[27.6438886,42.5627742],[27.65201,42.5558205],[27.6504796,42.555282],[27.650259,42.5552044],[27.643622,42.5528693],[27.6415365,42.5521355],[27.6326588,42.5606816],[27.631832,42.5614775],[27.6274057,42.5626341],[27.6250446,42.5632511],[27.6199872,42.5645726],[27.6177297,42.5651625],[27.6169415,42.5653685],[27.6156852,42.5651567],[27.6130756,42.5647169],[27.6100301,42.5642035],[27.6095986,42.5641308],[27.607031,42.563698],[27.605128,42.5621638],[27.6016371,42.5593496],[27.6001225,42.5581285],[27.5986252,42.5594141],[27.5940279,42.5633612],[27.5935605,42.5637625],[27.5923772,42.5638248],[27.5860465,42.564158],[27.5831965,42.564308],[27.5817611,42.5635042],[27.5738907,42.5590967],[27.55896,42.5507355],[27.539982,42.558979],[27.5289095,42.560032],[27.5120985,42.5531425],[27.5100509,42.5508672],[27.5076318,42.5481792],[27.5070017,42.5474791],[27.4935875,42.5325735],[27.4866657,42.5149586],[27.4847105,42.509983],[27.4846232,42.5085591],[27.4842774,42.5029188],[27.4841248,42.5004287],[27.4838485,42.495922],[27.4865645,42.495064],[27.4832535,42.4948195],[27.4826009,42.492854],[27.4816994,42.4901386],[27.481217,42.4886855],[27.4825499,42.4844054],[27.4834765,42.48143],[27.482145,42.4840152],[27.4817635,42.4847561],[27.4797515,42.4886625],[27.475588,42.4881692],[27.4723272,42.4877828],[27.4702736,42.4875395],[27.4701005,42.487519],[27.4702836,42.4874393],[27.4746946,42.4855195],[27.4788582,42.4837074],[27.4794025,42.4834705],[27.4783593,42.483472],[27.4734342,42.483479],[27.470949,42.4834825],[27.463566,42.4890215],[27.462664,42.4854094],[27.462382,42.4842806],[27.462055,42.482971],[27.458185,42.482868],[27.4580082,42.4834964],[27.4575118,42.4852611],[27.4564915,42.488888],[27.4553478,42.4874907],[27.4546868,42.4866831],[27.4494784,42.4803194],[27.4485601,42.4791976],[27.446953,42.477234],[27.4480515,42.462227],[27.442703,42.461689],[27.4479045,42.461487],[27.450855,42.4571094],[27.4507622,42.4571679],[27.4504887,42.4573435],[27.450205,42.4575257],[27.4501554,42.4575576],[27.4501175,42.4575802],[27.4500692,42.4576299],[27.4497668,42.4579282],[27.4495686,42.4581237],[27.4495518,42.4581584],[27.4495223,42.4582281],[27.4492899,42.4587767],[27.449154,42.4588359],[27.4488286,42.4589776],[27.4473521,42.4573122],[27.4368249,42.4443893],[27.4313508,42.445719],[27.4313494,42.4457202],[27.4259221,42.4470394],[27.4259204,42.4470382],[27.4248113,42.4462728],[27.4205728,42.4433477],[27.4178892,42.4399352],[27.4178022,42.4399781],[27.4164251,42.4380734],[27.4155208,42.4377933],[27.411934,42.4366821],[27.4097223,42.435997],[27.4065533,42.4350152],[27.4043504,42.4343328],[27.4037332,42.4344821],[27.394503,42.4367153],[27.3915257,42.4363773],[27.3806381,42.4351413],[27.3744118,42.4344345],[27.3743859,42.43306],[27.3739074,42.4076907],[27.3876015,42.3993366],[27.3935574,42.3957033],[27.3956411,42.3944321],[27.3966585,42.3938115],[27.4004835,42.3914781],[27.4202472,42.3780269],[27.4268578,42.3735277],[27.4410684,42.3395489],[27.4145011,42.3253638],[27.3951514,42.3093622],[27.3686695,42.3058793],[27.3373991,42.3059756],[27.2965486,42.3150162],[27.2725601,42.3311456],[27.2605797,42.3436722],[27.2488664,42.3567891],[27.2462011,42.3597738],[27.2455201,42.3628582],[27.2446013,42.3670199],[27.2415228,42.3809629],[27.2414682,42.3812102],[27.2307104,42.396693],[27.2063488,42.4086686],[27.1721142,42.4221934],[27.1703865,42.4279621],[27.1703879,42.4285058],[27.1704496,42.4512586],[27.1704605,42.455269],[27.1704669,42.4576486],[27.1793749,42.4764778],[27.1894542,42.4977828],[27.1900916,42.505503],[27.1919048,42.527465],[27.21506,42.5331862],[27.2187282,42.5340925],[27.2255558,42.5517802],[27.2085589,42.5658531],[27.1985658,42.5804802],[27.2005881,42.5950756],[27.2124881,42.6081931],[27.2283466,42.6213016],[27.248137,42.6270999],[27.2718725,42.6299658],[27.2796205,42.6279005],[27.2842319,42.6266714],[27.2995153,42.6225975],[27.3331356,42.6254244],[27.3667502,42.6267816],[27.3983336,42.6193768],[27.4259665,42.6134379],[27.4635078,42.6118323],[27.4853045,42.6190414],[27.5090831,42.6262376],[27.5328546,42.631969],[27.5546663,42.6391648],[27.5864386,42.6536053],[27.618081,42.6534389],[27.6326697,42.6401683],[27.6400864,42.6334217]]]}},{"type":"Feature","id":"BG2G00000K2034","properties":{"OBJECTID":6,"localId":"BG2G00000K2034","nameTxtInt":"KARST WATERS - BK2T CN-ST BURGAS VOLCANIC NORD-WEST BURGAS","nameText":"KARST WATERS - BK2T CN-ST BURGAS VOLCANIC NORD-WEST BURGAS","horizons":"1,2,3","Type":"8","Age":"K2","n":31.0,"cod":"BG2G00000K2034","ime":"Пукнатинни  води в горна креда, Бургаска вулканична зона, северно и западно от Бургас","risk_q":"Не е в риск","risk_ch":"Не е в риск","q_s":"добро","dostoverno":"Ниска","ch_s":"добро","dostover_1":"Ниска","sustoyanie":"добро","sustoyan_1":"лошо","Shape_Leng":472976.191822,"Shape_Area":3031097176.22,"gwb_code":"BG2G00000K2034","gwb_name":"Пукнатинни  води в горна креда, Бургаска вулканична зона, северно и западно от Бургас","basin_district":"BG2"},"geometry":{"type":"Polygon","coordinates":[[[27.8215451,42.8320094],[27.8362513,42.826823],[27.8362529,42.8268235],[27.8880674,42.808549],[27.8880796,42.8085447],[27.8880814,42.8085451],[27.8880827,42.8085454],[27.8884071,42.808624],[27.8966974,42.7840491],[27.8974539,42.7818064],[27.90081,42.771858],[27.9004345,42.766651],[27.889984,42.7550315],[27.8913445,42.741417],[27.8994672,42.7225034],[27.900753,42.7195095],[27.8995926,42.7062504],[27.899445,42.7045646],[27.89911,42.7007364],[27.899067,42.7002455],[27.8929575,42.697727],[27.879492,42.70068],[27.8408125,42.70055],[27.8224545,42.704426],[27.810024,42.7013855],[27.8095566,42.7014464],[27.8081606,42.7016284],[27.7966288,42.7031317],[27.7855149,42.7045805],[27.7851815,42.704624],[27.7792995,42.7056618],[27.761616,42.708782],[27.7612093,42.7087591],[27.7592919,42.7086513],[27.7501588,42.7081379],[27.7419421,42.707676],[27.7411955,42.707634],[27.7377632,42.7081427],[27.7324512,42.70893],[27.7312605,42.7091065],[27.7300177,42.708296],[27.7217102,42.7028783],[27.720293,42.701954],[27.719919,42.7007558],[27.7122865,42.6763064],[27.7118415,42.674881],[27.7127307,42.6724973],[27.7145118,42.6677226],[27.7149565,42.6665305],[27.7157314,42.6660672],[27.7163379,42.6657046],[27.723219,42.6615905],[27.7239729,42.661301],[27.7273756,42.6599945],[27.7297365,42.659088],[27.7407902,42.6600057],[27.7408125,42.6600075],[27.7408033,42.6600031],[27.7356311,42.6575354],[27.7330112,42.6562854],[27.7298217,42.6547636],[27.7290995,42.654419],[27.7308814,42.6565654],[27.731766,42.657631],[27.7298093,42.6578719],[27.7248457,42.6584831],[27.7222235,42.658806],[27.72147,42.658063],[27.7124621,42.649181],[27.7118435,42.648571],[27.7101765,42.646019],[27.7101221,42.6460501],[27.7085553,42.6469459],[27.7060171,42.6483971],[27.7059442,42.6484388],[27.699648,42.6520385],[27.6952676,42.6514159],[27.691834,42.6509278],[27.691223,42.650841],[27.6909668,42.6505861],[27.6819792,42.6416437],[27.678789,42.6384695],[27.6767227,42.635744],[27.6766605,42.635662],[27.6705982,42.6375323],[27.6666205,42.6387595],[27.6665543,42.6387465],[27.655654,42.6366025],[27.6542482,42.636326],[27.653801,42.636238],[27.6535419,42.6366362],[27.6533409,42.6369452],[27.6523786,42.6384242],[27.6520635,42.6389085],[27.650761,42.6388163],[27.6485817,42.638662],[27.646618,42.638523],[27.6459894,42.6377933],[27.6415291,42.632616],[27.6355686,42.6256974],[27.6359314,42.6264631],[27.635995,42.6265805],[27.6361889,42.6269383],[27.6362988,42.627141],[27.6364666,42.6274489],[27.6365082,42.6275252],[27.6366624,42.6278078],[27.636672,42.6278253],[27.6375624,42.6292233],[27.6381036,42.6299002],[27.6382049,42.630027],[27.638526,42.6304292],[27.6392184,42.6311047],[27.6395631,42.631441],[27.6403414,42.6325623],[27.6403523,42.6327379],[27.6403559,42.63279],[27.6403587,42.6328311],[27.6403845,42.6332106],[27.6403908,42.633303],[27.6404007,42.6334492],[27.640394,42.63345],[27.6401165,42.6334004],[27.6321144,42.63197],[27.6249797,42.6306947],[27.5941559,42.6221277],[27.5609765,42.6135639],[27.525457,42.6067475],[27.4828275,42.5964578],[27.4450125,42.5966109],[27.3977323,42.5950385],[27.355191,42.5951783],[27.3079139,42.5935689],[27.296864,42.594413],[27.2862595,42.5952231],[27.260661,42.5971786],[27.229884,42.5832747],[27.2085589,42.5658531],[27.2255558,42.5517802],[27.2187282,42.5340925],[27.21506,42.5331862],[27.1919048,42.527465],[27.1900916,42.505503],[27.1894542,42.4977828],[27.1793749,42.4764778],[27.1704669,42.4576486],[27.1704605,42.455269],[27.1704496,42.4512586],[27.1703879,42.4285058],[27.1703865,42.4279621],[27.1721142,42.4221934],[27.2063488,42.4086686],[27.2307104,42.396693],[27.2106933,42.3875437],[27.2021758,42.3836507],[27.1985444,42.3819908],[27.1945934,42.3801849],[27.188255,42.3772878],[27.1883663,42.3753776],[27.1886397,42.370686],[27.1894296,42.357132],[27.1896791,42.352852],[27.1904942,42.3388656],[27.1692208,42.3057191],[27.1503668,42.2917749],[27.1465359,42.2900038],[27.1384503,42.2862658],[27.1259401,42.2804799],[27.1324343,42.2779628],[27.1324065,42.2779547],[27.1137784,42.2657731],[27.0855232,42.2441095],[27.0427075,42.236904],[27.0028201,42.236189],[26.9561212,42.2390724],[26.9094067,42.2498891],[26.8811513,42.2693826],[26.8616556,42.2823736],[26.8477245,42.3162249],[26.8197849,42.3323026],[26.8185237,42.332764],[26.8153188,42.3348889],[26.8153188,42.3348889],[26.7966104,42.3459406],[26.7892778,42.3423188],[26.786278,42.3406412],[26.7862854,42.3403562],[26.7853298,42.3385732],[26.7819238,42.3347877],[26.7838149,42.3326688],[26.7846393,42.3306773],[26.7846467,42.3306594],[26.7846674,42.3306093],[26.7846156,42.330602],[26.7804156,42.3303],[26.7796156,42.330102],[26.7775156,42.329],[26.7771145,42.329059],[26.7771144,42.329059],[26.7768156,42.329103],[26.7734156,42.329701],[26.7718146,42.329701],[26.7697146,42.329801],[26.7663156,42.3301021],[26.7644166,42.3301021],[26.7631156,42.3302011],[26.7628156,42.3301836],[26.7628153,42.3301836],[26.7614156,42.3301021],[26.7598156,42.3299001],[26.7546166,42.3282021],[26.7536146,42.3280991],[26.7528156,42.3280001],[26.7519156,42.3279011],[26.7501146,42.3272031],[26.7500156,42.3273021],[26.7499711,42.3273462],[26.7498156,42.3275001],[26.7492146,42.3276001],[26.7488166,42.3278021],[26.7481166,42.3280991],[26.7474166,42.3285001],[26.7472156,42.3287021],[26.7465156,42.3298011],[26.7463156,42.3299001],[26.7461156,42.3300031],[26.7457146,42.3300031],[26.7456368,42.329983],[26.7453166,42.3299001],[26.7451156,42.3297011],[26.7449156,42.3299001],[26.7448751,42.3299181],[26.7448751,42.3299182],[26.7440156,42.3303002],[26.7433156,42.3306022],[26.7424146,42.3306022],[26.7424053,42.330601],[26.7416156,42.3305032],[26.7397166,42.3302012],[26.7386156,42.3300032],[26.7355166,42.3291032],[26.7341166,42.3288012],[26.7325156,42.3283012],[26.7304156,42.3280992],[26.7292166,42.3278022],[26.7266166,42.3268022],[26.7255156,42.3264022],[26.7244156,42.3256012],[26.7227155,42.3241012],[26.7219145,42.3235033],[26.7209155,42.3230033],[26.7199155,42.3228013],[26.7194064,42.3228013],[26.7194062,42.3228013],[26.7178155,42.3228013],[26.7154145,42.3230033],[26.7139155,42.3233003],[26.7128145,42.3237013],[26.7114146,42.3254023],[26.7103166,42.3277033],[26.7095156,42.3289003],[26.7086146,42.3294003],[26.7080156,42.3296023],[26.7076714,42.3295432],[26.7074156,42.3294993],[26.7054166,42.3294003],[26.7029156,42.3293013],[26.7027592,42.3293142],[26.7017156,42.3294003],[26.6978156,42.3300034],[26.6952156,42.3302014],[26.6937146,42.3302014],[26.6920156,42.3304004],[26.6901156,42.3308004],[26.6890146,42.3310024],[26.6852156,42.3315024],[26.6848507,42.3314812],[26.6835166,42.3314034],[26.683025,42.3314034],[26.6815156,42.3314034],[26.6815082,42.331402],[26.6789156,42.3308994],[26.6781166,42.3303004],[26.6762146,42.3294995],[26.6741146,42.3286035],[26.6727146,42.3280005],[26.6718166,42.3261005],[26.6711165,42.3242015],[26.6700155,42.3221035],[26.6697165,42.3210005],[26.6698155,42.3189025],[26.6699145,42.3178005],[26.6701155,42.3168995],[26.6705155,42.3160035],[26.6711165,42.3151035],[26.6717155,42.3144015],[26.6725165,42.3140995],[26.6748145,42.3136005],[26.6754155,42.3136005],[26.6761155,42.3135005],[26.6764154,42.3129025],[26.6765164,42.3125015],[26.6764154,42.3121005],[26.6763154,42.3117005],[26.6761154,42.3114025],[26.6757154,42.3111015],[26.6746164,42.3106015],[26.6740154,42.3105025],[26.6737621,42.3105442],[26.6734144,42.3106015],[26.6726154,42.3109035],[26.6716164,42.3110025],[26.6714539,42.310966],[26.6707154,42.3108005],[26.6703154,42.3103995],[26.6698154,42.3098995],[26.6692144,42.3097015],[26.6688741,42.3097577],[26.6686154,42.3098005],[26.6679154,42.3100025],[26.6672154,42.3103995],[26.6663154,42.3107005],[26.6653164,42.3112995],[26.6621155,42.3134015],[26.6601145,42.3145005],[26.6598435,42.3146375],[26.6589155,42.3151035],[26.6587145,42.3159005],[26.6587145,42.3166025],[26.6591155,42.3182995],[26.6592165,42.3190015],[26.6595155,42.3196995],[26.6595155,42.3202035],[26.6594145,42.3207035],[26.6590165,42.3212025],[26.6585165,42.3215005],[26.6574155,42.3224995],[26.6570155,42.3231025],[26.6571165,42.3238995],[26.6573145,42.3245025],[26.6575155,42.3250025],[26.6582156,42.3261005],[26.6583166,42.3265015],[26.6583166,42.3272035],[26.6585166,42.3280005],[26.6588156,42.3284015],[26.6599166,42.3298015],[26.6598156,42.3302015],[26.6598156,42.3308005],[26.6594146,42.3314035],[26.6583166,42.3326015],[26.6572156,42.3333035],[26.6585166,42.3344015],[26.6595156,42.3360005],[26.6601146,42.3373005],[26.6609157,42.3386015],[26.6612157,42.3399025],[26.6607157,42.3412035],[26.6602157,42.3425005],[26.6601147,42.3443005],[26.6607157,42.3471005],[26.6617157,42.3492025],[26.6630158,42.3508015],[26.6665158,42.3546995],[26.6676168,42.3557025],[26.6677724,42.3557285],[26.6682158,42.3558025],[26.6686158,42.3554015],[26.6679158,42.3534025],[26.6673158,42.3516025],[26.6671148,42.3498015],[26.6675157,42.3485005],[26.6683167,42.3476005],[26.6695224,42.3472551],[26.6697167,42.3471995],[26.6714157,42.3475015],[26.6727147,42.3487025],[26.6732168,42.3502025],[26.6736158,42.3513005],[26.6741148,42.3521015],[26.6747158,42.3527005],[26.6753079,42.352798],[26.6753168,42.3527995],[26.6762164,42.3527995],[26.6767168,42.3527995],[26.6778148,42.3529025],[26.6789158,42.3536014],[26.6796158,42.3546994],[26.6797148,42.3557024],[26.6793168,42.3579004],[26.6797148,42.3593004],[26.6801158,42.3604024],[26.6808158,42.3619014],[26.6818149,42.3630004],[26.6831159,42.3642024],[26.6847159,42.3653994],[26.6874149,42.3667994],[26.6889159,42.3674024],[26.6902149,42.3681004],[26.6910159,42.3690004],[26.6915159,42.3703014],[26.6916149,42.3716024],[26.6914169,42.3727014],[26.6910159,42.3735024],[26.6905169,42.3742994],[26.690316,42.3750014],[26.690316,42.3758024],[26.690717,42.3763024],[26.691316,42.3765994],[26.692416,42.3770004],[26.694017,42.3777024],[26.694816,42.3783014],[26.695216,42.3793994],[26.695216,42.3803004],[26.694816,42.3810024],[26.694516,42.3814024],[26.694316,42.3818034],[26.694615,42.3823024],[26.695417,42.3826004],[26.696216,42.3833024],[26.696515,42.3841034],[26.696416,42.3846034],[26.695115,42.3855034],[26.695016,42.3862014],[26.6957161,42.3877994],[26.6974151,42.3897034],[26.6980161,42.3907024],[26.6981151,42.3917024],[26.6981151,42.3923014],[26.6969161,42.3929004],[26.6958151,42.3933004],[26.6948161,42.3936014],[26.694389,42.3935732],[26.6943889,42.3935732],[26.6933171,42.3935024],[26.6920161,42.3933994],[26.6917413,42.3934171],[26.6917411,42.3934171],[26.6904151,42.3935024],[26.6876151,42.3943004],[26.6867151,42.3947004],[26.6859161,42.3949024],[26.6850161,42.3949024],[26.6850139,42.394901],[26.6839151,42.3942004],[26.6817161,42.3922014],[26.6792151,42.3895014],[26.6785151,42.3891004],[26.6779171,42.3888035],[26.6774171,42.3887005],[26.6773074,42.3887827],[26.6770161,42.3890015],[26.6769151,42.3896005],[26.6779171,42.3909015],[26.6789161,42.3927014],[26.6798161,42.3950014],[26.6807171,42.3965014],[26.6816171,42.3975004],[26.6833161,42.3983014],[26.6859161,42.3985004],[26.6866161,42.3987024],[26.6881152,42.3997014],[26.6890152,42.4000034],[26.6904152,42.4001024],[26.6943162,42.4007014],[26.6995152,42.4013004],[26.7003162,42.4017004],[26.7008162,42.4024023],[26.7007152,42.4030014],[26.6988152,42.4034014],[26.6974152,42.4034014],[26.6974001,42.4034],[26.6963172,42.4033024],[26.6951152,42.4030014],[26.6942172,42.4029024],[26.694156,42.4029512],[26.6937152,42.4033024],[26.6937152,42.4038024],[26.6934162,42.4043024],[26.6929162,42.4045004],[26.6925698,42.4044318],[26.6924162,42.4044014],[26.6912172,42.4033024],[26.6904152,42.4027004],[26.6894162,42.4024024],[26.6890232,42.4024377],[26.6883152,42.4025014],[26.6869152,42.4030014],[26.6850162,42.4040004],[26.6836162,42.4050004],[26.6806152,42.4068994],[26.6789162,42.4076014],[26.6772172,42.4079035],[26.6755152,42.4081015],[26.6742162,42.4081015],[26.674194,42.4081],[26.6741937,42.4081],[26.6727152,42.4080025],[26.6718172,42.4076015],[26.6714162,42.4071025],[26.6712162,42.4058015],[26.6718172,42.4039015],[26.6719162,42.4035015],[26.6717162,42.4031005],[26.6715162,42.4021015],[26.6716172,42.4013005],[26.6724162,42.3997015],[26.6729161,42.3981035],[26.6733161,42.3961995],[26.6733161,42.3937015],[26.6731161,42.3910005],[26.6728161,42.3899015],[26.6724161,42.3893025],[26.6718171,42.3891995],[26.6717535,42.3892758],[26.6713151,42.3898025],[26.6709171,42.3915005],[26.6706151,42.3933005],[26.6707161,42.3949025],[26.6706151,42.3966005],[26.6700161,42.3983015],[26.6693162,42.3998005],[26.6683172,42.4013005],[26.6680162,42.4024025],[26.6679162,42.4037035],[26.6679162,42.4053015],[26.6681172,42.4066025],[26.6679162,42.4095015],[26.6675162,42.4109015],[26.6668163,42.4129995],[26.6663163,42.4133015],[26.6657153,42.4134005],[26.665541,42.4133427],[26.6648173,42.4131025],[26.6637163,42.4123015],[26.6629152,42.4112025],[26.6618172,42.4100015],[26.6613172,42.4099025],[26.6611717,42.4099744],[26.6609162,42.4101005],[26.6607163,42.4110995],[26.6608153,42.4124005],[26.6604173,42.4133015],[26.6593163,42.4138005],[26.6560163,42.4149036],[26.6543153,42.4154026],[26.6518163,42.4160016],[26.6510153,42.4160016],[26.6510099,42.416],[26.6503153,42.4157996],[26.6499173,42.4154026],[26.6490163,42.4142016],[26.6477163,42.4124006],[26.6473153,42.4115996],[26.6468153,42.4113026],[26.6460162,42.4112026],[26.6458999,42.4112511],[26.6448163,42.4117026],[26.6431153,42.4129996],[26.6411163,42.4143006],[26.6385163,42.4157006],[26.6360163,42.4168026],[26.6331173,42.4179017],[26.6311163,42.4185007],[26.6291153,42.4187027],[26.6289149,42.4186691],[26.6273173,42.4184017],[26.6261173,42.4180007],[26.6241163,42.4177037],[26.6236114,42.4177037],[26.6230153,42.4177037],[26.6223153,42.4183027],[26.6221153,42.4193017],[26.6220163,42.4206027],[26.6219173,42.4213007],[26.6216153,42.4218007],[26.6208163,42.4220027],[26.6205233,42.4219446],[26.6203173,42.4219037],[26.6198173,42.4215027],[26.6192163,42.4208007],[26.6187163,42.4206027],[26.6182042,42.4206027],[26.6178163,42.4206027],[26.6174153,42.4212017],[26.6176163,42.4221017],[26.6180163,42.4231017],[26.6180164,42.4241007],[26.6180164,42.4250007],[26.6175174,42.4253027],[26.6165154,42.4255007],[26.6132164,42.4259017],[26.6112174,42.4263018],[26.6108055,42.4262791],[26.6094164,42.4262028],[26.6080164,42.4260008],[26.6063174,42.4255998],[26.6041164,42.4248028],[26.6016174,42.4240018],[26.6008163,42.4235018],[26.5998163,42.4227998],[26.5988173,42.4225028],[26.5983868,42.4225265],[26.5983867,42.4225265],[26.5970163,42.4226018],[26.5953173,42.4230018],[26.5942163,42.4235018],[26.5935164,42.4239028],[26.5933164,42.4249018],[26.5933164,42.4262028],[26.5932154,42.4269008],[26.5931164,42.4276028],[26.5926164,42.4286018],[26.5917164,42.4296018],[26.5913214,42.4300668],[26.5906154,42.4309028],[26.5892154,42.4320999],[26.5879164,42.4334009],[26.5868164,42.4347019],[26.5863164,42.4355029],[26.5860175,42.4366019],[26.5860175,42.4375019],[26.5864155,42.4381009],[26.5870165,42.4388029],[26.5869155,42.4394019],[26.5865165,42.4397029],[26.5861165,42.4396131],[26.5856165,42.4395009],[26.5842165,42.4389019],[26.5828165,42.4379029],[26.5808154,42.4360029],[26.5800164,42.4345039],[26.5798164,42.4334009],[26.5797174,42.4315009],[26.5796164,42.4305019],[26.5796164,42.4301009],[26.5789164,42.4289039],[26.5777164,42.4273009],[26.5763164,42.4263019],[26.5743154,42.4254019],[26.5733164,42.4250999],[26.5729589,42.425146],[26.5729588,42.425146],[26.5725174,42.4252029],[26.5723164,42.4255999],[26.5723164,42.4264009],[26.5719164,42.4269999],[26.5697174,42.4278009],[26.5687154,42.4282019],[26.5683174,42.4286019],[26.5684164,42.4295029],[26.5695164,42.4305019],[26.5722154,42.4320999],[26.5729154,42.4325999],[26.5732174,42.4329009],[26.5738154,42.4339009],[26.5739164,42.4351029],[26.5736154,42.4364029],[26.5730165,42.4374029],[26.5727175,42.4383029],[26.5728165,42.4393029],[26.5732175,42.4404009],[26.5737165,42.4415039],[26.5738155,42.4422019],[26.5738155,42.4428009],[26.5736155,42.4430029],[26.5732175,42.4430029],[26.5731228,42.442977],[26.5731228,42.4429769],[26.5721165,42.4427009],[26.5715155,42.4426019],[26.5710155,42.4426019],[26.5710148,42.4426026],[26.5708155,42.4428009],[26.5700165,42.4442009],[26.5695165,42.4443039],[26.5688165,42.4443039],[26.5688139,42.444302],[26.5688139,42.444302],[26.5680155,42.4437009],[26.5671175,42.4427009],[26.5652155,42.441004],[26.5648175,42.440901],[26.5644165,42.440901],[26.5643533,42.4409126],[26.5633155,42.441103],[26.5627175,42.441301],[26.5627175,42.441702],[26.5628165,42.442003],[26.5638155,42.443102],[26.5643175,42.444002],[26.5644165,42.4447],[26.5639165,42.445101],[26.5624155,42.445601],[26.5621165,42.445803],[26.5620175,42.446203],[26.5620175,42.446901],[26.5622175,42.447302],[26.5623165,42.447401],[26.5627175,42.447901],[26.5638156,42.448702],[26.5648176,42.449701],[26.5654156,42.450403],[26.5655176,42.450701],[26.5654156,42.451002],[26.5651166,42.451304],[26.5643176,42.451403],[26.5641563,42.451357],[26.5622176,42.450804],[26.5617079,42.450804],[26.5616166,42.450804],[26.5611166,42.451002],[26.5607166,42.451403],[26.5607166,42.452101],[26.5612156,42.452803],[26.5616166,42.453302],[26.5622176,42.454001],[26.5623166,42.454802],[26.5617156,42.455202],[26.5605156,42.455603],[26.5599176,42.456102],[26.5596156,42.456801],[26.5603156,42.457701],[26.5617156,42.458403],[26.5630166,42.458803],[26.5690176,42.4595009],[26.5699176,42.4598029],[26.5705167,42.4606039],[26.5705167,42.4618019],[26.5709167,42.4634039],[26.5715157,42.4644029],[26.5748177,42.4663029],[26.5762177,42.4669019],[26.5779167,42.4673019],[26.5802167,42.4681039],[26.5830167,42.4693009],[26.5840074,42.469501],[26.5840075,42.469501],[26.5840167,42.4695029],[26.5861167,42.4695029],[26.5884167,42.4692019],[26.5896821,42.4691236],[26.5896822,42.4691235],[26.5900167,42.4691028],[26.5908167,42.4692018],[26.5914167,42.4697018],[26.5915167,42.4703008],[26.5908167,42.4712008],[26.5885157,42.4717009],[26.5861167,42.4717009],[26.5860809,42.471699],[26.5860804,42.471699],[26.5860804,42.471699],[26.5842167,42.4716019],[26.5841027,42.471621],[26.5841025,42.471621],[26.5824167,42.4719029],[26.5815157,42.4726009],[26.5814168,42.4735009],[26.5822158,42.4743019],[26.5825178,42.4749009],[26.5823168,42.4752029],[26.5812168,42.4753019],[26.5811271,42.4752616],[26.5811271,42.4752615],[26.5792158,42.4744019],[26.5766157,42.4726999],[26.5740167,42.4707999],[26.5718177,42.4696029],[26.5703157,42.4691029],[26.5692177,42.4690039],[26.5668157,42.468203],[26.5657177,42.468104],[26.5654169,42.4681215],[26.5640157,42.468203],[26.5638659,42.4681797],[26.5638658,42.4681796],[26.5627177,42.468001],[26.5616167,42.467604],[26.5594177,42.467001],[26.5576167,42.466902],[26.5574152,42.4669173],[26.5563157,42.467001],[26.5549157,42.467604],[26.5544167,42.468203],[26.5544167,42.469004],[26.5554157,42.470102],[26.5555167,42.470701],[26.5550177,42.471003],[26.5545982,42.4709422],[26.5536177,42.4708],[26.5525167,42.470503],[26.5518167,42.470404],[26.551724,42.470462],[26.5510177,42.470903],[26.5508177,42.471502],[26.5509168,42.472902],[26.5502168,42.473002],[26.5493168,42.473101],[26.5485168,42.473703],[26.5482178,42.474302],[26.5483168,42.475302],[26.5478168,42.475901],[26.5470158,42.476103],[26.5465168,42.476503],[26.5464168,42.477102],[26.5469168,42.478003],[26.5467168,42.478403],[26.5456158,42.478602],[26.5450168,42.4789031],[26.5448168,42.4794031],[26.5447178,42.4800021],[26.5442158,42.4802041],[26.5437168,42.4802041],[26.5437066,42.4801989],[26.5429168,42.4798031],[26.5424822,42.4798422],[26.5418168,42.4799021],[26.5404168,42.4801011],[26.5390168,42.4801011],[26.539013,42.480099],[26.5381168,42.4796011],[26.5362168,42.4772021],[26.5355168,42.4765031],[26.5347178,42.4763011],[26.5344992,42.4763744],[26.5338168,42.4766031],[26.5333178,42.4777011],[26.5330158,42.4783001],[26.5323158,42.4787011],[26.5311168,42.4787011],[26.5311084,42.478699],[26.5295158,42.4783001],[26.5285168,42.4780031],[26.5281344,42.478041],[26.5265158,42.4782011],[26.5257168,42.4787011],[26.5252168,42.4796011],[26.5256178,42.4808031],[26.5256178,42.4818021],[26.5244158,42.4827021],[26.5198168,42.4842022],[26.5182168,42.4850032],[26.5172179,42.4856022],[26.5160159,42.4886042],[26.5160159,42.4888022],[26.5159169,42.4894012],[26.5161169,42.4905032],[26.5166169,42.4911022],[26.5176159,42.4916022],[26.5201169,42.4930022],[26.5222169,42.4936012],[26.5270179,42.4945011],[26.5283169,42.4947031],[26.5292169,42.4948031],[26.5300159,42.4951001],[26.5303169,42.4958021],[26.5304169,42.4963021],[26.530916,42.4969011],[26.5317169,42.4974001],[26.532118,42.4983011],[26.532118,42.4984041],[26.532217,42.4996011],[26.532017,42.5010011],[26.531517,42.5023021],[26.531317,42.5037021],[26.530817,42.5047021],[26.529617,42.5056021],[26.528717,42.5059031],[26.527718,42.5060031],[26.5274136,42.5059797],[26.526417,42.5059031],[26.525316,42.5054041],[26.524918,42.5051021],[26.524218,42.5043011],[26.5240557,42.5047049],[26.524017,42.5048011],[26.524117,42.5056021],[26.525116,42.5067011],[26.527317,42.5080011],[26.529118,42.5088031],[26.529917,42.5089021],[26.531017,42.5094011],[26.5318171,42.5098021],[26.5326181,42.5103021],[26.5335181,42.5105041],[26.5341119,42.5105777],[26.5343171,42.5106031],[26.5365868,42.5104333],[26.5370181,42.5104011],[26.5380171,42.5108011],[26.5389181,42.5115031],[26.5412181,42.5125031],[26.5412771,42.5125231],[26.5427171,42.5130021],[26.5447181,42.5135021],[26.5474387,42.5135862],[26.5479171,42.513601],[26.5485171,42.513403],[26.5486171,42.5128],[26.5491161,42.512602],[26.5492391,42.5125778],[26.5496181,42.512503],[26.5505161,42.513002],[26.5517181,42.513903],[26.5525171,42.514502],[26.5534171,42.514803],[26.5552978,42.514999],[26.5553171,42.515001],[26.5562171,42.515001],[26.5571181,42.514902],[26.5580181,42.514502],[26.5587181,42.513701],[26.5588171,42.513002],[26.5587181,42.511904],[26.5587181,42.5114],[26.559106,42.511207],[26.5591161,42.511202],[26.5596161,42.511202],[26.5601181,42.511702],[26.5602171,42.512503],[26.5601181,42.513201],[26.5598161,42.513903],[26.5596161,42.514601],[26.5601181,42.515802],[26.5607171,42.516604],[26.5617161,42.517202],[26.5631161,42.517901],[26.5648181,42.5184],[26.5677171,42.519301],[26.5702171,42.5206009],[26.5713182,42.5213029],[26.5722162,42.5220009],[26.5732182,42.5229019],[26.5745162,42.5243019],[26.5758172,42.5250039],[26.5773162,42.5256019],[26.5798172,42.5266019],[26.5815419,42.5266795],[26.5820162,42.5267009],[26.5831172,42.5262009],[26.5838172,42.5253009],[26.5846182,42.5246029],[26.5863172,42.5229019],[26.5873172,42.5220009],[26.5883162,42.5215019],[26.5898171,42.5203039],[26.5910171,42.5199028],[26.5919171,42.5195028],[26.5922636,42.5194456],[26.5925161,42.5194038],[26.5931171,42.5195028],[26.5934161,42.5201018],[26.5932162,42.5209028],[26.5928172,42.5214018],[26.5932162,42.5225008],[26.5938172,42.5231038],[26.5946182,42.5236038],[26.5958771,42.5238533],[26.5961172,42.5239008],[26.5973172,42.5237028],[26.5995182,42.5228018],[26.6011162,42.5219018],[26.6021182,42.5215018],[26.6028182,42.5211998],[26.6034172,42.5211998],[26.6045172,42.5211008],[26.6059171,42.5206008],[26.6075171,42.5199028],[26.6087171,42.5196018],[26.6091035,42.5196018],[26.6096171,42.5196018],[26.6102161,42.5199028],[26.6106171,42.5202008],[26.6107181,42.5205018],[26.6097172,42.5210018],[26.6077182,42.5211998],[26.6068172,42.5216008],[26.6039162,42.5222038],[26.6032162,42.5225008],[26.6026172,42.5230008],[26.6028182,42.5237028],[26.6030182,42.5241028],[26.6034172,42.5250038],[26.6040172,42.5265028],[26.6055172,42.5297028],[26.6062172,42.5305008],[26.6068172,42.5309998],[26.6080172,42.5316028],[26.6089172,42.5318998],[26.6097374,42.5319702],[26.6101172,42.5320028],[26.6110172,42.5318008],[26.6122172,42.5314007],[26.6123162,42.5314008],[26.6134359,42.5313269],[26.6138172,42.5313017],[26.6143172,42.5314007],[26.6145172,42.5317017],[26.6143172,42.5320027],[26.6139172,42.5325027],[26.6138173,42.5329037],[26.6142147,42.5331],[26.6142182,42.5331017],[26.6146069,42.5331017],[26.6151163,42.5331017],[26.6160163,42.5332997],[26.6166173,42.5337007],[26.6173173,42.5346997],[26.6176173,42.5355017],[26.6190173,42.5376027],[26.6196183,42.5393007],[26.6198183,42.5402997],[26.6199173,42.5413037],[26.6200163,42.5421007],[26.6205183,42.5432027],[26.6209163,42.5442027],[26.6215174,42.5461027],[26.6221164,42.5468007],[26.6227174,42.5472997],[26.6234174,42.5476017],[26.6243174,42.5477997],[26.6253174,42.5479027],[26.6260174,42.5482007],[26.6271174,42.5489027],[26.6280184,42.5499017],[26.6286164,42.5508017],[26.6294184,42.5517027],[26.6302174,42.5522017],[26.6314164,42.5528007],[26.6318589,42.5528553],[26.6322184,42.5528997],[26.6333164,42.5526027],[26.6343184,42.5521027],[26.6351174,42.5507026],[26.6357184,42.5495016],[26.6358174,42.5486996],[26.6367174,42.5477006],[26.6387184,42.5463996],[26.6427173,42.5444996],[26.6438163,42.5442026],[26.6449024,42.544131],[26.6453173,42.5441036],[26.6467173,42.5444996],[26.6492184,42.5457016],[26.6501092,42.545898],[26.6501164,42.5458996],[26.6509174,42.5458996],[26.6523174,42.5455036],[26.6536164,42.5448016],[26.6539173,42.5442026],[26.6540173,42.5434016],[26.6536163,42.5421006],[26.6528173,42.5409026],[26.6526173,42.5402996],[26.6529163,42.5397016],[26.6531163,42.5385036],[26.6528173,42.5377026],[26.6524163,42.5372026],[26.6505173,42.5359016],[26.6500173,42.5354016],[26.6497173,42.5348026],[26.6493173,42.5332996],[26.6489162,42.5326016],[26.6481172,42.5316026],[26.6478182,42.5309996],[26.6476172,42.5305006],[26.6476172,42.5298016],[26.6481172,42.5284016],[26.6490172,42.5266016],[26.6495172,42.5255026],[26.6499182,42.5249006],[26.6505172,42.5245036],[26.6515162,42.5242016],[26.6523251,42.5242016],[26.6528172,42.5242016],[26.6540341,42.5242776],[26.6544172,42.5243016],[26.6550162,42.5242016],[26.6553781,42.5241568],[26.6558172,42.5241026],[26.6565172,42.5246025],[26.6574172,42.5249005],[26.6581086,42.5249718],[26.6584172,42.5250035],[26.6598172,42.5248005],[26.6603172,42.5244005],[26.6608162,42.5243015],[26.6611061,42.5243015],[26.6616172,42.5243015],[26.6636101,42.524799],[26.6636162,42.5248005],[26.6647172,42.5248005],[26.6657162,42.5247015],[26.6666172,42.5244005],[26.6675172,42.5239005],[26.6684172,42.5235005],[26.6696172,42.5228015],[26.6708172,42.5221005],[26.6721172,42.5208035],[26.6730181,42.5200015],[26.6738171,42.5195025],[26.6745171,42.5191015],[26.6750917,42.5189389],[26.6752171,42.5189035],[26.6769826,42.5190699],[26.6773171,42.5191015],[26.6779181,42.5190025],[26.6781098,42.5190025],[26.6786181,42.5190025],[26.6792161,42.5191014],[26.6810172,42.5206004],[26.6819172,42.5216004],[26.6828182,42.5230004],[26.6836172,42.5245034],[26.6841162,42.5260024],[26.6847172,42.5272004],[26.6853162,42.5283024],[26.6865182,42.5289014],[26.6870182,42.5297024],[26.6872182,42.5303014],[26.6876162,42.5308014],[26.6893182,42.5315034],[26.6899172,42.5322014],[26.6905183,42.5330024],[26.6911163,42.5332994],[26.6918163,42.5339024],[26.6943173,42.5343034],[26.6949183,42.5345014],[26.6958163,42.5351004],[26.6964173,42.5354014],[26.6974163,42.5355014],[26.6979163,42.5356004],[26.6985173,42.5368014],[26.6994173,42.5381024],[26.7002163,42.5388004],[26.7016163,42.5392013],[26.7026331,42.5393561],[26.7029173,42.5393993],[26.7040183,42.5392013],[26.7048173,42.5390023],[26.7055174,42.5389301],[26.7058163,42.5388993],[26.7065163,42.5390023],[26.7072163,42.5391023],[26.7075588,42.5391508],[26.7079163,42.5392013],[26.7092173,42.5388003],[26.7100666,42.5387239],[26.7103183,42.5387013],[26.7114019,42.538799],[26.7114163,42.5388003],[26.7123173,42.5388003],[26.7132173,42.5386023],[26.7141173,42.5378013],[26.7146173,42.5372023],[26.7153173,42.5360003],[26.7156163,42.5355013],[26.7164173,42.5351993],[26.7172101,42.5351279],[26.7175163,42.5351003],[26.7195065,42.5353724],[26.7197173,42.5354013],[26.7204327,42.5353369],[26.7208183,42.5353023],[26.7241173,42.5362022],[26.7260051,42.5363811],[26.7262173,42.5364012],[26.7278183,42.5363022],[26.7312173,42.5356002],[26.7324273,42.5355204],[26.7327183,42.5355012],[26.7338163,42.5356002],[26.7362183,42.5363022],[26.7378183,42.5365002],[26.7389173,42.5368012],[26.7428173,42.5373012],[26.7458369,42.5375766],[26.7461173,42.5376021],[26.7471163,42.5374991],[26.7509183,42.5373011],[26.751303,42.5373011],[26.7518183,42.5373011],[26.7525183,42.5377021],[26.7531173,42.5383011],[26.7538173,42.5391021],[26.7544183,42.5396011],[26.7552173,42.5402001],[26.7558183,42.5407001],[26.7562163,42.5413031],[26.7562163,42.5418021],[26.7564163,42.5424011],[26.7568173,42.5430001],[26.7570173,42.5439011],[26.7569164,42.5448011],[26.7569164,42.5457011],[26.7571164,42.5472991],[26.7570174,42.5485011],[26.7567184,42.5511031],[26.7565184,42.5523001],[26.7563174,42.5535021],[26.7558184,42.5547001],[26.7556174,42.5558021],[26.7556175,42.5568021],[26.7556175,42.5570001],[26.7558185,42.5581031],[26.7560185,42.5584001],[26.7563175,42.5588011],[26.7570175,42.5589991],[26.7574953,42.5590537],[26.7579185,42.5591021],[26.7593185,42.5584001],[26.7605175,42.5575991],[26.7634165,42.5567031],[26.7660164,42.5553031],[26.7690164,42.553399],[26.7707184,42.5524],[26.7718164,42.551801],[26.7743174,42.550702],[26.7761174,42.550202],[26.7776174,42.55],[26.780303,42.55],[26.7808174,42.55],[26.7817174,42.550302],[26.7826184,42.550901],[26.7833184,42.551499],[26.7835184,42.551602],[26.7844164,42.5519],[26.7852174,42.552102],[26.7866723,42.5521778],[26.7871174,42.552201],[26.7884184,42.551801],[26.7892174,42.551301],[26.7898184,42.550599],[26.7904174,42.5499009],[26.7905184,42.5498019],[26.7910184,42.5495009],[26.7935164,42.5491989],[26.7944174,42.5485999],[26.7952184,42.5477989],[26.7957174,42.5474019],[26.7961947,42.5473317],[26.7964174,42.5472989],[26.7973104,42.547401],[26.7973184,42.5474019],[26.7982184,42.5474019],[26.7993174,42.5471999],[26.8011174,42.5457999],[26.8017184,42.5453999],[26.8023555,42.545321],[26.8025174,42.5453009],[26.8027174,42.5453009],[26.8040294,42.5454777],[26.8042164,42.5455029],[26.8056164,42.5453999],[26.8077164,42.5444989],[26.8102173,42.5434009],[26.8125173,42.5419018],[26.8135173,42.5402988],[26.8138163,42.5392998],[26.8140163,42.5382008],[26.8142173,42.5373998],[26.8147163,42.5365988],[26.8155183,42.5362018],[26.8175163,42.5359008],[26.8186173,42.5357028],[26.8204183,42.5346988],[26.8209001,42.5345794],[26.8212173,42.5345008],[26.8217163,42.5346988],[26.8217163,42.5357028],[26.8211183,42.5367018],[26.8207173,42.5378008],[26.8204183,42.5387008],[26.8204183,42.5395018],[26.8209173,42.5401998],[26.8218183,42.5406998],[26.8224163,42.5413028],[26.8225183,42.5418018],[26.8219173,42.5425008],[26.8202173,42.5427028],[26.8180163,42.5433018],[26.8164184,42.5439998],[26.8155184,42.5446018],[26.8139174,42.5460018],[26.8136184,42.5465018],[26.8140164,42.5471008],[26.8148184,42.5474018],[26.8159164,42.5476998],[26.8166164,42.5481998],[26.8179174,42.5495998],[26.8186174,42.5500988],[26.8193174,42.5504998],[26.8205174,42.5505988],[26.8218184,42.5508008],[26.8225184,42.5513008],[26.8230174,42.5521018],[26.8238164,42.5523998],[26.8248184,42.5527008],[26.8253174,42.5531018],[26.8252164,42.5541008],[26.8241184,42.5555998],[26.8238165,42.5565998],[26.8237175,42.5574998],[26.8244175,42.5592998],[26.8252165,42.5609028],[26.8252165,42.5612988],[26.8254175,42.5629018],[26.8254175,42.5632028],[26.8252165,42.5644998],[26.8242175,42.5663998],[26.8235175,42.5672998],[26.8225186,42.5686998],[26.8222166,42.5695008],[26.8222166,42.5708018],[26.8226176,42.5714008],[26.8231166,42.5723998],[26.8244176,42.5738988],[26.8265176,42.5756998],[26.8273166,42.5765998],[26.8273166,42.5766988],[26.8276186,42.5774008],[26.8276186,42.5775998],[26.8277176,42.5783008],[26.8276186,42.5792018],[26.8278166,42.5797008],[26.8279176,42.5800028],[26.8284177,42.5807998],[26.8289177,42.5816998],[26.8298177,42.5830998],[26.8303177,42.5844998],[26.8304187,42.5854008],[26.8304187,42.5877008],[26.8302177,42.5891008],[26.8302177,42.5909008],[26.8302177,42.5915998],[26.8306168,42.5928008],[26.8311188,42.5940028],[26.8318188,42.5952998],[26.8329168,42.5961998],[26.8341168,42.5966998],[26.8351178,42.5973017],[26.8359178,42.5980007],[26.8368178,42.5984997],[26.8379258,42.5987786],[26.8380178,42.5988017],[26.8399168,42.5987017],[26.8424178,42.5984007],[26.8434643,42.5983211],[26.8437188,42.5983017],[26.8450178,42.5984007],[26.8469168,42.5988017],[26.849317,42.599701],[26.8493188,42.5997017],[26.8502188,42.5997017],[26.8508513,42.5996447],[26.8513178,42.5996027],[26.85168,42.5999039],[26.8519178,42.6001017],[26.8596411,42.5946645],[26.8600188,42.5943986],[26.8600188,42.5945016],[26.8606178,42.5952006],[26.8614188,42.5966996],[26.8618178,42.5984006],[26.8621188,42.6007006],[26.8619188,42.6018986],[26.8610179,42.6045006],[26.8609169,42.6059006],[26.8610179,42.6076016],[26.8611179,42.6094026],[26.8613179,42.6105006],[26.8618179,42.6111986],[26.8632457,42.6112905],[26.8634179,42.6113016],[26.866363,42.6112124],[26.8668189,42.6111986],[26.867889,42.6114476],[26.8681169,42.6115006],[26.8692179,42.6113016],[26.8724189,42.6087006],[26.8745189,42.6082006],[26.8779169,42.6080026],[26.8791169,42.6078005],[26.8799179,42.6072015],[26.8817189,42.6064005],[26.8835169,42.6062015],[26.8845189,42.6062015],[26.8861169,42.6059995],[26.8875169,42.6053015],[26.8896168,42.6036005],[26.8905168,42.6026005],[26.8915188,42.6013985],[26.8922188,42.6001015],[26.8929188,42.5994995],[26.8947168,42.5984995],[26.8957188,42.5980995],[26.8965004,42.5980995],[26.8970178,42.5980995],[26.8976178,42.5988015],[26.8975168,42.5989005],[26.8981178,42.5993005],[26.8992188,42.6002015],[26.9002178,42.6013985],[26.9012178,42.6025014],[26.9033178,42.6036994],[26.9048189,42.6044014],[26.9058179,42.6046984],[26.9079179,42.6048014],[26.9083189,42.6050004],[26.9082179,42.6063004],[26.9083189,42.6068994],[26.9090189,42.6074984],[26.9101169,42.6081014],[26.9121179,42.6086014],[26.9139189,42.6091004],[26.9157169,42.6095014],[26.9197116,42.609699],[26.9197189,42.6096994],[26.9238139,42.6096993],[26.9239189,42.6096993],[26.9283169,42.6092993],[26.9320169,42.6087003],[26.9350179,42.6085013],[26.9364062,42.6085013],[26.9369169,42.6085013],[26.9394179,42.6086013],[26.9430169,42.6088983],[26.9446159,42.609299],[26.9446169,42.6092993],[26.9461183,42.6092993],[26.9469806,42.609307],[26.9490215,42.6115427],[26.9483544,42.6128797],[26.9478428,42.6207361],[26.9478062,42.6212999],[26.947792,42.621518],[26.945419,42.6222002],[26.941117,42.6234023],[26.939319,42.6242983],[26.936917,42.6255003],[26.931619,42.6269003],[26.930118,42.6274993],[26.9281191,42.6285023],[26.9261181,42.6293983],[26.9249181,42.6301993],[26.9238181,42.6305013],[26.9217181,42.6309014],[26.9176191,42.6315994],[26.9152181,42.6319014],[26.9135181,42.6324014],[26.9106191,42.6329004],[26.9086181,42.6329004],[26.9086123,42.6329],[26.9058181,42.6327024],[26.9041191,42.6324014],[26.9025181,42.6323014],[26.9022196,42.6323147],[26.8958181,42.6325995],[26.8955553,42.6325876],[26.8936191,42.6325005],[26.893601,42.6325225],[26.8927181,42.6335985],[26.8921181,42.6339995],[26.8913181,42.6339995],[26.8913176,42.633999],[26.8905171,42.6332025],[26.8900181,42.6323015],[26.8895003,42.6323015],[26.8883181,42.6323015],[26.8865181,42.6324015],[26.8844181,42.6328015],[26.8825181,42.6334995],[26.8798171,42.6342015],[26.8759191,42.6358996],[26.8725181,42.6367006],[26.8706181,42.6367996],[26.8705082,42.6367777],[26.8691191,42.6365016],[26.8669181,42.6356016],[26.8657181,42.6348996],[26.8646181,42.6344996],[26.8611181,42.6341026],[26.8608024,42.634125],[26.8597181,42.6342016],[26.8581171,42.6343996],[26.8567171,42.6348006],[26.8547181,42.6348007],[26.8511171,42.6348007],[26.8511082,42.6348],[26.8498181,42.6347017],[26.8488191,42.6343997],[26.8483033,42.6343997],[26.8473181,42.6343997],[26.8462171,42.6346027],[26.8450181,42.6351017],[26.8432171,42.6352017],[26.8409191,42.6353007],[26.8394181,42.6353997],[26.8386181,42.6355027],[26.8373181,42.6357997],[26.8363181,42.6363987],[26.8359181,42.6375017],[26.8366181,42.6388027],[26.8365741,42.6388747],[26.836418,42.6391284],[26.8342182,42.6427008],[26.8339908,42.6432696],[26.8398228,42.6458642],[26.8736215,42.6497461],[26.9230097,42.6696277],[26.9889161,42.6587742],[26.9974042,42.6493112],[26.9974366,42.6492751],[27.0005182,42.649502],[27.0005182,42.649504],[27.0018192,42.649801],[27.0031975,42.6499761],[27.0034172,42.650004],[27.0042124,42.6499296],[27.0045182,42.649901],[27.0060192,42.650103],[27.0063991,42.650103],[27.0069172,42.650103],[27.0088192,42.649401],[27.0104172,42.6489999],[27.0115182,42.6489009],[27.0137189,42.648401],[27.0137192,42.6484009],[27.0150182,42.6484009],[27.0163182,42.6489009],[27.0174796,42.6491506],[27.0177182,42.6492019],[27.0188172,42.6489999],[27.0212437,42.6486441],[27.0215182,42.6486039],[27.0221192,42.6487029],[27.0227182,42.6489999],[27.0262182,42.6497019],[27.0276182,42.6503009],[27.0296182,42.6524029],[27.0321193,42.6538029],[27.0339183,42.6550008],[27.0350183,42.6556038],[27.0357183,42.6561028],[27.0358173,42.6565038],[27.0352183,42.6578008],[27.0335193,42.6594029],[27.0325183,42.6598029],[27.0318183,42.6604019],[27.0313183,42.6610009],[27.0311183,42.6618019],[27.0310183,42.6626029],[27.0315183,42.6634009],[27.0338184,42.6657009],[27.0346169,42.666698],[27.0346184,42.6666998],[27.0351005,42.6666998],[27.0356184,42.6666998],[27.0354194,42.6673998],[27.0349194,42.6678998],[27.0337174,42.6680978],[27.0333883,42.6680668],[27.0316174,42.6678999],[27.0300174,42.6674999],[27.0282184,42.6673009],[27.0278071,42.6673129],[27.0248184,42.6673999],[27.0219184,42.6678009],[27.0195174,42.6684989],[27.0192184,42.6687009],[27.0181174,42.6693989],[27.0175184,42.6701999],[27.0225174,42.6711999],[27.0290184,42.6722979],[27.0341184,42.6729008],[27.0397184,42.6739998],[27.0383184,42.6752008],[27.0354194,42.6769978],[27.0331185,42.6786989],[27.0309175,42.6800989],[27.0290185,42.6814989],[27.0279175,42.6827999],[27.0271185,42.6850009],[27.0269185,42.6862979],[27.0275185,42.6878009],[27.0283185,42.6888999],[27.0296186,42.6902999],[27.0314176,42.6910019],[27.0333196,42.6916999],[27.0355705,42.691789],[27.0358176,42.6917988],[27.0385186,42.6916998],[27.0409186,42.6913988],[27.0428176,42.6910018],[27.0443186,42.6899988],[27.0455186,42.6893008],[27.0469185,42.6876978],[27.0482195,42.6850008],[27.0488185,42.6831018],[27.0503195,42.6796988],[27.0506185,42.6786988],[27.0512175,42.6776008],[27.0525184,42.6764978],[27.0528174,42.6762008],[27.0560184,42.6757997],[27.0568174,42.6757007],[27.0576184,42.6753997],[27.0582174,42.6747017],[27.0591174,42.6739997],[27.0596128,42.673798],[27.0596134,42.6737977],[27.0608154,42.6737977],[27.0633144,42.6741937],[27.0649144,42.6741937],[27.0670144,42.6743967],[27.0687026,42.6743967],[27.0692154,42.6743967],[27.0710144,42.6742967],[27.07731,42.6741999],[27.0777144,42.6741936],[27.0797154,42.6742966],[27.0817144,42.6748956],[27.0831144,42.6754946],[27.0844155,42.6764946],[27.0852145,42.6772956],[27.0853726,42.6777891],[27.0854065,42.6778946],[27.0860155,42.6777986],[27.0864975,42.6777226],[27.0884185,42.6817016],[27.0927175,42.6823006],[27.0937195,42.6823996],[27.1011175,42.6823995],[27.1054682,42.6825651],[27.1063195,42.6825975],[27.1078746,42.6825975],[27.1079463,42.6825975],[27.1079464,42.6825975],[27.1097185,42.6825975],[27.1144506,42.6825099],[27.1152745,42.6841941],[27.116142,42.68626],[27.1173998,42.6875825],[27.1176986,42.6936752],[27.1158667,42.695374],[27.105783,42.6961492],[27.1045977,42.6966275],[27.102047,42.6972107],[27.097561,42.6970165],[27.0966387,42.6970581],[27.0962176,42.6963006],[27.0956186,42.6950986],[27.0949186,42.6950986],[27.0943186,42.6938016],[27.0930196,42.6924016],[27.0904176,42.6915016],[27.0880186,42.6911996],[27.0877571,42.6912324],[27.0848176,42.6916006],[27.0819186,42.6931986],[27.0791186,42.6944006],[27.0765186,42.6950987],[27.0754186,42.6958007],[27.0746186,42.6960977],[27.0731176,42.6963007],[27.0853952,42.7061504],[27.0852028,42.7063538],[27.0845912,42.7070005],[27.0838621,42.7110535],[27.0827395,42.7125808],[27.0820442,42.7188265],[27.0823462,42.7225017],[27.0824347,42.7235801],[27.082445,42.7237054],[27.0816188,42.7240976],[27.081285,42.7242978],[27.0801179,42.7249976],[27.0787179,42.7262986],[27.0782189,42.7270006],[27.0775189,42.7280997],[27.0771179,42.7282977],[27.0769199,42.7284006],[27.0766329,42.7282813],[27.0757179,42.7279007],[27.0752485,42.7275586],[27.0746189,42.7270997],[27.0718199,42.7260017],[27.0707189,42.7253987],[27.0682178,42.7242007],[27.0669198,42.7232017],[27.0668483,42.7231585],[27.0664198,42.7228997],[27.0637188,42.7212977],[27.0614188,42.7198977],[27.0601198,42.7193977],[27.0575178,42.7187997],[27.0546188,42.7186008],[27.0523188,42.7186998],[27.0481188,42.7196998],[27.0451188,42.7207978],[27.0432188,42.7210008],[27.0402188,42.7211988],[27.0385188,42.7218018],[27.0373188,42.7224008],[27.0356198,42.7233998],[27.0343188,42.7238998],[27.0293179,42.7277979],[27.0292189,42.7265009],[27.0289188,42.7249979],[27.0286178,42.7242009],[27.0280188,42.7230989],[27.0279178,42.7229999],[27.0257188,42.7225989],[27.0235198,42.7224009],[27.0216178,42.7219999],[27.0204178,42.7219009],[27.0190178,42.7218019],[27.0181178,42.7219009],[27.0139178,42.7221979],[27.0117188,42.7224999],[27.0062178,42.723099],[27.0034178,42.723],[27.0005188,42.722801],[26.9982188,42.7211],[26.9967198,42.7211],[26.9949188,42.7211],[26.9931178,42.721802],[26.9915178,42.722198],[26.9900188,42.7223011],[26.9896188,42.722301],[26.9882188,42.7223011],[26.9859178,42.7220991],[26.9830288,42.7222521],[26.9821188,42.7223011],[26.9800188,42.7225991],[26.9779188,42.7232021],[26.9759048,42.7240071],[26.9723378,42.7229041],[26.9703138,42.7226071],[26.9689178,42.7224011],[26.9659198,42.7223012],[26.9647178,42.7225002],[26.9623188,42.7232022],[26.9603198,42.7233012],[26.9582198,42.7228012],[26.9547198,42.7229002],[26.9507178,42.7235982],[26.9491198,42.7243002],[26.9471188,42.7246022],[26.9460178,42.7246022],[26.9444178,42.7243003],[26.9409178,42.7244003],[26.9357189,42.7260023],[26.9345189,42.7260023],[26.9315188,42.7252013],[26.9289188,42.7251013],[26.9276179,42.7253993],[26.9262179,42.7253993],[26.9231189,42.7248993],[26.9217148,42.7244154],[26.9160198,42.7226984],[26.9144188,42.7226984],[26.9105188,42.7233014],[26.9087178,42.7235984],[26.9074188,42.7234994],[26.9065188,42.7233014],[26.9046188,42.7225004],[26.9026188,42.7221984],[26.9001178,42.7220995],[26.8969188,42.7223015],[26.8923248,42.7225425],[26.8809188,42.7240985],[26.8764189,42.7254986],[26.8744179,42.7262996],[26.8713189,42.7282986],[26.8684199,42.7323006],[26.8678799,42.7348716],[26.8678758,42.7349009],[26.8678189,42.7352986],[26.867619,42.7369006],[26.867619,42.7377016],[26.86822,42.7387016],[26.868618,42.7392016],[26.869219,42.7398996],[26.87052,42.7411996],[26.871618,42.7425006],[26.873718,42.7444996],[26.874918,42.7453006],[26.875355,42.7459986],[26.87542,42.7461016],[26.875618,42.7472006],[26.875118,42.7481006],[26.8737181,42.7490016],[26.8724201,42.7500006],[26.8719201,42.7509996],[26.8717201,42.7522016],[26.8712201,42.7533996],[26.8709181,42.7547006],[26.8709181,42.7561996],[26.8713191,42.7578016],[26.8719201,42.7589996],[26.8728181,42.7602016],[26.8739192,42.7612006],[26.8752202,42.7622996],[26.8773202,42.7635996],[26.8793182,42.7645005],[26.8816192,42.7649995],[26.8833182,42.7658005],[26.8845202,42.7666025],[26.8874192,42.7678995],[26.8879192,42.7682995],[26.8895192,42.7692995],[26.8917182,42.7705005],[26.8918952,42.7706125],[26.8925754,42.7713734],[26.905435,42.785758],[26.9054434,42.7857674],[26.9066184,42.7864004],[26.9083204,42.7869004],[26.9125204,42.7881014],[26.9142194,42.7885024],[26.9161194,42.7888984],[26.9189194,42.7891014],[26.9208194,42.7892004],[26.9245194,42.7899023],[26.9278184,42.7906003],[26.9289754,42.790764],[26.9292184,42.7907983],[26.9303194,42.7906993],[26.9317194,42.7905013],[26.9337204,42.7901003],[26.9366529,42.7896271],[26.9368194,42.7896003],[26.9397184,42.7896003],[26.9424194,42.7897003],[26.9439184,42.7900013],[26.9454204,42.7906002],[26.9464753,42.7908651],[26.9466194,42.7909012],[26.9479184,42.7907982],[26.9552194,42.7892002],[26.9579184,42.7887992],[26.9610885,42.7884149],[26.9612184,42.7883992],[26.9650953,42.7883992],[26.9650954,42.7883992],[26.9653194,42.7883992],[26.9655698,42.7883861],[26.9655699,42.7883861],[26.9672194,42.7883002],[26.9689184,42.7883001],[26.9707194,42.7883991],[26.9727194,42.7887991],[26.9749194,42.7891011],[26.9769194,42.7893981],[26.9791194,42.7906001],[26.9830194,42.7911991],[26.9859184,42.7914011],[26.9907194,42.7915],[26.9926194,42.791698],[26.9936184,42.7924],[26.9947194,42.793301],[26.9959184,42.794102],[27.0003415,42.7967937],[27.0005194,42.796902],[27.0013184,42.796799],[27.0040195,42.7962],[27.0050184,42.795601],[27.0070194,42.794701],[27.0079204,42.7934],[27.0088204,42.7925],[27.0102204,42.791199],[27.0109204,42.7896],[27.0120184,42.7886009],[27.0138194,42.7881009],[27.0162184,42.7877009],[27.0181261,42.7875023],[27.0191194,42.7873989],[27.0210194,42.7874979],[27.0232184,42.7881999],[27.0262194,42.7888979],[27.0281184,42.7895009],[27.0290692,42.7898908],[27.0298204,42.7901989],[27.0323184,42.7909999],[27.0328788,42.7909999],[27.0328789,42.7909999],[27.0329258,42.7909999],[27.0408196,42.7849444],[27.0432928,42.7851326],[27.0439045,42.7855827],[27.0445161,42.7860327],[27.0450745,42.7860662],[27.0480204,42.7857018],[27.0502194,42.7854998],[27.0543171,42.785198],[27.0543204,42.7851978],[27.0557204,42.7851977],[27.0578526,42.7854777],[27.0580204,42.7854997],[27.0596921,42.7853611],[27.0604194,42.7853007],[27.0606435,42.7853007],[27.0617903,42.7853007],[27.0617903,42.7853007],[27.0626184,42.7853007],[27.06486,42.7853829],[27.0653194,42.7853997],[27.0674194,42.7848007],[27.0693193,42.7837977],[27.0704203,42.7835007],[27.0715832,42.7834176],[27.0718203,42.7834007],[27.0733465,42.7834905],[27.0735193,42.7835007],[27.0768193,42.7834006],[27.0791193,42.7829016],[27.0812193,42.7827986],[27.0828039,42.7825363],[27.0830887,42.7824874],[27.0830243,42.7824048],[27.0830203,42.7823996],[27.0830161,42.7823943],[27.0829601,42.7823224],[27.0826142,42.7818782],[27.0824428,42.7816583],[27.0813615,42.7802717],[27.081332,42.7802339],[27.0811281,42.7799723],[27.0810982,42.779934],[27.0821306,42.778605],[27.082533,42.7775878],[27.082683,42.7772087],[27.0839694,42.7758908],[27.083624,42.7738535],[27.0835293,42.7738386],[27.0821129,42.7736159],[27.0819196,42.7735895],[27.0781887,42.7730784],[27.0758575,42.7693472],[27.0741615,42.7686684],[27.0736292,42.7684886],[27.0718191,42.7678774],[27.070357,42.7663407],[27.0705596,42.7637695],[27.0705627,42.7637311],[27.0704568,42.7624405],[27.0704512,42.7623714],[27.0709933,42.7616352],[27.0714198,42.761056],[27.0728096,42.7588173],[27.0794511,42.7583018],[27.0798322,42.7582723],[27.080501,42.7581133],[27.1030086,42.7548863],[27.1487994,42.7524253],[27.1487999,42.7524254],[27.1848096,42.7620154],[27.2306559,42.7739855],[27.2306579,42.7739852],[27.2666291,42.7690861],[27.2666314,42.7690862],[27.3255357,42.7713444],[27.3255366,42.7713443],[27.3745866,42.7663732],[27.4759723,42.7611754],[27.4759725,42.7611756],[27.4952668,42.7730598],[27.5120428,42.7833929],[27.5187217,42.7875067],[27.5245523,42.7943859],[27.5339024,42.8054176],[27.5451789,42.8187219],[27.584767,42.8498644],[27.6651617,42.8504861],[27.6651625,42.8504861],[27.7173473,42.8484249],[27.7507623,42.8431607],[27.7810367,42.8383912],[27.8043888,42.8347123],[27.8087552,42.8340244],[27.8087661,42.8340227],[27.8215451,42.8320094]]]}},{"type":"Feature","id":"BG2G00000K2035","properties":{"OBJECTID":7,"localId":"BG2G00000K2035","nameTxtInt":"KARST WATERS - BK2T CN-ST BURGAS VOLCANIC SOUTH BURGAS","nameText":"KARST WATERS - BK2T CN-ST BURGAS VOLCANIC SOUTH BURGAS","horizons":"1,2,3,4","Type":"8","Age":"K2","n":32.0,"cod":"BG2G00000K2035","ime":"Пукнатинни  води в горна креда, Бургаска вулканична зона, южно от Бургас","risk_q":"Не е в риск","risk_ch":"Не е в риск","q_s":"добро","dostoverno":" -","ch_s":"добро","dostover_1":" -","sustoyanie":"добро","sustoyan_1":"добро","Shape_Leng":298389.781115,"Shape_Area":1627427197.76,"gwb_code":"BG2G00000K2035","gwb_name":"Пукнатинни  води в горна креда, Бургаска вулканична зона, южно от Бургас","basin_district":"BG2"},"geometry":{"type":"Polygon","coordinates":[[[27.5908772,42.4560538],[27.5940521,42.4536497],[27.5986595,42.450161],[27.6166475,42.443859],[27.6259252,42.4467134],[27.625984,42.4467315],[27.6259559,42.4469271],[27.6256125,42.449314],[27.6277109,42.4520287],[27.62788,42.4522475],[27.6275271,42.453699],[27.6275145,42.4537506],[27.6271778,42.4551351],[27.6268087,42.4566535],[27.6265565,42.4576905],[27.6275704,42.4585781],[27.629612,42.4603655],[27.6291612,42.4590876],[27.628538,42.457321],[27.6286184,42.4571909],[27.6299933,42.4549664],[27.6301765,42.45467],[27.6322599,42.4535974],[27.632488,42.45348],[27.6341149,42.4526424],[27.635519,42.4519195],[27.6353969,42.4517894],[27.6340045,42.450306],[27.6343644,42.4499828],[27.635925,42.4485815],[27.63966,42.4480665],[27.6409463,42.4488411],[27.640991,42.448868],[27.6409293,42.4489128],[27.6398775,42.4496765],[27.6406505,42.4496942],[27.6449971,42.4497938],[27.6449971,42.4497938],[27.6452719,42.4498001],[27.645376,42.4498025],[27.6456166,42.4499779],[27.6458477,42.4501463],[27.6466089,42.4507011],[27.647375,42.4512595],[27.6504531,42.4505945],[27.651453,42.4503785],[27.649168,42.447708],[27.649343,42.4438135],[27.651125,42.443218],[27.6485313,42.4412303],[27.6471584,42.4401782],[27.646984,42.4400445],[27.6470802,42.4397423],[27.6475473,42.438274],[27.647711,42.4377595],[27.6520761,42.4362584],[27.6536445,42.435719],[27.6534697,42.4354129],[27.6525796,42.4338541],[27.6520169,42.4328686],[27.6518515,42.432579],[27.652299,42.4324094],[27.6529582,42.4321595],[27.6560385,42.430992],[27.653681,42.4295235],[27.6525415,42.430139],[27.6502463,42.4313788],[27.650221,42.4313925],[27.650204,42.4313772],[27.6454433,42.4270897],[27.645397,42.427048],[27.6454264,42.426996],[27.651232,42.4167215],[27.6617605,42.410843],[27.6725003,42.4090513],[27.6728495,42.408993],[27.6730268,42.4090858],[27.6764275,42.4108652],[27.6806721,42.4130861],[27.6891575,42.417526],[27.6874255,42.4199295],[27.6911145,42.4196165],[27.694195,42.4254535],[27.688545,42.422951],[27.68812,42.426018],[27.6919935,42.4269905],[27.701384,42.425949],[27.694681,42.42189],[27.6971315,42.418869],[27.703087,42.4197615],[27.7018395,42.4173315],[27.703724,42.41053],[27.7122515,42.406498],[27.7184995,42.4099275],[27.7201405,42.4081765],[27.729082,42.4102895],[27.7240885,42.399948],[27.7106994,42.4007158],[27.710182,42.4007455],[27.709992,42.400389],[27.706522,42.393879],[27.7090455,42.3840907],[27.7091065,42.383854],[27.709334,42.3837517],[27.7108988,42.3830482],[27.7130294,42.3820902],[27.7140397,42.381636],[27.7224695,42.377846],[27.717415,42.3766707],[27.7166765,42.376499],[27.716194,42.3731671],[27.71613,42.3727248],[27.716091,42.3724555],[27.7159162,42.3723543],[27.7158116,42.3722938],[27.713001,42.3706665],[27.7121554,42.3727715],[27.712103,42.372902],[27.7120248,42.3727855],[27.7094471,42.3689476],[27.709444,42.368943],[27.7094471,42.3689382],[27.7206975,42.3515344],[27.721979,42.349552],[27.7228842,42.3490351],[27.7289439,42.3455746],[27.7297948,42.3450887],[27.7303485,42.3447725],[27.7298202,42.3405043],[27.7295323,42.3381789],[27.7294794,42.3377518],[27.729456,42.3375625],[27.72948,42.3375398],[27.7387819,42.3287215],[27.738928,42.328583],[27.7399186,42.3283511],[27.7467993,42.3267403],[27.7478599,42.326492],[27.747875,42.3264885],[27.7479152,42.326496],[27.7536093,42.3275586],[27.7543565,42.327698],[27.7544913,42.3279231],[27.7547068,42.3282829],[27.7561732,42.330731],[27.75821,42.3341314],[27.7583505,42.334366],[27.7586788,42.3342181],[27.7602166,42.3335254],[27.7606231,42.3333423],[27.7621955,42.332634],[27.7628833,42.3329521],[27.7673191,42.3350034],[27.7683219,42.3354671],[27.771641,42.337002],[27.7717213,42.336863],[27.7725267,42.335469],[27.7730371,42.3345856],[27.7739355,42.3330305],[27.7742839,42.3334137],[27.7750446,42.3342502],[27.7764078,42.3357491],[27.7766,42.3359605],[27.7827942,42.3360056],[27.784431,42.3360175],[27.7821989,42.3310477],[27.7816272,42.3297748],[27.781599,42.329712],[27.7794833,42.3269202],[27.7787009,42.3258877],[27.7785435,42.32568],[27.7786664,42.3256517],[27.7826215,42.3247415],[27.7810751,42.3241724],[27.7779159,42.3230099],[27.7718211,42.320767],[27.7716635,42.320709],[27.7718483,42.320674],[27.7740519,42.3202564],[27.778175,42.3194751],[27.782131,42.3187255],[27.7798365,42.314255],[27.7831706,42.3124971],[27.7936654,42.3069636],[27.794134,42.3067165],[27.7934483,42.3066979],[27.7904638,42.306617],[27.7834362,42.3064265],[27.781759,42.306381],[27.7812293,42.3057326],[27.7799185,42.304128],[27.7786515,42.302577],[27.778406,42.3022765],[27.7756512,42.3018003],[27.7702883,42.3008733],[27.768852,42.300625],[27.77115,42.2985349],[27.7721235,42.2976495],[27.7726777,42.295782],[27.772917,42.2949755],[27.76592,42.2914748],[27.7621897,42.2896084],[27.754366,42.285694],[27.7587675,42.2697485],[27.7645127,42.2670149],[27.7657806,42.2664116],[27.7665595,42.266041],[27.7655487,42.2655317],[27.7643147,42.2649099],[27.763796,42.2646485],[27.7530325,42.2632215],[27.7510185,42.2563895],[27.7541897,42.2480222],[27.754244,42.247879],[27.7544203,42.2477012],[27.7556199,42.2464917],[27.756605,42.2454985],[27.7683485,42.241276],[27.7685471,42.2414144],[27.7713482,42.2433672],[27.7731094,42.2445949],[27.773552,42.2449035],[27.7743371,42.2437737],[27.7755721,42.2419964],[27.7766697,42.2404168],[27.7778874,42.2386644],[27.778347,42.238003],[27.7793284,42.2377678],[27.7802642,42.2375435],[27.7806842,42.2374429],[27.784731,42.236473],[27.7822144,42.2352488],[27.7777045,42.233055],[27.7781895,42.2263665],[27.778219,42.22596],[27.7818864,42.2261293],[27.782509,42.226158],[27.7925991,42.2158162],[27.7928295,42.21558],[27.7933707,42.2156056],[27.7955101,42.2157069],[27.7962699,42.2157428],[27.8044415,42.2161295],[27.8059391,42.2120493],[27.806196,42.2113495],[27.8096518,42.2101391],[27.8118741,42.2093607],[27.8176124,42.2073508],[27.8188495,42.2069175],[27.8181745,42.203308],[27.8220872,42.1996744],[27.8222742,42.1995007],[27.8230081,42.1988192],[27.8241643,42.1977454],[27.8247015,42.1972465],[27.8265994,42.197729],[27.8296411,42.1985023],[27.83021,42.198647],[27.8288522,42.194074],[27.8287125,42.1936035],[27.8295889,42.1935955],[27.8317238,42.1935759],[27.8395436,42.1935044],[27.8404045,42.1934965],[27.836515,42.189354],[27.8387377,42.1886352],[27.8425699,42.1873959],[27.846506,42.186123],[27.8452503,42.1843888],[27.8446435,42.1835508],[27.8430365,42.1813315],[27.8489813,42.1797157],[27.8504481,42.179317],[27.8523135,42.17881],[27.8514992,42.1730526],[27.851488,42.1729735],[27.8516481,42.1729789],[27.8552188,42.1730999],[27.8587903,42.173221],[27.859705,42.173252],[27.859646,42.1695595],[27.85335,42.1696841],[27.852522,42.1697005],[27.8525388,42.1692058],[27.8526177,42.1668744],[27.852665,42.165478],[27.855419,42.1644899],[27.8585178,42.163378],[27.8586195,42.1633415],[27.8586843,42.163384],[27.8610248,42.164918],[27.8617713,42.1654073],[27.862362,42.1657945],[27.8649306,42.1621543],[27.8656855,42.1610844],[27.867899,42.1579475],[27.8714099,42.1595507],[27.8740077,42.1607369],[27.8745575,42.160988],[27.8742792,42.1602339],[27.8733903,42.1578255],[27.8730085,42.156791],[27.8737931,42.1562207],[27.8781395,42.1530616],[27.8787705,42.152603],[27.8766155,42.1504595],[27.8809845,42.1471961],[27.8851395,42.1440925],[27.8882825,42.1439319],[27.8898498,42.1438518],[27.8915876,42.143763],[27.89559,42.1435585],[27.8971783,42.1406509],[27.8991064,42.1371213],[27.9005937,42.1343985],[27.9034913,42.129094],[27.9035563,42.128975],[27.9036085,42.1288795],[27.9036341,42.1288812],[27.908531,42.1292],[27.912388,42.125866],[27.9138205,42.1227225],[27.9128395,42.1220436],[27.9110743,42.1208221],[27.9092153,42.1195356],[27.9082145,42.118843],[27.9136045,42.1156355],[27.913519,42.111244],[27.9182748,42.1081048],[27.9196192,42.1072173],[27.9228345,42.105095],[27.9240374,42.1044137],[27.9277942,42.1022861],[27.928634,42.1018105],[27.9292066,42.1020308],[27.9369525,42.105011],[27.9426519,42.1021381],[27.9434605,42.1017305],[27.9453971,42.1035745],[27.9462645,42.1044005],[27.948786,42.100559],[27.9442846,42.0986482],[27.943979,42.0985185],[27.944299,42.0984867],[27.9497375,42.097946],[27.954056,42.0936342],[27.9546125,42.0930785],[27.9554133,42.0885817],[27.9555496,42.0878162],[27.955986,42.0853655],[27.9605208,42.0841982],[27.9646415,42.0831375],[27.9643314,42.0826147],[27.961788,42.078327],[27.9619385,42.0782221],[27.9637028,42.0769921],[27.9670245,42.0746765],[27.9688155,42.070347],[27.9692347,42.0700977],[27.9766825,42.065669],[27.981672,42.062702],[27.9904587,42.0631677],[27.991539,42.063225],[27.9929811,42.0601568],[27.993261,42.0595613],[27.993271,42.05954],[27.9932649,42.0595346],[27.9920801,42.0584821],[27.9871296,42.0540842],[27.9871175,42.0540735],[27.992899,42.0460665],[27.9955713,42.0459982],[27.9981215,42.045933],[27.998625,42.0454344],[28.003931,42.04018],[28.0037888,42.0394847],[28.0037653,42.0393698],[28.0032231,42.0367191],[28.0030394,42.035821],[28.002926,42.0352665],[28.0139253,42.0282687],[28.0151635,42.027481],[28.0141449,42.0264949],[28.012564,42.0249645],[28.0102586,42.0227328],[28.010092,42.0225715],[28.0104012,42.0224776],[28.0164134,42.0206525],[28.0170102,42.0204713],[28.0174675,42.0203325],[28.0194803,42.0099562],[28.019703,42.008808],[28.01978,42.0086099],[28.0206833,42.0062881],[28.021736,42.003582],[28.0223437,42.0031646],[28.023002,42.0027125],[28.025701,42.0008588],[28.0295968,41.9981831],[28.0302304,41.9977479],[28.0309335,41.997265],[28.0315812,41.9952585],[28.0329625,41.9909793],[28.0335795,41.9890678],[28.034416,41.9864764],[28.0355125,41.9830795],[28.0333688,41.9831424],[28.029946,41.9832428],[28.0280115,41.9832995],[28.0249995,41.9801295],[28.0122015,41.9798965],[28.0114389,41.9799106],[28.0060693,41.9800099],[27.9930075,41.9802515],[27.9879089,41.983148],[27.9805024,41.9873556],[27.9763344,41.9897235],[27.97608,41.989868],[27.9760856,41.9896417],[27.9762077,41.9846765],[27.9762195,41.9841986],[27.976223,41.9840545],[27.9697273,41.9813893],[27.965294,41.9795703],[27.9613013,41.9779321],[27.956997,41.976166],[27.956391,41.979761],[27.956156,41.9811555],[27.9464696,41.9780885],[27.9437945,41.9772415],[27.9345085,41.9842052],[27.9336887,41.98482],[27.93359,41.984894],[27.9335571,41.9848036],[27.932551,41.9820408],[27.9315529,41.9793002],[27.9313145,41.9786455],[27.9306705,41.9783593],[27.9285853,41.9774326],[27.925726,41.976162],[27.9246126,41.978102],[27.9221503,41.9823922],[27.9219475,41.9827455],[27.9217879,41.9824614],[27.920361,41.9799204],[27.9201454,41.9795365],[27.9191833,41.9778232],[27.9186636,41.9768977],[27.9178902,41.9755205],[27.9171006,41.9741145],[27.916361,41.9727975],[27.9102781,41.9732846],[27.9098855,41.973316],[27.90956,41.9735963],[27.9077274,41.9751743],[27.9025709,41.9796146],[27.9001652,41.9816861],[27.900055,41.981781],[27.900052,41.9819943],[27.9000334,41.9833088],[27.8999123,41.9918581],[27.899912,41.9918825],[27.8988107,41.9921906],[27.8934486,41.993691],[27.884861,41.996094],[27.8841637,41.9959187],[27.8799249,41.994853],[27.8791373,41.994655],[27.879034,41.994629],[27.8790164,41.9946791],[27.877441,41.9991738],[27.8771835,41.9999085],[27.8769013,41.9998878],[27.87439,41.9997036],[27.869276,41.9993285],[27.864544,42.0060425],[27.8644047,42.0060376],[27.8604528,42.0058985],[27.8598845,42.0058785],[27.8597204,42.0053754],[27.8584088,42.0013539],[27.858078,42.0003395],[27.861334,41.9945945],[27.8607559,41.9942607],[27.85474,41.9907875],[27.8545458,41.991006],[27.8511692,41.9948055],[27.851143,41.994835],[27.851187,41.9948548],[27.857197,41.9975585],[27.8571382,41.9976826],[27.8553975,42.0013578],[27.855345,42.0014685],[27.8551412,42.0014499],[27.850857,42.0010578],[27.8505095,42.001026],[27.8504913,42.0008702],[27.8504755,42.0007348],[27.8502661,41.9989415],[27.8499424,41.9961684],[27.8497225,41.994285],[27.8495976,41.9941901],[27.8469383,41.9921711],[27.8452968,41.9909247],[27.8447645,41.9905205],[27.8421345,41.9915266],[27.8411125,41.9919175],[27.8378762,41.9931556],[27.8361149,41.9938293],[27.8347225,41.994362],[27.8342681,41.9949532],[27.8317998,41.9981649],[27.8313275,41.9987795],[27.8289509,41.9979885],[27.8286338,41.9981845],[27.8277381,41.9982618],[27.8249248,41.9972176],[27.8247459,41.9970698],[27.8245883,41.9969396],[27.8216182,41.9990369],[27.805319,42.0061379],[27.7820556,42.0185235],[27.7494552,42.0344584],[27.743476,42.0367355],[27.7397948,42.0381374],[27.7307962,42.0415643],[27.7075441,42.0574274],[27.6909711,42.0745559],[27.6820487,42.0837773],[27.6757845,42.0923345],[27.6727986,42.0937813],[27.6708966,42.0944823],[27.6676986,42.0959824],[27.6671986,42.0963824],[27.6668976,42.0966804],[27.6667977,42.0970804],[27.6668078,42.0971206],[27.666801,42.0971478],[27.667002,42.0979488],[27.667601,42.0990478],[27.667902,42.0995478],[27.6684814,42.1002005],[27.6632895,42.1018464],[27.6631627,42.1018264],[27.6627317,42.1018264],[27.6617967,42.1018794],[27.6608987,42.1019824],[27.6598977,42.1022804],[27.6590977,42.1024824],[27.6574977,42.1031804],[27.6564987,42.1036804],[27.6560977,42.1040804],[27.6560977,42.1041263],[27.6424435,42.108455],[27.6265062,42.1016482],[27.6141836,42.0963852],[27.6009493,42.1063807],[27.5965829,42.1096786],[27.5932276,42.1122127],[27.59088,42.1145764],[27.579958,42.1161056],[27.5588876,42.1221785],[27.5578108,42.123185],[27.5578002,42.1232486],[27.5584012,42.1233486],[27.5587002,42.1243136],[27.5596013,42.1256486],[27.5602023,42.1261485],[27.562791,42.1251604],[27.5632041,42.1256024],[27.5629991,42.1260811],[27.5629991,42.1266831],[27.5629991,42.1270841],[27.5630023,42.1270926],[27.5630023,42.1271515],[27.5633013,42.1279485],[27.5635013,42.1282505],[27.5639023,42.1285515],[27.5648003,42.1289485],[27.5655943,42.1295015],[27.5660023,42.1301495],[27.5663013,42.1305505],[27.5667023,42.1310505],[27.5675013,42.1318515],[27.5684013,42.1323505],[27.5743767,42.1311928],[27.5723083,42.1332753],[27.5562219,42.1717742],[27.5469823,42.189282],[27.5236158,42.2033618],[27.4861971,42.2244825],[27.4651669,42.2402867],[27.4421407,42.2472346],[27.4382894,42.2472168],[27.4409027,42.2443514],[27.4418027,42.2431494],[27.4420026,42.2416504],[27.4419943,42.2416224],[27.4419996,42.2415829],[27.4417005,42.2405839],[27.4408005,42.2399849],[27.4385985,42.2389809],[27.4331005,42.240881],[27.4231996,42.2435821],[27.4173986,42.2456841],[27.4137556,42.2473486],[27.4086013,42.2462202],[27.4096027,42.2459496],[27.4117027,42.2452516],[27.4131027,42.2444506],[27.4143026,42.2434516],[27.4151036,42.2421506],[27.4160016,42.2409485],[27.4166026,42.2404485],[27.4180026,42.2398495],[27.4194026,42.2395485],[27.4217026,42.2394495],[27.4244016,42.2396515],[27.4265016,42.2396515],[27.4283026,42.2391515],[27.4299026,42.2387515],[27.4322026,42.2376484],[27.4340036,42.2361494],[27.4340035,42.2350514],[27.4340005,42.235049],[27.4340005,42.234984],[27.4334985,42.234583],[27.4326995,42.234682],[27.4313985,42.235083],[27.4300995,42.235083],[27.4284995,42.234984],[27.4275995,42.234583],[27.4270995,42.233984],[27.4263004,42.233084],[27.4254004,42.231383],[27.4224994,42.2324811],[27.4191005,42.2338811],[27.4133995,42.2366811],[27.4118995,42.2373831],[27.4072995,42.2394812],[27.4049995,42.2404842],[27.4024986,42.2412822],[27.4004996,42.2417812],[27.3971996,42.2421822],[27.3939996,42.2420833],[27.3905986,42.2419843],[27.3871996,42.2420833],[27.3834996,42.2417813],[27.3797775,42.2415301],[27.3697861,42.2389672],[27.3724015,42.2383509],[27.3740015,42.2375498],[27.3754015,42.2368518],[27.3762035,42.2358528],[27.3768015,42.2347498],[27.3775015,42.2347498],[27.3784025,42.2349518],[27.3789015,42.2353488],[27.3793025,42.2360508],[27.3803015,42.2365508],[27.3833025,42.2369508],[27.3863025,42.2375498],[27.3884025,42.2378517],[27.3901016,42.2382517],[27.3916026,42.2387517],[27.3937026,42.2394497],[27.3950016,42.2396517],[27.3965026,42.2394497],[27.3974036,42.2390487],[27.3978016,42.2379507],[27.3977965,42.2378889],[27.3977985,42.2378832],[27.3977025,42.2367181],[27.3977025,42.2355507],[27.3982025,42.2348487],[27.3987025,42.2342507],[27.3998025,42.2335517],[27.4028025,42.2326516],[27.4035025,42.2322516],[27.4034239,42.2322274],[27.4034994,42.2321842],[27.4021994,42.2317832],[27.4003984,42.2308832],[27.3988994,42.2303832],[27.3957994,42.2296812],[27.3939994,42.2291813],[27.3920994,42.2281823],[27.3897004,42.2267823],[27.3872984,42.2256833],[27.3850994,42.2244823],[27.3834993,42.2238833],[27.3818003,42.2234823],[27.3802983,42.2233834],[27.3783993,42.2235814],[27.3764003,42.2238834],[27.3743994,42.2243834],[27.3725984,42.2247834],[27.3713994,42.2247834],[27.3703994,42.2246844],[27.3690984,42.2244824],[27.3678994,42.2242834],[27.3661994,42.2246845],[27.3643994,42.2254815],[27.3620994,42.2261835],[27.3585994,42.2264845],[27.3563994,42.2263815],[27.3538994,42.2257835],[27.3510994,42.2242836],[27.3499984,42.2235816],[27.3479993,42.2228836],[27.3459993,42.2225826],[27.3440993,42.2224836],[27.3420983,42.2224836],[27.3388993,42.2227846],[27.3367993,42.2227847],[27.3352983,42.2224837],[27.3340993,42.2219837],[27.3326993,42.2213847],[27.3279003,42.2191837],[27.3256993,42.2180857],[27.3205983,42.2162848],[27.3125993,42.2147858],[27.3102002,42.2144838],[27.3101251,42.214654],[27.3066882,42.2148515],[27.3046115,42.2141274],[27.3018815,42.2151346],[27.3018547,42.2151293],[27.2997015,42.215362],[27.298888,42.2153399],[27.2973464,42.2155463],[27.2955341,42.2160906],[27.29336,42.2169056],[27.2922752,42.2177853],[27.292143,42.2179586],[27.2913094,42.2184512],[27.2883904,42.2189828],[27.2880157,42.2190102],[27.2875017,42.2191446],[27.2867766,42.2192766],[27.2863562,42.2194439],[27.285931,42.2195551],[27.2844815,42.2200983],[27.2838365,42.220447],[27.2817961,42.2212591],[27.281311,42.2213877],[27.2807419,42.2216859],[27.2760015,42.2236054],[27.2735348,42.2244811],[27.272613,42.2246465],[27.2697996,42.2246532],[27.2672605,42.2251313],[27.2647205,42.225407],[27.262906,42.2255461],[27.2603643,42.225417],[27.2580943,42.2251523],[27.2576178,42.2253962],[27.2575481,42.2253925],[27.2525796,42.2276001],[27.2525535,42.227627],[27.2524932,42.2333392],[27.2524353,42.2340621],[27.2512837,42.2413816],[27.2395668,42.2444724],[27.1997033,42.2671527],[27.1948292,42.2680359],[27.1768486,42.2771394],[27.159753,42.2830306],[27.1644111,42.2655607],[27.1324661,42.2779505],[27.1324343,42.2779628],[27.1259401,42.2804799],[27.1384503,42.2862658],[27.1465359,42.2900038],[27.1503668,42.2917749],[27.1692208,42.3057191],[27.1904942,42.3388656],[27.1896791,42.352852],[27.1894296,42.357132],[27.1886397,42.370686],[27.1883663,42.3753776],[27.188255,42.3772878],[27.1945934,42.3801849],[27.1985444,42.3819908],[27.2021758,42.3836507],[27.2106933,42.3875437],[27.2307104,42.396693],[27.2406151,42.395877],[27.2455867,42.3954675],[27.2726121,42.4020762],[27.2734104,42.4022715],[27.2748901,42.4026333],[27.3204169,42.4001043],[27.3626873,42.3975676],[27.3739074,42.4076907],[27.3743859,42.43306],[27.3744118,42.4344345],[27.3806381,42.4351413],[27.3915257,42.4363773],[27.394503,42.4367153],[27.4037332,42.4344821],[27.4043504,42.4343328],[27.4065533,42.4350152],[27.4097223,42.435997],[27.411934,42.4366821],[27.4155208,42.4377933],[27.4164251,42.4380734],[27.4178892,42.4399352],[27.4205728,42.4433477],[27.4238674,42.4475369],[27.4244575,42.4473936],[27.4259204,42.4470382],[27.4313508,42.445719],[27.4368249,42.4443893],[27.4473521,42.4573122],[27.4488286,42.4589776],[27.449154,42.4588359],[27.4492899,42.4587767],[27.4495223,42.4582281],[27.4495518,42.4581584],[27.4495686,42.4581237],[27.4497668,42.4579282],[27.4500692,42.4576299],[27.4501175,42.4575802],[27.4501554,42.4575576],[27.450205,42.4575257],[27.4504887,42.4573435],[27.4507622,42.4571679],[27.450855,42.4571094],[27.450859,42.4571035],[27.4508615,42.4571053],[27.4538725,42.459217],[27.4517209,42.4565647],[27.4517,42.456539],[27.451915,42.4564438],[27.4656965,42.45034],[27.462388,42.4487086],[27.4622155,42.4486235],[27.4629743,42.4486191],[27.4660685,42.448601],[27.4659071,42.4454725],[27.465904,42.4454115],[27.4660265,42.4454398],[27.4684675,42.446003],[27.4684894,42.4440501],[27.4685,42.4431075],[27.4766695,42.450344],[27.4758824,42.4509795],[27.4752035,42.4515277],[27.4739172,42.4525664],[27.4732118,42.453136],[27.4722805,42.453888],[27.479308,42.4615448],[27.4795,42.461754],[27.4844874,42.4554391],[27.4852794,42.4544362],[27.4909901,42.4472055],[27.4916325,42.446392],[27.4918373,42.446295],[27.4942728,42.445142],[27.5009214,42.4419945],[27.5081499,42.4385724],[27.5082648,42.438518],[27.508852,42.43824],[27.5092655,42.4363694],[27.5097415,42.4342158],[27.5109969,42.4285364],[27.5110705,42.4282035],[27.5184718,42.429483],[27.5212885,42.42997],[27.5222326,42.4315273],[27.5245535,42.435356],[27.5315435,42.4368285],[27.528658,42.440296],[27.5366633,42.4469328],[27.538933,42.4488145],[27.5367707,42.4527673],[27.5360747,42.4540396],[27.536022,42.454136],[27.539057,42.45721],[27.5391265,42.4571772],[27.5426715,42.4555045],[27.543414,42.4551541],[27.5511553,42.4515014],[27.5532239,42.4505254],[27.5532239,42.4505253],[27.5578786,42.448329],[27.5595269,42.4475513],[27.559696,42.4474715],[27.5601979,42.4473906],[27.5695422,42.4458845],[27.5703925,42.4457475],[27.570813,42.4458334],[27.5828055,42.448284],[27.579876,42.4537925],[27.574816,42.4525335],[27.5777413,42.4537339],[27.579831,42.4545914],[27.579836,42.4545935],[27.5815071,42.4574818],[27.58497,42.4634671],[27.5853405,42.4641075],[27.5856151,42.4633408],[27.5866947,42.460327],[27.5872385,42.458809],[27.5873215,42.4587461],[27.5888952,42.4575545],[27.5908772,42.4560538]]]}},{"type":"Feature","id":"BG2G000K1HB037","properties":{"OBJECTID":8,"localId":"BG2G000K1HB037","nameTxtInt":"FRACTURED WATERS - VALANGIAN-HAUTERIVIAN-APTIAN SHUMEN-TURGAVISHTE","nameText":"FRACTURED WATERS - VALANGIAN-HAUTERIVIAN-APTIAN SHUMEN-TURGAVISHTE","horizons":"1,2","Type":"8","Age":"K1HB","n":34.0,"cod":"BG2G000K1HB037","ime":"Пукнатинни води във Валанж- Хотрив - апт Шумен - Търговище","risk_q":"Не е в риск","risk_ch":"В риск","q_s":"добро","dostoverno":"Ниска","ch_s":"лошо","dostover_1":"Средна","sustoyanie":"лошо","sustoyan_1":"лошо","Shape_Leng":217133.171151,"Shape_Area":1071038365.13,"gwb_code":"BG2G000K1HB037","gwb_name":"Пукнатинни води във Валанж- Хотрив - апт Шумен - Търговище","basin_district":"BG2"},"geometry":{"type":"Polygon","coordinates":[[[26.5318416,43.3249938],[26.551248,43.3156603],[26.5686967,43.3114877],[26.5919391,43.3087465],[26.6171233,43.3045938],[26.6239439,43.3049992],[26.6367802,43.3057621],[26.6422711,43.3060885],[26.6654772,43.3089852],[26.6867501,43.3118719],[26.7176564,43.3246715],[26.7476923,43.3357201],[26.7509749,43.3369276],[26.7542629,43.3381371],[26.7601815,43.3403142],[26.8008564,43.3361526],[26.8146232,43.3347389],[26.8171081,43.3344838],[26.8415258,43.3319764],[26.8744462,43.3277776],[26.9170465,43.319337],[26.9257662,43.3173838],[26.9357979,43.3151367],[26.9422144,43.3136995],[26.9615729,43.3066414],[27.0041463,43.2967551],[27.033167,43.2925106],[27.0389259,43.2913862],[27.0506632,43.2890945],[27.0621823,43.2868455],[27.0892598,43.2825878],[27.0953976,43.2810479],[27.095381,43.2809534],[27.098856,43.2798614],[27.1046948,43.2780267],[27.1082954,43.2768952],[27.1173874,43.2740382],[27.1163521,43.2673151],[27.1157657,43.2635072],[27.1365573,43.2517813],[27.1365233,43.2365674],[27.1368561,43.2356489],[27.1373934,43.2341654],[27.142885,43.219005],[27.1332473,43.2069658],[27.1316534,43.2049748],[27.1265837,43.1920682],[27.1252205,43.1885976],[27.1244358,43.1873716],[27.113992,43.1710546],[27.0947847,43.1581986],[27.0723807,43.1383195],[27.0627658,43.112578],[27.0618087,43.1035491],[27.062666,43.102346],[27.064917,43.10134],[27.068745,43.101806],[27.070658,43.104693],[27.07122,43.106912],[27.072588,43.10903],[27.07437,43.110071],[27.077931,43.112098],[27.079284,43.113217],[27.080546,43.115916],[27.081557,43.117098],[27.084221,43.118488],[27.085589,43.120606],[27.085394,43.12229],[27.084094,43.124267],[27.08411,43.125699],[27.085446,43.12711],[27.086342,43.127818],[27.087734,43.128918],[27.08835,43.129771],[27.088584,43.130838],[27.090362,43.132078],[27.091909,43.132603],[27.092805,43.133712],[27.092841,43.134911],[27.092591,43.136162],[27.091698,43.137856],[27.090662,43.139051],[27.090009,43.140136],[27.089203,43.142834],[27.089503,43.144978],[27.091302,43.14651],[27.096531,43.147986],[27.099169,43.148506],[27.102025,43.149796],[27.104235,43.150682],[27.107335,43.151907],[27.108876,43.151849],[27.109535,43.151105],[27.109775,43.149968],[27.10974,43.147459],[27.109261,43.144421],[27.109237,43.142282],[27.110333,43.141016],[27.111202,43.140469],[27.113848,43.139914],[27.116043,43.138815],[27.117143,43.137911],[27.117786,43.137012],[27.117992,43.135919],[27.117314,43.134515],[27.116424,43.133267],[27.115522,43.13202],[27.115245,43.129878],[27.115512,43.126897],[27.115708,43.125296],[27.115454,43.12334],[27.114083,43.120251],[27.113171,43.118839],[27.111363,43.116191],[27.110223,43.114431],[27.108167,43.110186],[27.106622,43.107453],[27.105214,43.104715],[27.103385,43.10154],[27.102069,43.100554],[27.100279,43.100331],[27.098076,43.10071],[27.096965,43.100723],[27.095639,43.100389],[27.093655,43.099359],[27.092516,43.098117],[27.091899,43.09653],[27.092017,43.094741],[27.092932,43.093022],[27.094606,43.091511],[27.096632,43.090146],[27.09913,43.089514],[27.101039,43.089379],[27.104565,43.08916],[27.108758,43.088923],[27.112072,43.08853],[27.114053,43.088145],[27.117787,43.087036],[27.121498,43.086666],[27.125166,43.086968],[27.128756,43.087722],[27.132268,43.088778],[27.134874,43.090594],[27.1368991,43.0902392],[27.150879,43.087789],[27.1628943,43.0854535],[27.164548,43.085132],[27.159195,43.082343],[27.191854,43.071542],[27.206111,43.073828],[27.222564,43.066283],[27.21877,43.063509],[27.214634,43.061253],[27.210106,43.061499],[27.205674,43.061518],[27.200606,43.061386],[27.196508,43.061025],[27.19407,43.060706],[27.19295,43.060011],[27.191842,43.058906],[27.190784,43.05706],[27.1905855,43.0556629],[27.1828574,43.0548039],[27.1790016,43.053026],[27.172462,43.054508],[27.167169,43.0556092],[27.1660677,43.058448],[27.1679524,43.0609418],[27.1661949,43.0620504],[27.1648124,43.0590948],[27.1638068,43.056878],[27.1640673,43.0562545],[27.163219,43.056431],[27.159017,43.0569478],[27.1586585,43.057248],[27.1623019,43.0612195],[27.164061,43.0637133],[27.161551,43.0671312],[27.1587894,43.0691636],[27.157408,43.0688867],[27.1540179,43.0695336],[27.1494969,43.0686103],[27.146734,43.0675946],[27.1405831,43.072306],[27.136939,43.0663948],[27.1339259,43.067873],[27.1314663,43.0706798],[27.1287798,43.0730462],[27.1265202,43.0746167],[27.1235071,43.0760026],[27.1184843,43.0758183],[27.1145916,43.0759111],[27.1114529,43.0772045],[27.1104487,43.0781283],[27.1106986,43.0752649],[27.1068059,43.0751729],[27.105968,43.0755205],[27.1089691,43.058855],[27.104282,43.058914],[27.090889,43.059231],[27.0797,43.059159],[27.0780285,43.0592079],[27.069885,43.059446],[27.057517,43.060186],[27.0504768,43.0610013],[27.049849,43.061074],[27.044145,43.061757],[27.036476,43.063123],[27.0341103,43.0636837],[27.028472,43.06502],[27.020224,43.066448],[27.015005,43.067525],[27.005055,43.069477],[26.993978,43.071185],[26.987468,43.072257],[26.980081,43.072936],[26.971441,43.073631],[26.966693,43.073982],[26.955351,43.074671],[26.946596,43.075701],[26.941966,43.076666],[26.938832,43.077821],[26.931955,43.080649],[26.926785,43.083131],[26.922498,43.085968],[26.919063,43.088457],[26.914333,43.091654],[26.910046,43.094491],[26.90574,43.096615],[26.902158,43.096103],[26.902252,43.093387],[26.906535,43.088761],[26.9078194,43.0873364],[26.9078193,43.0873364],[26.8822969,43.0914687],[26.8363309,43.1272822],[26.8250708,43.1357967],[26.8150112,43.1405411],[26.8029113,43.1456824],[26.8008089,43.1465757],[26.8003788,43.1471325],[26.7954669,43.1534902],[26.7919043,43.158244],[26.7824312,43.1625538],[26.7717824,43.1646968],[26.7646817,43.1664134],[26.7528457,43.1694177],[26.7415998,43.172422],[26.7279839,43.1762852],[26.7149616,43.1792827],[26.7031207,43.1822818],[26.6912722,43.1865778],[26.6853517,43.1878599],[26.6776545,43.1895695],[26.6646364,43.1908303],[26.6522068,43.1925241],[26.6403654,43.1946512],[26.6291121,43.1972118],[26.6202238,43.1997791],[26.6113375,43.2019129],[26.5977155,43.2044623],[26.5876504,43.2057247],[26.5740265,43.2082712],[26.5627741,43.2099597],[26.5491419,43.2133687],[26.5403226,43.2162292],[26.5398609,43.2163789],[26.5398609,43.2163789],[26.5372799,43.217216],[26.5204307,43.2220646],[26.5194892,43.2223356],[26.5040732,43.2261644],[26.4916177,43.2295717],[26.4844871,43.2330017],[26.4406114,43.247262],[26.4406111,43.2472621],[26.4406407,43.2473036],[26.4415069,43.2485198],[26.4432091,43.2489247],[26.4444055,43.2492093],[26.4457009,43.2488283],[26.4477061,43.2482347],[26.4487089,43.2481451],[26.4497705,43.2480501],[26.4510889,43.2479323],[26.4515135,43.2478943],[26.45202,43.247849],[26.4522929,43.2478246],[26.4525689,43.2478682],[26.4548442,43.2482285],[26.4553007,43.2483004],[26.4578961,43.2487097],[26.4594956,43.2489619],[26.4621346,43.2487502],[26.4649701,43.2485226],[26.466158,43.2484272],[26.466863,43.2483706],[26.4697466,43.24814],[26.4722884,43.2479366],[26.4738427,43.2475475],[26.4746675,43.2473397],[26.4787444,43.247984],[26.4787454,43.2479842],[26.4787377,43.2481068],[26.4787182,43.2484187],[26.4787151,43.2484682],[26.4784036,43.2534308],[26.478381,43.2537905],[26.4783943,43.2540837],[26.4784008,43.2542273],[26.4784451,43.2551975],[26.4785873,43.2583071],[26.4785873,43.2583073],[26.4778017,43.2582812],[26.4773239,43.2584636],[26.4772137,43.2585054],[26.4762785,43.2588595],[26.4762783,43.2588596],[26.4761971,43.2589898],[26.4760001,43.2593096],[26.4759481,43.259394],[26.4755924,43.2599716],[26.4753479,43.2603686],[26.4752438,43.2605376],[26.4746612,43.2614834],[26.4745739,43.2616252],[26.4744242,43.2618678],[26.4740835,43.2624198],[26.4740702,43.2624378],[26.4731045,43.2625832],[26.4728696,43.2626186],[26.4718368,43.2627742],[26.47012,43.2629733],[26.4701197,43.2629733],[26.4701404,43.2630071],[26.4701584,43.2630365],[26.4707834,43.2640421],[26.4707842,43.2640434],[26.4709086,43.2642435],[26.4710727,43.2645076],[26.4711295,43.2645988],[26.4711366,43.2646094],[26.4711386,43.2646124],[26.4711551,43.2646389],[26.4711552,43.2646391],[26.471698,43.2655109],[26.4714792,43.2662196],[26.4713066,43.2667788],[26.4712924,43.2668295],[26.4711184,43.2674535],[26.4708627,43.2683706],[26.470849,43.2683825],[26.4691305,43.2698805],[26.4691108,43.2698977],[26.4690635,43.269938],[26.4688235,43.2703916],[26.4685657,43.2708786],[26.4674067,43.2730681],[26.4674065,43.2730684],[26.4659475,43.2739756],[26.4658036,43.2751437],[26.4656265,43.2765811],[26.4654609,43.2779255],[26.4651233,43.2806665],[26.4651233,43.2806667],[26.4655384,43.2809328],[26.4661169,43.2812999],[26.4662694,43.2813967],[26.4666914,43.2816645],[26.4664625,43.2835929],[26.4663928,43.2841799],[26.465358,43.2855145],[26.4643857,43.2867684],[26.4612281,43.2877035],[26.4613644,43.2915874],[26.4614482,43.2939763],[26.4626173,43.2954113],[26.4627728,43.2956022],[26.462829,43.2956711],[26.4624361,43.2958898],[26.460719,43.2968453],[26.4569989,43.2962835],[26.4538844,43.295813],[26.4537342,43.2957903],[26.4537341,43.2957903],[26.4521828,43.2976915],[26.4521827,43.2976917],[26.4521519,43.2977948],[26.4521199,43.2979017],[26.4516079,43.2996159],[26.4506785,43.300521],[26.4500653,43.3011182],[26.449834,43.3013433],[26.4497814,43.3013946],[26.449571,43.3020989],[26.4491057,43.303656],[26.4478892,43.3051088],[26.4475027,43.3060975],[26.4458282,43.306308],[26.4451429,43.3063942],[26.4444679,43.306479],[26.4434593,43.307146],[26.4397764,43.3095812],[26.4390128,43.310086],[26.4373243,43.3112024],[26.4373234,43.311203],[26.4358572,43.3104941],[26.4357992,43.310466],[26.4341213,43.3100842],[26.4330087,43.309831],[26.4312055,43.3095876],[26.4304394,43.3094842],[26.4281693,43.3091777],[26.4279183,43.3091438],[26.4262267,43.3098422],[26.4257611,43.3099145],[26.4244546,43.3101174],[26.4236998,43.3102347],[26.4217143,43.3113687],[26.4217071,43.3113728],[26.4214742,43.3115058],[26.4212784,43.3116177],[26.4212775,43.3116182],[26.4199836,43.3120168],[26.4196334,43.3123206],[26.418472,43.3133283],[26.4173018,43.3134178],[26.41635,43.3134905],[26.4152956,43.3135711],[26.4152471,43.3135748],[26.4121216,43.3138136],[26.4092897,43.3152803],[26.4089256,43.3158827],[26.4087945,43.3160997],[26.40862,43.3163885],[26.408335,43.3168601],[26.408278,43.3169544],[26.4082187,43.3170039],[26.4056285,43.319165],[26.4047734,43.3198823],[26.4046515,43.3198474],[26.4045219,43.3198112],[26.4041206,43.319699],[26.4038353,43.3196192],[26.4037327,43.3195904],[26.4028397,43.31934],[26.4017512,43.3190365],[26.4017504,43.3190364],[26.397444,43.3184511],[26.3959717,43.3192693],[26.3956945,43.3194233],[26.3956943,43.3194234],[26.3956286,43.3194846],[26.3934385,43.321523],[26.3928305,43.3235541],[26.3928074,43.3236312],[26.3921445,43.3248379],[26.3920805,43.3249543],[26.3919368,43.3252158],[26.3919368,43.3252159],[26.3905172,43.3260052],[26.390517,43.3260053],[26.3904308,43.3263483],[26.3896664,43.3293909],[26.3914983,43.3312241],[26.391745,43.3325199],[26.3917487,43.332539],[26.3917899,43.3327555],[26.3920089,43.3339057],[26.3910448,43.33484],[26.3910028,43.3348807],[26.3907984,43.3350789],[26.3900108,43.3358421],[26.3898882,43.3359609],[26.3890772,43.3373767],[26.3889677,43.3375678],[26.3885207,43.3381023],[26.3885175,43.3381061],[26.388263,43.3384105],[26.3879609,43.3396719],[26.3878284,43.3402256],[26.387702,43.3407532],[26.3877644,43.3418701],[26.3889075,43.3429194],[26.3891802,43.3431698],[26.3898526,43.3437496],[26.3928373,43.3453358],[26.3930567,43.3454524],[26.3948064,43.3463823],[26.3948074,43.3463828],[26.3963435,43.3468363],[26.3963448,43.3468367],[26.3967162,43.348653],[26.3971202,43.3491332],[26.397678,43.3497963],[26.3986452,43.3509459],[26.3989061,43.3518128],[26.3989473,43.3519498],[26.3992394,43.3529209],[26.3996034,43.3534046],[26.4005149,43.3546159],[26.4003522,43.3559748],[26.4022843,43.3569889],[26.4045912,43.3571717],[26.4078791,43.3574322],[26.4090624,43.3579246],[26.4107942,43.3584963],[26.4143945,43.3607929],[26.4155365,43.3617759],[26.4159574,43.3621381],[26.4173032,43.3632928],[26.4173035,43.363293],[26.41978,43.3638504],[26.4205183,43.364015],[26.4205235,43.3640162],[26.4205235,43.3640162],[26.4205627,43.3640683],[26.4205919,43.3641072],[26.4214069,43.3651916],[26.4215629,43.3653992],[26.420126,43.3672468],[26.4204337,43.369154],[26.4206653,43.3705898],[26.4206654,43.3705902],[26.4247142,43.3723212],[26.424746,43.3723348],[26.4247468,43.3723352],[26.4251157,43.3725699],[26.4251467,43.3725896],[26.4273998,43.3740233],[26.4275465,43.3754828],[26.4265865,43.3764556],[26.4255836,43.3774719],[26.4261111,43.3777965],[26.4261508,43.3778209],[26.4261516,43.3778214],[26.426982,43.3780972],[26.4281355,43.3784777],[26.4285983,43.3786306],[26.4285876,43.3787197],[26.4283584,43.3806359],[26.4279263,43.384249],[26.427775,43.3855143],[26.4277755,43.3855155],[26.4283838,43.3871278],[26.4335907,43.3939125],[26.4335912,43.3939131],[26.4507089,43.3680523],[26.4734661,43.3577257],[26.4909911,43.3464992],[26.5084983,43.3366831],[26.5266162,43.3275383],[26.5279356,43.3268723],[26.5318416,43.3249938]]]}},{"type":"Feature","id":"BG2G000K1HB038","properties":{"OBJECTID":9,"localId":"BG2G000K1HB038","nameTxtInt":"FRACTURED WATERS - BOLKAN VALANGIAN-HAUTERIVIAN-APTIAN KONEVO","nameText":"FRACTURED WATERS - BOLKAN VALANGIAN-HAUTERIVIAN-APTIAN KONEVO","horizons":"1,2,3","Type":"8","Age":"K1HB","n":35.0,"cod":"BG2G000K1HB038","ime":"Пукнатинни води в Предбалкан -Валанж- Хотрив - апт Конево","risk_q":"Не е в риск","risk_ch":"Не е в риск","q_s":"добро","dostoverno":" -","ch_s":"добро","dostover_1":" -","sustoyanie":"добро","sustoyan_1":"добро","Shape_Leng":288337.855471,"Shape_Area":1111518561.94,"gwb_code":"BG2G000K1HB038","gwb_name":"Пукнатинни води в Предбалкан -Валанж- Хотрив - апт Конево","basin_district":"BG2"},"geometry":{"type":"MultiPolygon","coordinates":[[[[26.515758,43.185205],[26.52386,43.184505],[26.518486,43.180506],[26.531053,43.17773],[26.558088,43.169732],[26.58245,43.163377],[26.611159,43.157359],[26.632024,43.153156],[26.651683,43.148894],[26.669304,43.144684],[26.688252,43.140474],[26.706437,43.135182],[26.711291,43.13377],[26.717797,43.131825],[26.721766,43.130417],[26.735717,43.126568],[26.750875,43.121222],[26.764907,43.116801],[26.780724,43.111367],[26.79449,43.10511],[26.806108,43.098476],[26.815918,43.092674],[26.820204,43.089152],[26.827062,43.083525],[26.831931,43.078483],[26.8354827,43.0759169],[26.83712,43.074734],[26.845524,43.070872],[26.851729,43.068091],[26.870789,43.060141],[26.88793,43.054507],[26.895648,43.05382],[26.898802,43.0538306],[26.902518,43.053843],[26.909417,43.054392],[26.915406,43.056023],[26.917987,43.056744],[26.920061,43.059176],[26.9175,43.062554],[26.910108,43.068508],[26.906678,43.070634],[26.90068,43.074899],[26.892534,43.078786],[26.886966,43.082692],[26.8852722,43.0861012],[26.884841,43.086969],[26.8887,43.086621],[26.893862,43.085574],[26.899441,43.083807],[26.902452,43.081837],[26.906298,43.078832],[26.909613,43.078043],[26.911459,43.079923],[26.909099,43.085917],[26.9078193,43.0873364],[26.9078194,43.0873364],[26.906535,43.088761],[26.902252,43.093387],[26.902158,43.096103],[26.90574,43.096615],[26.910046,43.094491],[26.914333,43.091654],[26.919063,43.088457],[26.922498,43.085968],[26.926785,43.083131],[26.931955,43.080649],[26.938832,43.077821],[26.941966,43.076666],[26.946596,43.075701],[26.955351,43.074671],[26.966693,43.073982],[26.971441,43.073631],[26.980081,43.072936],[26.987468,43.072257],[26.993978,43.071185],[27.005055,43.069477],[27.015005,43.067525],[27.020224,43.066448],[27.028472,43.06502],[27.0341103,43.0636837],[27.036476,43.063123],[27.044145,43.061757],[27.049849,43.061074],[27.0504768,43.0610013],[27.057517,43.060186],[27.069885,43.059446],[27.0780285,43.0592079],[27.0797,43.059159],[27.090889,43.059231],[27.104282,43.058914],[27.112694,43.058808],[27.118018,43.05874],[27.124308,43.058701],[27.130602,43.058402],[27.136488,43.058223],[27.144152,43.05806],[27.153893,43.057578],[27.159017,43.0569478],[27.163219,43.056431],[27.1640673,43.0562545],[27.167169,43.0556092],[27.172462,43.054508],[27.1790016,43.053026],[27.17909,43.053006],[27.183247,43.052011],[27.18875,43.05084],[27.191624,43.050454],[27.192732,43.049281],[27.194813,43.047826],[27.197166,43.047033],[27.200244,43.046173],[27.203864,43.045313],[27.207665,43.044718],[27.211712,43.044517],[27.212371,43.043858],[27.217801,43.043262],[27.221525,43.04258],[27.224406,43.042187],[27.226386,43.041814],[27.228808,43.041253],[27.23192,43.040782],[27.235359,43.040451],[27.237893,43.040385],[27.240088,43.040582],[27.242554,43.040914],[27.245269,43.041377],[27.2468393,43.042295],[27.2491485,43.0412607],[27.25061,43.040597],[27.252493,43.041488],[27.253838,43.04288],[27.254756,43.044635],[27.255707,43.04738],[27.255606,43.05013],[27.254349,43.053721],[27.275431,43.047085],[27.268014,43.043664],[27.265532,43.040437],[27.264682,43.038503],[27.264762,43.035826],[27.260421,43.037125],[27.262787,43.0336],[27.265247,43.030925],[27.268308,43.026604],[27.271356,43.023748],[27.2718679,43.0234535],[27.276292,43.020908],[27.281516,43.017279],[27.2831883,43.0158761],[27.285358,43.014056],[27.288237,43.011678],[27.292782,43.008666],[27.296616,43.006791],[27.302907,43.005373],[27.306886,43.004966],[27.310421,43.004574],[27.314394,43.004525],[27.3187024,43.0038305],[27.320486,43.003543],[27.325871,43.00235],[27.331152,43.000875],[27.338636,42.99831],[27.345508,42.996776],[27.353455,42.995196],[27.3601,42.994388],[27.370714,42.993484],[27.378244,42.992986],[27.384558,42.992867],[27.392978,42.992362],[27.401825,42.991491],[27.40779,42.9913792],[27.410683,42.991325],[27.413321,42.990214],[27.413741,42.988796],[27.413704,42.986682],[27.413229,42.984925],[27.412772,42.984228],[27.412759,42.983524],[27.412722,42.98141],[27.414032,42.979967],[27.414464,42.979254],[27.4157,42.978495],[27.416207,42.977811],[27.417078,42.976742],[27.418858,42.975276],[27.419663,42.973785],[27.419215,42.972464],[27.414795,42.971522],[27.4149149,42.9720844],[27.414993,42.972435],[27.4149899,42.9724356],[27.4149911,42.9724412],[27.414997,42.97244],[27.4149944,42.972457],[27.414997,42.972469],[27.4149426,42.9728002],[27.414819,42.973619],[27.412994,42.974879],[27.410382,42.976172],[27.407679,42.977186],[27.404594,42.978067],[27.401371,42.978597],[27.397603,42.978866],[27.395496,42.978831],[27.391958,42.978361],[27.389631,42.977913],[27.386244,42.977015],[27.38824,42.978692],[27.388697,42.979389],[27.388722,42.980798],[27.388331,42.981246],[27.386078,42.981552],[27.383421,42.981602],[27.382532,42.981619],[27.38121,42.981644],[27.379875,42.981669],[27.378979,42.981328],[27.377207,42.981014],[27.375415,42.980343],[27.37274,42.979331],[27.373148,42.977209],[27.373117,42.975443],[27.373105,42.974738],[27.372641,42.973694],[27.372178,42.972641],[27.371721,42.97124],[27.370813,42.970195],[27.369905,42.969159],[27.369454,42.968811],[27.368132,42.968836],[27.366797,42.968861],[27.365908,42.968877],[27.364598,42.969607],[27.363721,42.970328],[27.362843,42.971049],[27.361991,42.972475],[27.361558,42.973188],[27.361138,42.974614],[27.361157,42.975667],[27.359835,42.976396],[27.358519,42.976778],[27.358074,42.976786],[27.357185,42.976803],[27.356734,42.976455],[27.355856,42.976471],[27.35451,42.975791],[27.352286,42.975128],[27.351816,42.973727],[27.350012,42.972352],[27.349568,42.971655],[27.348666,42.970967],[27.347319,42.970287],[27.345991,42.969955],[27.344205,42.969641],[27.341549,42.969691],[27.339337,42.969732],[27.337558,42.969766],[27.337997,42.9694],[27.338435,42.969035],[27.339763,42.968662],[27.340184,42.96795],[27.340622,42.967585],[27.34195,42.967212],[27.34284,42.967195],[27.343711,42.966822],[27.345045,42.966797],[27.347714,42.967452],[27.348159,42.967443],[27.350377,42.967759],[27.352168,42.96843],[27.35438,42.968388],[27.354825,42.96838],[27.355263,42.968015],[27.355708,42.968007],[27.357024,42.967634],[27.357914,42.967617],[27.358791,42.966896],[27.360094,42.96581],[27.360978,42.965445],[27.362294,42.965064],[27.36361,42.963977],[27.364493,42.963613],[27.36626,42.96358],[27.368039,42.963546],[27.369806,42.963513],[27.370695,42.963497],[27.373803,42.963786],[27.375168,42.966232],[27.375366,42.9658],[27.376525,42.964718],[27.377883,42.963812],[27.379548,42.962974],[27.381479,42.962321],[27.383965,42.961838],[27.387931,42.961059],[27.390348,42.960303],[27.391885,42.958861],[27.391428,42.958165],[27.35835,42.96053],[27.332939,42.962854],[27.30516,42.965049],[27.299943,42.964668],[27.299207,42.966591],[27.299073,42.968018],[27.299813,42.969397],[27.301091,42.970726],[27.302975,42.97171],[27.305392,42.972978],[27.309299,42.974122],[27.314824,42.975126],[27.319727,42.975992],[27.324369,42.977174],[27.324705,42.978453],[27.323331,42.979552],[27.321551,42.979586],[27.31717,42.979487],[27.311182,42.979093],[27.304387,42.978749],[27.296853,42.978404],[27.287783,42.97814],[27.279159,42.978158],[27.274382,42.977912],[27.273496,42.976909],[27.274798,42.975832],[27.276551,42.974401],[27.276533,42.973339],[27.275627,42.972299],[27.274732,42.971953],[27.273412,42.971969],[27.270915,42.972109],[27.267662,42.972746],[27.261499,42.974589],[27.257964,42.97499],[27.254374,42.974823],[27.251902,42.974293],[27.25042,42.973319],[27.249872,42.970084],[27.249516,42.968348],[27.248528,42.967799],[27.246573,42.967621],[27.243926,42.967654],[27.240394,42.967699],[27.236861,42.967743],[27.23113,42.96817],[27.223808,42.969098],[27.218358,42.970429],[27.213953,42.971528],[27.211755,42.97191],[27.209113,42.972298],[27.20691,42.972325],[27.203373,42.972016],[27.201147,42.971345],[27.198492,42.970679],[27.195383,42.96932],[27.190414,42.966722],[27.185898,42.965326],[27.182753,42.965004],[27.175923,42.965034],[27.169312,42.965251],[27.157848,42.965501],[27.146242,42.966353],[27.133948,42.966893],[27.117598,42.967253],[27.104936,42.968242],[27.094609,42.968422],[27.0887439,42.9686646],[27.0575077,42.9646407],[27.0499029,42.9638965],[27.049279,42.963729],[27.039949,42.960615],[27.032722,42.957185],[27.024236,42.952677],[27.016536,42.950485],[27.009387,42.94997],[27.006964,42.951832],[27.001842,42.954144],[26.99357,42.95595],[26.986598,42.956688],[26.981377,42.956354],[26.976144,42.954947],[26.969612,42.953897],[26.9664988,42.9535745],[26.9679613,42.955878],[26.9735271,42.9646447],[26.9782177,42.9803956],[26.9775376,42.9956502],[26.9681489,43.0030231],[26.9346241,43.0079347],[26.9031148,43.007417],[26.8508354,43.005884],[26.8099448,43.0043466],[26.7576659,43.0008079],[26.727508,42.9982727],[26.6812596,42.997667],[26.6584779,42.9976012],[26.6316513,42.9989949],[26.6108843,42.9984309],[26.5861047,42.9944088],[26.5747696,42.9855062],[26.5587986,42.9702001],[26.552173,42.9620901],[26.5475078,42.9563782],[26.544512,42.9488006],[26.543697,42.9467387],[26.543094,42.9452131],[26.540175,42.944834],[26.538197,42.941207],[26.534216,42.940648],[26.527891,42.940561],[26.52129,42.940824],[26.515019,42.94076],[26.510223,42.941067],[26.50212,42.940436],[26.493192,42.938309],[26.482702,42.934916],[26.4761963,42.9346593],[26.4704243,42.934143],[26.4631044,42.932803],[26.459921,42.932382],[26.4572604,42.93193],[26.4486975,42.9299002],[26.4453658,42.9289638],[26.4415997,42.9278027],[26.4356184,42.9259777],[26.4328184,42.9253912],[26.4139804,42.9199577],[26.4119175,42.9188388],[26.4050464,42.9173341],[26.4036186,42.9170418],[26.4036186,42.9170418],[26.3914504,42.9142876],[26.3842198,42.9121634],[26.3763686,42.910874],[26.3720677,42.9099005],[26.3673213,42.9076826],[26.3662834,42.9070049],[26.3633743,42.9058383],[26.3595409,42.9040471],[26.3575956,42.9036709],[26.3552231,42.902862],[26.3478711,42.9031726],[26.3459313,42.9030995],[26.3456243,42.9032675],[26.345004,42.9032937],[26.3424904,42.9049829],[26.3422583,42.9051099],[26.3418839,42.9051292],[26.3419617,42.9052042],[26.3420268,42.9051753],[26.3420996,42.9052455],[26.3420436,42.9052831],[26.3422909,42.9055214],[26.3419836,42.9088692],[26.3419308,42.9094446],[26.3415832,42.9132309],[26.3413801,42.9154431],[26.3413746,42.9155029],[26.3428066,42.9174788],[26.3428296,42.9176974],[26.3429507,42.9188463],[26.3430176,42.9194807],[26.343204,42.9212492],[26.3433003,42.9221631],[26.3433969,42.9230789],[26.3440374,42.9244243],[26.3432338,42.9254913],[26.3405748,42.9268374],[26.3401645,42.9270451],[26.3409292,42.9295574],[26.3411123,42.9296442],[26.3433507,42.930706],[26.3439921,42.9328079],[26.3438336,42.9345359],[26.3445328,42.9352746],[26.3458871,42.9367319],[26.3459077,42.9367541],[26.3452976,42.93801],[26.3446731,42.9392955],[26.3466384,42.9429538],[26.3450428,42.9428726],[26.3449959,42.9428745],[26.3435379,42.9429316],[26.3405803,42.9440885],[26.3386714,42.9448351],[26.3395211,42.9460062],[26.3379995,42.9475805],[26.3378678,42.9477166],[26.3346626,42.9497872],[26.3330481,42.9525695],[26.3326914,42.9531842],[26.3319657,42.954148],[26.3321025,42.9560939],[26.332058,42.9565783],[26.331937,42.957894],[26.3320622,42.9596732],[26.3329346,42.9608755],[26.3332171,42.9612649],[26.3339354,42.9624397],[26.335607,42.9635553],[26.3358973,42.9637491],[26.3365829,42.9642066],[26.3370082,42.9660032],[26.3374047,42.9676783],[26.334962,42.968794],[26.334393,42.969059],[26.3333982,42.9695136],[26.3333766,42.9695235],[26.3329774,42.969339],[26.3321286,42.9689467],[26.3306731,42.968274],[26.3299968,42.9679613],[26.3296036,42.9677796],[26.3294794,42.9677222],[26.3292829,42.9678324],[26.3269976,42.9691136],[26.3257258,42.9698266],[26.3257121,42.9698343],[26.324657,42.9694043],[26.3233144,42.9688572],[26.3232007,42.9688109],[26.3226537,42.9688319],[26.3220189,42.9688562],[26.3209646,42.9688967],[26.3197644,42.9709624],[26.3183704,42.9733613],[26.3177128,42.9742309],[26.3176168,42.9750768],[26.3173374,42.9751491],[26.3146919,42.9758337],[26.3121654,42.9766471],[26.3118536,42.9765605],[26.3097622,42.9759797],[26.3073521,42.9755648],[26.3072686,42.9755504],[26.3056553,42.9746934],[26.3054853,42.9746031],[26.3036194,42.973785],[26.3036154,42.9737832],[26.3034859,42.9737265],[26.3025319,42.974527],[26.3024156,42.9746246],[26.3024045,42.9746339],[26.3020946,42.9745037],[26.3009017,42.9740025],[26.3007832,42.9739527],[26.2994828,42.9742065],[26.298006,42.9744944],[26.2958345,42.9749178],[26.2950712,42.9746941],[26.2934809,42.974228],[26.2887228,42.9750547],[26.2885515,42.9750844],[26.2885126,42.975117],[26.2874993,42.9759649],[26.2867837,42.9765638],[26.2852634,42.9768899],[26.2839487,42.9771719],[26.2816134,42.9783685],[26.2760148,42.9790806],[26.2755581,42.9794205],[26.272495,42.9817003],[26.2714001,42.9825151],[26.2701661,42.9834334],[26.2709236,42.984992],[26.2710222,42.9851949],[26.2711602,42.9856592],[26.2717876,42.9877707],[26.2713144,42.9892996],[26.2709558,42.9904581],[26.2709128,42.9905972],[26.2708788,42.9907808],[26.2703063,42.9938712],[26.2715238,42.9946534],[26.2716254,42.9947749],[26.2726885,42.9960476],[26.2728227,42.996084],[26.27425,42.9964717],[26.277601,42.9955924],[26.2797004,42.9951914],[26.2797693,42.9952512],[26.2815411,42.9967879],[26.2827169,42.9987628],[26.281808,43.0028364],[26.2819406,43.0041925],[26.2815622,43.0073149],[26.281705,43.0073474],[26.2839206,43.0078519],[26.2839335,43.0078674],[26.2864637,43.010889],[26.2876376,43.0116438],[26.2877061,43.0116402],[26.2930754,43.0113578],[26.2963364,43.0122604],[26.2986043,43.0113513],[26.2996667,43.0101511],[26.2998002,43.0102105],[26.3014839,43.0109592],[26.3045936,43.0124369],[26.3073322,43.0136152],[26.3073585,43.013611],[26.3119879,43.0128688],[26.3130241,43.0129696],[26.3150566,43.01241],[26.3167108,43.0129317],[26.3176903,43.0132406],[26.3202001,43.0163308],[26.320326,43.016358],[26.3263529,43.0176595],[26.3267597,43.0177473],[26.3267563,43.017761],[26.3266836,43.0180539],[26.3264741,43.0188983],[26.3253512,43.0216967],[26.3294006,43.0256692],[26.3300778,43.0260694],[26.3306132,43.0270271],[26.3315364,43.0281986],[26.3294126,43.0308022],[26.3299476,43.031976],[26.3325577,43.0344091],[26.3345864,43.0353733],[26.3360391,43.0360637],[26.3361022,43.0360721],[26.3373161,43.0362342],[26.3391035,43.0364728],[26.3399522,43.0365861],[26.3400376,43.0366236],[26.3448206,43.0387213],[26.3448742,43.0387265],[26.3455225,43.0387901],[26.3464778,43.0388838],[26.348036,43.0387486],[26.3579443,43.0398357],[26.3647322,43.0390091],[26.3660905,43.0384313],[26.3692313,43.0380524],[26.3735392,43.0371756],[26.3743695,43.0372876],[26.3766017,43.0375886],[26.3783701,43.0381024],[26.3806317,43.0385875],[26.3806948,43.0386152],[26.3807258,43.0386288],[26.380748,43.0386385],[26.3826797,43.0394855],[26.3827051,43.0394785],[26.3836103,43.0392294],[26.3836736,43.0392967],[26.3855964,43.0413428],[26.3862653,43.0417871],[26.3881931,43.0430676],[26.3898625,43.0444588],[26.3905598,43.0485102],[26.3914905,43.05182],[26.3938451,43.0526295],[26.3957055,43.0541792],[26.396672,43.0548191],[26.3971449,43.0552136],[26.397313,43.0553538],[26.3973046,43.0554457],[26.397273,43.0557907],[26.3972163,43.0564113],[26.3972645,43.057087],[26.3970895,43.0590086],[26.3984113,43.0596344],[26.3996624,43.0602267],[26.3998916,43.0603352],[26.4006479,43.0606932],[26.4007144,43.0607012],[26.4019204,43.0608451],[26.4045838,43.0611633],[26.4046024,43.0611932],[26.4051624,43.0620945],[26.4056863,43.062597],[26.4061456,43.0630376],[26.4077913,43.064616],[26.4075977,43.0667435],[26.4075068,43.0677423],[26.4074882,43.0679462],[26.4076134,43.0696939],[26.4100939,43.072075],[26.4101876,43.0720714],[26.411839,43.072008],[26.4122826,43.0720285],[26.4125919,43.0720429],[26.4126161,43.0720823],[26.4127153,43.0722439],[26.4129727,43.0726632],[26.4135677,43.0736325],[26.4137353,43.0739055],[26.4140921,43.0744868],[26.4142527,43.0747484],[26.4152137,43.0760635],[26.4164704,43.0781104],[26.4165344,43.0782146],[26.416553,43.078245],[26.4170072,43.0786803],[26.4170698,43.078739],[26.4176001,43.0792485],[26.418461,43.080068],[26.4188041,43.0803961],[26.4188627,43.0804585],[26.4202677,43.0813917],[26.4215062,43.0822143],[26.422753,43.0826421],[26.4229149,43.0826976],[26.4234241,43.0828723],[26.4237013,43.0835464],[26.4240791,43.084465],[26.4240105,43.0852221],[26.4239794,43.0855815],[26.4239778,43.0856064],[26.4238191,43.0873313],[26.4238158,43.0873678],[26.4238696,43.0873802],[26.4239578,43.0874004],[26.424212,43.0874589],[26.4258668,43.0878434],[26.4260981,43.0878971],[26.4267922,43.0880581],[26.4275231,43.0879023],[26.4292519,43.087538],[26.4297213,43.0874388],[26.431952,43.0869697],[26.4320884,43.0869447],[26.4344885,43.0865502],[26.4346907,43.086517],[26.4350442,43.086534],[26.4353206,43.0865463],[26.4356672,43.0865609],[26.4374462,43.0862941],[26.4381746,43.0861843],[26.4385807,43.086123],[26.4389927,43.0860629],[26.4390131,43.0860619],[26.4405619,43.0861294],[26.4408344,43.0861413],[26.44089,43.0861876],[26.4428345,43.0878073],[26.4445446,43.0892315],[26.44456,43.0892443],[26.444646,43.0892624],[26.4446802,43.0892704],[26.4456857,43.0895055],[26.4478502,43.0900139],[26.4478526,43.0900198],[26.4482114,43.090885],[26.4487306,43.0921461],[26.4487544,43.0921714],[26.4502906,43.0938056],[26.4510692,43.0946338],[26.4516898,43.095294],[26.4518156,43.0953232],[26.4522523,43.0954245],[26.4527491,43.0955397],[26.4532837,43.0956637],[26.4535388,43.0957229],[26.4562012,43.0963403],[26.4576363,43.0966778],[26.4576369,43.0966855],[26.4576796,43.0972577],[26.4580028,43.1015903],[26.4580164,43.1017731],[26.4582122,43.1043975],[26.4576637,43.1048261],[26.4562763,43.1059103],[26.4558296,43.1067176],[26.4557762,43.1068142],[26.4557322,43.1068936],[26.4537604,43.107999],[26.4526979,43.1085945],[26.4526048,43.1094596],[26.452512,43.1103227],[26.452344,43.111883],[26.452288,43.1124031],[26.4520092,43.1150081],[26.4508122,43.1161226],[26.4506705,43.1162547],[26.4502865,43.1166125],[26.4497065,43.1171529],[26.4498286,43.1173199],[26.4510674,43.1190144],[26.452115,43.1207186],[26.4521639,43.1207981],[26.452131,43.1210715],[26.4520931,43.1213924],[26.4520221,43.1219921],[26.4519946,43.1222106],[26.4518334,43.1235524],[26.4514784,43.1264979],[26.4513445,43.1276032],[26.4512178,43.1286548],[26.4510439,43.1288856],[26.4499798,43.1302968],[26.4506379,43.1307322],[26.4510028,43.1310365],[26.4512134,43.1312122],[26.452474,43.1316415],[26.4528331,43.1318281],[26.454275,43.1325776],[26.4543899,43.1326082],[26.4618626,43.1345991],[26.4618855,43.1346122],[26.4618862,43.1346126],[26.4639274,43.1357861],[26.4647706,43.1362717],[26.46524,43.1365419],[26.4652775,43.1367622],[26.4656912,43.1391911],[26.4658877,43.140345],[26.46501,43.1407479],[26.46374,43.1413308],[26.461762,43.1422387],[26.4616055,43.1423105],[26.4610902,43.1446347],[26.4609612,43.145216],[26.4602896,43.1465582],[26.4615605,43.1469928],[26.4622208,43.1476681],[26.4624781,43.1479313],[26.4626105,43.1480667],[26.4645237,43.1500233],[26.4653703,43.151396],[26.466655,43.1518352],[26.4670663,43.1519758],[26.4670037,43.1520588],[26.4669151,43.1521764],[26.466703,43.1524579],[26.4652675,43.1543626],[26.4654935,43.1545125],[26.4661369,43.1549393],[26.4675303,43.1558635],[26.4683249,43.1571528],[26.4686295,43.1576471],[26.4693158,43.1597093],[26.4694069,43.1599829],[26.4683643,43.1608674],[26.4673304,43.1617473],[26.4650695,43.1636682],[26.4649764,43.1641543],[26.4643872,43.1672309],[26.4630831,43.1673737],[26.461646,43.1675311],[26.4585794,43.1678668],[26.4585523,43.1678698],[26.4559588,43.1668222],[26.4559383,43.1668139],[26.4558229,43.1667673],[26.4553935,43.167441],[26.4553267,43.1675458],[26.4548673,43.1682665],[26.4551827,43.172613],[26.4551883,43.1726894],[26.455141,43.1727111],[26.4512898,43.1744807],[26.4508897,43.1748045],[26.4503701,43.175225],[26.4500288,43.1755012],[26.4499458,43.1756312],[26.4499378,43.1756438],[26.4489918,43.1771261],[26.4486925,43.1775224],[26.448358,43.1779654],[26.4483542,43.1779705],[26.4483289,43.178004],[26.447752,43.178768],[26.4476817,43.1789829],[26.4474888,43.1795724],[26.4473651,43.1799504],[26.4472994,43.1801512],[26.4472734,43.1802307],[26.4471536,43.1805967],[26.4469651,43.181173],[26.447074,43.1826738],[26.4471046,43.1830962],[26.4473557,43.183182],[26.4486106,43.1836111],[26.449697,43.1839825],[26.4497986,43.1840173],[26.4521306,43.1848146],[26.4522068,43.1848406],[26.4526908,43.1848216],[26.4538402,43.1847764],[26.4556517,43.1852623],[26.4593746,43.1857032],[26.4609614,43.1866163],[26.4617292,43.1870582],[26.4617885,43.1870923],[26.4636408,43.1877223],[26.4639706,43.1917009],[26.4639996,43.1920512],[26.4640556,43.1927265],[26.468484,43.191839],[26.485193,43.189327],[26.494671,43.187889],[26.504869,43.186503],[26.515758,43.185205]]],[[[26.4307239,43.1867483],[26.4302948,43.1863918],[26.4293065,43.1855662],[26.4290624,43.1853622],[26.4289968,43.1853079],[26.428997,43.1853076],[26.4291549,43.1849807],[26.429257,43.1847692],[26.4296244,43.1840084],[26.429981,43.1832699],[26.4302993,43.1826106],[26.4303713,43.1824617],[26.430563,43.1820645],[26.4305634,43.1820638],[26.4305845,43.1820201],[26.4294109,43.1820093],[26.4287032,43.1820028],[26.4273905,43.1819908],[26.4262682,43.1819804],[26.4254296,43.1819727],[26.4230729,43.1819509],[26.4209395,43.1817016],[26.4202651,43.1821529],[26.4185012,43.1833332],[26.4184521,43.1833661],[26.4178878,43.1837437],[26.4172726,43.1844294],[26.4166923,43.1850763],[26.4166172,43.1851599],[26.4161213,43.1857148],[26.4159202,43.1859398],[26.4144295,43.1860805],[26.4119623,43.1863133],[26.4117354,43.1863347],[26.4108972,43.1864138],[26.409613,43.1861934],[26.4096129,43.1861934],[26.4095918,43.1861898],[26.4063344,43.1856308],[26.4059197,43.1855596],[26.403349,43.1851185],[26.4028606,43.185242],[26.4007717,43.1857622],[26.4002042,43.1859035],[26.4002564,43.1870834],[26.4002806,43.1876276],[26.4002952,43.1879578],[26.4003424,43.1890244],[26.4000723,43.1905349],[26.399711,43.1925554],[26.3980528,43.1948069],[26.3991108,43.1953573],[26.399248,43.1953985],[26.3997662,43.1955543],[26.4000336,43.1956357],[26.4002041,43.1956876],[26.4006696,43.1958292],[26.40067,43.1958305],[26.4008569,43.1965433],[26.4009522,43.1969067],[26.400484,43.1974964],[26.3996335,43.1985674],[26.3985279,43.1999595],[26.3982888,43.2002605],[26.3978144,43.2016731],[26.3976951,43.2020281],[26.3976789,43.2020763],[26.3975234,43.2022871],[26.397452,43.2023813],[26.3970314,43.2029553],[26.3964524,43.2040193],[26.3958016,43.205218],[26.3945216,43.2065575],[26.3957811,43.2069998],[26.3964092,43.2072203],[26.3969403,43.2078309],[26.397296,43.2082406],[26.3975655,43.2085509],[26.3976731,43.2086749],[26.398959,43.2101558],[26.4012914,43.2112746],[26.4037325,43.2124454],[26.4042345,43.2132405],[26.4044615,43.2135973],[26.4052115,43.2139567],[26.4052304,43.2139423],[26.413705,43.207463],[26.418217,43.20493],[26.426214,43.201973],[26.437109,43.199097],[26.4458559,43.1968539],[26.4455597,43.196585],[26.4434593,43.1946766],[26.4434163,43.1945722],[26.442697,43.1928269],[26.4396834,43.1919633],[26.437838,43.1914344],[26.4359361,43.1901829],[26.4348676,43.189479],[26.4324812,43.187906],[26.4308683,43.1868434],[26.430845,43.1868281],[26.4307239,43.1867483]]]]}},{"type":"Feature","id":"BG2G000J3K1040","properties":{"OBJECTID":10,"localId":"BG2G000J3K1040","nameTxtInt":"KARST WATERS - MALM-VALANGINIAN","nameText":"KARST WATERS - MALM-VALANGINIAN","horizons":"1,2,3,4","Type":"5","Age":"J3K1","n":37.0,"cod":"BG2G000J3K1040","ime":"Карстови води в малм-валанж","risk_q":"Не е в риск","risk_ch":"Не е в риск","q_s":"добро","dostoverno":"Ниска","ch_s":"добро","dostover_1":"Ниска","sustoyanie":"добро","sustoyan_1":"добро","Shape_Leng":667633.372559,"Shape_Area":3133447187.38,"gwb_code":"BG2G000J3K1040","gwb_name":"Карстови води в малм-валанж","basin_district":"BG2"},"geometry":{"type":"MultiPolygon","coordinates":[[[[26.4483581,43.1779655],[26.448358,43.1779654],[26.4483542,43.1779705],[26.4483289,43.178004],[26.447752,43.178768],[26.4476817,43.1789829],[26.4474888,43.1795724],[26.4476819,43.1789829],[26.4477524,43.1787677],[26.448329,43.178004],[26.4483543,43.1779705],[26.4483581,43.1779655]]],[[[28.5788234,43.7385998],[28.5765036,43.73327],[28.5763364,43.7331971],[28.576238,43.7331542],[28.5762141,43.7331438],[28.5761621,43.7331212],[28.5759965,43.7330252],[28.5758308,43.7329293],[28.5756925,43.7328492],[28.5756738,43.7328383],[28.5755161,43.732747],[28.5748763,43.7323765],[28.5748106,43.7323385],[28.5747343,43.7320904],[28.5747253,43.7320613],[28.5746543,43.7318307],[28.5744853,43.7312816],[28.5744761,43.7312518],[28.574399,43.7310013],[28.5743604,43.730876],[28.5742669,43.7305722],[28.5740563,43.729773],[28.5740405,43.7297131],[28.5739483,43.7293629],[28.5739431,43.7293433],[28.5737297,43.7285336],[28.5737232,43.7285088],[28.5735819,43.7280497],[28.5734725,43.7276938],[28.5734651,43.7276699],[28.573175,43.7267269],[28.5729081,43.7258594],[28.5728956,43.7256826],[28.5728951,43.7256754],[28.5728905,43.7256104],[28.572868,43.7252935],[28.5728361,43.724844],[28.572563,43.7242165],[28.5727888,43.723564],[28.5728105,43.7231956],[28.5728085,43.7222323],[28.5728523,43.7218456],[28.5728595,43.7217817],[28.5728687,43.7217004],[28.5729824,43.7206947],[28.5731561,43.7198004],[28.5732436,43.7193496],[28.5732823,43.7191583],[28.5733355,43.7188952],[28.5735386,43.717891],[28.5735933,43.7176205],[28.5739213,43.7163227],[28.5740306,43.7158903],[28.5740431,43.7158425],[28.5743706,43.7145943],[28.5743742,43.7145803],[28.5744337,43.7143538],[28.574468,43.7142231],[28.574854,43.7131751],[28.575023,43.7127166],[28.5750815,43.7125579],[28.575325,43.7121728],[28.5757751,43.7114611],[28.5761355,43.7108912],[28.5764133,43.7105582],[28.5773668,43.7094156],[28.5779316,43.7086399],[28.577972,43.7085844],[28.5781135,43.7081755],[28.5771881,43.7031677],[28.5769111,43.7019217],[28.5766436,43.7010519],[28.5765567,43.7007696],[28.5762075,43.7005161],[28.5758948,43.7002891],[28.5733133,43.6988155],[28.5731443,43.6987849],[28.5715391,43.6984943],[28.5712108,43.6984349],[28.5710016,43.698397],[28.5705191,43.6982412],[28.5695829,43.6979389],[28.569066,43.697772],[28.568856,43.6977042],[28.5686213,43.6976284],[28.5682953,43.6973917],[28.5681197,43.6972642],[28.5680519,43.697215],[28.5672094,43.6966033],[28.5671152,43.6964894],[28.5668666,43.6961889],[28.5664985,43.6957438],[28.5664142,43.6956418],[28.5661842,43.6951892],[28.5658669,43.6945649],[28.564731,43.6939165],[28.5647107,43.6921948],[28.5642916,43.6905792],[28.5639304,43.6891461],[28.5638966,43.6890119],[28.563759,43.6884661],[28.5636697,43.6878562],[28.5636585,43.6877795],[28.5635244,43.6868634],[28.5634026,43.6860309],[28.563486,43.6832116],[28.563559,43.6827986],[28.5635812,43.6826732],[28.563747,43.6817359],[28.5638166,43.6803254],[28.5639176,43.6782766],[28.5640179,43.6773378],[28.5640881,43.6766805],[28.5640915,43.6766484],[28.5641462,43.6761366],[28.5641777,43.6758417],[28.56446,43.6751711],[28.5645571,43.6749405],[28.5672966,43.6607025],[28.5672826,43.6605723],[28.5672701,43.6604565],[28.5674335,43.6591712],[28.5677244,43.6584791],[28.5680988,43.6565329],[28.5681238,43.6559545],[28.5681293,43.6558261],[28.5683457,43.6545837],[28.5684564,43.6539484],[28.568743,43.6531851],[28.569128,43.651184],[28.5696722,43.650403],[28.5698077,43.6499375],[28.5698124,43.6499211],[28.5698487,43.6497965],[28.5699716,43.6496652],[28.5700856,43.6495434],[28.5708113,43.6487684],[28.5712357,43.6481593],[28.5717742,43.6470509],[28.5719407,43.6466868],[28.5720823,43.6463772],[28.5722293,43.6460556],[28.5724364,43.6456028],[28.5725117,43.645438],[28.5727323,43.6452002],[28.5728517,43.6450713],[28.5731338,43.644767],[28.5733682,43.6445141],[28.5733864,43.6444945],[28.5736996,43.6441566],[28.5743752,43.6430805],[28.5748059,43.6423946],[28.5749246,43.6422422],[28.5750869,43.6420338],[28.5753378,43.6417115],[28.575511,43.6414891],[28.57583,43.6410795],[28.5758942,43.6410327],[28.5765184,43.6405784],[28.579059,43.6369325],[28.5763757,43.6333859],[28.5763165,43.6333465],[28.5756546,43.6330268],[28.5754573,43.6329314],[28.5751698,43.6323322],[28.5750076,43.6315776],[28.5731165,43.629078],[28.5732353,43.6281299],[28.5732278,43.6278884],[28.5731996,43.6269886],[28.5732646,43.626263],[28.5733628,43.6251675],[28.5732977,43.6241913],[28.5732395,43.6233189],[28.573566,43.6210185],[28.5735922,43.6209009],[28.5738115,43.6199165],[28.5742622,43.6191405],[28.574378,43.6190104],[28.5744745,43.6182405],[28.5739041,43.6175088],[28.573813,43.6174364],[28.5734004,43.6171084],[28.5731851,43.6168294],[28.5722934,43.6156741],[28.5721659,43.6155335],[28.5717888,43.6151181],[28.5710223,43.6142734],[28.5706699,43.6135018],[28.5705141,43.6131605],[28.569683,43.6120945],[28.5679035,43.60175],[28.5686842,43.5993708],[28.568733,43.5989827],[28.5687628,43.5987456],[28.5694028,43.5970415],[28.5696095,43.596491],[28.5697654,43.5960759],[28.5699435,43.595533],[28.5700616,43.5951494],[28.5703524,43.5942045],[28.5703671,43.5941569],[28.5704022,43.5940429],[28.5705231,43.59365],[28.5706449,43.5932543],[28.5707638,43.5930333],[28.5710505,43.5921595],[28.5720711,43.5902348],[28.57214,43.5899457],[28.5724043,43.5888362],[28.5725498,43.5885967],[28.572571,43.5885616],[28.5728172,43.5881562],[28.5730552,43.5877641],[28.5736529,43.5867796],[28.5736856,43.5867258],[28.5744509,43.585463],[28.5748122,43.5847423],[28.5751311,43.5841032],[28.5754567,43.5834507],[28.5757193,43.5829244],[28.5763404,43.5819845],[28.5768759,43.581174],[28.578436,43.578232],[28.5808984,43.5757277],[28.5818697,43.5746016],[28.5825936,43.5737625],[28.5844283,43.5715909],[28.5849225,43.571006],[28.5864084,43.5692473],[28.5867151,43.5688842],[28.5868079,43.5687743],[28.5880206,43.5674149],[28.5881709,43.5672463],[28.5900812,43.5651047],[28.5912635,43.5640672],[28.5933133,43.5622685],[28.5939057,43.5617253],[28.5953341,43.5604158],[28.5972984,43.5586148],[28.5973223,43.5585929],[28.5975148,43.5584445],[28.5978678,43.5581726],[28.5982792,43.5578556],[28.5986906,43.5575385],[28.5990741,43.557243],[28.6031795,43.5530678],[28.6032685,43.5527415],[28.6033336,43.552503],[28.6033821,43.5517141],[28.6034644,43.5503774],[28.6034953,43.5498761],[28.603512,43.5498408],[28.6038217,43.5491883],[28.6039602,43.5488962],[28.6041899,43.5484122],[28.6043605,43.5477003],[28.6047193,43.5462033],[28.6049931,43.5455637],[28.605332,43.544772],[28.6053472,43.5447523],[28.6056569,43.5443518],[28.6063062,43.5435121],[28.6074014,43.5395953],[28.6071405,43.5393938],[28.6069507,43.5392473],[28.6066672,43.5390283],[28.606104,43.5385934],[28.6056124,43.5379066],[28.6056252,43.5375885],[28.6056334,43.5373825],[28.605652,43.5369204],[28.6056802,43.536861],[28.6058472,43.5365087],[28.6059786,43.5362317],[28.6059554,43.5361896],[28.6058391,43.5359777],[28.6057717,43.5358549],[28.6057332,43.5357849],[28.6054576,43.5356081],[28.6049504,43.5352829],[28.6047094,43.5351284],[28.6046827,43.5350625],[28.6046568,43.5349988],[28.6045793,43.5348076],[28.6045043,43.5346224],[28.6046301,43.5344764],[28.6048443,43.5342278],[28.6049189,43.5341412],[28.6049949,43.5340529],[28.6050105,43.5340054],[28.6051988,43.5334286],[28.6049934,43.5328014],[28.6039385,43.5313791],[28.6036418,43.530979],[28.6033958,43.5304422],[28.6029448,43.5294577],[28.6029213,43.5290673],[28.6029034,43.5287699],[28.603017,43.5285853],[28.6033115,43.5281066],[28.6036382,43.5275756],[28.6037086,43.5272671],[28.6037454,43.5271061],[28.6034284,43.5260603],[28.6028773,43.5253964],[28.6025316,43.5249799],[28.6021211,43.5239637],[28.6018744,43.522648],[28.6021201,43.5223204],[28.6023013,43.5223428],[28.6015055,43.519718],[28.5999642,43.5174464],[28.5995793,43.5170976],[28.5993761,43.5165796],[28.5981015,43.5147011],[28.5975721,43.5146181],[28.5975443,43.5144905],[28.5974489,43.5140525],[28.5974785,43.5140167],[28.5975655,43.513911],[28.5877725,43.4994775],[28.5870488,43.4965336],[28.5870069,43.4964959],[28.5869649,43.4961926],[28.5868794,43.4958447],[28.586766,43.4956997],[28.5864338,43.4952748],[28.586398,43.4952504],[28.5859606,43.4949517],[28.5858199,43.4948557],[28.5857377,43.4939609],[28.5856356,43.4929705],[28.5856144,43.4927653],[28.5856984,43.4926608],[28.5857409,43.492608],[28.5858451,43.4924783],[28.5859004,43.4924095],[28.5858824,43.4919541],[28.5858802,43.491899],[28.5858747,43.4917578],[28.5854955,43.4902155],[28.5852908,43.489971],[28.5852881,43.4899695],[28.5851807,43.4899055],[28.5849179,43.4897493],[28.5848607,43.4896413],[28.5847826,43.489494],[28.5846851,43.4893101],[28.5845951,43.4891402],[28.584401,43.4889085],[28.5842562,43.488817],[28.5840317,43.4886752],[28.5838943,43.4885884],[28.583147,43.4884273],[28.582963,43.4883876],[28.5829134,43.4883769],[28.5828493,43.4882833],[28.5826266,43.4879579],[28.5826574,43.4878404],[28.5827071,43.4876509],[28.5827902,43.4873339],[28.5824787,43.4866881],[28.582393,43.4865105],[28.5710315,43.4729425],[28.5701514,43.4715975],[28.5700276,43.4714783],[28.5699772,43.4713314],[28.5672968,43.4672352],[28.5671649,43.467119],[28.5671203,43.4670772],[28.5666531,43.466639],[28.5660199,43.4660452],[28.5658989,43.465986],[28.5657021,43.4658897],[28.5653833,43.4657337],[28.5651843,43.4656363],[28.5647937,43.4654452],[28.5647049,43.4653744],[28.5644024,43.4651332],[28.5643441,43.4650867],[28.5642956,43.4647479],[28.5642206,43.464224],[28.5637102,43.463567],[28.5635319,43.4633375],[28.5633623,43.4631192],[28.5631863,43.4627676],[28.562749,43.461894],[28.5620064,43.4610646],[28.5619181,43.4609659],[28.5616861,43.4607067],[28.5614981,43.4604968],[28.5613593,43.4603418],[28.5613367,43.4602939],[28.5611935,43.4599908],[28.561071,43.4597314],[28.5609916,43.4595634],[28.560892,43.4593902],[28.5608536,43.4593235],[28.5608385,43.4592973],[28.5606795,43.4590209],[28.5606413,43.4589547],[28.5604595,43.4586388],[28.5600916,43.4582866],[28.5593974,43.4576223],[28.5593263,43.4574668],[28.559244,43.4572869],[28.559043,43.4568475],[28.5590291,43.4568169],[28.5590252,43.4566972],[28.5590247,43.4566822],[28.5589883,43.4555614],[28.5589769,43.4555187],[28.5588722,43.4551272],[28.5587062,43.4545062],[28.558661,43.4543368],[28.5585252,43.4538306],[28.5574429,43.4521767],[28.5572706,43.4519949],[28.5572301,43.4519522],[28.5570984,43.4516502],[28.555622,43.449394],[28.5521358,43.4455518],[28.5517136,43.4451705],[28.5515424,43.4448978],[28.549978,43.4431735],[28.5497934,43.443049],[28.5497518,43.4430009],[28.5491705,43.4423269],[28.5490985,43.4422436],[28.549085,43.4421894],[28.5458165,43.438587],[28.5364586,43.4299544],[28.5364515,43.4299531],[28.5361674,43.4298997],[28.5360676,43.429881],[28.5350872,43.429462],[28.534795,43.4291089],[28.5346696,43.4289573],[28.5346217,43.4288995],[28.534606,43.4288804],[28.5345451,43.4288068],[28.5345161,43.4287718],[28.5344345,43.4287088],[28.5344064,43.4286871],[28.5343108,43.4286134],[28.5341811,43.4285133],[28.5341617,43.4284983],[28.5340983,43.4284494],[28.5339478,43.4283332],[28.5338624,43.4282673],[28.5335679,43.428115],[28.533188,43.4279186],[28.5330672,43.4278561],[28.5328981,43.4277686],[28.5327593,43.4276968],[28.5325618,43.4274434],[28.532532,43.4274052],[28.5321065,43.4268592],[28.5320687,43.4267611],[28.5317389,43.4259052],[28.5316523,43.4258419],[28.5314743,43.4257116],[28.5305542,43.4250386],[28.5299543,43.4244274],[28.5298098,43.4242802],[28.5294115,43.4238744],[28.5293532,43.4238459],[28.5288375,43.4235938],[28.5279411,43.4231557],[28.5274961,43.4229691],[28.5274693,43.4229578],[28.5269902,43.4227569],[28.5263079,43.4224707],[28.526242,43.422426],[28.5257375,43.4220838],[28.5257059,43.4220623],[28.5255572,43.4219615],[28.5251396,43.4216782],[28.5250575,43.4216225],[28.5249224,43.4215308],[28.5247737,43.42143],[28.5246741,43.4213624],[28.5242105,43.421052],[28.5241271,43.4209961],[28.5234749,43.4205594],[28.5232041,43.420378],[28.5223085,43.4199371],[28.5220225,43.4197963],[28.5213257,43.4194531],[28.5206467,43.4190356],[28.5200355,43.4186596],[28.519998,43.4186366],[28.5197381,43.4184767],[28.5196239,43.4184065],[28.5196033,43.4183938],[28.51904,43.4180473],[28.5181412,43.4173614],[28.5181019,43.4173576],[28.5175883,43.4173078],[28.5173681,43.4172864],[28.5172025,43.4172703],[28.5165868,43.4168332],[28.5165002,43.4167717],[28.5160919,43.4164817],[28.5160442,43.4164479],[28.5158954,43.4163422],[28.5157431,43.416175],[28.5156544,43.4160777],[28.5155498,43.4159629],[28.5154958,43.4159036],[28.5153783,43.4157747],[28.5153239,43.415715],[28.5153451,43.4155441],[28.5153517,43.4154904],[28.5153874,43.415193],[28.5153992,43.4150948],[28.5146894,43.4146699],[28.5146703,43.4146699],[28.5143036,43.4146705],[28.5141832,43.4147265],[28.5138548,43.4148791],[28.5137814,43.4150283],[28.5137302,43.4151324],[28.5136498,43.415296],[28.5135587,43.4153447],[28.5132011,43.415536],[28.5127913,43.4155095],[28.5124261,43.4154858],[28.5122206,43.4154725],[28.5115824,43.4152335],[28.5108733,43.414968],[28.5103829,43.4150555],[28.5103795,43.4150905],[28.5103392,43.4154741],[28.5094029,43.4153836],[28.5091013,43.41532],[28.508808,43.415258],[28.5086395,43.4152224],[28.508583,43.4152105],[28.508358,43.415241],[28.504755,43.4132503],[28.5047179,43.4132379],[28.5042673,43.4130869],[28.5038329,43.4129414],[28.5036377,43.4128757],[28.5034409,43.4128095],[28.5032,43.4126145],[28.503075,43.4125133],[28.5030873,43.4124529],[28.50311,43.4123415],[28.5016935,43.4115588],[28.5016462,43.4115554],[28.501159,43.4115069],[28.5008145,43.4114726],[28.5003343,43.4114247],[28.4998494,43.4113764],[28.4993581,43.411309],[28.4992136,43.4112892],[28.4991935,43.4112864],[28.4989509,43.4112531],[28.4988947,43.4112206],[28.4986443,43.4110755],[28.4980236,43.410716],[28.4978649,43.4105259],[28.4974438,43.4100213],[28.4972888,43.409756],[28.4971726,43.4095571],[28.4971069,43.4094446],[28.4970783,43.4093956],[28.4970458,43.4093399],[28.496843,43.4089927],[28.4967611,43.4088525],[28.4967448,43.4088247],[28.4956685,43.40823],[28.4873072,43.3981802],[28.4866493,43.3977227],[28.4861832,43.3972418],[28.485419,43.3964532],[28.4849557,43.3959752],[28.484939,43.3959579],[28.4847017,43.3957131],[28.484251,43.3952992],[28.4836478,43.3947453],[28.4834573,43.3944834],[28.4833916,43.3943931],[28.4827846,43.3935583],[28.4827516,43.393513],[28.482438,43.3930817],[28.482311,43.3929264],[28.4822865,43.3928964],[28.482207,43.3927992],[28.4820978,43.3926657],[28.4820457,43.392602],[28.4819553,43.3924915],[28.4814907,43.3919234],[28.4810996,43.3915444],[28.4790154,43.3895243],[28.4771192,43.3880541],[28.4766083,43.3874208],[28.4766075,43.3874198],[28.4700525,43.3829305],[28.4700205,43.3827559],[28.469879,43.382651],[28.4697945,43.3825883],[28.4697774,43.3823947],[28.4697436,43.3820125],[28.4698435,43.3817893],[28.4685219,43.3745735],[28.4684348,43.3744927],[28.468344,43.3744085],[28.4683308,43.374376],[28.4681431,43.3739134],[28.4679351,43.3734011],[28.467875,43.3732529],[28.4677388,43.3728179],[28.4676972,43.3726847],[28.4675513,43.3722172],[28.4672462,43.3712396],[28.4670029,43.3708835],[28.4667736,43.3705474],[28.4667745,43.3702529],[28.4667769,43.3695034],[28.4663371,43.368737],[28.4661997,43.3684978],[28.4663227,43.3677356],[28.4663614,43.3674961],[28.4664098,43.3669079],[28.4664514,43.3664036],[28.4664724,43.3661483],[28.4664708,43.3661109],[28.4664463,43.3655275],[28.4664322,43.3651944],[28.4664237,43.3649921],[28.4664651,43.3647061],[28.4665753,43.3639454],[28.4665018,43.3635438],[28.4662926,43.3627226],[28.4662473,43.3625448],[28.4662211,43.362442],[28.4661981,43.3623483],[28.466175,43.3622544],[28.4659845,43.3614793],[28.465942,43.3613063],[28.465909,43.3611719],[28.4658303,43.3611239],[28.464723,43.3645156],[28.464839,43.3649449],[28.4646776,43.3658338],[28.4644058,43.3663697],[28.4639041,43.3673589],[28.4638436,43.3674782],[28.4633482,43.3684532],[28.4632366,43.3686148],[28.4630171,43.3689328],[28.4625397,43.3696243],[28.4624984,43.369684],[28.4621441,43.3704516],[28.4620886,43.3705718],[28.4620659,43.370621],[28.4620196,43.3707212],[28.4619614,43.3707897],[28.4616884,43.3711113],[28.4612789,43.3715937],[28.4611657,43.371727],[28.4604816,43.3725327],[28.4594934,43.3741071],[28.4594699,43.3741446],[28.4594276,43.3742119],[28.459419,43.3742256],[28.4591565,43.3745322],[28.45872,43.3750418],[28.4586722,43.3750976],[28.4581988,43.3756504],[28.4567896,43.3769191],[28.4566619,43.3770341],[28.4562416,43.377346],[28.4556775,43.3777645],[28.4546492,43.3785274],[28.4539121,43.378876],[28.4520561,43.3797535],[28.4518029,43.3798952],[28.4517745,43.379911],[28.4513913,43.3801254],[28.4504165,43.3806708],[28.4503538,43.3807059],[28.450334,43.380726],[28.4503098,43.3807305],[28.4502582,43.3807594],[28.4502036,43.38079],[28.4496079,43.381032],[28.448511,43.3814778],[28.4464493,43.3817019],[28.4452608,43.3818688],[28.4444602,43.3819813],[28.4440184,43.3820433],[28.4431505,43.3822565],[28.4430763,43.3822748],[28.4428682,43.3823259],[28.4425213,43.3824111],[28.4420094,43.3825369],[28.4418096,43.3825655],[28.4411452,43.3826607],[28.4404238,43.382764],[28.439638,43.3830275],[28.4373556,43.3837931],[28.4360428,43.3840611],[28.4357283,43.3841253],[28.4353327,43.3842061],[28.4343576,43.3844051],[28.4341833,43.3844407],[28.4326356,43.3846333],[28.4314875,43.3847761],[28.4307799,43.3848099],[28.4304294,43.3848267],[28.4299553,43.3848493],[28.4293664,43.3846607],[28.420176,43.3863853],[28.418833,43.3867499],[28.4177782,43.3870362],[28.4163499,43.3874238],[28.4153631,43.3876916],[28.4145647,43.3879925],[28.3911739,43.4022368],[28.3900571,43.4031928],[28.3899829,43.4032563],[28.3899263,43.4032906],[28.3897907,43.4033729],[28.3892214,43.4037184],[28.3889384,43.4038901],[28.38834,43.4042532],[28.3878006,43.404447],[28.3872442,43.4046469],[28.3868349,43.404794],[28.3864337,43.4049382],[28.3861478,43.4050055],[28.38528,43.4052097],[28.3832068,43.4056976],[28.3824805,43.4058552],[28.3820547,43.4059476],[28.3805872,43.4062661],[28.3797404,43.4064499],[28.3791866,43.4065701],[28.3789282,43.4066476],[28.3782484,43.4068517],[28.3771994,43.4071666],[28.3770229,43.4072196],[28.3756399,43.4076348],[28.3748303,43.4077415],[28.3742123,43.407823],[28.3739708,43.4078439],[28.3734762,43.4078867],[28.3730317,43.4079252],[28.3729693,43.4079306],[28.3725205,43.4079694],[28.3700332,43.4085755],[28.3691124,43.4087695],[28.3690131,43.4087904],[28.368764,43.4088428],[28.3685937,43.4088186],[28.3685015,43.4088055],[28.3676937,43.4086905],[28.3657656,43.409073],[28.3652209,43.4092904],[28.3646828,43.4094762],[28.3637349,43.4098035],[28.3637132,43.4098109],[28.3634153,43.4099138],[28.3625737,43.4102044],[28.3624736,43.41023],[28.360808,43.410656],[28.360192,43.4108135],[28.3594749,43.4112448],[28.3593481,43.4113212],[28.3592376,43.4113876],[28.359148,43.4114887],[28.3590981,43.411545],[28.3584352,43.4122927],[28.358334,43.4124068],[28.3581073,43.4126066],[28.3580445,43.4126618],[28.35774,43.4129301],[28.3575361,43.4131097],[28.3568986,43.413671],[28.3565044,43.4137817],[28.3559281,43.4139436],[28.3548802,43.4139804],[28.3545728,43.4139912],[28.3542375,43.4139238],[28.3540649,43.4138892],[28.3533107,43.4137403],[28.3529886,43.4136768],[28.3516139,43.4137876],[28.3511705,43.4135176],[28.3510645,43.4134531],[28.3504923,43.4131047],[28.3504025,43.4130501],[28.350159,43.4129301],[28.3497911,43.4127489],[28.3492957,43.4125048],[28.3491903,43.4124847],[28.3489856,43.4124457],[28.3484507,43.4123437],[28.3476741,43.4124264],[28.3470229,43.4124956],[28.3460208,43.4124898],[28.3459805,43.4124895],[28.3454903,43.4124867],[28.3446597,43.4127118],[28.3440243,43.4128841],[28.3422612,43.413362],[28.3416012,43.4135866],[28.3398778,43.4141729],[28.3388267,43.4145305],[28.3383061,43.4147076],[28.3371669,43.4150951],[28.3365317,43.4153112],[28.3364363,43.4153437],[28.3350393,43.4157143],[28.3343755,43.4158903],[28.333648,43.4160833],[28.333578,43.4161019],[28.3334737,43.4161081],[28.3326792,43.4161556],[28.332655,43.416157],[28.3323613,43.4161746],[28.3319378,43.4162125],[28.3318033,43.4162245],[28.3313552,43.4162646],[28.3311455,43.4162833],[28.3302162,43.4165546],[28.3294068,43.416791],[28.3291863,43.4168554],[28.3282112,43.4170009],[28.327824,43.4170587],[28.3277976,43.4170626],[28.3267,43.4172264],[28.3262482,43.4172331],[28.3256641,43.4172418],[28.3250827,43.4172504],[28.3250198,43.4172514],[28.3249563,43.4172523],[28.3242124,43.4172634],[28.3237702,43.4172699],[28.3225772,43.4172877],[28.3210455,43.4173483],[28.3202026,43.4173817],[28.319116,43.4174247],[28.3182421,43.4174593],[28.317637,43.4173174],[28.317553,43.4172977],[28.3092886,43.4181344],[28.3089366,43.418177],[28.308511,43.4182284],[28.3077203,43.4180785],[28.3074778,43.4180325],[28.3070327,43.4179481],[28.304659,43.4172054],[28.3037385,43.417152],[28.303232,43.4171226],[28.3008534,43.4172667],[28.298899,43.4170639],[28.2987619,43.4170176],[28.2985715,43.4169533],[28.2965777,43.4162798],[28.2957245,43.4159466],[28.2955275,43.4158696],[28.2947856,43.4155798],[28.2943279,43.4155477],[28.2912454,43.4153317],[28.2901665,43.4150871],[28.2899466,43.4150372],[28.2896349,43.4149666],[28.2895936,43.4149572],[28.2889756,43.414817],[28.2884279,43.4145439],[28.2880789,43.4143698],[28.2874517,43.414057],[28.2873425,43.4140025],[28.2866998,43.4134702],[28.2863928,43.4132159],[28.2863615,43.4131899],[28.2860845,43.4129605],[28.2860287,43.4129143],[28.285674,43.4127132],[28.2853171,43.4125108],[28.2852437,43.4124692],[28.2852036,43.4124464],[28.27993,43.4132615],[28.2797939,43.4132352],[28.2787844,43.4133827],[28.2782382,43.4133512],[28.277692,43.4133196],[28.2767325,43.4132641],[28.2766293,43.4132582],[28.2765653,43.4132545],[28.2764475,43.4132482],[28.2763748,43.4132443],[28.2743436,43.4131362],[28.2742658,43.413132],[28.2741881,43.4131279],[28.271761,43.4125381],[28.2706027,43.4119571],[28.2702858,43.4117982],[28.2700253,43.4116143],[28.2697252,43.4114023],[28.2695062,43.4112477],[28.2579378,43.4090127],[28.2579378,43.4090127],[28.2577465,43.4089807],[28.2576791,43.4089695],[28.2573568,43.4089156],[28.2571756,43.4088655],[28.2555635,43.408554],[28.2552805,43.4083409],[28.2550055,43.4082648],[28.2544207,43.408103],[28.2536645,43.4078936],[28.2532226,43.4077084],[28.2520839,43.4072311],[28.2520553,43.4071928],[28.2518676,43.4069408],[28.2516852,43.4066959],[28.2515923,43.4065712],[28.2515084,43.4064586],[28.2510929,43.4054049],[28.2510689,43.4053439],[28.2510126,43.4052012],[28.2509887,43.4051406],[28.2502511,43.4046654],[28.2494447,43.4041457],[28.2493054,43.404056],[28.248563,43.4036721],[28.2484466,43.4036119],[28.2480946,43.4034299],[28.24802,43.4034239],[28.2477005,43.4033983],[28.2473555,43.4033706],[28.2472957,43.4033658],[28.2417985,43.4056245],[28.2412419,43.4055117],[28.241174,43.4055353],[28.2407854,43.4056705],[28.2390962,43.4053917],[28.2379361,43.4051865],[28.2375128,43.4051117],[28.2370912,43.405088],[28.2360337,43.4050286],[28.2359363,43.4050099],[28.234186,43.4046728],[28.2337061,43.4045804],[28.233554,43.4045511],[28.2315492,43.4040775],[28.2312277,43.403897],[28.2309335,43.4037319],[28.2307089,43.4036057],[28.2300229,43.4032205],[28.2297372,43.4029829],[28.2296231,43.402888],[28.2290724,43.4024298],[28.2289362,43.4023165],[28.22827,43.4019655],[28.2275852,43.4016787],[28.2271796,43.4015087],[28.2271407,43.4014925],[28.2264695,43.4012124],[28.225703,43.4008925],[28.2254953,43.4008056],[28.2241813,43.4000282],[28.2239345,43.4000518],[28.223441,43.4000995],[28.2234384,43.4004025],[28.2234342,43.4009096],[28.2233837,43.4012275],[28.2233322,43.4015519],[28.2233239,43.4016041],[28.2231373,43.4016563],[28.2223706,43.4018709],[28.2212096,43.4016717],[28.2204334,43.401678],[28.2196291,43.4016846],[28.2194085,43.4016864],[28.2188993,43.4012857],[28.2175515,43.400225],[28.2162054,43.400227],[28.216072,43.4002272],[28.2144312,43.3997674],[28.2122109,43.3995794],[28.2109645,43.3995016],[28.2092512,43.3993946],[28.2060252,43.3988209],[28.2053986,43.398833],[28.2039646,43.3988606],[28.2022752,43.3986919],[28.2005805,43.3985225],[28.2002194,43.3984833],[28.1967218,43.3981038],[28.1952487,43.3980134],[28.1930213,43.3978768],[28.1921761,43.3978629],[28.1910132,43.3978437],[28.1888491,43.3981949],[28.1868418,43.3983044],[28.1859957,43.3983506],[28.1841466,43.3982752],[28.1837327,43.3983425],[28.1834073,43.3983954],[28.1821952,43.3983765],[28.1820196,43.3983738],[28.1809762,43.3983575],[28.1798077,43.398723],[28.1792348,43.3989022],[28.1787275,43.399023],[28.1775148,43.3993116],[28.1770588,43.3994196],[28.1764754,43.3995577],[28.1739774,43.4007384],[28.1733919,43.4014199],[28.1733288,43.4014932],[28.1720149,43.4030374],[28.1715532,43.4032557],[28.1713664,43.403344],[28.1703795,43.4038106],[28.1700502,43.40389],[28.170036,43.4038934],[28.1698929,43.403928],[28.1691517,43.4041067],[28.1686304,43.4037566],[28.1685671,43.403714],[28.1682203,43.4034811],[28.1682014,43.4034684],[28.1676097,43.4037481],[28.1677037,43.4038733],[28.1678004,43.404002],[28.1678433,43.4040591],[28.1679273,43.404171],[28.1674761,43.4045065],[28.1649443,43.4055138],[28.162717,43.4054059],[28.1613459,43.4056386],[28.1605157,43.4057795],[28.1589218,43.4060613],[28.1581668,43.4060194],[28.1581447,43.4058321],[28.1581183,43.4056084],[28.1580914,43.4053809],[28.1578629,43.4053649],[28.1577544,43.4053572],[28.1577157,43.4056798],[28.1576902,43.4058922],[28.1576824,43.4059568],[28.1563476,43.4059061],[28.1561482,43.4058985],[28.1558109,43.4058857],[28.1557712,43.4056651],[28.155746,43.4055253],[28.1557255,43.4054114],[28.155718,43.4053696],[28.1556941,43.4052371],[28.1556572,43.4050318],[28.1555476,43.4050389],[28.1554081,43.4050479],[28.1552455,43.4050586],[28.1552274,43.4052656],[28.155223,43.4053164],[28.1551762,43.4058521],[28.1551739,43.4058784],[28.1538211,43.4057251],[28.153895,43.4053357],[28.1539191,43.405209],[28.1539778,43.4048998],[28.1539847,43.4048635],[28.1535854,43.4048471],[28.1534464,43.4051913],[28.1533013,43.4055508],[28.1527073,43.4055633],[28.1524726,43.4055682],[28.1522874,43.4055172],[28.1507532,43.4050948],[28.1508522,43.4049436],[28.1509779,43.4047515],[28.1509851,43.4047405],[28.150778,43.404732],[28.1505844,43.4046303],[28.1505788,43.4046374],[28.1504157,43.404846],[28.1498274,43.4048384],[28.1468712,43.4038597],[28.1464592,43.4037252],[28.1462281,43.4036495],[28.1448941,43.402941],[28.1440576,43.4024967],[28.1436663,43.4021669],[28.1429736,43.4015832],[28.1427322,43.4013799],[28.1415663,43.4005721],[28.1400317,43.4001102],[28.1381693,43.3997719],[28.1379169,43.3997261],[28.1373424,43.3994521],[28.1363818,43.398994],[28.1362384,43.3989377],[28.1356968,43.3987253],[28.1343598,43.3982007],[28.1342425,43.3981547],[28.133841,43.3979972],[28.1321448,43.3966092],[28.1316587,43.3961985],[28.1312238,43.3958311],[28.1305016,43.3952209],[28.1303515,43.3950417],[28.1299269,43.3945344],[28.12944,43.3939528],[28.1291488,43.3936849],[28.128903,43.3934588],[28.1284327,43.3930263],[28.128244,43.3929367],[28.1272158,43.3924485],[28.1252495,43.391519],[28.1249394,43.3913724],[28.1241648,43.3908086],[28.124141,43.3907912],[28.1238566,43.3905842],[28.121918,43.3895654],[28.1213394,43.3894087],[28.1212589,43.3893937],[28.1207863,43.3893056],[28.1204117,43.3892357],[28.120269,43.3892091],[28.1201238,43.389182],[28.119124,43.3884534],[28.1185876,43.3880625],[28.1178228,43.3874257],[28.1177825,43.3873921],[28.1068258,43.3816341],[28.1065362,43.3816342],[28.1064667,43.3816343],[28.1064438,43.3816239],[28.1060228,43.3814331],[28.105793,43.381329],[28.1056203,43.3812508],[28.1053773,43.3810672],[28.1052436,43.3809662],[28.1051585,43.3809019],[28.104766,43.3806054],[28.1047163,43.3805679],[28.1046261,43.3804998],[28.0994209,43.3786769],[28.0990839,43.3786895],[28.097644,43.3787432],[28.0974775,43.3787494],[28.0969112,43.3786464],[28.0966085,43.3785913],[28.0964201,43.378557],[28.0960094,43.3783303],[28.0958921,43.3782656],[28.0956871,43.3781525],[28.0952946,43.3779359],[28.0950969,43.3778268],[28.0938844,43.377043],[28.0928549,43.3763775],[28.0923765,43.37621],[28.0919638,43.3757079],[28.0909679,43.37494],[28.0902529,43.374357],[28.0900673,43.3742056],[28.0897241,43.3739009],[28.0888422,43.3731179],[28.0884936,43.3728084],[28.0881608,43.3725129],[28.0876551,43.3719082],[28.08764,43.3718902],[28.0875953,43.3718367],[28.0874749,43.3716927],[28.087315,43.3715015],[28.0872469,43.37142],[28.0872187,43.3713863],[28.0870453,43.371179],[28.0869777,43.3710982],[28.0859346,43.3698507],[28.0849457,43.368293],[28.0848888,43.3682034],[28.0840766,43.3669239],[28.0826133,43.3643315],[28.0819311,43.3635015],[28.081747,43.3632775],[28.081226,43.3622511],[28.0805769,43.3613354],[28.0804677,43.3611812],[28.0794933,43.3593427],[28.0791408,43.3586775],[28.0779611,43.3566245],[28.0778559,43.3564415],[28.0771235,43.3551668],[28.0763939,43.3538849],[28.0751074,43.3516245],[28.0734838,43.3480247],[28.0732471,43.3474999],[28.0728858,43.3466701],[28.0724503,43.3456699],[28.0720425,43.3447334],[28.0716925,43.3439322],[28.0715998,43.34372],[28.0712856,43.3430615],[28.0712277,43.34294],[28.0711507,43.3427787],[28.0708047,43.3420534],[28.0703794,43.3411618],[28.0697416,43.339825],[28.0696955,43.3397114],[28.0693994,43.3389825],[28.0693372,43.3388296],[28.0693362,43.3388269],[28.067583,43.335373],[28.0676281,43.3352173],[28.0677938,43.3337268],[28.0678075,43.3336035],[28.0678621,43.3331117],[28.0678264,43.3329543],[28.0677561,43.3326445],[28.0674937,43.3314895],[28.0674941,43.3309406],[28.0674942,43.3308668],[28.0674942,43.3308389],[28.0674942,43.3308125],[28.0674943,43.3305984],[28.0676466,43.3302278],[28.0678115,43.3298255],[28.0681951,43.3294978],[28.0685287,43.3292137],[28.0687143,43.3290556],[28.0687617,43.3290153],[28.0688577,43.3287713],[28.0688775,43.3287209],[28.0689266,43.3285962],[28.0689528,43.3285296],[28.0689645,43.3284999],[28.0689735,43.3284772],[28.0689584,43.3283997],[28.0688295,43.327736],[28.0688065,43.3276177],[28.0687756,43.3274584],[28.06871,43.3271203],[28.0685705,43.3268318],[28.0684628,43.3266091],[28.0683712,43.3264196],[28.0683156,43.3263046],[28.0681978,43.3260625],[28.0679644,43.3257826],[28.067947,43.3257678],[28.0677645,43.3256108],[28.0676168,43.3254837],[28.0671808,43.3251086],[28.0669387,43.3246651],[28.0668367,43.3244793],[28.0667574,43.3243347],[28.0601805,43.316445],[28.054858,43.3100105],[28.050083,43.3042385],[28.0483495,43.302143],[28.0473798,43.2917507],[28.0470811,43.2898785],[28.0469996,43.2893671],[28.0469246,43.2889541],[28.0468504,43.2885455],[28.0467988,43.2882614],[28.0466111,43.2872329],[28.0465428,43.286859],[28.0464221,43.2861983],[28.0462262,43.2858425],[28.0456819,43.2848544],[28.0456605,43.2848154],[28.0456326,43.2847648],[28.0452646,43.2832959],[28.0451105,43.2823215],[28.0449951,43.281592],[28.0449769,43.2814753],[28.0449735,43.2814533],[28.0449579,43.2813537],[28.0448983,43.2809761],[28.04452,43.2798265],[28.0441093,43.2785789],[28.0437327,43.2772848],[28.0436737,43.2770821],[28.0436363,43.2769536],[28.0436255,43.2769036],[28.0435893,43.2767365],[28.0435346,43.2764839],[28.0434766,43.2762166],[28.0433754,43.2757492],[28.0433062,43.2754297],[28.0432684,43.2752551],[28.0432212,43.2751911],[28.0428687,43.2747139],[28.0428285,43.2746597],[28.0426369,43.2744009],[28.0411089,43.2727354],[28.0406879,43.2718073],[28.0398388,43.269798],[28.0397409,43.2695648],[28.0392867,43.2685784],[28.038531,43.2669374],[28.0384666,43.2668057],[28.0344379,43.2597741],[28.0335837,43.2591978],[28.0334413,43.2590235],[28.0329542,43.2584247],[28.0327942,43.2582279],[28.0322546,43.2573094],[28.0317944,43.2565261],[28.0309896,43.2543311],[28.0309009,43.2540894],[28.0303107,43.2527019],[28.030094,43.2521925],[28.0259585,43.2449746],[28.0258202,43.244941],[28.024849,43.2447432],[28.0248486,43.2447475],[28.0248429,43.2448194],[28.0245659,43.2448283],[28.0242244,43.2448391],[28.02332,43.2448677],[28.0230578,43.244876],[28.0229569,43.2448724],[28.0226142,43.244862],[28.0225191,43.2448403],[28.0224842,43.2448325],[28.0223555,43.2448035],[28.0222309,43.2447754],[28.0222309,43.2447465],[28.022231,43.2447045],[28.0222311,43.2446473],[28.0222312,43.2446091],[28.0225778,43.2444346],[28.0227989,43.2443257],[28.0221489,43.2441933],[28.0220406,43.2442593],[28.0219609,43.244308],[28.021831,43.2443873],[28.0217517,43.244388],[28.0216916,43.2443861],[28.0216385,43.2443845],[28.021584,43.2443432],[28.0214974,43.2442777],[28.0213726,43.2441797],[28.0211016,43.2440688],[28.0208331,43.2439594],[28.020662,43.2438905],[28.0183885,43.2434275],[28.0167156,43.2374425],[28.0165296,43.2370145],[28.0162718,43.2364137],[28.0161661,43.236167],[28.0159946,43.2351104],[28.0159324,43.2347221],[28.0159121,43.2345976],[28.0159006,43.2345266],[28.013714,43.2267035],[28.0117732,43.2250543],[28.0117508,43.2250449],[28.0116296,43.2249932],[28.0114984,43.2249374],[28.0114401,43.2249125],[28.0110442,43.2246947],[28.0109835,43.2246613],[28.010747,43.2245311],[28.0105865,43.2244428],[28.0098084,43.2240175],[28.009168,43.2232557],[28.0091246,43.2232041],[28.0090803,43.2229332],[28.0090486,43.2227391],[28.007025,43.2210195],[28.0046079,43.2203208],[28.0044637,43.2203873],[28.0041939,43.2205117],[28.0041478,43.220533],[28.0038278,43.2206797],[28.0036872,43.2207441],[28.0035443,43.2207671],[28.0035092,43.2207727],[28.0034288,43.2207858],[28.0032175,43.2208203],[28.0031287,43.2208031],[28.0030867,43.2207946],[28.0029133,43.2207599],[28.0022861,43.2204728],[28.0016435,43.2201002],[27.9995231,43.2189524],[27.992218,43.2181625],[27.9850235,43.219834],[27.9773425,43.2191753],[27.9772969,43.219178],[27.9764288,43.2192286],[27.9746382,43.2189918],[27.9744994,43.2189396],[27.9738648,43.2187012],[27.9734455,43.2185416],[27.9730898,43.2184062],[27.9725867,43.2182168],[27.9725219,43.2181919],[27.9709558,43.2176679],[27.9700109,43.2175724],[27.9696685,43.2175387],[27.9694011,43.2175124],[27.9691253,43.2174853],[27.9690066,43.2174728],[27.9685983,43.2174461],[27.9682756,43.217425],[27.9681225,43.2174146],[27.9680863,43.2174122],[27.9679535,43.2174032],[27.9677425,43.217389],[27.9674482,43.2172511],[27.9669402,43.2170131],[27.9664277,43.2167698],[27.9657963,43.2163749],[27.9646423,43.2156534],[27.9644771,43.2155501],[27.9644172,43.2155126],[27.9642714,43.215421],[27.9640081,43.2152556],[27.9638076,43.2151297],[27.9560165,43.2125015],[27.943754,43.2114525],[27.9433171,43.2112644],[27.9430585,43.2112558],[27.9427177,43.2112073],[27.9424427,43.2111682],[27.9421441,43.2111256],[27.9419905,43.2111037],[27.9419528,43.2110984],[27.9419085,43.2110644],[27.9417891,43.2109729],[27.9409558,43.2103338],[27.940701,43.2101384],[27.939438,43.2095947],[27.939438,43.2095947],[27.9394043,43.2095814],[27.9392207,43.209509],[27.9389481,43.2093938],[27.9385516,43.2092263],[27.9384246,43.2091734],[27.9382532,43.2090996],[27.9381164,43.2090408],[27.9380884,43.2090137],[27.930379,43.2056952],[27.9301999,43.2056882],[27.9300445,43.2056894],[27.9292283,43.2056961],[27.9290315,43.2056075],[27.9289238,43.205559],[27.928593,43.2054128],[27.9282512,43.2052619],[27.9280195,43.2051598],[27.9279193,43.2051156],[27.9276513,43.2049975],[27.9274802,43.2048554],[27.9273186,43.2047211],[27.9269774,43.2044402],[27.9265813,43.2041109],[27.9263392,43.2039096],[27.9246511,43.2022487],[27.9244509,43.2020518],[27.923218,43.200566],[27.9229442,43.2002361],[27.9226749,43.1999127],[27.9225157,43.1997215],[27.9199905,43.197178],[27.9196788,43.1955382],[27.9195816,43.1955735],[27.9190854,43.1957532],[27.9188494,43.1958387],[27.9183559,43.196019],[27.9183008,43.1960391],[27.9182163,43.19607],[27.9178411,43.196207],[27.9173776,43.1962084],[27.917191,43.196209],[27.9169311,43.1962098],[27.9163297,43.196213],[27.9160522,43.1962145],[27.9152759,43.1962187],[27.91452,43.1962227],[27.9135221,43.1962281],[27.913357,43.1959107],[27.9132609,43.195726],[27.9136539,43.1952352],[27.9145853,43.1940719],[27.9145858,43.1939008],[27.914587,43.193705],[27.9145872,43.1936764],[27.9145876,43.1936082],[27.914303,43.1933753],[27.9142878,43.193363],[27.9141194,43.1932964],[27.9140534,43.1932703],[27.9139528,43.1932306],[27.913788,43.1931643],[27.9137098,43.1931667],[27.9135803,43.1931705],[27.9135043,43.1931756],[27.9134216,43.1932033],[27.9133465,43.1932302],[27.9133061,43.1932447],[27.9130958,43.1934461],[27.9130747,43.1934662],[27.9128222,43.1937078],[27.9124818,43.1940659],[27.9123505,43.1942038],[27.9122527,43.1943067],[27.911543,43.1951543],[27.9115327,43.1951658],[27.9110981,43.1957521],[27.9110625,43.1958009],[27.9109594,43.1959423],[27.9108185,43.1960263],[27.91063,43.1961386],[27.9106015,43.1961555],[27.9105748,43.1961714],[27.9105018,43.1962148],[27.9103151,43.1963257],[27.9102294,43.1963392],[27.9101232,43.1963542],[27.9100606,43.1963624],[27.9100134,43.1963686],[27.9097476,43.1963392],[27.9096539,43.1962215],[27.9095979,43.1961513],[27.9094876,43.1958123],[27.909402,43.1955495],[27.9093656,43.1953796],[27.9093499,43.1953068],[27.9093102,43.1951182],[27.9092659,43.1949802],[27.9092078,43.1947992],[27.9091313,43.194775],[27.9091148,43.1947698],[27.9090826,43.1947596],[27.9089342,43.1947113],[27.9084244,43.1947243],[27.9083848,43.1947263],[27.9075099,43.1947705],[27.9072763,43.1947822],[27.9071804,43.1947871],[27.907047,43.1947938],[27.9070077,43.1947905],[27.9069717,43.1947875],[27.9068028,43.1947732],[27.9064259,43.1947444],[27.9063223,43.1947365],[27.9062635,43.1947179],[27.9061275,43.194675],[27.9058408,43.1945797],[27.9057967,43.1945651],[27.9056264,43.1943488],[27.9055395,43.1942385],[27.9055382,43.1942024],[27.9055369,43.1941619],[27.905532,43.1939864],[27.90553,43.1939054],[27.9055784,43.1938112],[27.9056137,43.1937426],[27.9056619,43.1936468],[27.9057229,43.1935256],[27.905762,43.1934686],[27.9059405,43.1932087],[27.906104,43.1930831],[27.906337,43.1929103],[27.9067223,43.1928153],[27.9068645,43.1927826],[27.9069454,43.192764],[27.9069984,43.1927591],[27.9071998,43.192733],[27.9074429,43.1927016],[27.9075838,43.1926847],[27.907894,43.1926476],[27.908491,43.1925762],[27.9085464,43.1926424],[27.9086313,43.1927439],[27.9087455,43.1928803],[27.9087957,43.19294],[27.9088433,43.1929966],[27.9089699,43.1930613],[27.9090104,43.193082],[27.9093344,43.193248],[27.909389,43.1932759],[27.9094863,43.1932713],[27.9096173,43.1932651],[27.9098802,43.1932491],[27.9101268,43.193234],[27.9104381,43.1931448],[27.9105517,43.1931122],[27.9107082,43.1930673],[27.9110205,43.1929753],[27.9111478,43.1929378],[27.9112198,43.1928913],[27.9115653,43.1926688],[27.9116092,43.1926399],[27.9116263,43.1926287],[27.9116415,43.1926187],[27.9116525,43.1925871],[27.9116692,43.1924422],[27.9116301,43.1924252],[27.9112438,43.1922571],[27.9111078,43.1921959],[27.9110635,43.1921759],[27.9110554,43.1921382],[27.9110539,43.1921101],[27.911047,43.1919758],[27.9110414,43.1918693],[27.9110399,43.1918401],[27.9110812,43.1918089],[27.9113533,43.1916034],[27.9114581,43.191526],[27.9115747,43.1915195],[27.9128609,43.1914479],[27.9129662,43.191442],[27.9133666,43.1914208],[27.9135983,43.1914132],[27.9138309,43.1914056],[27.9139492,43.1914017],[27.9146359,43.1913791],[27.9149193,43.1913694],[27.9166924,43.1913086],[27.917146,43.1912215],[27.9171839,43.1912143],[27.9171765,43.1911787],[27.9171476,43.1910486],[27.9171106,43.1908821],[27.9167709,43.1908867],[27.9162969,43.1908931],[27.9160269,43.190908],[27.9145001,43.1909926],[27.9134755,43.1910493],[27.913066,43.191072],[27.9127824,43.1910878],[27.9127338,43.1910877],[27.9122568,43.1910866],[27.911894,43.1910859],[27.911833,43.1910728],[27.9116598,43.1910347],[27.9115367,43.1910077],[27.9112898,43.1909556],[27.911179,43.1908818],[27.9109942,43.1907587],[27.9109499,43.1907273],[27.9109145,43.190702],[27.9107847,43.1906714],[27.9103704,43.1905739],[27.9101304,43.1905175],[27.909915,43.1904668],[27.9095866,43.1905284],[27.9094908,43.1905467],[27.9076045,43.1908916],[27.9073284,43.1909421],[27.90651,43.1910889],[27.9063833,43.1911116],[27.9040397,43.1919266],[27.9036406,43.1920653],[27.9022566,43.1926922],[27.9019512,43.1928305],[27.9018207,43.1932638],[27.9017431,43.193523],[27.9017318,43.193561],[27.9017185,43.1936054],[27.9016843,43.1937196],[27.9016425,43.1939557],[27.9016261,43.1940487],[27.9015671,43.1943824],[27.9015347,43.1945664],[27.901467,43.1949505],[27.9013196,43.1950681],[27.9012785,43.1951005],[27.9009712,43.1953428],[27.9008747,43.1954189],[27.9008334,43.1954504],[27.9004989,43.1951364],[27.9004662,43.1951024],[27.9003584,43.1947251],[27.9003543,43.1937661],[27.9003436,43.1937256],[27.90032,43.1936358],[27.9003037,43.1935685],[27.9001078,43.1935119],[27.9000302,43.1934895],[27.8998048,43.1935408],[27.8997088,43.1936163],[27.8995419,43.1937482],[27.8995365,43.1937662],[27.8995301,43.1937868],[27.899493,43.1939395],[27.8994761,43.1940139],[27.8993779,43.1944264],[27.8994219,43.1950618],[27.8994706,43.1957631],[27.8994767,43.1958531],[27.8995138,43.1963933],[27.8995292,43.1966183],[27.8995091,43.1967128],[27.899481,43.1968401],[27.8994492,43.1969834],[27.8993922,43.1970074],[27.8993575,43.1970202],[27.8992481,43.197066],[27.8991745,43.1970582],[27.8991302,43.1970535],[27.8990947,43.1970501],[27.8989978,43.197041],[27.898975,43.1970023],[27.8989296,43.1969324],[27.898917,43.196913],[27.8988836,43.1968618],[27.8988088,43.1967453],[27.8987847,43.1966256],[27.8986369,43.1958927],[27.8985732,43.1955766],[27.8985195,43.1954698],[27.8983339,43.1951012],[27.8982776,43.1950272],[27.8982681,43.1950147],[27.8982351,43.1949714],[27.898161,43.194882],[27.8981107,43.1948573],[27.8980615,43.1948332],[27.8980191,43.1948113],[27.8979755,43.1947888],[27.8978718,43.1947924],[27.8976277,43.1948006],[27.8971052,43.1948182],[27.8967036,43.1950801],[27.8965322,43.1951919],[27.8963964,43.1952328],[27.8963014,43.1952608],[27.8962048,43.1951688],[27.8961706,43.1951362],[27.8960296,43.1949963],[27.8959591,43.1949262],[27.8958799,43.1948498],[27.8954542,43.1944394],[27.8954255,43.1943182],[27.8954054,43.1942335],[27.895369,43.1940801],[27.8951788,43.1940265],[27.8951007,43.1940048],[27.8950469,43.1939879],[27.8949791,43.1939682],[27.8948889,43.1939233],[27.8948552,43.1939066],[27.8948395,43.1939006],[27.8947294,43.1938418],[27.894698,43.193797],[27.8946703,43.1937597],[27.8946116,43.1936806],[27.8945572,43.1935092],[27.8945227,43.193398],[27.8945448,43.1933561],[27.8945982,43.193289],[27.8946904,43.1931757],[27.8948064,43.1931471],[27.8948843,43.1931292],[27.8950943,43.1930735],[27.8951146,43.1930739],[27.8951786,43.193075],[27.8952705,43.1930766],[27.8953286,43.1930786],[27.8953827,43.1930805],[27.8954501,43.193084],[27.8954779,43.1930861],[27.8955231,43.1931017],[27.8956257,43.193141],[27.8958449,43.1932252],[27.8960175,43.1934297],[27.896079,43.1935025],[27.8961365,43.193591],[27.8961955,43.1936817],[27.8962198,43.1937175],[27.8962964,43.1937281],[27.8963638,43.1937373],[27.8964594,43.1937505],[27.8965605,43.1937644],[27.8970759,43.1936073],[27.8973189,43.1933891],[27.8973739,43.1932143],[27.8974437,43.1929919],[27.8974191,43.1928167],[27.8973793,43.1925333],[27.8973029,43.1919846],[27.8973286,43.1919458],[27.8974556,43.1917538],[27.8976837,43.1914639],[27.8979852,43.1914075],[27.8981015,43.1913845],[27.8982697,43.1913512],[27.8985009,43.1913809],[27.8986144,43.1913953],[27.8987351,43.1914106],[27.8995306,43.1915093],[27.8995542,43.1915122],[27.9001641,43.1915029],[27.9003072,43.1914568],[27.9003528,43.1914417],[27.9005453,43.1913784],[27.9005695,43.1912859],[27.9005948,43.1911889],[27.9006269,43.1910671],[27.9007165,43.190418],[27.9007872,43.1898986],[27.9007954,43.1898388],[27.9007931,43.1898231],[27.9007595,43.1896486],[27.9007532,43.1896163],[27.9007349,43.1895219],[27.9003519,43.1891183],[27.9001708,43.1889275],[27.9002028,43.1886436],[27.9002276,43.1884473],[27.9002679,43.1884023],[27.9002835,43.1883863],[27.9005101,43.188146],[27.9006168,43.1881856],[27.9007126,43.1882232],[27.9008195,43.1882651],[27.9008922,43.1882915],[27.9009686,43.1883134],[27.9010367,43.1883309],[27.9010706,43.1883396],[27.9011648,43.1883659],[27.9012144,43.1883803],[27.9012771,43.1883986],[27.9013455,43.1884185],[27.9014337,43.1884679],[27.9015,43.1885051],[27.9015355,43.1885251],[27.9016325,43.1885828],[27.9017551,43.1886539],[27.9023977,43.1889587],[27.9024199,43.1889692],[27.9025955,43.1890525],[27.9027486,43.1891253],[27.9031354,43.1893094],[27.9032332,43.1893464],[27.9033903,43.1894058],[27.9034618,43.1894329],[27.9039411,43.1896177],[27.9040812,43.1896717],[27.90412,43.1896798],[27.9047728,43.1897692],[27.9049575,43.189776],[27.9051753,43.189784],[27.9055765,43.1897996],[27.9060434,43.1898176],[27.9064809,43.1897672],[27.9067145,43.1897403],[27.9071683,43.1896872],[27.9073917,43.1896467],[27.9082337,43.1894941],[27.9082723,43.189489],[27.909692,43.189334],[27.9101942,43.1892768],[27.9103301,43.1892613],[27.9109642,43.1891899],[27.9110712,43.1891778],[27.9111471,43.1891693],[27.9116431,43.1891653],[27.9120536,43.1891606],[27.9122878,43.1891579],[27.9126846,43.1891533],[27.9129043,43.1891508],[27.9132261,43.1891167],[27.9132615,43.1891126],[27.911314,43.1889685],[27.9104203,43.1877932],[27.9103431,43.1877184],[27.9101113,43.1874936],[27.9100997,43.1874824],[27.909975,43.1873615],[27.9094139,43.1868177],[27.9091399,43.186552],[27.9089503,43.1863683],[27.9088697,43.1862907],[27.9088479,43.1862698],[27.9087647,43.1861897],[27.9086114,43.1860392],[27.9085094,43.185939],[27.9084236,43.1858547],[27.9083047,43.1857701],[27.9080514,43.1855852],[27.9079509,43.1855118],[27.9077231,43.185347],[27.9076596,43.1853022],[27.9076158,43.1852713],[27.9075196,43.1852135],[27.9072812,43.185065],[27.9071556,43.1849868],[27.9064528,43.1848978],[27.9056975,43.1849082],[27.9056801,43.1849085],[27.9055684,43.1849108],[27.9054322,43.1849136],[27.9053341,43.1849157],[27.9050391,43.1849581],[27.9039434,43.1851158],[27.9035398,43.1851734],[27.903509,43.1851778],[27.9023793,43.1855469],[27.9020264,43.1856802],[27.9019728,43.1857004],[27.9016733,43.1858136],[27.9004419,43.1862825],[27.8992247,43.1865082],[27.8977879,43.1868752],[27.8974681,43.1869066],[27.8974344,43.1869099],[27.8971904,43.1869339],[27.8969662,43.1869471],[27.8968609,43.1869533],[27.8968083,43.1869414],[27.8967403,43.1869194],[27.8966699,43.1868982],[27.8966236,43.1868843],[27.8966106,43.1868735],[27.8965784,43.1868468],[27.8965645,43.1868352],[27.8963231,43.1866345],[27.8958585,43.1862104],[27.8956284,43.1860411],[27.8954981,43.1860242],[27.8954594,43.1860194],[27.8952654,43.1859944],[27.8948577,43.1860382],[27.8947495,43.1860522],[27.894125,43.1860619],[27.8936423,43.1862368],[27.8935467,43.1862712],[27.8932972,43.186361],[27.8931947,43.1864474],[27.8931119,43.1865171],[27.8929196,43.1866791],[27.8919645,43.1872719],[27.8918726,43.1873276],[27.8918441,43.1873449],[27.891799,43.1873632],[27.8917395,43.1873877],[27.8916272,43.187434],[27.8907908,43.1877739],[27.890412,43.1879278],[27.890164,43.1880352],[27.8900759,43.1880734],[27.8890461,43.1885193],[27.888839,43.1886109],[27.8886281,43.188768],[27.8882346,43.1890611],[27.8875439,43.1895755],[27.8868388,43.1899238],[27.886783,43.1899506],[27.8864554,43.1901133],[27.88627,43.1902022],[27.8859347,43.1903623],[27.8858976,43.1903791],[27.8857307,43.1902847],[27.8856893,43.1902613],[27.8856531,43.1902401],[27.8849796,43.1898475],[27.8845211,43.1895783],[27.8842537,43.1894213],[27.8842227,43.1894031],[27.8841317,43.1893497],[27.8842105,43.1891015],[27.8842909,43.1888503],[27.8842977,43.1888293],[27.8843247,43.1887458],[27.8843641,43.1886241],[27.8843835,43.1885644],[27.8867608,43.1870692],[27.8882321,43.1863032],[27.8890608,43.1858718],[27.8891866,43.1858051],[27.8892396,43.1857893],[27.8909852,43.1853529],[27.8928274,43.1848924],[27.8929689,43.1848713],[27.8939954,43.1847184],[27.8945416,43.184637],[27.8960168,43.1844173],[27.8972981,43.1842258],[27.8976454,43.1841739],[27.8996888,43.1838685],[27.8996889,43.1838685],[27.9001186,43.1838042],[27.9012927,43.1835997],[27.902441,43.1833997],[27.902441,43.1833997],[27.9047001,43.1830062],[27.9051002,43.1829365],[27.9051575,43.1829154],[27.9054873,43.1827939],[27.9056465,43.1827358],[27.905664,43.1827294],[27.9056804,43.1827234],[27.9063631,43.1824718],[27.9070131,43.1823608],[27.9076626,43.1822498],[27.9080914,43.1821744],[27.9086793,43.1819896],[27.9087832,43.1819562],[27.9090092,43.1818835],[27.90924,43.1816835],[27.9094579,43.1814927],[27.9095271,43.1814296],[27.9099034,43.1810975],[27.910371,43.1806842],[27.9106026,43.1804796],[27.9106791,43.1802213],[27.9107402,43.1800147],[27.9108236,43.1797336],[27.9108325,43.1797033],[27.910907,43.179408],[27.9110133,43.178986],[27.9111018,43.1786331],[27.9111796,43.1783228],[27.9112182,43.1781496],[27.911279,43.1778763],[27.9113892,43.177386],[27.9114219,43.1772403],[27.9114493,43.1771186],[27.9120593,43.175889],[27.9129513,43.1749635],[27.9130541,43.1748731],[27.9135826,43.1744087],[27.9138872,43.1741411],[27.9139914,43.1740501],[27.9140329,43.1740138],[27.9142804,43.1739038],[27.9148043,43.1736686],[27.914957,43.1736001],[27.9151688,43.173505],[27.915235,43.173509],[27.915499,43.1735249],[27.9156406,43.1735327],[27.9157294,43.1735423],[27.9157529,43.1735449],[27.9160665,43.1735788],[27.9161648,43.1735903],[27.9161884,43.173593],[27.9163207,43.1736083],[27.9164858,43.1735717],[27.9166913,43.1735262],[27.917058,43.1734448],[27.9174016,43.1733767],[27.9175617,43.1733449],[27.9176966,43.1733181],[27.9177275,43.1733011],[27.9179191,43.1731955],[27.9179753,43.1731645],[27.9180612,43.1731171],[27.918696,43.1730206],[27.9188736,43.1729935],[27.919103,43.173017],[27.9192444,43.1730312],[27.9192896,43.1730379],[27.9193101,43.1730609],[27.9193231,43.1730755],[27.9193631,43.1731187],[27.9193785,43.1731355],[27.9194388,43.1732012],[27.9193893,43.1736028],[27.9200952,43.1736956],[27.9202735,43.173597],[27.9203001,43.1735823],[27.9205338,43.1734529],[27.9206148,43.1734473],[27.9206441,43.1734452],[27.9206773,43.1734429],[27.9208986,43.1734275],[27.9210373,43.1734202],[27.9211007,43.1734169],[27.9211304,43.173426],[27.9213841,43.1735039],[27.9214551,43.1735257],[27.9214936,43.1735376],[27.9225144,43.1738512],[27.9234956,43.1740603],[27.9237267,43.1741095],[27.9241022,43.1741896],[27.9245058,43.1742756],[27.9279454,43.1747279],[27.928405,43.174587],[27.9292388,43.1739409],[27.9293734,43.1738887],[27.9295713,43.1738121],[27.930072,43.1736144],[27.9301569,43.173603],[27.930195,43.1735978],[27.9302853,43.1735857],[27.9303821,43.1735759],[27.9308394,43.1735213],[27.9311105,43.1734889],[27.9313226,43.1734828],[27.9317615,43.1734701],[27.9318575,43.1734679],[27.9320717,43.1734631],[27.939706,43.1706387],[27.939744,43.1706159],[27.940038,43.1704395],[27.9400755,43.170417],[27.9403809,43.1702299],[27.940985,43.1701079],[27.9410639,43.1701124],[27.9410967,43.1701143],[27.9411199,43.1701156],[27.9411905,43.1700895],[27.9412665,43.1701244],[27.9413324,43.1701293],[27.9414314,43.1701366],[27.9415853,43.170148],[27.9419035,43.1701685],[27.9419762,43.1701731],[27.942081,43.1701799],[27.9421094,43.1701872],[27.9421749,43.170204],[27.9423875,43.1702584],[27.9427298,43.1703429],[27.9430235,43.1704153],[27.943501,43.1707269],[27.9435191,43.1707387],[27.9437813,43.1709099],[27.9441544,43.1711533],[27.9444461,43.1713592],[27.9446527,43.1715049],[27.9447719,43.1715881],[27.9448445,43.1716387],[27.9448695,43.1716562],[27.9450901,43.1716823],[27.9453811,43.1717167],[27.9454249,43.1717219],[27.9461396,43.1699522],[27.9461268,43.1699169],[27.9461575,43.1695114],[27.9461678,43.1693751],[27.9461902,43.1690786],[27.9461939,43.1690295],[27.9462035,43.168902],[27.9462232,43.1686419],[27.946275,43.1683265],[27.9462916,43.1682252],[27.9463593,43.1678127],[27.9464748,43.1671089],[27.9464732,43.1669566],[27.9459667,43.1644841],[27.945755,43.1638598],[27.9456893,43.163667],[27.9456771,43.163628],[27.9456715,43.1635813],[27.945604,43.1629922],[27.9455888,43.162639],[27.945362,43.1615318],[27.945081,43.1611324],[27.9450651,43.1611121],[27.9446509,43.1607623],[27.9439389,43.1593049],[27.9438116,43.1589193],[27.9437909,43.1588565],[27.9436929,43.1585595],[27.9436489,43.1584255],[27.9435771,43.1582065],[27.9435396,43.1580925],[27.9435297,43.1580619],[27.943524,43.1579711],[27.9435105,43.1577425],[27.9434626,43.156925],[27.9434228,43.1562475],[27.9433569,43.1540059],[27.9433337,43.1527499],[27.9433288,43.1524798],[27.9433275,43.1523951],[27.9433264,43.1523311],[27.9430644,43.1518336],[27.942528,43.1512392],[27.9423809,43.1510748],[27.9423121,43.1509979],[27.9422428,43.1509002],[27.9420897,43.1506845],[27.9415265,43.1498859],[27.9414954,43.1498417],[27.9413731,43.1496684],[27.940867,43.1487946],[27.9406816,43.1481455],[27.9405681,43.147748],[27.9404585,43.1473662],[27.9403051,43.1456933],[27.9402416,43.1449997],[27.9401635,43.1445874],[27.9401579,43.1445574],[27.9400945,43.1442225],[27.9400771,43.1438106],[27.9400601,43.1434037],[27.9400568,43.1433263],[27.9400069,43.1430283],[27.9399612,43.1427553],[27.9398944,43.1423551],[27.9399833,43.1391866],[27.9399674,43.1391868],[27.9399653,43.139111],[27.9214307,43.1395269],[27.907825,43.1398303],[27.9032006,43.1399331],[27.8546548,43.1410005],[27.8287471,43.1415616],[27.8215927,43.1417156],[27.814116,43.141876],[27.7954049,43.1420076],[27.7790173,43.1421203],[27.7595998,43.1422509],[27.7443389,43.1423512],[27.7317306,43.1424325],[27.7298436,43.1424446],[27.7298397,43.1424446],[27.7196815,43.142509],[27.7177166,43.1425213],[27.6739936,43.1427872],[27.6602213,43.1428675],[27.6302116,43.1430367],[27.6290995,43.1430429],[27.6278188,43.1430499],[27.6228908,43.1432305],[27.6202855,43.1433259],[27.6076136,43.1437891],[27.6061048,43.1438441],[27.6036177,43.1439349],[27.5955331,43.1442293],[27.5955331,43.1442293],[27.5878667,43.1445081],[27.5869502,43.1445413],[27.5866459,43.1445524],[27.5855289,43.144593],[27.5854591,43.1445955],[27.5851637,43.1446062],[27.5788604,43.1448348],[27.5580039,43.1455888],[27.5580038,43.1455888],[27.5283102,43.1466557],[27.5275282,43.1466837],[27.5260454,43.1467368],[27.5257609,43.146747],[27.5249049,43.1467775],[27.503538,43.1475399],[27.4954558,43.1478272],[27.4751347,43.148547],[27.4751346,43.148547],[27.4571024,43.1491827],[27.4557863,43.149229],[27.4553024,43.149246],[27.4545768,43.1492715],[27.4534598,43.1493108],[27.4519578,43.1493635],[27.4456014,43.1495866],[27.413893,43.1506944],[27.4080346,43.1508981],[27.4069339,43.1509729],[27.3939116,43.151857],[27.3801213,43.1527916],[27.3731819,43.1532613],[27.3486871,43.1549157],[27.3412637,43.1554161],[27.3009836,43.1581224],[27.3009835,43.1581224],[27.3004961,43.1581551],[27.274559,43.15989],[27.267724,43.1603462],[27.2573088,43.1610406],[27.241355,43.1621023],[27.241355,43.1621023],[27.2391476,43.162249],[27.2210674,43.1662177],[27.2173588,43.1670313],[27.2173587,43.1670314],[27.2075388,43.1691851],[27.172923,43.1767692],[27.1729229,43.1767692],[27.1473608,43.1823617],[27.1244358,43.1873716],[27.1244356,43.1873716],[27.1203676,43.18826],[27.1185642,43.1884419],[27.1131166,43.1889911],[27.1084956,43.1894567],[27.0840206,43.1919197],[27.0829727,43.192025],[27.0827608,43.1920463],[27.0821271,43.19211],[27.0807688,43.1922465],[27.0766722,43.1926581],[27.0754814,43.1927777],[27.0739276,43.1929338],[27.0738423,43.1929424],[27.0727364,43.1930534],[27.063041,43.1940266],[27.0614746,43.1941838],[27.0593252,43.1943994],[27.058946,43.1944374],[27.0574397,43.1945883],[27.0314912,43.1971876],[27.020243,43.1983123],[27.0190212,43.1984344],[27.0142062,43.1989155],[27.0136862,43.1989674],[27.0127098,43.1990649],[26.9977706,43.200556],[26.9838954,43.2019863],[26.9718364,43.203228],[26.9422667,43.2062671],[26.910226,43.2095512],[26.8891558,43.2117058],[26.8835222,43.2122811],[26.8772535,43.212921],[26.8528186,43.215412],[26.848048,43.2158041],[26.8255171,43.217653],[26.7993313,43.2197962],[26.7962964,43.2200442],[26.7952776,43.2201274],[26.7889365,43.2206453],[26.7821205,43.2212015],[26.7798781,43.2213843],[26.7690861,43.222264],[26.7634396,43.2227238],[26.7621027,43.2228326],[26.761543,43.2228782],[26.7559529,43.223333],[26.7550071,43.2234098],[26.721009,43.2261699],[26.7168846,43.226504],[26.6734828,43.2248233],[26.6697969,43.2246799],[26.6315494,43.2231839],[26.6014665,43.2219982],[26.5963796,43.2217969],[26.5735874,43.2220038],[26.5618726,43.2221083],[26.5507462,43.2222065],[26.5504259,43.2222093],[26.5502367,43.222211],[26.5230486,43.2224462],[26.5204309,43.2220647],[26.5204307,43.2220646],[26.5372799,43.217216],[26.5398609,43.2163789],[26.5398609,43.2163789],[26.5403156,43.2162189],[26.5403226,43.2162292],[26.5491419,43.2133687],[26.5627741,43.2099597],[26.5740265,43.2082712],[26.5876504,43.2057247],[26.5977155,43.2044623],[26.6113375,43.2019129],[26.6202238,43.1997791],[26.6291121,43.1972118],[26.6403654,43.1946512],[26.6522068,43.1925241],[26.6646364,43.1908303],[26.6776545,43.1895695],[26.6853517,43.1878599],[26.6912722,43.1865778],[26.7031207,43.1822818],[26.7149616,43.1792827],[26.7279839,43.1762852],[26.7415998,43.172422],[26.7528457,43.1694177],[26.7646817,43.1664134],[26.7717824,43.1646968],[26.7824312,43.1625538],[26.7919043,43.158244],[26.7954669,43.1534902],[26.8003788,43.1471325],[26.8003789,43.1471325],[26.8029101,43.1456831],[26.8029113,43.1456824],[26.8150112,43.1405411],[26.8250708,43.1357967],[26.8363309,43.1272822],[26.8822969,43.0914687],[26.9078193,43.0873364],[26.909099,43.085917],[26.911459,43.079923],[26.909613,43.078043],[26.906298,43.078832],[26.902452,43.081837],[26.899441,43.083807],[26.893862,43.085574],[26.8887,43.086621],[26.884841,43.086969],[26.8852722,43.0861012],[26.8852722,43.0861012],[26.8939401,43.0827905],[26.8971228,43.0815747],[26.9024178,43.0795516],[26.9049477,43.0785848],[26.9118483,43.0753888],[26.9217313,43.0708102],[26.9247833,43.0693959],[26.9282461,43.0674734],[26.9363759,43.062959],[26.9439537,43.05875],[26.9452358,43.0563519],[26.9469248,43.0531926],[26.9499081,43.0476114],[26.9468968,43.0468738],[26.9377865,43.0446414],[26.9360416,43.0442137],[26.9331455,43.0447912],[26.9263026,43.0461555],[26.9215082,43.0471111],[26.9121281,43.0498877],[26.9005168,43.0533233],[26.898802,43.0538306],[26.895648,43.05382],[26.88793,43.054507],[26.870789,43.060141],[26.851729,43.068091],[26.845524,43.070872],[26.83712,43.074734],[26.8354827,43.0759169],[26.835481,43.0759176],[26.8322921,43.0772311],[26.8237568,43.0807463],[26.8228186,43.0811326],[26.8210152,43.0818752],[26.8046814,43.0886422],[26.8027977,43.0894223],[26.7975573,43.0915925],[26.7954708,43.0924564],[26.7951134,43.0926044],[26.7949925,43.0926544],[26.7945053,43.0928561],[26.7923942,43.0937302],[26.7918972,43.093936],[26.7853005,43.0963998],[26.7852136,43.0964322],[26.7499582,43.1095898],[26.7454776,43.1112608],[26.7402596,43.1132065],[26.7383101,43.1137798],[26.7176109,43.1198649],[26.7108522,43.1218508],[26.7048844,43.1236038],[26.6994986,43.1251855],[26.6879481,43.1285765],[26.6834333,43.1297073],[26.6578975,43.1360989],[26.6539474,43.137087],[26.6535093,43.1371966],[26.6461709,43.1385461],[26.6327415,43.1410143],[26.6185114,43.1436277],[26.6004725,43.1469378],[26.5982455,43.1473462],[26.5939072,43.1481417],[26.5762241,43.1502338],[26.5660985,43.1514304],[26.5627518,43.1526397],[26.543447,43.1596123],[26.5408898,43.1605356],[26.539135,43.1608611],[26.5338345,43.1618442],[26.5229983,43.1638531],[26.5048551,43.1715349],[26.5037422,43.1720059],[26.5015556,43.1729148],[26.4901743,43.1776441],[26.4818253,43.1811123],[26.4740042,43.182176],[26.4645951,43.1834549],[26.447416,43.1799825],[26.4473651,43.1799504],[26.4472994,43.1801512],[26.4472734,43.1802307],[26.4471536,43.1805967],[26.4469651,43.181173],[26.447074,43.1826738],[26.4471046,43.1830962],[26.4473557,43.183182],[26.4486106,43.1836111],[26.449697,43.1839825],[26.4497986,43.1840173],[26.4521306,43.1848146],[26.4522068,43.1848406],[26.4526908,43.1848216],[26.4538402,43.1847764],[26.4556517,43.1852623],[26.4593746,43.1857032],[26.4609614,43.1866163],[26.4617292,43.1870582],[26.4617885,43.1870923],[26.4636408,43.1877223],[26.4639706,43.1917009],[26.4639996,43.1920512],[26.4640556,43.1927265],[26.4641071,43.1933476],[26.4641866,43.1943073],[26.4672632,43.1970862],[26.4683643,43.1978143],[26.4685317,43.197925],[26.4641514,43.1983323],[26.4623297,43.1988777],[26.4611013,43.1992455],[26.4601096,43.199442],[26.4597524,43.1995128],[26.4590156,43.1996588],[26.4531088,43.1978298],[26.4476031,43.1980417],[26.4472818,43.1980541],[26.4471811,43.1980579],[26.4471159,43.1979982],[26.4458559,43.1968539],[26.4455597,43.196585],[26.4434593,43.1946766],[26.4434163,43.1945722],[26.442697,43.1928269],[26.4396834,43.1919633],[26.437838,43.1914344],[26.4359361,43.1901829],[26.4348676,43.189479],[26.4324812,43.187906],[26.4308683,43.1868434],[26.430845,43.1868281],[26.4307239,43.1867483],[26.4302948,43.1863918],[26.4293065,43.1855662],[26.4290624,43.1853622],[26.4289968,43.1853079],[26.428997,43.1853076],[26.4291549,43.1849807],[26.429257,43.1847692],[26.4296244,43.1840084],[26.429981,43.1832699],[26.4302993,43.1826106],[26.4303713,43.1824617],[26.430563,43.1820645],[26.4305634,43.1820638],[26.4305845,43.1820201],[26.4294109,43.1820093],[26.4287032,43.1820028],[26.4273905,43.1819908],[26.4262682,43.1819804],[26.4254296,43.1819727],[26.4230729,43.1819509],[26.4209395,43.1817016],[26.4202651,43.1821529],[26.4185012,43.1833332],[26.4184521,43.1833661],[26.4178878,43.1837437],[26.4172726,43.1844294],[26.4166923,43.1850763],[26.4166172,43.1851599],[26.4161213,43.1857148],[26.4159202,43.1859398],[26.4144295,43.1860805],[26.4119623,43.1863133],[26.4117354,43.1863347],[26.4108972,43.1864138],[26.409613,43.1861934],[26.4096129,43.1861934],[26.4095918,43.1861898],[26.4063344,43.1856308],[26.4059197,43.1855596],[26.403349,43.1851185],[26.4028606,43.185242],[26.4007717,43.1857622],[26.4002042,43.1859035],[26.4002564,43.1870834],[26.4002806,43.1876276],[26.4002952,43.1879578],[26.4003424,43.1890244],[26.4000723,43.1905349],[26.399711,43.1925554],[26.3980528,43.1948069],[26.3991108,43.1953573],[26.399248,43.1953985],[26.3997662,43.1955543],[26.4000336,43.1956357],[26.4002041,43.1956876],[26.4006696,43.1958292],[26.40067,43.1958305],[26.4008569,43.1965433],[26.4009522,43.1969067],[26.400484,43.1974964],[26.3996335,43.1985674],[26.3985279,43.1999595],[26.3982888,43.2002605],[26.3978144,43.2016731],[26.3976951,43.2020281],[26.3976789,43.2020763],[26.3975234,43.2022871],[26.397452,43.2023813],[26.3970314,43.2029553],[26.3964524,43.2040193],[26.3958016,43.205218],[26.3945216,43.2065575],[26.3957811,43.2069998],[26.3964092,43.2072203],[26.3969403,43.2078309],[26.397296,43.2082406],[26.3975655,43.2085509],[26.3976731,43.2086749],[26.398959,43.2101558],[26.4012914,43.2112746],[26.4037325,43.2124454],[26.4042345,43.2132405],[26.4044615,43.2135973],[26.4052115,43.2139567],[26.4064033,43.2145278],[26.4074251,43.2150175],[26.4074975,43.2150279],[26.4081674,43.2151248],[26.408594,43.2151868],[26.411704,43.2156384],[26.4144093,43.2163501],[26.4144356,43.2163651],[26.417199,43.2179357],[26.4174523,43.2180735],[26.4175843,43.2181453],[26.4178994,43.2183167],[26.4210253,43.2200172],[26.4211176,43.2200338],[26.4232879,43.2204236],[26.4245842,43.2206565],[26.4246151,43.2206812],[26.4252285,43.221173],[26.4276496,43.2220225],[26.4282374,43.2224937],[26.4294881,43.2229322],[26.4300759,43.2234034],[26.4303085,43.2235629],[26.4303602,43.2235982],[26.430711,43.2238388],[26.4328252,43.2259789],[26.435305,43.2276795],[26.4367345,43.2288257],[26.4386648,43.2292809],[26.4407653,43.2301061],[26.4433256,43.230911],[26.4440838,43.2311482],[26.444979,43.2314282],[26.4450671,43.2314558],[26.4461178,43.2317845],[26.4461178,43.2317845],[26.4459822,43.2339225],[26.443583,43.2355272],[26.4414585,43.2378985],[26.4374715,43.237762],[26.4374704,43.2377619],[26.4373848,43.2383249],[26.437165,43.23977],[26.4370424,43.2405761],[26.4366924,43.2428773],[26.4384859,43.2441107],[26.4391205,43.2445461],[26.4396294,43.2457471],[26.4397724,43.2460846],[26.4406111,43.2472621],[26.4406407,43.2473036],[26.4415069,43.2485198],[26.4432091,43.2489247],[26.4444055,43.2492093],[26.4457009,43.2488283],[26.4477061,43.2482347],[26.4487089,43.2481451],[26.4497705,43.2480501],[26.4510889,43.2479323],[26.4515135,43.2478943],[26.45202,43.247849],[26.4522929,43.2478246],[26.4525689,43.2478682],[26.4548442,43.2482285],[26.4553007,43.2483004],[26.4578961,43.2487097],[26.4594956,43.2489619],[26.4621346,43.2487502],[26.4649701,43.2485226],[26.466158,43.2484272],[26.466863,43.2483706],[26.4697466,43.24814],[26.4722884,43.2479366],[26.4738427,43.2475475],[26.4746675,43.2473397],[26.4787444,43.247984],[26.4787454,43.2479842],[26.4787377,43.2481068],[26.4787182,43.2484187],[26.4787151,43.2484682],[26.4784036,43.2534308],[26.478381,43.2537905],[26.4783943,43.2540837],[26.4784008,43.2542273],[26.4784451,43.2551975],[26.4785873,43.2583071],[26.4785873,43.2583073],[26.4778017,43.2582812],[26.4773239,43.2584636],[26.4772137,43.2585054],[26.4762785,43.2588595],[26.4762783,43.2588596],[26.4761971,43.2589898],[26.4760001,43.2593096],[26.4759481,43.259394],[26.4755924,43.2599716],[26.4753479,43.2603686],[26.4752438,43.2605376],[26.4746612,43.2614834],[26.4745739,43.2616252],[26.4744242,43.2618678],[26.4740835,43.2624198],[26.4740702,43.2624378],[26.4731045,43.2625832],[26.4728696,43.2626186],[26.4718368,43.2627742],[26.47012,43.2629733],[26.4701197,43.2629733],[26.4701404,43.2630071],[26.4701584,43.2630365],[26.4707834,43.2640421],[26.4707842,43.2640434],[26.4709086,43.2642435],[26.4710727,43.2645076],[26.4711295,43.2645988],[26.4711366,43.2646094],[26.4711386,43.2646124],[26.4711551,43.2646389],[26.4711552,43.2646391],[26.471698,43.2655109],[26.4714792,43.2662196],[26.4713066,43.2667788],[26.4712924,43.2668295],[26.4711184,43.2674535],[26.4708627,43.2683706],[26.470849,43.2683825],[26.4691305,43.2698805],[26.4691108,43.2698977],[26.4690635,43.269938],[26.4688235,43.2703916],[26.4685657,43.2708786],[26.4674067,43.2730681],[26.4674065,43.2730684],[26.4659475,43.2739756],[26.4658036,43.2751437],[26.4656265,43.2765811],[26.4654609,43.2779255],[26.4651233,43.2806665],[26.4651233,43.2806667],[26.4655384,43.2809328],[26.4661169,43.2812999],[26.4662694,43.2813967],[26.4666914,43.2816645],[26.4664625,43.2835929],[26.4663928,43.2841799],[26.465358,43.2855145],[26.4643857,43.2867684],[26.4612281,43.2877035],[26.4613644,43.2915874],[26.4614482,43.2939763],[26.4626173,43.2954113],[26.4627728,43.2956022],[26.462829,43.2956711],[26.4624361,43.2958898],[26.460719,43.2968453],[26.4569989,43.2962835],[26.4538844,43.295813],[26.4537342,43.2957903],[26.4537341,43.2957903],[26.4521828,43.2976915],[26.4521827,43.2976917],[26.4521519,43.2977948],[26.4521199,43.2979017],[26.4516079,43.2996159],[26.4506785,43.300521],[26.4500653,43.3011182],[26.449834,43.3013433],[26.4497814,43.3013946],[26.449571,43.3020989],[26.4491057,43.303656],[26.4478892,43.3051088],[26.4475027,43.3060975],[26.4458282,43.306308],[26.4451429,43.3063942],[26.4444679,43.306479],[26.4434593,43.307146],[26.4397764,43.3095812],[26.4390128,43.310086],[26.4373243,43.3112024],[26.4373234,43.311203],[26.4358572,43.3104941],[26.4357992,43.310466],[26.4341213,43.3100842],[26.4330087,43.309831],[26.4312055,43.3095876],[26.4304394,43.3094842],[26.4281693,43.3091777],[26.4279183,43.3091438],[26.4262267,43.3098422],[26.4257611,43.3099145],[26.4244546,43.3101174],[26.4236998,43.3102347],[26.4217143,43.3113687],[26.4217071,43.3113728],[26.4214742,43.3115058],[26.4212784,43.3116177],[26.4212775,43.3116182],[26.4199836,43.3120168],[26.4196334,43.3123206],[26.418472,43.3133283],[26.4173018,43.3134178],[26.41635,43.3134905],[26.4152956,43.3135711],[26.4152471,43.3135748],[26.4121216,43.3138136],[26.4092897,43.3152803],[26.4089256,43.3158827],[26.4087945,43.3160997],[26.40862,43.3163885],[26.408335,43.3168601],[26.408278,43.3169544],[26.4082187,43.3170039],[26.4056285,43.319165],[26.4047734,43.3198823],[26.4046515,43.3198474],[26.4045219,43.3198112],[26.4041206,43.319699],[26.4038353,43.3196192],[26.4037327,43.3195904],[26.4028397,43.31934],[26.4017512,43.3190365],[26.4017504,43.3190364],[26.397444,43.3184511],[26.3959717,43.3192693],[26.3956945,43.3194233],[26.3956943,43.3194234],[26.3956286,43.3194846],[26.3934385,43.321523],[26.3928305,43.3235541],[26.3928074,43.3236312],[26.3921445,43.3248379],[26.3920805,43.3249543],[26.3919368,43.3252158],[26.3919368,43.3252159],[26.3905172,43.3260052],[26.390517,43.3260053],[26.3904308,43.3263483],[26.3896664,43.3293909],[26.3914983,43.3312241],[26.391745,43.3325199],[26.3917487,43.332539],[26.3917899,43.3327555],[26.3920089,43.3339057],[26.3910448,43.33484],[26.3910028,43.3348807],[26.3907984,43.3350789],[26.3900108,43.3358421],[26.3898882,43.3359609],[26.3890772,43.3373767],[26.3889677,43.3375678],[26.3885207,43.3381023],[26.3885175,43.3381061],[26.388263,43.3384105],[26.3879609,43.3396719],[26.3878284,43.3402256],[26.387702,43.3407532],[26.3877644,43.3418701],[26.3889075,43.3429194],[26.3891802,43.3431698],[26.3898526,43.3437496],[26.3928373,43.3453358],[26.3930567,43.3454524],[26.3948064,43.3463823],[26.3948074,43.3463828],[26.3963435,43.3468363],[26.3963448,43.3468367],[26.3967162,43.348653],[26.3971202,43.3491332],[26.397678,43.3497963],[26.3986452,43.3509459],[26.3989061,43.3518128],[26.3989473,43.3519498],[26.3992394,43.3529209],[26.3996034,43.3534046],[26.4005149,43.3546159],[26.4003522,43.3559748],[26.4022843,43.3569889],[26.4045912,43.3571717],[26.4078791,43.3574322],[26.4090624,43.3579246],[26.4107942,43.3584963],[26.4143945,43.3607929],[26.4155365,43.3617759],[26.4159574,43.3621381],[26.4173032,43.3632928],[26.4173035,43.363293],[26.41978,43.3638504],[26.4205183,43.364015],[26.4205235,43.3640162],[26.4205235,43.3640162],[26.4205627,43.3640683],[26.4205919,43.3641072],[26.4214069,43.3651916],[26.4215629,43.3653992],[26.420126,43.3672468],[26.4204337,43.369154],[26.4206653,43.3705898],[26.4206654,43.3705902],[26.4247142,43.3723212],[26.424746,43.3723348],[26.4247468,43.3723352],[26.4251157,43.3725699],[26.4251467,43.3725896],[26.4273998,43.3740233],[26.4275465,43.3754828],[26.4265865,43.3764556],[26.4255836,43.3774719],[26.4261111,43.3777965],[26.4261508,43.3778209],[26.4261516,43.3778214],[26.426982,43.3780972],[26.4281355,43.3784777],[26.4285983,43.3786306],[26.4285876,43.3787197],[26.4283584,43.3806359],[26.4279263,43.384249],[26.427775,43.3855143],[26.427704,43.3861077],[26.4276587,43.3864868],[26.4287949,43.3879961],[26.428795,43.3879962],[26.4254383,43.3908156],[26.4254114,43.3908382],[26.4250622,43.3914001],[26.4250584,43.3914062],[26.4248312,43.3917717],[26.4236386,43.3933055],[26.4260827,43.394862],[26.4276525,43.396207],[26.4277554,43.3962283],[26.4302949,43.3967515],[26.4312852,43.3968658],[26.4316217,43.3969047],[26.4316955,43.3969132],[26.4344931,43.3972361],[26.4346623,43.397657],[26.434765,43.3979124],[26.4352131,43.3990268],[26.4352131,43.399027],[26.4354895,43.3992033],[26.4358392,43.3994263],[26.4359572,43.4002255],[26.4360168,43.4006293],[26.4364643,43.4010637],[26.4373756,43.4013788],[26.4382725,43.4011634],[26.4384628,43.4011177],[26.4401495,43.4007126],[26.4408903,43.4007834],[26.4436228,43.4010447],[26.4465285,43.400887],[26.4465681,43.4008848],[26.4465919,43.4008835],[26.4470387,43.4013179],[26.4473988,43.4015668],[26.4475503,43.4016715],[26.4475825,43.4022075],[26.4475649,43.4023547],[26.4474688,43.4031599],[26.4473845,43.4038662],[26.4473808,43.4038964],[26.44733,43.4043222],[26.4472368,43.4051026],[26.4472183,43.4052582],[26.4473154,43.4054191],[26.4475085,43.4057392],[26.4475112,43.4057436],[26.4482968,43.4070457],[26.4483367,43.4071207],[26.4484892,43.4073746],[26.4493577,43.4088208],[26.4517244,43.4103253],[26.4517256,43.410326],[26.4536682,43.4115609],[26.4537323,43.4116016],[26.4534837,43.4136871],[26.4534728,43.4137789],[26.4533358,43.4149282],[26.453305,43.4151861],[26.4532647,43.4155339],[26.4532602,43.4155625],[26.4532594,43.4155678],[26.4532595,43.4155679],[26.4537271,43.416518],[26.4539368,43.4169431],[26.4550009,43.4190993],[26.453824,43.4200823],[26.4535919,43.4202763],[26.4535914,43.4202767],[26.4506658,43.421235],[26.4516405,43.4247019],[26.4516405,43.424702],[26.4541166,43.426136],[26.4547603,43.4265088],[26.4569074,43.4268027],[26.4583659,43.4267008],[26.4597453,43.4266045],[26.4631041,43.4258857],[26.4648808,43.4255055],[26.4659005,43.4252873],[26.4682179,43.4250414],[26.4713301,43.4247137],[26.4715734,43.4246024],[26.4719538,43.4244284],[26.4774623,43.4218983],[26.4786502,43.4213527],[26.4817977,43.4202549],[26.482264,43.4195659],[26.4825515,43.4191411],[26.483444,43.4178222],[26.4850306,43.4172693],[26.4863396,43.4168132],[26.4875667,43.4163595],[26.4906703,43.4159321],[26.4937539,43.4150364],[26.4956223,43.4146034],[26.4975369,43.4141346],[26.4981993,43.4141475],[26.5040831,43.4142622],[26.505499,43.4137371],[26.5091029,43.4133253],[26.50922,43.4133119],[26.509439,43.413272],[26.5116819,43.4128632],[26.5172555,43.4124457],[26.5187557,43.4116251],[26.520727,43.4105468],[26.5207279,43.4105466],[26.5230058,43.4100193],[26.5240698,43.4097729],[26.5243648,43.4095513],[26.5243975,43.4095267],[26.5244774,43.4094667],[26.5244775,43.4094666],[26.5245013,43.4094487],[26.5246836,43.4093117],[26.5246837,43.4093118],[26.5246841,43.409312],[26.5247751,43.4093534],[26.5248586,43.4093913],[26.525313,43.409598],[26.527756,43.4106886],[26.5289996,43.411135],[26.5301992,43.4115917],[26.5313188,43.4120179],[26.5340299,43.4125363],[26.5360325,43.4129192],[26.5361308,43.412938],[26.5394809,43.4134288],[26.5407714,43.4139202],[26.5431829,43.4138938],[26.5436567,43.4147836],[26.5441086,43.4156324],[26.5448116,43.4169526],[26.5448117,43.4169528],[26.5476687,43.4183807],[26.5477357,43.4184142],[26.5520616,43.4180247],[26.5531506,43.4179267],[26.5531512,43.4179262],[26.5533657,43.417765],[26.5541059,43.4172085],[26.5545686,43.4168607],[26.5550198,43.4165484],[26.5558828,43.415951],[26.5561274,43.4157817],[26.5564151,43.4151466],[26.5567544,43.4143975],[26.5598625,43.4116226],[26.5598624,43.4116224],[26.559741,43.4111762],[26.5592726,43.4094548],[26.5586899,43.4090427],[26.5574609,43.4081737],[26.5572662,43.4078766],[26.5568189,43.4071942],[26.5559007,43.405876],[26.5560263,43.4055087],[26.5568392,43.4031327],[26.5568913,43.4029804],[26.5577025,43.4024893],[26.5602354,43.4009562],[26.5610172,43.4004829],[26.562752,43.3994327],[26.5627528,43.3994324],[26.5627532,43.3994323],[26.5629092,43.3993778],[26.5642541,43.3989084],[26.5655332,43.3984618],[26.5673719,43.3977799],[26.5690572,43.3976147],[26.5725885,43.3972683],[26.5728988,43.3969385],[26.5732721,43.3965416],[26.5738809,43.3958945],[26.5747241,43.3949981],[26.5751719,43.3933648],[26.5752834,43.3929583],[26.575435,43.3924036],[26.5755528,43.3919803],[26.5755528,43.3919802],[26.5761329,43.3922013],[26.5763398,43.3922802],[26.5777949,43.3928349],[26.5779006,43.3928783],[26.5785972,43.3931242],[26.5789669,43.3932553],[26.5792816,43.3933669],[26.5792998,43.3933743],[26.5793206,43.3933828],[26.5794041,43.3934126],[26.5837345,43.3956761],[26.5841287,43.3958815],[26.5853776,43.3965337],[26.585451,43.3965717],[26.5867983,43.3976076],[26.5879319,43.3984775],[26.5879963,43.3985269],[26.5882951,43.398769],[26.5916974,43.4015252],[26.5956955,43.4011297],[26.5970977,43.4020759],[26.5997431,43.4038609],[26.6007906,43.4045676],[26.601471,43.4050267],[26.6021305,43.4054744],[26.6021408,43.4054782],[26.6021509,43.4054819],[26.6050249,43.4074238],[26.6051121,43.4074831],[26.6055074,43.4077522],[26.6059754,43.4078076],[26.6077452,43.4080232],[26.6089283,43.4081666],[26.6099254,43.4082874],[26.6102318,43.4083041],[26.6114385,43.4083698],[26.6127205,43.4082297],[26.6157036,43.4079035],[26.6157259,43.4079007],[26.6157462,43.4078988],[26.6159122,43.4078807],[26.6169863,43.4078672],[26.617244,43.4078631],[26.6173265,43.4078618],[26.617399,43.4078633],[26.6176194,43.4078679],[26.618597,43.4078848],[26.619581,43.4079017],[26.6195888,43.407901],[26.6195997,43.4079],[26.6200405,43.4078245],[26.6206571,43.4077186],[26.6227726,43.4073514],[26.6230363,43.4073056],[26.6238554,43.4067372],[26.627124,43.4044691],[26.6271557,43.404422],[26.6280975,43.4030218],[26.6280997,43.4030186],[26.6281877,43.4028878],[26.6281877,43.4028878],[26.6282579,43.402889],[26.6321555,43.4029596],[26.6345409,43.4030028],[26.6358902,43.4025298],[26.6371159,43.4020745],[26.6406614,43.4008341],[26.6411331,43.4005069],[26.6411339,43.4005064],[26.6421153,43.3998257],[26.6421304,43.3997898],[26.6421782,43.3996765],[26.6425499,43.3987946],[26.6426642,43.3985235],[26.6427446,43.3983329],[26.6436195,43.3975882],[26.643644,43.397554],[26.6441372,43.3968638],[26.6444429,43.396436],[26.644496,43.3963617],[26.644621,43.3961867],[26.6445069,43.3910222],[26.6460481,43.3887305],[26.6460638,43.3887073],[26.6460647,43.3887059],[26.6460923,43.3886649],[26.6464467,43.3881378],[26.646581,43.3880445],[26.6495361,43.3859908],[26.6495515,43.3859566],[26.6498184,43.3853651],[26.6510653,43.3826008],[26.6512211,43.3824835],[26.652084,43.381834],[26.6567528,43.3802003],[26.6567522,43.3802001],[26.6566401,43.3801601],[26.6539407,43.3791968],[26.6533111,43.3773715],[26.6532749,43.3769693],[26.6531171,43.3752173],[26.6530893,43.3749085],[26.6527401,43.3710306],[26.6502768,43.3683577],[26.649704,43.3677144],[26.6485768,43.3664481],[26.6457141,43.3650661],[26.6446392,43.3642429],[26.6418891,43.3621367],[26.6376004,43.3596334],[26.6377698,43.3594992],[26.6408621,43.3571797],[26.6408622,43.3571796],[26.64095,43.3571137],[26.643172,43.3563341],[26.6433127,43.3562847],[26.6435445,43.3562034],[26.6435901,43.3561074],[26.6441555,43.3549184],[26.6441565,43.3549162],[26.6441965,43.3548322],[26.6441966,43.3548319],[26.6441966,43.3548317],[26.6451746,43.3519583],[26.6452936,43.351893],[26.6452937,43.351893],[26.645319,43.3518791],[26.6497685,43.3494377],[26.6522507,43.3490041],[26.6527094,43.3488336],[26.6527776,43.3488083],[26.6539428,43.3483753],[26.6545463,43.3481511],[26.6560327,43.3481335],[26.657213,43.3481195],[26.6618238,43.3480648],[26.6636709,43.348507],[26.6636708,43.3485066],[26.6636707,43.348506],[26.671293,43.3452411],[26.6839353,43.339824],[26.6982344,43.3428873],[26.7151457,43.3528355],[26.7152378,43.3528632],[26.7157558,43.3531678],[26.7211583,43.3547881],[26.7378614,43.3457091],[26.7542629,43.3381371],[26.7564594,43.337123],[26.7582196,43.3363104],[26.78739,43.3228433],[26.7951163,43.3192764],[26.8521682,43.2992586],[26.8656739,43.2962988],[26.887844,43.2896257],[26.8914113,43.2882399],[26.9069549,43.2822017],[26.9365035,43.2710602],[26.9548211,43.263965],[26.9571303,43.2630705],[26.9752062,43.2560067],[26.987424,43.2521021],[26.9879878,43.2519464],[26.9988767,43.2489403],[27.0126186,43.2455911],[27.0278858,43.2426119],[27.0472554,43.2401352],[27.0497675,43.239814],[27.0557759,43.239172],[27.0637608,43.2383188],[27.0871683,43.2371872],[27.1176981,43.2354856],[27.1350374,43.2343233],[27.1373934,43.2341654],[27.1459358,43.2335927],[27.1581596,43.2330395],[27.1713753,43.2324413],[27.1874123,43.2319868],[27.1922361,43.23185],[27.1961772,43.2318087],[27.2136065,43.2316261],[27.23142,43.2327076],[27.2543264,43.2347053],[27.2843619,43.2374251],[27.3266018,43.2378704],[27.3314413,43.2374057],[27.3403202,43.2365532],[27.3405888,43.2365274],[27.3540641,43.2348122],[27.366249,43.232777],[27.3710938,43.2319678],[27.3757252,43.2305771],[27.3804898,43.2291464],[27.3919045,43.2238991],[27.4030531,43.2171632],[27.416721,43.2072546],[27.4243129,43.2018318],[27.428207,43.199752],[27.4332884,43.1970381],[27.4334331,43.1969608],[27.4435148,43.194459],[27.4463776,43.1937485],[27.4603322,43.1897866],[27.4869664,43.182049],[27.4872431,43.1819728],[27.498634,43.1788362],[27.5377007,43.1697298],[27.5598992,43.1652611],[27.5702278,43.163182],[27.5760564,43.1620087],[27.5846603,43.1603713],[27.5873176,43.1598656],[27.590278,43.1593022],[27.592976,43.1587887],[27.5939712,43.1587302],[27.6007747,43.1583299],[27.6070071,43.1579631],[27.6133066,43.1582586],[27.6213954,43.1586379],[27.6316945,43.1612136],[27.6365273,43.1630715],[27.6390865,43.1640554],[27.6441018,43.1687902],[27.6456159,43.1715314],[27.6470695,43.174163],[27.647068,43.1741721],[27.6470893,43.1742106],[27.6466302,43.1768713],[27.6465791,43.1771671],[27.6468136,43.1807316],[27.643607,43.1858824],[27.6390488,43.1913018],[27.6341916,43.1959692],[27.6334312,43.1966999],[27.6300772,43.198974],[27.6244469,43.2027915],[27.6135116,43.2109099],[27.6033783,43.2207519],[27.5971559,43.2291319],[27.5952931,43.2331836],[27.5933088,43.2374993],[27.5918076,43.2452781],[27.592061,43.2458515],[27.5966202,43.2561494],[27.6061663,43.2655986],[27.6122471,43.2706025],[27.6172881,43.2747507],[27.6303507,43.2807246],[27.6414843,43.2859328],[27.6473773,43.2886896],[27.6624286,43.2957999],[27.6905708,43.3100264],[27.7198783,43.3216479],[27.746016,43.3315998],[27.8279535,43.3717774],[27.8668195,43.388465],[27.8953635,43.3984303],[27.9224889,43.4063629],[27.9346365,43.4089804],[27.9425478,43.4118973],[27.9427803,43.411983],[27.9463458,43.4132977],[27.9600108,43.423369],[27.960014,43.4234007],[27.9600273,43.4234105],[27.9605826,43.4288444],[27.9597135,43.4332639],[27.9595121,43.4334643],[27.9603176,43.4372603],[27.9592648,43.4537857],[27.958239,43.4714243],[27.9582025,43.4720532],[27.957914,43.4907796],[27.9587389,43.500928],[27.9587467,43.5010237],[27.9593657,43.5086403],[27.9618595,43.5184068],[27.9766275,43.5276435],[27.986277,43.5334155],[27.9926035,43.536485],[28.0025089,43.5428491],[28.0113743,43.5491432],[28.0114481,43.5491956],[28.0129002,43.5502265],[28.0214384,43.5582985],[28.0294947,43.5653557],[28.0380373,43.5734264],[28.0480124,43.5831808],[28.0608586,43.5966422],[28.0616653,43.5975767],[28.0745023,43.6050409],[28.0975667,43.6138998],[28.1174022,43.6167337],[28.1464945,43.6134196],[28.1570196,43.6106007],[28.1596196,43.6068864],[28.1670016,43.6020583],[28.1739747,43.6002894],[28.183316,43.6001931],[28.1936114,43.6011046],[28.2048887,43.6043812],[28.2175891,43.6086601],[28.2326548,43.61427],[28.2505405,43.6205261],[28.2669925,43.6250979],[28.2815417,43.6279911],[28.2965377,43.6298589],[28.3086647,43.6287023],[28.3235424,43.625136],[28.3327745,43.6199363],[28.3418993,43.6099843],[28.3458232,43.5973768],[28.3441765,43.5862177],[28.3412877,43.5815227],[28.3345769,43.5737857],[28.3241295,43.5661007],[28.3108997,43.5584467],[28.3001462,43.5506549],[28.2952685,43.5460281],[28.2952634,43.5459979],[28.2952487,43.545984],[28.2945353,43.5417621],[28.296854,43.5358149],[28.2996669,43.5296664],[28.3006355,43.5261979],[28.3006192,43.5227406],[28.3024628,43.5195572],[28.3057844,43.5177484],[28.3097776,43.5175341],[28.3136272,43.5187127],[28.3173739,43.5204827],[28.3250995,43.5213632],[28.3310529,43.5214017],[28.3393448,43.5208516],[28.3470005,43.5197042],[28.354207,43.5170509],[28.3640698,43.5125526],[28.368975,43.5091705],[28.3726074,43.5045948],[28.3743412,43.4986823],[28.3744184,43.4929407],[28.3759031,43.4852183],[28.3791085,43.4801944],[28.3823821,43.4781909],[28.3860876,43.4769375],[28.3891881,43.4764467],[28.3952198,43.4771286],[28.402334,43.4797608],[28.4076031,43.4833217],[28.4114737,43.4891657],[28.41148,43.4891967],[28.4114912,43.4892137],[28.4121904,43.4926807],[28.41207,43.4960047],[28.4117374,43.4997816],[28.4105482,43.5023624],[28.4091858,43.5060079],[28.4069751,43.5093577],[28.4037797,43.5145383],[28.4019958,43.5181799],[28.3993935,43.5222906],[28.3974026,43.5260967],[28.3952148,43.5304994],[28.3932635,43.5355115],[28.3917112,43.5406627],[28.3910038,43.5459658],[28.3906892,43.5500484],[28.3916296,43.5548722],[28.3928039,43.5608763],[28.3945158,43.5636996],[28.3973729,43.5704628],[28.4008083,43.5752549],[28.4033922,43.579151],[28.4076315,43.5827244],[28.4118889,43.5870529],[28.4180028,43.5907539],[28.4238918,43.593702],[28.4297743,43.5963478],[28.4362806,43.5989854],[28.4436224,43.6017632],[28.4492987,43.6044106],[28.4545671,43.607365],[28.4569225,43.6102052],[28.4580311,43.6130613],[28.4580294,43.6130713],[28.4580447,43.6131107],[28.4569588,43.6194633],[28.4555698,43.6225064],[28.4531593,43.6258595],[28.4503199,43.6289119],[28.4468681,43.6322871],[28.4427944,43.6361113],[28.4405827,43.6390114],[28.4394138,43.6425017],[28.4384483,43.6456832],[28.4381509,43.650369],[28.4376592,43.6562637],[28.4379673,43.6603386],[28.4461904,43.6934142],[28.4454316,43.7145624],[28.4454311,43.7145751],[28.4454306,43.7145893],[28.4454306,43.7145897],[28.4462927,43.7335405],[28.4462907,43.7335466],[28.450477,43.7336466],[28.4510175,43.7336872],[28.4517969,43.7337457],[28.4530419,43.7338391],[28.4538889,43.7339166],[28.453889,43.7339166],[28.4555637,43.7340697],[28.4562838,43.7341355],[28.4571664,43.7341589],[28.4599079,43.7342317],[28.4600688,43.7342358],[28.4604032,43.734236],[28.4634394,43.7342377],[28.4647278,43.7342375],[28.4662753,43.7342373],[28.470518,43.7345789],[28.4719971,43.7346979],[28.4723516,43.7347264],[28.4732753,43.7347726],[28.4762791,43.7349227],[28.4770986,43.7349637],[28.4791835,43.7350407],[28.4791836,43.7350407],[28.4810421,43.7350769],[28.4813989,43.7350838],[28.4831544,43.735118],[28.4842321,43.7352162],[28.4844349,43.7352347],[28.4937644,43.7355794],[28.4937645,43.7355794],[28.4940535,43.7355848],[28.4942262,43.735588],[28.4942756,43.7355889],[28.4945423,43.7355939],[28.4954429,43.7356106],[28.4968889,43.7356092],[28.498413,43.7356077],[28.5019307,43.735639],[28.5035255,43.7356531],[28.5049242,43.7357004],[28.5091621,43.7358436],[28.509467,43.7358539],[28.5141932,43.7361515],[28.520269,43.73635],[28.5210795,43.7364001],[28.5221733,43.7364678],[28.5266159,43.7367425],[28.5307326,43.7368854],[28.5324217,43.7369439],[28.5348605,43.7370581],[28.5366077,43.7371398],[28.5389369,43.737228],[28.5418742,43.737339],[28.5427019,43.7373875],[28.5493597,43.7376335],[28.5493597,43.7376335],[28.550568,43.7376344],[28.5515966,43.7376351],[28.5535663,43.7377889],[28.5585215,43.737972],[28.5596531,43.7380146],[28.5596531,43.7380146],[28.5598122,43.7380178],[28.5602388,43.7380262],[28.563941,43.7381535],[28.5660456,43.7382258],[28.5687725,43.7383581],[28.5712483,43.7384514],[28.5712483,43.7384514],[28.5738381,43.7385489],[28.5738381,43.7385489],[28.5780635,43.7386187],[28.578748,43.7386169],[28.5788308,43.7386167],[28.5788234,43.7385998]]]]}},{"type":"Feature","id":"BG2G00000JT042","properties":{"OBJECTID":11,"localId":"BG2G00000JT042","nameTxtInt":"KARST WATERS - JURA-TRIAS KARST FRACTURED ZONE","nameText":"KARST WATERS - JURA-TRIAS KARST FRACTURED ZONE","horizons":"1,2","Type":"6","Age":"JT","n":39.0,"cod":"BG2G00000JT042","ime":"Карстови води в юра-триас  карстово-пукнатинна зона","risk_q":"Не е в риск","risk_ch":"Не е в риск","q_s":"добро","dostoverno":" -","ch_s":"добро","dostover_1":" -","sustoyanie":"добро","sustoyan_1":"добро","Shape_Leng":284546.796125,"Shape_Area":328751766.679,"gwb_code":"BG2G00000JT042","gwb_name":"Карстови води в юра-триас  карстово-пукнатинна зона","basin_district":"BG2"},"geometry":{"type":"MultiPolygon","coordinates":[[[[27.3989995,42.0855992],[27.3996005,42.0853972],[27.4030015,42.0857972],[27.4047005,42.0854962],[27.4059005,42.0847982],[27.4065015,42.0841992],[27.4073005,42.0830962],[27.4080004,42.0818992],[27.4086014,42.0806972],[27.4098004,42.0794951],[27.4110004,42.0786981],[27.4126004,42.0779961],[27.4173994,42.0768971],[27.4190004,42.0764971],[27.4212014,42.0757991],[27.4231004,42.0749981],[27.4259003,42.073499],[27.4270013,42.072598],[27.4285003,42.071496],[27.4306993,42.069096],[27.4313993,42.067998],[27.4313992,42.066197],[27.4310012,42.065099],[27.4308002,42.063897],[27.4306002,42.062497],[27.4310012,42.061398],[27.4317012,42.060498],[27.4369001,42.056397],[27.4401011,42.0540969],[27.4424011,42.0520979],[27.4444,42.0504959],[27.4488,42.0473979],[27.4504,42.0464979],[27.451199,42.0462959],[27.452599,42.0459978],[27.455199,42.0448958],[27.4587999,42.0431978],[27.4600989,42.0421948],[27.4632999,42.0394978],[27.4643999,42.0384988],[27.4653999,42.0381968],[27.4665989,42.0382968],[27.4676009,42.0384987],[27.4680999,42.0384987],[27.4684989,42.0383957],[27.4693989,42.0376977],[27.4699009,42.0369957],[27.4707989,42.0362977],[27.4736998,42.0338977],[27.4744998,42.0329977],[27.4751998,42.0316967],[27.4760008,42.0307967],[27.4781998,42.0288967],[27.4795998,42.0278977],[27.4806997,42.0269967],[27.4821997,42.0260966],[27.4833987,42.0252956],[27.4846007,42.0250976],[27.4867997,42.0251966],[27.4882987,42.0254976],[27.4890997,42.0252956],[27.4900007,42.0249986],[27.4903987,42.0241966],[27.4907007,42.0231976],[27.4912987,42.0226976],[27.4919987,42.0223966],[27.4944997,42.0217976],[27.4953997,42.0213966],[27.4960997,42.0204965],[27.4966987,42.0197945],[27.4979996,42.0194975],[27.4991996,42.0192955],[27.5007996,42.0185965],[27.5019996,42.0181965],[27.5030996,42.0178955],[27.5044996,42.0177955],[27.5049996,42.0177955],[27.5054996,42.0178955],[27.5070996,42.0181965],[27.5106986,42.0190964],[27.5113986,42.0191954],[27.5116996,42.0190964],[27.5119996,42.0188984],[27.5122986,42.0184974],[27.5122986,42.0183944],[27.5119996,42.0178954],[27.5101986,42.0163954],[27.5101986,42.0161974],[27.5103996,42.0160984],[27.5107996,42.0160984],[27.5119006,42.0161974],[27.5124996,42.0163954],[27.5131996,42.0164954],[27.5137996,42.0163954],[27.5147996,42.0161974],[27.5154006,42.0158964],[27.5154006,42.0154954],[27.5154996,42.0148964],[27.5156996,42.0145954],[27.5164986,42.0144964],[27.5176986,42.0145954],[27.5179996,42.0147974],[27.5183986,42.0148964],[27.5187996,42.0147974],[27.5190986,42.0145954],[27.5192986,42.0142974],[27.5196006,42.0140954],[27.5198996,42.0139964],[27.5208996,42.0138974],[27.5221996,42.0139964],[27.5227986,42.0138974],[27.5233996,42.0136954],[27.5239986,42.0133974],[27.5243996,42.0130964],[27.5274985,42.0106963],[27.5299995,42.0089953],[27.5308995,42.0084953],[27.5317995,42.0079953],[27.5336995,42.0072973],[27.5343005,42.0070953],[27.5348995,42.0069963],[27.5350995,42.0068973],[27.5353985,42.0067983],[27.5361995,42.0063973],[27.5368995,42.0058973],[27.5375995,42.0043943],[27.5385004,42.0030973],[27.5388984,42.0026973],[27.5394994,42.0022962],[27.5397994,42.0019952],[27.5410994,42.0010952],[27.5424994,41.9999962],[27.5429994,41.9994962],[27.5431994,41.9990962],[27.5441004,41.9979972],[27.5450994,41.9962962],[27.5462003,41.9942972],[27.5465983,41.9932972],[27.5467993,41.9927982],[27.5469993,41.9924962],[27.5478003,41.9906962],[27.5490993,41.9884952],[27.5493982,41.9877972],[27.5499002,41.9864962],[27.5500982,41.9861942],[27.5502992,41.9858972],[27.5513992,41.9851952],[27.5522992,41.9847942],[27.5539002,41.9835971],[27.5553992,41.9815981],[27.5560002,41.9806971],[27.5563981,41.9799961],[27.5570981,41.9787981],[27.5574991,41.9782941],[27.5577981,41.9778971],[27.5595991,41.9759981],[27.5602001,41.9755971],[27.5626981,41.9734951],[27.5633981,41.9730951],[27.564699,41.9721941],[27.565698,41.9713971],[27.5667,41.9706951],[27.567499,41.9699971],[27.568498,41.969295],[27.569198,41.968597],[27.570598,41.967598],[27.572199,41.965996],[27.573198,41.964695],[27.5734999,41.964397],[27.5736999,41.963997],[27.5738979,41.963596],[27.5741989,41.962894],[27.5744989,41.962196],[27.5745979,41.961796],[27.5745979,41.961197],[27.5745979,41.960296],[27.5734999,41.960296],[27.5721989,41.960094],[27.5712979,41.960197],[27.5697989,41.960197],[27.5694999,41.960197],[27.5690989,41.960396],[27.5681989,41.960895],[27.5676989,41.9609951],[27.5674989,41.9610981],[27.5669989,41.9609951],[27.5665989,41.9608951],[27.5663979,41.9607961],[27.5651989,41.9602961],[27.5644989,41.9601971],[27.5638999,41.9600941],[27.5627989,41.9600941],[27.5610999,41.9603961],[27.5603999,41.9603961],[27.5603999,41.9600941],[27.5603999,41.9598961],[27.5604989,41.9595951],[27.5607979,41.9591981],[27.5611989,41.9588961],[27.5614979,41.9586941],[27.5624999,41.9583971],[27.5631999,41.9582981],[27.5642979,41.9582981],[27.5655989,41.9580951],[27.5665989,41.9574961],[27.5673999,41.9572941],[27.5679989,41.9573971],[27.5687999,41.957195],[27.5692999,41.956997],[27.5697989,41.956596],[27.5699999,41.956398],[27.5700988,41.956196],[27.5700988,41.955894],[27.5699998,41.955498],[27.5696978,41.955295],[27.5690988,41.954895],[27.5685998,41.954395],[27.5681988,41.9538951],[27.5678998,41.9532961],[27.5678998,41.9528961],[27.5678998,41.9524951],[27.5680998,41.952198],[27.5682978,41.952095],[27.5689978,41.952396],[27.5714988,41.954395],[27.5729998,41.955295],[27.5734998,41.955498],[27.5737988,41.955097],[27.5739988,41.953697],[27.5744988,41.952095],[27.5747978,41.951195],[27.5750998,41.950496],[27.5736998,41.950496],[27.5726978,41.950397],[27.5722998,41.950294],[27.5714988,41.949795],[27.5707988,41.949497],[27.5686988,41.949196],[27.5677978,41.9487951],[27.5666997,41.9480971],[27.5661977,41.9477961],[27.5655987,41.9475971],[27.5649977,41.9473951],[27.5642977,41.9472961],[27.5631997,41.9471971],[27.5619977,41.9470981],[27.5600977,41.9463961],[27.5580997,41.9461971],[27.5569987,41.9462971],[27.5562987,41.9459951],[27.5555987,41.9454951],[27.5550987,41.9449961],[27.5550987,41.9446941],[27.5554997,41.9445951],[27.5559997,41.9445951],[27.5570977,41.9445951],[27.5580997,41.9447971],[27.5592987,41.9452971],[27.5598977,41.9452971],[27.5603997,41.9452971],[27.5616987,41.9447971],[27.5621977,41.9447971],[27.5629997,41.9450951],[27.5635977,41.9455951],[27.5643997,41.9458961],[27.5649977,41.9460941],[27.5663977,41.9462971],[27.5678997,41.9470981],[27.5685997,41.947597],[27.5693987,41.947895],[27.5700987,41.948097],[27.5706997,41.948196],[27.5724977,41.947998],[27.5731977,41.948097],[27.5740977,41.948097],[27.5757998,41.948696],[27.5762988,41.948894],[27.5765988,41.948498],[27.5771997,41.947998],[27.5783987,41.947098],[27.5793987,41.946697],[27.5803977,41.946297],[27.5812987,41.945995],[27.5840987,41.9450949],[27.5863987,41.9439959],[27.5884987,41.9428979],[27.5900987,41.9417949],[27.5909987,41.9417949],[27.5913977,41.9415969],[27.5916987,41.9411959],[27.5922977,41.9414979],[27.5932997,41.9421959],[27.5941977,41.9426949],[27.5949987,41.9429969],[27.5957237,41.9431379],[27.5964977,41.9429969],[27.5967997,41.9426949],[27.5967827,41.9421309],[27.5965987,41.9414979],[27.5964977,41.9409979],[27.5962366,41.9404099],[27.5958436,41.9397769],[27.5967356,41.9396744],[27.5895231,41.9321752],[27.588778,41.9314005],[27.5848065,41.932152],[27.587652,41.936558],[27.586972,41.9366052],[27.5830168,41.9368797],[27.5746098,41.9374632],[27.574354,41.937481],[27.5743661,41.9366401],[27.5743683,41.936489],[27.5743707,41.9363228],[27.5743711,41.9362923],[27.5743654,41.9362845],[27.5742986,41.936195],[27.5739986,41.935795],[27.5735986,41.935394],[27.5726976,41.934696],[27.5717976,41.934097],[27.5706996,41.933597],[27.5701996,41.933197],[27.5699786,41.932865],[27.5665985,41.9298971],[27.5647135,41.9280201],[27.5628975,41.9261971],[27.5591974,41.9223971],[27.5561994,41.9191971],[27.5541984,41.9169961],[27.5517643,41.9139822],[27.5514973,41.9142952],[27.5508983,41.9147952],[27.5500973,41.9153972],[27.5488984,41.9159962],[27.5476984,41.9164962],[27.5461994,41.9168972],[27.5449684,41.9169312],[27.5442994,41.9170952],[27.5439984,41.9174962],[27.5438984,41.9177972],[27.5438984,41.9180942],[27.5436984,41.9184952],[27.5432984,41.9190982],[27.5419994,41.9200972],[27.5415984,41.9204982],[27.5410984,41.9215962],[27.5407994,41.9225962],[27.5406984,41.9233972],[27.5401985,41.9241942],[27.5387985,41.9249953],[27.5383985,41.9253963],[27.5381975,41.9257963],[27.5378985,41.9261973],[27.5374975,41.9264943],[27.5370995,41.9265973],[27.5363995,41.9269943],[27.5352985,41.9279973],[27.5345985,41.9291953],[27.5344995,41.9309963],[27.5343986,41.9320943],[27.5343986,41.9338953],[27.5343986,41.9352953],[27.5341986,41.9361953],[27.5336986,41.9370953],[27.5334986,41.9372983],[27.5328996,41.9377973],[27.5320986,41.9383963],[27.5316096,41.9387433],[27.5310436,41.9391333],[27.5305986,41.9395983],[27.5302136,41.9399413],[27.5297977,41.9402963],[27.5295977,41.9411963],[27.5292987,41.9417953],[27.5277987,41.9438973],[27.5256987,41.9457973],[27.5249987,41.9467963],[27.5244998,41.9482954],[27.5244558,41.9505884],[27.5242988,41.9514964],[27.5241978,41.9519964],[27.5241978,41.9524954],[27.5237998,41.9536974],[27.5234978,41.9538954],[27.5232978,41.9539954],[27.5230998,41.9539954],[27.5227978,41.9539954],[27.5222988,41.9537964],[27.5217988,41.9536974],[27.5213978,41.9536974],[27.5207988,41.9538954],[27.5204978,41.9542964],[27.5202998,41.9545974],[27.5200938,41.9551664],[27.5197978,41.9556964],[27.5194989,41.9560964],[27.5191989,41.9562954],[27.5188999,41.9563984],[27.5185979,41.9564974],[27.5180989,41.9564974],[27.5174999,41.9566954],[27.5169979,41.9569974],[27.5164979,41.9576954],[27.5159989,41.9581954],[27.5157979,41.9585954],[27.5157979,41.9587974],[27.5161989,41.9594954],[27.5166989,41.9598964],[27.5176979,41.9604954],[27.5185979,41.9609954],[27.5187989,41.9615974],[27.5188999,41.9619984],[27.5191989,41.9624984],[27.5192979,41.9627954],[27.5192979,41.9631964],[27.5189989,41.9637954],[27.518999,41.9641954],[27.519098,41.9646954],[27.5196,41.9654964],[27.5196,41.9667974],[27.5203,41.9676974],[27.521099,41.9683954],[27.521599,41.9690974],[27.521599,41.9696964],[27.521398,41.9698944],[27.520599,41.9705964],[27.519499,41.9713974],[27.518799,41.9719964],[27.5179991,41.9733964],[27.5175991,41.9738964],[27.5170991,41.9743964],[27.5165991,41.9746974],[27.5159991,41.9749944],[27.5144991,41.9755974],[27.5138991,41.9757964],[27.5128991,41.9764974],[27.5115981,41.9779974],[27.5106981,41.9788974],[27.5099981,41.9796945],[27.5087982,41.9812965],[27.5084002,41.9820975],[27.5082742,41.9823765],[27.5079992,41.9829985],[27.5073982,41.9836965],[27.5070992,41.9838945],[27.5068002,41.9840965],[27.5063992,41.9840965],[27.5061002,41.9840965],[27.5054992,41.9838945],[27.5049002,41.9838945],[27.5043982,41.9840965],[27.5040992,41.9843985],[27.5033992,41.9848975],[27.5028002,41.9848975],[27.5024982,41.9845965],[27.5022982,41.9837955],[27.5017982,41.9830975],[27.5014002,41.9827965],[27.5007992,41.9825975],[27.5007992,41.9840965],[27.4984992,41.9839975],[27.4972002,41.9836965],[27.4965992,41.9834975],[27.4958002,41.9830976],[27.4949992,41.9824946],[27.4932992,41.9822966],[27.4923992,41.9819946],[27.4914992,41.9813966],[27.4900002,41.9799966],[27.4893991,41.9791946],[27.4889981,41.9780966],[27.4889981,41.9763946],[27.4888991,41.9750976],[27.4884991,41.9740946],[27.4879991,41.9735946],[27.4869991,41.9736976],[27.4865001,41.9736976],[27.4858991,41.9736976],[27.4851991,41.9734956],[27.4839991,41.9724966],[27.4837001,41.9719966],[27.482899,41.9682966],[27.482698,41.9672966],[27.4804,41.9696967],[27.478699,41.9710967],[27.4769001,41.9722977],[27.4739001,41.9737977],[27.4713991,41.9748957],[27.4686981,41.9761967],[27.4651981,41.9783978],[27.4636992,41.9792978],[27.4617992,41.9801988],[27.4601992,41.9806978],[27.4583992,41.9809958],[27.4571002,41.9817968],[27.4543992,41.9833948],[27.4526992,41.9845969],[27.4499993,41.9871989],[27.4489993,41.9883969],[27.4482993,41.9890979],[27.4473993,41.9893959],[27.4466003,41.9895979],[27.4457003,41.9894949],[27.4450003,41.9894949],[27.4440993,41.9898959],[27.4429993,41.9906969],[27.4424003,41.9918979],[27.4396994,41.9949959],[27.4384994,41.995995],[27.4368994,41.996495],[27.4354004,41.996598],[27.4338994,41.996396],[27.4329984,41.996396],[27.4317004,41.996796],[27.4300994,41.998196],[27.4287984,41.998795],[27.4277004,41.999196],[27.4270994,41.999696],[27.4263994,42.000398],[27.4257984,42.001096],[27.4243984,42.001698],[27.4226994,42.0027971],[27.4209995,42.0041971],[27.4184005,42.0060971],[27.4158005,42.0082981],[27.4144995,42.0101981],[27.4137006,42.0119981],[27.4135996,42.0131961],[27.4135006,42.0139971],[27.4135006,42.0154961],[27.4137996,42.0168961],[27.4140997,42.0193991],[27.4139997,42.0206961],[27.4137997,42.0221991],[27.4128997,42.0243961],[27.4126997,42.0256971],[27.4124987,42.0267951],[27.4116008,42.0277991],[27.4109008,42.0284971],[27.4088998,42.0305992],[27.4074008,42.0318952],[27.4016009,42.0366982],[27.4000999,42.0382972],[27.3998989,42.0385982],[27.4024989,42.0374952],[27.4055999,42.0358972],[27.4068989,42.0352982],[27.4082988,42.0347982],[27.4098998,42.0344971],[27.4116008,42.0340971],[27.4125998,42.0335971],[27.4137998,42.0329981],[27.4144998,42.0323951],[27.4149008,42.0314991],[27.4154998,42.0306981],[27.4160998,42.0301981],[27.4179998,42.0291991],[27.4189998,42.0288971],[27.4212998,42.0284971],[27.4219008,42.0281951],[27.4228998,42.0273981],[27.4247997,42.026097],[27.4258997,42.025498],[27.4270007,42.025296],[27.4285987,42.025296],[27.4303007,42.025395],[27.4313987,42.025395],[27.4324997,42.025197],[27.4338997,42.024796],[27.4354997,42.023896],[27.4354997,42.022996],[27.4359997,42.022397],[27.4370997,42.022096],[27.4383987,42.0217979],[27.4394007,42.0211949],[27.4399987,42.0199969],[27.4404986,42.0180979],[27.4410996,42.0171969],[27.4443996,42.0146989],[27.4475996,42.0124979],[27.4495986,42.0118989],[27.4515006,42.0113949],[27.4551985,42.0112958],[27.4578996,42.0112958],[27.4607985,42.0109988],[27.4625995,42.0102968],[27.4630985,42.0098958],[27.4639995,42.0091978],[27.4660995,42.0075958],[27.4676995,42.0066957],[27.4697995,42.0059977],[27.4718995,42.0056957],[27.4734995,42.0056957],[27.4744995,42.0051957],[27.4749985,42.0044977],[27.4763985,42.0035977],[27.4788004,42.0028957],[27.4814994,42.0023956],[27.4837994,42.0020986],[27.4875984,42.0018966],[27.4910984,42.0022966],[27.4923994,42.0025986],[27.4925994,42.0032966],[27.4921005,42.0038956],[27.4890995,42.0056956],[27.4865005,42.0073976],[27.4860005,42.0076986],[27.4849995,42.0085946],[27.4844005,42.0093956],[27.4837005,42.0104986],[27.4830995,42.0110976],[27.4823005,42.0113946],[27.4809996,42.0116967],[27.4799996,42.0120967],[27.4791986,42.0125967],[27.4784986,42.0134967],[27.4779996,42.0143967],[27.4771996,42.0150957],[27.4757996,42.0155947],[27.4730996,42.0157967],[27.4720996,42.0162967],[27.4714986,42.0166977],[27.4699996,42.0174987],[27.4679986,42.0178957],[27.4664996,42.0181968],[27.4650996,42.0186968],[27.4642986,42.0190968],[27.4631997,42.0200968],[27.4623987,42.0206958],[27.4611997,42.0210958],[27.4592007,42.0211948],[27.4582997,42.0214968],[27.4572987,42.0220958],[27.4564997,42.0227968],[27.4557997,42.0235988],[27.4547997,42.0245978],[27.4540997,42.0252958],[27.4529007,42.0256968],[27.4515997,42.0259979],[27.4497987,42.0264979],[27.4492997,42.0268979],[27.4473997,42.0269969],[27.4464998,42.0271959],[27.4457998,42.0274969],[27.4450008,42.0281949],[27.4443998,42.0288969],[27.4434988,42.0293969],[27.4417008,42.0302969],[27.4408008,42.0305989],[27.4401998,42.0309949],[27.4390988,42.0318949],[27.4373998,42.033196],[27.4362988,42.034398],[27.4348989,42.035699],[27.4340999,42.036496],[27.4331009,42.036996],[27.4312009,42.037396],[27.4298999,42.037598],[27.4282999,42.037896],[27.4240999,42.038499],[27.4230999,42.0387961],[27.4223999,42.0391971],[27.4215989,42.0399981],[27.4208989,42.0409971],[27.4196999,42.0422981],[27.4183,42.0440991],[27.416699,42.0459981],[27.415601,42.0470971],[27.4136,42.0489971],[27.413001,42.0494971],[27.412101,42.0499961],[27.411099,42.0504961],[27.4100011,42.0514951],[27.4091001,42.0520982],[27.4080001,42.0526972],[27.4066991,42.0531972],[27.4059001,42.0536962],[27.4052001,42.0543982],[27.4031991,42.0558982],[27.4007001,42.0570952],[27.3996991,42.0576982],[27.3989991,42.0582972],[27.3982992,42.0591972],[27.3975992,42.0607962],[27.3965002,42.0614982],[27.3954002,42.0625962],[27.3949002,42.0632983],[27.3935992,42.0653963],[27.3928002,42.0663963],[27.3918013,42.0672963],[27.3911013,42.0677963],[27.3900003,42.0689973],[27.3902003,42.0694973],[27.3889003,42.0701993],[27.3886003,42.0707983],[27.3884993,42.0712983],[27.3882003,42.0717973],[27.3879993,42.0724953],[27.3891993,42.0735983],[27.3900994,42.0749983],[27.3905994,42.0757993],[27.3910004,42.0770963],[27.3910004,42.0775963],[27.3910004,42.0789963],[27.3917004,42.0796973],[27.3919004,42.0799993],[27.3935004,42.0810973],[27.3940994,42.0813993],[27.3946014,42.0816962],[27.3953015,42.0826962],[27.3956995,42.0841992],[27.3963005,42.0854962],[27.3974015,42.0869992],[27.3984995,42.0859962],[27.3989995,42.0855992]]],[[[27.675001,42.1019467],[27.6759069,42.1014946],[27.6743635,42.1021597],[27.675001,42.1019467]]],[[[27.671402,42.1031488],[27.6719137,42.1029779],[27.6712283,42.1031836],[27.671402,42.1031488]]],[[[27.6248978,42.1103827],[27.6271978,42.1102796],[27.6299978,42.1100816],[27.6308978,42.1098826],[27.6318978,42.1098826],[27.6341978,42.1096806],[27.6456968,42.1082805],[27.6529988,42.1072815],[27.6545968,42.1070825],[27.6592534,42.1059175],[27.6584621,42.1057499],[27.6575011,42.1055479],[27.6567001,42.1052509],[27.6563011,42.1049489],[27.6561011,42.1044499],[27.6561011,42.1043907],[27.6560977,42.1043824],[27.6560977,42.1041263],[27.6560977,42.1040804],[27.6564987,42.1036804],[27.6574977,42.1031804],[27.6590977,42.1024824],[27.6598977,42.1022804],[27.6608987,42.1019824],[27.6617967,42.1018794],[27.6627317,42.1018264],[27.6631627,42.1018264],[27.6632895,42.1018464],[27.6634987,42.1018794],[27.6636987,42.1022804],[27.6636835,42.1023107],[27.663702,42.1023478],[27.663601,42.1025498],[27.663338,42.1029728],[27.662901,42.1036488],[27.6621021,42.1045488],[27.6616601,42.1051693],[27.6637978,42.1046794],[27.6658977,42.1043824],[27.6698977,42.1033823],[27.6713987,42.1030813],[27.6749977,42.1018793],[27.6761977,42.1012803],[27.6778967,42.1001823],[27.6786977,42.0997813],[27.6807977,42.0989803],[27.6820967,42.0986823],[27.6834967,42.0983813],[27.6849977,42.0982822],[27.6881987,42.0982822],[27.6914987,42.0984802],[27.6932967,42.0984802],[27.6955967,42.0983812],[27.6975977,42.0983812],[27.6976143,42.0983855],[27.6993006,42.0971931],[27.7002006,42.0964951],[27.7029016,42.0943931],[27.7035005,42.0936951],[27.7041005,42.0928941],[27.7044995,42.0921961],[27.7048005,42.0914941],[27.7056005,42.0901941],[27.7062005,42.0894951],[27.7083005,42.0877941],[27.7098005,42.0863941],[27.7102005,42.0857951],[27.7109994,42.084494],[27.7116004,42.082797],[27.7119004,42.081595],[27.7128004,42.080394],[27.7134014,42.079894],[27.7141014,42.079394],[27.7148014,42.079097],[27.7160004,42.078696],[27.7175004,42.078093],[27.7183013,42.077796],[27.7195003,42.077197],[27.7211013,42.076094],[27.7230003,42.074294],[27.7235003,42.073497],[27.7239013,42.073096],[27.7242003,42.072196],[27.7242993,42.071494],[27.7235993,42.071494],[27.7218013,42.071696],[27.7205003,42.071795],[27.7191003,42.072097],[27.7165993,42.072295],[27.7109883,42.072963],[27.7060003,42.0735961],[27.7025003,42.0739961],[27.7000003,42.0743971],[27.6973013,42.0745951],[27.6955003,42.0746942],[27.6924013,42.0745952],[27.6909711,42.0745559],[27.6888003,42.0744962],[27.6869993,42.0743972],[27.6825003,42.0740952],[27.6819713,42.0746752],[27.6815003,42.0751942],[27.6806863,42.0759613],[27.6798563,42.0767013],[27.6790003,42.0772963],[27.6776004,42.0780933],[27.6757994,42.0789943],[27.6740014,42.0799973],[27.6717004,42.0810953],[27.6703004,42.0817943],[27.6696004,42.0819963],[27.6684014,42.0825953],[27.6673004,42.0829953],[27.6668004,42.0832974],[27.6650004,42.0839954],[27.6617005,42.0853954],[27.6610005,42.0855974],[27.6574015,42.0871954],[27.6568005,42.0874974],[27.6559005,42.0880954],[27.6547995,42.0884964],[27.6542005,42.0888974],[27.6524005,42.0900945],[27.6505995,42.0918955],[27.6496995,42.0927955],[27.6482006,42.0935965],[27.6472006,42.0940965],[27.6463006,42.0943935],[27.6425016,42.0952945],[27.6403006,42.0957935],[27.6390016,42.0959965],[27.6379996,42.0964956],[27.6372006,42.0966946],[27.6363006,42.0971936],[27.6351996,42.0978956],[27.6325016,42.0991966],[27.6309006,42.0997956],[27.6286996,42.1004936],[27.6283016,42.1006956],[27.6269017,42.1013936],[27.6265062,42.1016482],[27.6255017,42.1022946],[27.6251007,42.1024966],[27.6237007,42.1028967],[27.6221007,42.1031947],[27.6199017,42.1038967],[27.6183997,42.1043967],[27.6159017,42.1055937],[27.6169007,42.1060937],[27.6169997,42.1062957],[27.6171017,42.1065977],[27.6169997,42.1078947],[27.6169277,42.1083327],[27.6167008,42.1089967],[27.6162008,42.1099967],[27.6159018,42.1102937],[27.6151008,42.1101947],[27.6136018,42.1098967],[27.6125998,42.1095957],[27.6118008,42.1091957],[27.6111998,42.1088937],[27.6107007,42.1084967],[27.6104998,42.1083937],[27.6103017,42.1080967],[27.6103017,42.1077957],[27.6107007,42.1067957],[27.6107007,42.1061967],[27.6106007,42.1055937],[27.6104997,42.1052967],[27.6102007,42.1050947],[27.6085007,42.1047968],[27.6074007,42.1049958],[27.6069997,42.1051978],[27.6064007,42.1053958],[27.6041997,42.1060938],[27.6034007,42.1062958],[27.6011007,42.1063958],[27.6009493,42.1063807],[27.5991017,42.1061968],[27.5957997,42.1055938],[27.5936007,42.1049959],[27.5922997,42.1045949],[27.5912017,42.1043969],[27.5889007,42.1036949],[27.5877017,42.1034959],[27.5869007,42.1033969],[27.5836997,42.1033969],[27.5822997,42.1035959],[27.5824007,42.1038969],[27.5828017,42.1049959],[27.5827007,42.1066969],[27.5857997,42.1063959],[27.5864997,42.1063959],[27.5885007,42.1064949],[27.5899997,42.1069939],[27.5908007,42.1072959],[27.5920007,42.1080969],[27.5922998,42.1084969],[27.5927008,42.1086959],[27.5936008,42.1089969],[27.5953008,42.1092948],[27.5964008,42.1095958],[27.5965829,42.1096786],[27.5975018,42.1100958],[27.5969008,42.1107978],[27.5964008,42.1118958],[27.5961968,42.1125488],[27.5959008,42.1134948],[27.596003,42.1134655],[27.5995809,42.1129428],[27.5999969,42.1128818],[27.6024979,42.1126828],[27.6055969,42.1121838],[27.6079989,42.1119818],[27.6177988,42.1107837],[27.6194978,42.1107837],[27.6222978,42.1105817],[27.6248978,42.1103827]],[[27.6821976,42.0905803],[27.6827966,42.0905803],[27.6832986,42.0907823],[27.6839986,42.0910802],[27.6858986,42.0921822],[27.6860986,42.0925832],[27.6862966,42.0931822],[27.6862885,42.093215],[27.6862999,42.0932497],[27.6862009,42.0936497],[27.6859019,42.0940507],[27.6855009,42.0942487],[27.684101,42.0951487],[27.683,42.0958467],[27.681501,42.0967477],[27.680101,42.0974497],[27.676701,42.0985477],[27.674801,42.0993487],[27.6723,42.1001498],[27.6709,42.1005468],[27.669802,42.1006498],[27.669102,42.1006498],[27.668701,42.1004478],[27.6684814,42.1002005],[27.667902,42.0995478],[27.667601,42.0990478],[27.667002,42.0979488],[27.666801,42.0971478],[27.6668078,42.0971206],[27.6667977,42.0970804],[27.6668976,42.0966804],[27.6671986,42.0963824],[27.6676986,42.0959824],[27.6708966,42.0944823],[27.6727986,42.0937813],[27.6757845,42.0923345],[27.6760986,42.0921823],[27.6778966,42.0914803],[27.6810976,42.0907823],[27.6821976,42.0905803]]],[[[27.5901019,42.1747513],[27.5902985,42.1745394],[27.5900088,42.1748344],[27.5901019,42.1747513]]],[[[27.4869016,42.233849],[27.4869038,42.2338468],[27.4868925,42.2338528],[27.4869016,42.233849]]],[[[27.3992085,42.2559354],[27.4003987,42.2548852],[27.4035997,42.2523822],[27.4093007,42.2493841],[27.4137556,42.2473486],[27.4173986,42.2456841],[27.4231996,42.2435821],[27.4331005,42.240881],[27.4385985,42.2389809],[27.4408005,42.2399849],[27.4417005,42.2405839],[27.4419996,42.2415829],[27.4419943,42.2416224],[27.4420026,42.2416504],[27.4418027,42.2431494],[27.4409027,42.2443514],[27.4382894,42.2472168],[27.4421407,42.2472346],[27.4615688,42.2473246],[27.4632027,42.2469492],[27.4654027,42.2462512],[27.4668027,42.2447512],[27.4672086,42.2443253],[27.4676006,42.2439817],[27.4690006,42.2428837],[27.4697995,42.2419837],[27.4709995,42.2410827],[27.4720995,42.2402817],[27.4732995,42.2396827],[27.4753995,42.2388817],[27.4765995,42.2385847],[27.4778995,42.2378827],[27.4802995,42.2360817],[27.4818995,42.2353836],[27.4837005,42.2348836],[27.4856994,42.2342816],[27.4868984,42.2337816],[27.4884994,42.2321836],[27.4895994,42.2314816],[27.4905984,42.2310806],[27.4921004,42.2303826],[27.4935004,42.2297836],[27.4968632,42.2286319],[27.5149315,42.2193055],[27.5155982,42.2185834],[27.5190982,42.2160814],[27.5206982,42.2151814],[27.5217992,42.2144824],[27.5227982,42.2139834],[27.5236992,42.2137814],[27.5245002,42.2135823],[27.5252992,42.2130823],[27.5259002,42.2124843],[27.5270991,42.2112823],[27.5276981,42.2108813],[27.5280001,42.2105843],[27.5284991,42.2102823],[27.5288981,42.2102823],[27.5295981,42.2109813],[27.5301001,42.2113813],[27.5305991,42.2117823],[27.5318981,42.2109813],[27.5326991,42.2105843],[27.5338001,42.2101833],[27.5340631,42.2099623],[27.5343991,42.2095813],[27.5350001,42.2089823],[27.5392001,42.2053812],[27.5406,42.2042822],[27.5413,42.2037822],[27.542116,42.2033552],[27.542999,42.2028822],[27.543808,42.2025422],[27.544498,42.2022832],[27.545198,42.2020812],[27.5483,42.2020812],[27.549,42.2024812],[27.549105,42.2027832],[27.5490948,42.2028121],[27.5491082,42.2028506],[27.5490032,42.2031476],[27.5487012,42.2035486],[27.5481022,42.2042506],[27.5473013,42.2054486],[27.5473013,42.2056917],[27.5473991,42.2059832],[27.5477871,42.2061022],[27.5481991,42.2060822],[27.5485001,42.2059832],[27.5490001,42.2057812],[27.5495991,42.2054842],[27.5504991,42.2050832],[27.550861,42.2048692],[27.551399,42.2045832],[27.553999,42.2039811],[27.5562,42.2032821],[27.557899,42.2028821],[27.559198,42.2024811],[27.5604,42.2019821],[27.561199,42.2015811],[27.5632,42.2002801],[27.563598,42.1998841],[27.563999,42.1992811],[27.564699,42.1981821],[27.5658989,42.1967821],[27.5665989,42.1962831],[27.5676536,42.1957087],[27.5677127,42.1956421],[27.5676871,42.195073],[27.5675021,42.1949505],[27.5667031,42.1948505],[27.5664856,42.1945034],[27.5664181,42.1943957],[27.5662011,42.1940495],[27.5661979,42.1939821],[27.5662905,42.1936757],[27.5662939,42.1936646],[27.5664999,42.1929831],[27.5671999,42.1920831],[27.5690989,42.190683],[27.5692974,42.1905588],[27.5702564,42.1898252],[27.5714214,42.1886878],[27.5738467,42.1863196],[27.5740978,42.186082],[27.5744988,42.185681],[27.5759978,42.185182],[27.5773727,42.1844937],[27.5778078,42.1841676],[27.5799618,42.1819321],[27.580201,42.1815484],[27.580802,42.1809504],[27.581502,42.1804504],[27.5817853,42.1803788],[27.5848566,42.1788853],[27.5884961,42.1761573],[27.5908763,42.1739167],[27.5914009,42.1733513],[27.5934019,42.1713483],[27.5952018,42.1696503],[27.5958008,42.1691513],[27.5987018,42.1669503],[27.5990629,42.1667938],[27.5991535,42.1667231],[27.599244,42.1667153],[27.5995648,42.1665763],[27.6000776,42.1666003],[27.6038116,42.166155],[27.6041018,42.1660492],[27.6059028,42.1656492],[27.6067018,42.1656492],[27.6070123,42.1657107],[27.6091562,42.1653444],[27.6091683,42.1653436],[27.6093018,42.1652482],[27.6096028,42.1649512],[27.6102488,42.1647982],[27.6109018,42.1647492],[27.6124028,42.1647492],[27.6137018,42.1648482],[27.6144842,42.1648582],[27.6223623,42.1638631],[27.6229028,42.1637491],[27.6233211,42.1635728],[27.6267089,42.1614611],[27.6278373,42.1607],[27.6280007,42.1605491],[27.6168007,42.1611471],[27.6169017,42.1608501],[27.6173027,42.1603501],[27.6178347,42.1599121],[27.6186017,42.1596481],[27.6221017,42.1594501],[27.6227027,42.1593511],[27.6236027,42.1592481],[27.6254007,42.1587481],[27.6267017,42.1581491],[27.6274017,42.1575501],[27.6278027,42.1571501],[27.6283027,42.1563491],[27.6283596,42.1562062],[27.6283343,42.1551151],[27.6174271,42.1561072],[27.6172017,42.1566501],[27.6166027,42.1580501],[27.6144017,42.1583472],[27.6099017,42.1588472],[27.6016017,42.1601483],[27.6018017,42.1595493],[27.6021007,42.1588472],[27.6026027,42.1579512],[27.6028007,42.1573482],[27.5974017,42.1567493],[27.5837006,42.1549494],[27.5841016,42.1538504],[27.5846216,42.1527214],[27.5854016,42.1513484],[27.5856403,42.1510241],[27.5860608,42.1506118],[27.586306,42.1503713],[27.5896063,42.1471343],[27.5897015,42.1468503],[27.5898335,42.1465425],[27.5899841,42.1446749],[27.5883655,42.1427769],[27.585155,42.1418401],[27.5844836,42.1411506],[27.5839795,42.1409114],[27.5840015,42.1409494],[27.5835453,42.1405692],[27.5832089,42.1404101],[27.5822674,42.1386568],[27.5822014,42.1385494],[27.5820891,42.1383247],[27.5820157,42.1381881],[27.5790022,42.1342459],[27.5807524,42.1297936],[27.5746003,42.1311494],[27.5743767,42.1311928],[27.5684013,42.1323505],[27.5675013,42.1318515],[27.5667023,42.1310505],[27.5663013,42.1305505],[27.5660023,42.1301495],[27.5655943,42.1295015],[27.5648003,42.1289485],[27.5639023,42.1285515],[27.5635013,42.1282505],[27.5633013,42.1279485],[27.5630023,42.1271515],[27.5630023,42.1270926],[27.5629991,42.1270841],[27.5629991,42.1266831],[27.5629991,42.1260811],[27.5632041,42.1256024],[27.562791,42.1251604],[27.5602023,42.1261485],[27.5596013,42.1256486],[27.5587002,42.1243136],[27.5584012,42.1233486],[27.5578002,42.1232486],[27.5578108,42.123185],[27.5577999,42.1231951],[27.556002,42.1239971],[27.554537,42.1246111],[27.5553209,42.1234511],[27.5567019,42.1218951],[27.5575009,42.1209941],[27.5588019,42.1200941],[27.5600999,42.1193961],[27.5605009,42.1190951],[27.5609019,42.1187971],[27.5612009,42.1183971],[27.5616019,42.1163981],[27.5624008,42.1151961],[27.5630018,42.1143951],[27.5645008,42.1128961],[27.5656008,42.1116941],[27.5659008,42.1114961],[27.5660018,42.1112971],[27.5672018,42.110294],[27.5682008,42.109398],[27.5696008,42.108497],[27.5716017,42.107597],[27.5729007,42.106598],[27.5731007,42.106296],[27.5736007,42.105797],[27.5738007,42.105297],[27.5745997,42.104397],[27.5759007,42.103397],[27.5772017,42.102695],[27.5775007,42.102497],[27.5778007,42.102398],[27.5766997,42.102196],[27.5757007,42.102096],[27.5747997,42.102096],[27.5722007,42.102695],[27.5705997,42.102997],[27.5689997,42.103397],[27.5680007,42.103798],[27.5640997,42.1056971],[27.5631007,42.1061971],[27.5621997,42.1065981],[27.5617007,42.1068951],[27.5612007,42.1071971],[27.5579998,42.1092951],[27.5567018,42.1102941],[27.5556008,42.1112971],[27.5532018,42.1138951],[27.5523008,42.1150971],[27.5507009,42.1175952],[27.5500999,42.1181942],[27.5498009,42.1186942],[27.5493009,42.1191982],[27.5482009,42.1200942],[27.5472009,42.1206972],[27.5466289,42.1210672],[27.5457019,42.1215972],[27.5442009,42.1222952],[27.5419009,42.1234972],[27.540102,42.1242942],[27.539101,42.1248972],[27.538002,42.1254962],[27.536201,42.1268963],[27.534801,42.1279943],[27.533802,42.1289983],[27.531502,42.1313973],[27.5295011,42.1338963],[27.5277001,42.1355973],[27.5263001,42.1367953],[27.5253011,42.1375963],[27.5210022,42.1405944],[27.5202012,42.1413954],[27.5191002,42.1426964],[27.5182022,42.1434974],[27.5178012,42.1438984],[27.5161022,42.1453974],[27.5140022,42.1467974],[27.5116003,42.1480984],[27.5096023,42.1495974],[27.5082023,42.1509975],[27.5073013,42.1516955],[27.5049023,42.1540955],[27.5040024,42.1548965],[27.5031014,42.1555985],[27.5026024,42.1560975],[27.5008014,42.1572955],[27.4986024,42.1581955],[27.4955004,42.1592985],[27.4913004,42.1605956],[27.4878014,42.1618966],[27.4845015,42.1628956],[27.4817015,42.1640976],[27.4799005,42.1648987],[27.4754015,42.1667977],[27.4734025,42.1674967],[27.4697025,42.1684957],[27.4651015,42.1692968],[27.4632015,42.1697968],[27.4620025,42.1702968],[27.4610006,42.1709978],[27.4601006,42.1718988],[27.4588016,42.1726958],[27.4556016,42.1737978],[27.4532016,42.1749958],[27.4507016,42.1760989],[27.4487026,42.1773959],[27.4462017,42.1791959],[27.4446017,42.1810959],[27.4439017,42.1823969],[27.4437017,42.1837969],[27.4438027,42.1850979],[27.4445028,42.1861959],[27.4450028,42.1872989],[27.4451018,42.1887979],[27.4443028,42.1898959],[27.4427018,42.1911969],[27.4406018,42.1926959],[27.4398008,42.1932949],[27.4394029,42.1942989],[27.4388019,42.1959959],[27.4380029,42.1970989],[27.4367019,42.1981969],[27.4356009,42.198796],[27.4343019,42.199296],[27.4300009,42.200497],[27.426602,42.202298],[27.424903,42.203397],[27.423402,42.204297],[27.421802,42.2047971],[27.417003,42.2058951],[27.414302,42.2067961],[27.411902,42.2074971],[27.410302,42.2077991],[27.409303,42.2075971],[27.409001,42.2068991],[27.409202,42.2062961],[27.409701,42.2054991],[27.411002,42.2042971],[27.411302,42.2030951],[27.411202,42.2022981],[27.4114029,42.2015961],[27.4121029,42.2010961],[27.4129019,42.2006961],[27.4141019,42.1998991],[27.4176019,42.1973961],[27.4198029,42.1956991],[27.4219028,42.1936961],[27.4225018,42.192098],[27.4221028,42.1913961],[27.4217018,42.1913961],[27.4207028,42.1914991],[27.4193028,42.1921971],[27.4166018,42.1934981],[27.4151029,42.1938981],[27.4114029,42.1942991],[27.4098019,42.1951991],[27.4084019,42.1966981],[27.4076009,42.1974952],[27.4058029,42.1978962],[27.4047019,42.1976982],[27.4034009,42.1972972],[27.4021019,42.1964962],[27.4007019,42.1959962],[27.3956019,42.1960952],[27.3920009,42.1966983],[27.3901009,42.1971983],[27.3890029,42.1978963],[27.3855029,42.2010963],[27.382201,42.2032973],[27.380002,42.2038963],[27.379003,42.2040994],[27.375602,42.2039964],[27.374001,42.2042974],[27.373502,42.2043964],[27.370402,42.2061974],[27.369302,42.2067964],[27.367001,42.2078984],[27.365302,42.2084975],[27.364102,42.2089975],[27.3625021,42.2101985],[27.3610031,42.2106985],[27.3597021,42.2107975],[27.3571021,42.2104965],[27.3547031,42.2101985],[27.3527021,42.2101985],[27.3505031,42.2103976],[27.3468031,42.2115986],[27.3455021,42.2117976],[27.3448021,42.2118966],[27.3426604,42.2119727],[27.3399573,42.2116649],[27.3392021,42.2110996],[27.3390021,42.2101986],[27.3392021,42.2092986],[27.340901,42.2079976],[27.341903,42.2072956],[27.347302,42.2048966],[27.349002,42.2038966],[27.350701,42.2026996],[27.351401,42.2016955],[27.351203,42.2011965],[27.350001,42.2012996],[27.342801,42.2020966],[27.340802,42.2020966],[27.339602,42.2018976],[27.339202,42.2012996],[27.3382019,42.2003986],[27.3368019,42.2002956],[27.3356029,42.2006967],[27.334002,42.2013987],[27.331801,42.2020967],[27.329701,42.2022987],[27.327903,42.2022987],[27.327302,42.2019977],[27.327401,42.2015967],[27.328002,42.2011967],[27.3290009,42.2002957],[27.3298019,42.1994987],[27.3308019,42.1979997],[27.3316009,42.1956997],[27.3319018,42.1923997],[27.3322018,42.1891987],[27.3325007,42.1829967],[27.3330007,42.1800967],[27.3333017,42.1787967],[27.3340016,42.1768967],[27.3359016,42.1729977],[27.3375016,42.1702976],[27.3404015,42.1673976],[27.3423005,42.1660976],[27.3454025,42.1637966],[27.3471015,42.1621986],[27.3487014,42.1607986],[27.3519024,42.1583985],[27.3537014,42.1571975],[27.3555014,42.1560985],[27.3573024,42.1551985],[27.3614013,42.1536995],[27.3649013,42.1528985],[27.3687023,42.1517954],[27.3714013,42.1507964],[27.3739013,42.1496974],[27.3778023,42.1478974],[27.3806023,42.1466993],[27.3848022,42.1445973],[27.3870012,42.1436973],[27.3888012,42.1430983],[27.3905012,42.1427963],[27.3927002,42.1426973],[27.3945012,42.1422972],[27.3960022,42.1416982],[27.3997002,42.1395962],[27.4014012,42.1383982],[27.4039001,42.1370972],[27.4061011,42.1358962],[27.4080011,42.1350982],[27.4104001,42.1343961],[27.4132001,42.1337981],[27.4146001,42.1330961],[27.4157011,42.1321951],[27.4168011,42.1310971],[27.418001,42.1297961],[27.419102,42.1283961],[27.421301,42.1256991],[27.422901,42.1244971],[27.425001,42.123399],[27.426701,42.122598],[27.4290009,42.121796],[27.4324019,42.121297],[27.4350999,42.120896],[27.4373019,42.120396],[27.4385999,42.1198969],[27.4396019,42.1191989],[27.4413999,42.1165969],[27.4434998,42.1136979],[27.4444008,42.1122979],[27.4441998,42.1118969],[27.4434998,42.1109969],[27.4423008,42.1099979],[27.4397998,42.1088949],[27.4380018,42.1082959],[27.4375018,42.108098],[27.4364998,42.107198],[27.4354017,42.106198],[27.4348007,42.105496],[27.4331017,42.103398],[27.4306997,42.101197],[27.4299997,42.100797],[27.4283007,42.099995],[27.4255007,42.098798],[27.4240016,42.097997],[27.4232006,42.0971951],[27.4220006,42.0950971],[27.4212016,42.0940981],[27.4224006,42.0941971],[27.4232006,42.094296],[27.4228016,42.0938961],[27.4224006,42.0932971],[27.4221016,42.0927971],[27.4214016,42.0919961],[27.4168006,42.0908971],[27.4147005,42.0904971],[27.4131005,42.0898981],[27.4119005,42.0893981],[27.4106005,42.0885971],[27.4094005,42.0879981],[27.4082005,42.0876972],[27.4070005,42.0877962],[27.4028005,42.0888992],[27.4010995,42.0892952],[27.4028005,42.0898982],[27.4074016,42.0907982],[27.4093016,42.0912981],[27.4103996,42.0917981],[27.4110996,42.0922971],[27.4116016,42.0927971],[27.4122006,42.0934951],[27.4130016,42.0938961],[27.4172016,42.0939991],[27.4185006,42.0940981],[27.4203006,42.0960971],[27.4217006,42.0975961],[27.4229007,42.0989961],[27.4245007,42.100797],[27.4250007,42.100297],[27.4255007,42.100098],[27.4263017,42.100198],[27.4278997,42.100999],[27.4285997,42.101697],[27.4289017,42.102597],[27.4284017,42.103799],[27.4283007,42.104195],[27.4271997,42.104997],[27.4268017,42.105298],[27.4263017,42.105496],[27.4249017,42.105698],[27.4248007,42.105496],[27.4242017,42.104897],[27.4240017,42.104195],[27.4227007,42.1054961],[27.4198018,42.1064961],[27.4191018,42.1065991],[27.4173007,42.1065991],[27.4165018,42.1067971],[27.4157008,42.1071981],[27.4145998,42.1075981],[27.4134008,42.1078961],[27.4123018,42.1080981],[27.4091008,42.1080981],[27.4084008,42.1082962],[27.4074018,42.1085982],[27.4064008,42.1089982],[27.4043008,42.1094982],[27.4030018,42.1096962],[27.4010998,42.1097952],[27.3991008,42.1099982],[27.3972008,42.1103982],[27.3966008,42.1104972],[27.3960018,42.1108982],[27.3956008,42.1110962],[27.3949998,42.1112982],[27.3940008,42.1114973],[27.3928008,42.1114973],[27.3916008,42.1113983],[27.3897018,42.1106963],[27.3886008,42.1103983],[27.3876018,42.1101963],[27.3863008,42.1101963],[27.3847008,42.1102953],[27.3832018,42.1105973],[27.3807008,42.1112983],[27.3790018,42.1117984],[27.3772998,42.1124964],[27.3779998,42.1138964],[27.3790019,42.1158954],[27.3793999,42.1169984],[27.3798009,42.1181954],[27.3799019,42.1182984],[27.3799019,42.1199964],[27.3792019,42.1216974],[27.3782,42.1230974],[27.377201,42.1241964],[27.376402,42.1251954],[27.3761,42.1258974],[27.3747,42.1264964],[27.3712,42.1279954],[27.369902,42.1286974],[27.3671021,42.1302964],[27.3643021,42.1322985],[27.3627011,42.1329965],[27.3618011,42.1332985],[27.3584001,42.1334965],[27.3573021,42.1335955],[27.3556001,42.1339965],[27.3543011,42.1344965],[27.3532011,42.1350985],[27.3500001,42.1365976],[27.3476011,42.1374986],[27.3472001,42.1363956],[27.3467011,42.1351986],[27.3466011,42.1346986],[27.3447021,42.1307956],[27.3432011,42.1307956],[27.3423001,42.1306966],[27.3411011,42.1305976],[27.3391021,42.1307956],[27.3370021,42.1311967],[27.3345011,42.1319977],[27.3326011,42.1326997],[27.3311001,42.1330967],[27.3292011,42.1331997],[27.3248001,42.1329967],[27.3229011,42.1331997],[27.3207021,42.1333978],[27.3131011,42.1347978],[27.3120001,42.1350988],[27.3097021,42.1362968],[27.3086011,42.1368999],[27.3066002,42.1374989],[27.3050002,42.1378989],[27.3015002,42.1387999],[27.3006022,42.1391959],[27.3000012,42.1396999],[27.2978022,42.1416989],[27.2972012,42.1419959],[27.2921012,42.143999],[27.2899022,42.144499],[27.2891012,42.145197],[27.2885023,42.145597],[27.2881013,42.146196],[27.2868003,42.147398],[27.2854003,42.148199],[27.2850023,42.148497],[27.2843023,42.149099],[27.2838023,42.149599],[27.2833003,42.150396],[27.2827013,42.151098],[27.2820013,42.151796],[27.2810003,42.152498],[27.2803003,42.152697],[27.2769013,42.1526971],[27.2740003,42.1525971],[27.2725013,42.1526971],[27.2697014,42.1535971],[27.2662014,42.1551001],[27.2644004,42.1560992],[27.2629014,42.1569992],[27.2604014,42.1591972],[27.2595004,42.1600972],[27.2581005,42.1613982],[27.2571015,42.1621002],[27.2557015,42.1628972],[27.2522015,42.1652962],[27.2509005,42.1664983],[27.2494015,42.1680963],[27.2479026,42.1700993],[27.2455006,42.1731973],[27.2447016,42.1737993],[27.2427006,42.1745973],[27.2417016,42.1748983],[27.2399016,42.1751993],[27.2391016,42.1754973],[27.2385016,42.1758983],[27.2372027,42.1772973],[27.2364017,42.1779993],[27.2358027,42.1783964],[27.2317017,42.1799984],[27.2275017,42.1813984],[27.2233017,42.1825964],[27.2213027,42.1832985],[27.2191017,42.1841985],[27.2130018,42.1859005],[27.2117008,42.1863995],[27.2075008,42.1882996],[27.2068008,42.1887996],[27.2060018,42.1892996],[27.2041018,42.1906996],[27.2023018,42.1915996],[27.2002019,42.1924006],[27.1985029,42.1929006],[27.1958019,42.1940976],[27.1942009,42.1949986],[27.1933009,42.1957007],[27.1943029,42.1963986],[27.1950029,42.1967986],[27.1963009,42.1976996],[27.1976019,42.1985006],[27.1986019,42.1991986],[27.1997019,42.1997976],[27.200803,42.2001976],[27.2024009,42.2003996],[27.203801,42.2004986],[27.205401,42.2004986],[27.2156019,42.2001975],[27.2196019,42.2000985],[27.2216019,42.1999995],[27.2256019,42.1997974],[27.2276029,42.1997974],[27.2268019,42.2003994],[27.225602,42.2013994],[27.224502,42.2019984],[27.223502,42.2023984],[27.222302,42.2027004],[27.220202,42.2030965],[27.218802,42.2034975],[27.218001,42.2036005],[27.217101,42.2037985],[27.215802,42.2041995],[27.212201,42.2055005],[27.209702,42.2062975],[27.206202,42.2078006],[27.205401,42.2081976],[27.2045011,42.2089986],[27.2056021,42.2094976],[27.2047011,42.2100966],[27.2041021,42.2106996],[27.2036031,42.2111996],[27.2030021,42.2121986],[27.2025021,42.2125996],[27.2020021,42.2127976],[27.2008031,42.2134996],[27.2012011,42.2144986],[27.2017011,42.2156966],[27.2021022,42.2170966],[27.2022032,42.2176996],[27.2030022,42.2183976],[27.2046022,42.2196986],[27.2052012,42.2192976],[27.2057032,42.2191986],[27.2065022,42.2192976],[27.2080012,42.2192975],[27.2118022,42.2194995],[27.2130022,42.2192975],[27.2149022,42.2185995],[27.2158022,42.2183975],[27.2167022,42.2182985],[27.2190032,42.2183975],[27.2200022,42.2185995],[27.2221022,42.2196985],[27.2230022,42.2196984],[27.2238022,42.2195994],[27.2285766,42.2193284],[27.2306257,42.2210452],[27.2339053,42.2195269],[27.2359429,42.2205692],[27.2350129,42.2228967],[27.2358016,42.2246393],[27.2376842,42.2260308],[27.2401931,42.2275372],[27.2420728,42.2281147],[27.244733,42.2282253],[27.2475478,42.2278704],[27.2502053,42.2272833],[27.2525535,42.227627],[27.2525796,42.2276001],[27.2575481,42.2253925],[27.2576178,42.2253962],[27.2580943,42.2251523],[27.2603643,42.225417],[27.262906,42.2255461],[27.2647205,42.225407],[27.2672605,42.2251313],[27.2697996,42.2246532],[27.272613,42.2246465],[27.2735348,42.2244811],[27.2760015,42.2236054],[27.2807419,42.2216859],[27.281311,42.2213877],[27.2817961,42.2212591],[27.2838365,42.220447],[27.2844815,42.2200983],[27.285931,42.2195551],[27.2863562,42.2194439],[27.2867766,42.2192766],[27.2875017,42.2191446],[27.2880157,42.2190102],[27.2883904,42.2189828],[27.2913094,42.2184512],[27.292143,42.2179586],[27.2922752,42.2177853],[27.29336,42.2169056],[27.2955341,42.2160906],[27.2973464,42.2155463],[27.298888,42.2153399],[27.2997015,42.215362],[27.3018547,42.2151293],[27.3018815,42.2151346],[27.3025173,42.2152629],[27.3047848,42.2150546],[27.3066602,42.2148532],[27.3066882,42.2148515],[27.3101251,42.214654],[27.3102002,42.2144838],[27.3125993,42.2147858],[27.3205983,42.2162848],[27.3256993,42.2180857],[27.3279003,42.2191837],[27.3326993,42.2213847],[27.3340993,42.2219837],[27.3352983,42.2224837],[27.3367993,42.2227847],[27.3388993,42.2227846],[27.3420983,42.2224836],[27.3440993,42.2224836],[27.3459993,42.2225826],[27.3479993,42.2228836],[27.3499984,42.2235816],[27.3510994,42.2242836],[27.3538994,42.2257835],[27.3563994,42.2263815],[27.3585994,42.2264845],[27.3620994,42.2261835],[27.3643994,42.2254815],[27.3661994,42.2246845],[27.3678994,42.2242834],[27.3690984,42.2244824],[27.3703994,42.2246844],[27.3713994,42.2247834],[27.3725984,42.2247834],[27.3743994,42.2243834],[27.3764003,42.2238834],[27.3783993,42.2235814],[27.3802983,42.2233834],[27.3818003,42.2234823],[27.3834993,42.2238833],[27.3850994,42.2244823],[27.3872984,42.2256833],[27.3897004,42.2267823],[27.3920994,42.2281823],[27.3939994,42.2291813],[27.3957994,42.2296812],[27.3988994,42.2303832],[27.4003984,42.2308832],[27.4021994,42.2317832],[27.4034994,42.2321842],[27.4034239,42.2322274],[27.4035025,42.2322516],[27.4028025,42.2326516],[27.3998025,42.2335517],[27.3987025,42.2342507],[27.3982025,42.2348487],[27.3977025,42.2355507],[27.3977025,42.2367181],[27.3977985,42.2378832],[27.3977965,42.2378889],[27.3978016,42.2379507],[27.3974036,42.2390487],[27.3965026,42.2394497],[27.3950016,42.2396517],[27.3937026,42.2394497],[27.3916026,42.2387517],[27.3901016,42.2382517],[27.3884025,42.2378517],[27.3863025,42.2375498],[27.3833025,42.2369508],[27.3803015,42.2365508],[27.3793025,42.2360508],[27.3789015,42.2353488],[27.3784025,42.2349518],[27.3775015,42.2347498],[27.3768015,42.2347498],[27.3762035,42.2358528],[27.3754015,42.2368518],[27.3740015,42.2375498],[27.3724015,42.2383509],[27.3697861,42.2389672],[27.3690025,42.2391519],[27.3660026,42.2400529],[27.3652036,42.2403499],[27.364399,42.2408854],[27.3694006,42.2410834],[27.3790996,42.2414844],[27.3797775,42.2415301],[27.3834996,42.2417813],[27.3871996,42.2420833],[27.3905986,42.2419843],[27.3939996,42.2420833],[27.3971996,42.2421822],[27.4004996,42.2417812],[27.4024986,42.2412822],[27.4049995,42.2404842],[27.4072995,42.2394812],[27.4118995,42.2373831],[27.4133995,42.2366811],[27.4191005,42.2338811],[27.4224994,42.2324811],[27.4254004,42.231383],[27.4263004,42.233084],[27.4270995,42.233984],[27.4275995,42.234583],[27.4284995,42.234984],[27.4300995,42.235083],[27.4313985,42.235083],[27.4326995,42.234682],[27.4334985,42.234583],[27.4340005,42.234984],[27.4340005,42.235049],[27.4340035,42.2350514],[27.4340036,42.2361494],[27.4322026,42.2376484],[27.4299026,42.2387515],[27.4283026,42.2391515],[27.4265016,42.2396515],[27.4244016,42.2396515],[27.4217026,42.2394495],[27.4194026,42.2395485],[27.4180026,42.2398495],[27.4166026,42.2404485],[27.4160016,42.2409485],[27.4151036,42.2421506],[27.4143026,42.2434516],[27.4131027,42.2444506],[27.4117027,42.2452516],[27.4096027,42.2459496],[27.4086013,42.2462202],[27.4059027,42.2469496],[27.4038027,42.2475516],[27.4013017,42.2485516],[27.4002037,42.2494517],[27.3994027,42.2503517],[27.3988037,42.2513517],[27.3984046,42.2527451],[27.39868,42.2561404],[27.3986998,42.2563842],[27.3992085,42.2559354]]]]}},{"type":"Feature","id":"BG2G000PTPZ043","properties":{"OBJECTID":12,"localId":"BG2G000PTPZ043","nameTxtInt":"FRACTURED WATERS - PALEOZOIC-PROTEROZOIC FRACTURED ZONE","nameText":"FRACTURED WATERS - PALEOZOIC-PROTEROZOIC FRACTURED ZONE","horizons":"1,2,3","Type":"8","Age":"PTPZ","n":40.0,"cod":"BG2G000PTPZ043","ime":"Пукнатинни води в палеозой- протерозой пукнатинна зона","risk_q":"Не е в риск","risk_ch":"Не е в риск","q_s":"добро","dostoverno":" -","ch_s":"добро","dostover_1":" -","sustoyanie":"добро","sustoyan_1":"добро","Shape_Leng":520360.97441,"Shape_Area":1649809813.15,"gwb_code":"BG2G000PTPZ043","gwb_name":"Пукнатинни води в палеозой- протерозой пукнатинна зона","basin_district":"BG2"},"geometry":{"type":"MultiPolygon","coordinates":[[[[27.5743661,41.9366401],[27.5743683,41.936489],[27.5743577,41.9366307],[27.5743661,41.9366401]]],[[[26.7887904,42.3224089],[26.788819,42.3221042],[26.7886884,42.3222655],[26.7885491,42.3242104],[26.78833,42.3272718],[26.7885403,42.3250735],[26.7886543,42.3238589],[26.7887904,42.3224089]]],[[[26.7883126,42.3274543],[26.7883126,42.3274534],[26.786699,42.328201],[26.7871267,42.3282362],[26.7883126,42.3274543]]],[[[26.8197849,42.3323026],[26.8440611,42.3234212],[26.8688007,42.3098657],[26.8776594,42.2985462],[26.9025659,42.2937999],[26.9218309,42.3021625],[26.9306627,42.3057458],[26.9362977,42.2938236],[26.9475466,42.2878665],[26.9909104,42.2998037],[27.0077773,42.2950336],[27.019019,42.2866844],[27.0358867,42.2932394],[27.0728425,42.3033586],[27.1041598,42.2973716],[27.1346756,42.2949548],[27.1465359,42.2900038],[27.154734,42.2865816],[27.1723814,42.2794011],[27.1768486,42.2771394],[27.1948292,42.2680359],[27.1997033,42.2671527],[27.2180962,42.26382],[27.2317408,42.263197],[27.240923,42.2473402],[27.2517288,42.2428814],[27.2524353,42.2340621],[27.2524932,42.2333392],[27.2525535,42.227627],[27.2502053,42.2272833],[27.2475478,42.2278704],[27.244733,42.2282253],[27.2420728,42.2281147],[27.2401931,42.2275372],[27.2376842,42.2260308],[27.2358016,42.2246393],[27.2350129,42.2228967],[27.2359429,42.2205692],[27.2339053,42.2195269],[27.2306257,42.2210452],[27.2285766,42.2193284],[27.2238022,42.2195994],[27.2230022,42.2196984],[27.2221022,42.2196985],[27.2200022,42.2185995],[27.2190032,42.2183975],[27.2167022,42.2182985],[27.2158022,42.2183975],[27.2149022,42.2185995],[27.2130022,42.2192975],[27.2118022,42.2194995],[27.2080012,42.2192975],[27.2065022,42.2192976],[27.2057032,42.2191986],[27.2052012,42.2192976],[27.2046022,42.2196986],[27.2030022,42.2183976],[27.2022032,42.2176996],[27.2021022,42.2170966],[27.2017011,42.2156966],[27.2012011,42.2144986],[27.2008031,42.2134996],[27.2020021,42.2127976],[27.2025021,42.2125996],[27.2030021,42.2121986],[27.2036031,42.2111996],[27.2041021,42.2106996],[27.2047011,42.2100966],[27.2056021,42.2094976],[27.2045011,42.2089986],[27.205401,42.2081976],[27.206202,42.2078006],[27.209702,42.2062975],[27.212201,42.2055005],[27.215802,42.2041995],[27.217101,42.2037985],[27.218001,42.2036005],[27.218802,42.2034975],[27.220202,42.2030965],[27.222302,42.2027004],[27.223502,42.2023984],[27.224502,42.2019984],[27.225602,42.2013994],[27.2268019,42.2003994],[27.2276029,42.1997974],[27.2256019,42.1997974],[27.2216019,42.1999995],[27.2196019,42.2000985],[27.2156019,42.2001975],[27.205401,42.2004986],[27.203801,42.2004986],[27.2024009,42.2003996],[27.200803,42.2001976],[27.1997019,42.1997976],[27.1986019,42.1991986],[27.1976019,42.1985006],[27.1963009,42.1976996],[27.1950029,42.1967986],[27.1943029,42.1963986],[27.1933009,42.1957007],[27.1942009,42.1949986],[27.1958019,42.1940976],[27.1985029,42.1929006],[27.2002019,42.1924006],[27.2023018,42.1915996],[27.2041018,42.1906996],[27.2060018,42.1892996],[27.2068008,42.1887996],[27.2075008,42.1882996],[27.2117008,42.1863995],[27.2130018,42.1859005],[27.2191017,42.1841985],[27.2213027,42.1832985],[27.2233017,42.1825964],[27.2275017,42.1813984],[27.2317017,42.1799984],[27.2358027,42.1783964],[27.2364017,42.1779993],[27.2372027,42.1772973],[27.2385016,42.1758983],[27.2391016,42.1754973],[27.2399016,42.1751993],[27.2417016,42.1748983],[27.2427006,42.1745973],[27.2447016,42.1737993],[27.2455006,42.1731973],[27.2479026,42.1700993],[27.2494015,42.1680963],[27.2509005,42.1664983],[27.2522015,42.1652962],[27.2557015,42.1628972],[27.2571015,42.1621002],[27.2581005,42.1613982],[27.2595004,42.1600972],[27.2604014,42.1591972],[27.2629014,42.1569992],[27.2644004,42.1560992],[27.2662014,42.1551001],[27.2697014,42.1535971],[27.2725013,42.1526971],[27.2740003,42.1525971],[27.2769013,42.1526971],[27.2803003,42.152697],[27.2810003,42.152498],[27.2820013,42.151796],[27.2827013,42.151098],[27.2833003,42.150396],[27.2838023,42.149599],[27.2843023,42.149099],[27.2850023,42.148497],[27.2854003,42.148199],[27.2868003,42.147398],[27.2881013,42.146196],[27.2885023,42.145597],[27.2891012,42.145197],[27.2899022,42.144499],[27.2921012,42.143999],[27.2972012,42.1419959],[27.2978022,42.1416989],[27.3000012,42.1396999],[27.3006022,42.1391959],[27.3015002,42.1387999],[27.3050002,42.1378989],[27.3066002,42.1374989],[27.3086011,42.1368999],[27.3097021,42.1362968],[27.3120001,42.1350988],[27.3131011,42.1347978],[27.3207021,42.1333978],[27.3229011,42.1331997],[27.3248001,42.1329967],[27.3292011,42.1331997],[27.3311001,42.1330967],[27.3326011,42.1326997],[27.3345011,42.1319977],[27.3370021,42.1311967],[27.3391021,42.1307956],[27.3411011,42.1305976],[27.3423001,42.1306966],[27.3432011,42.1307956],[27.3447021,42.1307956],[27.3466011,42.1346986],[27.3467011,42.1351986],[27.3472001,42.1363956],[27.3476011,42.1374986],[27.3500001,42.1365976],[27.3532011,42.1350985],[27.3543011,42.1344965],[27.3556001,42.1339965],[27.3573021,42.1335955],[27.3584001,42.1334965],[27.3618011,42.1332985],[27.3627011,42.1329965],[27.3643021,42.1322985],[27.3671021,42.1302964],[27.369902,42.1286974],[27.3712,42.1279954],[27.3747,42.1264964],[27.3761,42.1258974],[27.376402,42.1251954],[27.377201,42.1241964],[27.3782,42.1230974],[27.3792019,42.1216974],[27.3799019,42.1199964],[27.3799019,42.1182984],[27.3798009,42.1181954],[27.3793999,42.1169984],[27.3790019,42.1158954],[27.3779998,42.1138964],[27.3772998,42.1124964],[27.3790018,42.1117984],[27.3807008,42.1112983],[27.3832018,42.1105973],[27.3847008,42.1102953],[27.3863008,42.1101963],[27.3876018,42.1101963],[27.3886008,42.1103983],[27.3897018,42.1106963],[27.3916008,42.1113983],[27.3928008,42.1114973],[27.3940008,42.1114973],[27.3949998,42.1112982],[27.3956008,42.1110962],[27.3960018,42.1108982],[27.3966008,42.1104972],[27.3972008,42.1103982],[27.3991008,42.1099982],[27.4010998,42.1097952],[27.4030018,42.1096962],[27.4043008,42.1094982],[27.4064008,42.1089982],[27.4074018,42.1085982],[27.4084008,42.1082962],[27.4091008,42.1080981],[27.4123018,42.1080981],[27.4134008,42.1078961],[27.4145998,42.1075981],[27.4157008,42.1071981],[27.4165018,42.1067971],[27.4173007,42.1065991],[27.4191018,42.1065991],[27.4198018,42.1064961],[27.4227007,42.1054961],[27.4240017,42.104195],[27.4242017,42.104897],[27.4248007,42.105496],[27.4249017,42.105698],[27.4263017,42.105496],[27.4268017,42.105298],[27.4271997,42.104997],[27.4283007,42.104195],[27.4284017,42.103799],[27.4289017,42.102597],[27.4285997,42.101697],[27.4278997,42.100999],[27.4263017,42.100198],[27.4255007,42.100098],[27.4250007,42.100297],[27.4245007,42.100797],[27.4229007,42.0989961],[27.4217006,42.0975961],[27.4203006,42.0960971],[27.4185006,42.0940981],[27.4172016,42.0939991],[27.4130016,42.0938961],[27.4122006,42.0934951],[27.4116016,42.0927971],[27.4110996,42.0922971],[27.4103996,42.0917981],[27.4093016,42.0912981],[27.4074016,42.0907982],[27.4028005,42.0898982],[27.4010995,42.0892952],[27.4028005,42.0888992],[27.4070005,42.0877962],[27.4082005,42.0876972],[27.4094005,42.0879981],[27.4106005,42.0885971],[27.4119005,42.0893981],[27.4131005,42.0898981],[27.4147005,42.0904971],[27.4168006,42.0908971],[27.4214016,42.0919961],[27.4221016,42.0927971],[27.4224006,42.0932971],[27.4228016,42.0938961],[27.4232006,42.094296],[27.4224006,42.0941971],[27.4212016,42.0940981],[27.4220006,42.0950971],[27.4232006,42.0971951],[27.4240016,42.097997],[27.4255007,42.098798],[27.4283007,42.099995],[27.4299997,42.100797],[27.4306997,42.101197],[27.4331017,42.103398],[27.4348007,42.105496],[27.4354017,42.106198],[27.4364998,42.107198],[27.4375018,42.108098],[27.4380018,42.1082959],[27.4397998,42.1088949],[27.4423008,42.1099979],[27.4434998,42.1109969],[27.4441998,42.1118969],[27.4444008,42.1122979],[27.4434998,42.1136979],[27.4413999,42.1165969],[27.4396019,42.1191989],[27.4385999,42.1198969],[27.4373019,42.120396],[27.4350999,42.120896],[27.4324019,42.121297],[27.4290009,42.121796],[27.426701,42.122598],[27.425001,42.123399],[27.422901,42.1244971],[27.421301,42.1256991],[27.419102,42.1283961],[27.418001,42.1297961],[27.4168011,42.1310971],[27.4157011,42.1321951],[27.4146001,42.1330961],[27.4132001,42.1337981],[27.4104001,42.1343961],[27.4080011,42.1350982],[27.4061011,42.1358962],[27.4039001,42.1370972],[27.4014012,42.1383982],[27.3997002,42.1395962],[27.3960022,42.1416982],[27.3945012,42.1422972],[27.3927002,42.1426973],[27.3905012,42.1427963],[27.3888012,42.1430983],[27.3870012,42.1436973],[27.3848022,42.1445973],[27.3806023,42.1466993],[27.3778023,42.1478974],[27.3739013,42.1496974],[27.3714013,42.1507964],[27.3687023,42.1517954],[27.3649013,42.1528985],[27.3614013,42.1536995],[27.3573024,42.1551985],[27.3555014,42.1560985],[27.3537014,42.1571975],[27.3519024,42.1583985],[27.3487014,42.1607986],[27.3471015,42.1621986],[27.3454025,42.1637966],[27.3423005,42.1660976],[27.3404015,42.1673976],[27.3375016,42.1702976],[27.3359016,42.1729977],[27.3340016,42.1768967],[27.3333017,42.1787967],[27.3330007,42.1800967],[27.3325007,42.1829967],[27.3322018,42.1891987],[27.3319018,42.1923997],[27.3316009,42.1956997],[27.3308019,42.1979997],[27.3298019,42.1994987],[27.3290009,42.2002957],[27.328002,42.2011967],[27.327401,42.2015967],[27.327302,42.2019977],[27.327903,42.2022987],[27.329701,42.2022987],[27.331801,42.2020967],[27.334002,42.2013987],[27.3356029,42.2006967],[27.3368019,42.2002956],[27.3382019,42.2003986],[27.339202,42.2012996],[27.339602,42.2018976],[27.340802,42.2020966],[27.342801,42.2020966],[27.350001,42.2012996],[27.351203,42.2011965],[27.351401,42.2016955],[27.350701,42.2026996],[27.349002,42.2038966],[27.347302,42.2048966],[27.341903,42.2072956],[27.340901,42.2079976],[27.3392021,42.2092986],[27.3390021,42.2101986],[27.3392021,42.2110996],[27.3399573,42.2116649],[27.3426604,42.2119727],[27.3448021,42.2118966],[27.3455021,42.2117976],[27.3468031,42.2115986],[27.3505031,42.2103976],[27.3527021,42.2101985],[27.3547031,42.2101985],[27.3571021,42.2104965],[27.3597021,42.2107975],[27.3610031,42.2106985],[27.3625021,42.2101985],[27.364102,42.2089975],[27.365302,42.2084975],[27.367001,42.2078984],[27.369302,42.2067964],[27.370402,42.2061974],[27.373502,42.2043964],[27.374001,42.2042974],[27.375602,42.2039964],[27.379003,42.2040994],[27.380002,42.2038963],[27.382201,42.2032973],[27.3855029,42.2010963],[27.3890029,42.1978963],[27.3901009,42.1971983],[27.3920009,42.1966983],[27.3956019,42.1960952],[27.4007019,42.1959962],[27.4021019,42.1964962],[27.4034009,42.1972972],[27.4047019,42.1976982],[27.4058029,42.1978962],[27.4076009,42.1974952],[27.4084019,42.1966981],[27.4098019,42.1951991],[27.4114029,42.1942991],[27.4151029,42.1938981],[27.4166018,42.1934981],[27.4193028,42.1921971],[27.4207028,42.1914991],[27.4217018,42.1913961],[27.4221028,42.1913961],[27.4225018,42.192098],[27.4219028,42.1936961],[27.4198029,42.1956991],[27.4176019,42.1973961],[27.4141019,42.1998991],[27.4129019,42.2006961],[27.4121029,42.2010961],[27.4114029,42.2015961],[27.411202,42.2022981],[27.411302,42.2030951],[27.411002,42.2042971],[27.409701,42.2054991],[27.409202,42.2062961],[27.409001,42.2068991],[27.409303,42.2075971],[27.410302,42.2077991],[27.411902,42.2074971],[27.414302,42.2067961],[27.417003,42.2058951],[27.421802,42.2047971],[27.423402,42.204297],[27.424903,42.203397],[27.426602,42.202298],[27.4300009,42.200497],[27.4343019,42.199296],[27.4356009,42.198796],[27.4367019,42.1981969],[27.4380029,42.1970989],[27.4388019,42.1959959],[27.4394029,42.1942989],[27.4398008,42.1932949],[27.4406018,42.1926959],[27.4427018,42.1911969],[27.4443028,42.1898959],[27.4451018,42.1887979],[27.4450028,42.1872989],[27.4445028,42.1861959],[27.4438027,42.1850979],[27.4437017,42.1837969],[27.4439017,42.1823969],[27.4446017,42.1810959],[27.4462017,42.1791959],[27.4487026,42.1773959],[27.4507016,42.1760989],[27.4532016,42.1749958],[27.4556016,42.1737978],[27.4588016,42.1726958],[27.4601006,42.1718988],[27.4610006,42.1709978],[27.4620025,42.1702968],[27.4632015,42.1697968],[27.4651015,42.1692968],[27.4697025,42.1684957],[27.4734025,42.1674967],[27.4754015,42.1667977],[27.4799005,42.1648987],[27.4817015,42.1640976],[27.4845015,42.1628956],[27.4878014,42.1618966],[27.4913004,42.1605956],[27.4955004,42.1592985],[27.4986024,42.1581955],[27.5008014,42.1572955],[27.5026024,42.1560975],[27.5031014,42.1555985],[27.5040024,42.1548965],[27.5049023,42.1540955],[27.5073013,42.1516955],[27.5082023,42.1509975],[27.5096023,42.1495974],[27.5116003,42.1480984],[27.5140022,42.1467974],[27.5161022,42.1453974],[27.5178012,42.1438984],[27.5182022,42.1434974],[27.5191002,42.1426964],[27.5202012,42.1413954],[27.5210022,42.1405944],[27.5253011,42.1375963],[27.5263001,42.1367953],[27.5277001,42.1355973],[27.5295011,42.1338963],[27.531502,42.1313973],[27.533802,42.1289983],[27.534801,42.1279943],[27.536201,42.1268963],[27.538002,42.1254962],[27.539101,42.1248972],[27.540102,42.1242942],[27.5419009,42.1234972],[27.5442009,42.1222952],[27.5457019,42.1215972],[27.5466289,42.1210672],[27.5472009,42.1206972],[27.5482009,42.1200942],[27.5493009,42.1191982],[27.5498009,42.1186942],[27.5500999,42.1181942],[27.5507009,42.1175952],[27.5523008,42.1150971],[27.5532018,42.1138951],[27.5556008,42.1112971],[27.5567018,42.1102941],[27.5579998,42.1092951],[27.5612007,42.1071971],[27.5617007,42.1068951],[27.5621997,42.1065981],[27.5631007,42.1061971],[27.5640997,42.1056971],[27.5680007,42.103798],[27.5689997,42.103397],[27.5705997,42.102997],[27.5722007,42.102695],[27.5747997,42.102096],[27.5757007,42.102096],[27.5766997,42.102196],[27.5778007,42.102398],[27.5775007,42.102497],[27.5772017,42.102695],[27.5759007,42.103397],[27.5745997,42.104397],[27.5738007,42.105297],[27.5736007,42.105797],[27.5731007,42.106296],[27.5729007,42.106598],[27.5716017,42.107597],[27.5696008,42.108497],[27.5682008,42.109398],[27.5672018,42.110294],[27.5660018,42.1112971],[27.5659008,42.1114961],[27.5656008,42.1116941],[27.5645008,42.1128961],[27.5630018,42.1143951],[27.5624008,42.1151961],[27.5616019,42.1163981],[27.5612009,42.1183971],[27.5609019,42.1187971],[27.5605009,42.1190951],[27.5600999,42.1193961],[27.5588019,42.1200941],[27.5575009,42.1209941],[27.5567019,42.1218951],[27.5553209,42.1234511],[27.554537,42.1246111],[27.556002,42.1239971],[27.5577999,42.1231951],[27.5578108,42.123185],[27.5588876,42.1221785],[27.579958,42.1161056],[27.59088,42.1145764],[27.5913176,42.1145152],[27.5956814,42.1139773],[27.5959008,42.1134948],[27.5961968,42.1125488],[27.5964008,42.1118958],[27.5969008,42.1107978],[27.5975018,42.1100958],[27.5965829,42.1096786],[27.5964008,42.1095958],[27.5953008,42.1092948],[27.5936008,42.1089969],[27.5927008,42.1086959],[27.5922998,42.1084969],[27.5920007,42.1080969],[27.5908007,42.1072959],[27.5899997,42.1069939],[27.5885007,42.1064949],[27.5864997,42.1063959],[27.5857997,42.1063959],[27.5827007,42.1066969],[27.5828017,42.1049959],[27.5824007,42.1038969],[27.5822997,42.1035959],[27.5836997,42.1033969],[27.5869007,42.1033969],[27.5877017,42.1034959],[27.5889007,42.1036949],[27.5912017,42.1043969],[27.5922997,42.1045949],[27.5936007,42.1049959],[27.5957997,42.1055938],[27.5991017,42.1061968],[27.6009493,42.1063807],[27.6011007,42.1063958],[27.6034007,42.1062958],[27.6041997,42.1060938],[27.6064007,42.1053958],[27.6069997,42.1051978],[27.6074007,42.1049958],[27.6085007,42.1047968],[27.6102007,42.1050947],[27.6104997,42.1052967],[27.6106007,42.1055937],[27.6107007,42.1061967],[27.6107007,42.1067957],[27.6103017,42.1077957],[27.6103017,42.1080967],[27.6104998,42.1083937],[27.6107007,42.1084967],[27.6111998,42.1088937],[27.6118008,42.1091957],[27.6125998,42.1095957],[27.6136018,42.1098967],[27.6151008,42.1101947],[27.6159018,42.1102937],[27.6162008,42.1099967],[27.6167008,42.1089967],[27.6169277,42.1083327],[27.6169997,42.1078947],[27.6171017,42.1065977],[27.6169997,42.1062957],[27.6169007,42.1060937],[27.6159017,42.1055937],[27.6183997,42.1043967],[27.6199017,42.1038967],[27.6221007,42.1031947],[27.6237007,42.1028967],[27.6251007,42.1024966],[27.6255017,42.1022946],[27.6265062,42.1016482],[27.6269017,42.1013936],[27.6283016,42.1006956],[27.6286996,42.1004936],[27.6309006,42.0997956],[27.6325016,42.0991966],[27.6351996,42.0978956],[27.6363006,42.0971936],[27.6372006,42.0966946],[27.6379996,42.0964956],[27.6390016,42.0959965],[27.6403006,42.0957935],[27.6425016,42.0952945],[27.6463006,42.0943935],[27.6472006,42.0940965],[27.6482006,42.0935965],[27.6496995,42.0927955],[27.6505995,42.0918955],[27.6524005,42.0900945],[27.6542005,42.0888974],[27.6547995,42.0884964],[27.6559005,42.0880954],[27.6568005,42.0874974],[27.6574015,42.0871954],[27.6610005,42.0855974],[27.6617005,42.0853954],[27.6650004,42.0839954],[27.6668004,42.0832974],[27.6673004,42.0829953],[27.6684014,42.0825953],[27.6696004,42.0819963],[27.6703004,42.0817943],[27.6717004,42.0810953],[27.6740014,42.0799973],[27.6757994,42.0789943],[27.6776004,42.0780933],[27.6790003,42.0772963],[27.6798563,42.0767013],[27.6806863,42.0759613],[27.6815003,42.0751942],[27.6819713,42.0746752],[27.6825003,42.0740952],[27.6869993,42.0743972],[27.6888003,42.0744962],[27.6909711,42.0745559],[27.6924013,42.0745952],[27.6955003,42.0746942],[27.6973013,42.0745951],[27.7000003,42.0743971],[27.7025003,42.0739961],[27.7060003,42.0735961],[27.7109883,42.072963],[27.7165993,42.072295],[27.7191003,42.072097],[27.7205003,42.071795],[27.7218013,42.071696],[27.7235993,42.071494],[27.7242993,42.071494],[27.7242003,42.072196],[27.7239013,42.073096],[27.7235003,42.073497],[27.7230003,42.074294],[27.7211013,42.076094],[27.7195003,42.077197],[27.7183013,42.077796],[27.7175004,42.078093],[27.7160004,42.078696],[27.7148014,42.079097],[27.7141014,42.079394],[27.7134014,42.079894],[27.7128004,42.080394],[27.7119004,42.081595],[27.7116004,42.082797],[27.7109994,42.084494],[27.7102005,42.0857951],[27.7098005,42.0863941],[27.7083005,42.0877941],[27.7062005,42.0894951],[27.7056005,42.0901941],[27.7048005,42.0914941],[27.7044995,42.0921961],[27.7041005,42.0928941],[27.7035005,42.0936951],[27.7029016,42.0943931],[27.7002006,42.0964951],[27.6993006,42.0971931],[27.6976143,42.0983855],[27.6976006,42.0983951],[27.697953,42.0988339],[27.7061499,42.0957996],[27.7217652,42.0822748],[27.7504812,42.0737425],[27.7704596,42.0712249],[27.80106,42.072195],[27.8094048,42.0662302],[27.811649,42.064626],[27.8248538,42.0551871],[27.8429603,42.0361112],[27.8625131,42.0133257],[27.8619197,42.006586],[27.8619196,42.0065832],[27.8616944,42.0064935],[27.8608732,42.0061661],[27.8607678,42.006124],[27.8604528,42.0058985],[27.8598845,42.0058785],[27.8597204,42.0053754],[27.8596705,42.0053399],[27.8596225,42.0053058],[27.8594602,42.0051904],[27.8593442,42.005108],[27.8588889,42.0042265],[27.8587921,42.0040392],[27.8585934,42.0036545],[27.8582865,42.0030624],[27.8583099,42.0020908],[27.8583094,42.0020907],[27.854866,42.0015532],[27.8548634,42.0015497],[27.8548416,42.0015576],[27.8547792,42.00158],[27.8547199,42.0015793],[27.8518635,42.0015476],[27.8515756,42.0014075],[27.850857,42.0010578],[27.8505095,42.001026],[27.8504913,42.0008702],[27.8332967,41.9981838],[27.8318589,41.9981836],[27.8318091,41.9981641],[27.8317998,41.9981649],[27.8313275,41.9987795],[27.8289509,41.9979885],[27.828392,41.9978025],[27.8283224,41.9972823],[27.8280483,41.9952326],[27.8278949,41.9940861],[27.8278675,41.993881],[27.8221676,41.9921001],[27.8216665,41.9919435],[27.8213249,41.9913438],[27.8207386,41.9903143],[27.8187961,41.9869036],[27.8186075,41.9865725],[27.8186616,41.9842795],[27.8186841,41.9833281],[27.8188612,41.9758214],[27.818865,41.9756625],[27.8190174,41.975633],[27.8231288,41.9748364],[27.8257469,41.9743292],[27.8260935,41.974262],[27.8258079,41.9737231],[27.8249005,41.9720114],[27.8202055,41.963154],[27.821504,41.9622752],[27.8249114,41.9599693],[27.8249378,41.9599514],[27.8260785,41.9591795],[27.8269026,41.9594419],[27.8280594,41.9598101],[27.8336505,41.96159],[27.8360615,41.9480405],[27.8263379,41.9479531],[27.826271,41.9479525],[27.8262051,41.9480066],[27.8238387,41.9499505],[27.8191665,41.9537885],[27.8138692,41.9540044],[27.81372,41.9540105],[27.8137498,41.9539428],[27.817623,41.94516],[27.8174768,41.9450262],[27.8146685,41.9424555],[27.8069508,41.9489695],[27.805163,41.9504784],[27.8031674,41.9521627],[27.802,41.953148],[27.8011987,41.9526466],[27.7942475,41.9482964],[27.7938195,41.9480285],[27.7936629,41.9483193],[27.7923042,41.9508413],[27.790552,41.954094],[27.7799835,41.9530715],[27.7799377,41.9531391],[27.7783935,41.9554194],[27.7782915,41.95557],[27.7789534,41.9559974],[27.786148,41.9606435],[27.7858913,41.9611443],[27.784621,41.963623],[27.7761224,41.9659167],[27.7759565,41.9659615],[27.775872,41.9658628],[27.7740455,41.9637275],[27.7708038,41.959938],[27.7706015,41.9597015],[27.7704296,41.9600304],[27.7692603,41.9622672],[27.768178,41.9643377],[27.767628,41.9653899],[27.766428,41.9676855],[27.7649183,41.9679121],[27.7560764,41.9692395],[27.7527029,41.9697459],[27.7504405,41.9700855],[27.7436525,41.967827],[27.7460746,41.969929],[27.7488615,41.9723475],[27.7484405,41.9726184],[27.7405015,41.9777268],[27.7380089,41.9793307],[27.737076,41.979931],[27.7367111,41.9794062],[27.7343128,41.9759564],[27.7327215,41.9736675],[27.7257338,41.974459],[27.7120556,41.9760084],[27.7070358,41.976577],[27.6970962,41.9777029],[27.6956785,41.9778635],[27.6956655,41.975655],[27.6974231,41.9757417],[27.7025375,41.975994],[27.7025781,41.9757076],[27.7033398,41.9703323],[27.703377,41.97007],[27.7029908,41.9703324],[27.6977465,41.973896],[27.684168,41.971588],[27.6839567,41.9709987],[27.6826754,41.9674256],[27.681446,41.963997],[27.6735765,41.963093],[27.6711235,41.9562875],[27.6700436,41.9582347],[27.6679144,41.9620739],[27.6678655,41.962162],[27.6677711,41.9621058],[27.6661165,41.9611199],[27.6587047,41.956704],[27.6586845,41.956692],[27.6586546,41.9567066],[27.6560778,41.9579626],[27.655594,41.9581985],[27.6564347,41.9589058],[27.6574448,41.9597557],[27.6587085,41.960819],[27.6526624,41.9620879],[27.65189,41.96225],[27.6505405,41.9610733],[27.6454612,41.9566442],[27.6431888,41.9546626],[27.6425935,41.9541435],[27.6421374,41.9542194],[27.639552,41.9546499],[27.639179,41.954712],[27.6382135,41.9593201],[27.6381855,41.9594535],[27.6380616,41.9593159],[27.6366574,41.9577554],[27.6339274,41.9547218],[27.6338465,41.954632],[27.6335925,41.9546984],[27.6308624,41.9554123],[27.6211418,41.9579542],[27.620573,41.958103],[27.6203117,41.9571782],[27.6200436,41.9562291],[27.6198425,41.9555175],[27.629648,41.9498595],[27.626893,41.9502154],[27.6239114,41.9506006],[27.623359,41.950672],[27.6239862,41.9499812],[27.6241088,41.9498461],[27.6252325,41.9486085],[27.6173442,41.9423001],[27.6165254,41.9416453],[27.6140963,41.9397026],[27.612625,41.938526],[27.6117116,41.9386797],[27.6094038,41.9390681],[27.60791,41.9393195],[27.6080487,41.9398055],[27.6090943,41.9434676],[27.6091019,41.9434945],[27.6094915,41.944859],[27.6089857,41.9451071],[27.6045609,41.9472776],[27.6042125,41.9474485],[27.6039682,41.9471945],[27.6004994,41.9435879],[27.5967356,41.9396744],[27.5958436,41.9397769],[27.5962366,41.9404099],[27.5964977,41.9409979],[27.5965987,41.9414979],[27.5967827,41.9421309],[27.5967997,41.9426949],[27.5964977,41.9429969],[27.5957237,41.9431379],[27.5949987,41.9429969],[27.5941977,41.9426949],[27.5932997,41.9421959],[27.5922977,41.9414979],[27.5916987,41.9411959],[27.5913977,41.9415969],[27.5909987,41.9417949],[27.5900987,41.9417949],[27.5884987,41.9428979],[27.5863987,41.9439959],[27.5840987,41.9450949],[27.5812987,41.945995],[27.5803977,41.946297],[27.5793987,41.946697],[27.5783987,41.947098],[27.5771997,41.947998],[27.5765988,41.948498],[27.5762988,41.948894],[27.5757998,41.948696],[27.5740977,41.948097],[27.5731977,41.948097],[27.5724977,41.947998],[27.5706997,41.948196],[27.5700987,41.948097],[27.5693987,41.947895],[27.5685997,41.947597],[27.5678997,41.9470981],[27.5663977,41.9462971],[27.5649977,41.9460941],[27.5643997,41.9458961],[27.5635977,41.9455951],[27.5629997,41.9450951],[27.5621977,41.9447971],[27.5616987,41.9447971],[27.5603997,41.9452971],[27.5598977,41.9452971],[27.5592987,41.9452971],[27.5580997,41.9447971],[27.5570977,41.9445951],[27.5559997,41.9445951],[27.5554997,41.9445951],[27.5550987,41.9446941],[27.5550987,41.9449961],[27.5555987,41.9454951],[27.5562987,41.9459951],[27.5569987,41.9462971],[27.5580997,41.9461971],[27.5600977,41.9463961],[27.5619977,41.9470981],[27.5631997,41.9471971],[27.5642977,41.9472961],[27.5649977,41.9473951],[27.5655987,41.9475971],[27.5661977,41.9477961],[27.5666997,41.9480971],[27.5677978,41.9487951],[27.5686988,41.949196],[27.5707988,41.949497],[27.5714988,41.949795],[27.5722998,41.950294],[27.5726978,41.950397],[27.5736998,41.950496],[27.5750998,41.950496],[27.5747978,41.951195],[27.5744988,41.952095],[27.5739988,41.953697],[27.5737988,41.955097],[27.5734998,41.955498],[27.5729998,41.955295],[27.5714988,41.954395],[27.5689978,41.952396],[27.5682978,41.952095],[27.5680998,41.952198],[27.5678998,41.9524951],[27.5678998,41.9528961],[27.5678998,41.9532961],[27.5681988,41.9538951],[27.5685998,41.954395],[27.5690988,41.954895],[27.5696978,41.955295],[27.5699998,41.955498],[27.5700988,41.955894],[27.5700988,41.956196],[27.5699999,41.956398],[27.5697989,41.956596],[27.5692999,41.956997],[27.5687999,41.957195],[27.5679989,41.9573971],[27.5673999,41.9572941],[27.5665989,41.9574961],[27.5655989,41.9580951],[27.5642979,41.9582981],[27.5631999,41.9582981],[27.5624999,41.9583971],[27.5614979,41.9586941],[27.5611989,41.9588961],[27.5607979,41.9591981],[27.5604989,41.9595951],[27.5603999,41.9598961],[27.5603999,41.9600941],[27.5603999,41.9603961],[27.5610999,41.9603961],[27.5627989,41.9600941],[27.5638999,41.9600941],[27.5644989,41.9601971],[27.5651989,41.9602961],[27.5663979,41.9607961],[27.5665989,41.9608951],[27.5669989,41.9609951],[27.5674989,41.9610981],[27.5676989,41.9609951],[27.5681989,41.960895],[27.5690989,41.960396],[27.5694999,41.960197],[27.5697989,41.960197],[27.5712979,41.960197],[27.5721989,41.960094],[27.5734999,41.960296],[27.5745979,41.960296],[27.5745979,41.961197],[27.5745979,41.961796],[27.5744989,41.962196],[27.5741989,41.962894],[27.5738979,41.963596],[27.5736999,41.963997],[27.5734999,41.964397],[27.573198,41.964695],[27.572199,41.965996],[27.570598,41.967598],[27.569198,41.968597],[27.568498,41.969295],[27.567499,41.9699971],[27.5667,41.9706951],[27.565698,41.9713971],[27.564699,41.9721941],[27.5633981,41.9730951],[27.5626981,41.9734951],[27.5602001,41.9755971],[27.5595991,41.9759981],[27.5577981,41.9778971],[27.5574991,41.9782941],[27.5570981,41.9787981],[27.5563981,41.9799961],[27.5560002,41.9806971],[27.5553992,41.9815981],[27.5539002,41.9835971],[27.5522992,41.9847942],[27.5513992,41.9851952],[27.5502992,41.9858972],[27.5500982,41.9861942],[27.5499002,41.9864962],[27.5493982,41.9877972],[27.5490993,41.9884952],[27.5478003,41.9906962],[27.5469993,41.9924962],[27.5467993,41.9927982],[27.5465983,41.9932972],[27.5462003,41.9942972],[27.5450994,41.9962962],[27.5441004,41.9979972],[27.5431994,41.9990962],[27.5429994,41.9994962],[27.5424994,41.9999962],[27.5410994,42.0010952],[27.5397994,42.0019952],[27.5394994,42.0022962],[27.5388984,42.0026973],[27.5385004,42.0030973],[27.5375995,42.0043943],[27.5368995,42.0058973],[27.5361995,42.0063973],[27.5353985,42.0067983],[27.5350995,42.0068973],[27.5348995,42.0069963],[27.5343005,42.0070953],[27.5336995,42.0072973],[27.5317995,42.0079953],[27.5308995,42.0084953],[27.5299995,42.0089953],[27.5274985,42.0106963],[27.5243996,42.0130964],[27.5239986,42.0133974],[27.5233996,42.0136954],[27.5227986,42.0138974],[27.5221996,42.0139964],[27.5208996,42.0138974],[27.5198996,42.0139964],[27.5196006,42.0140954],[27.5192986,42.0142974],[27.5190986,42.0145954],[27.5187996,42.0147974],[27.5183986,42.0148964],[27.5179996,42.0147974],[27.5176986,42.0145954],[27.5164986,42.0144964],[27.5156996,42.0145954],[27.5154996,42.0148964],[27.5154006,42.0154954],[27.5154006,42.0158964],[27.5147996,42.0161974],[27.5137996,42.0163954],[27.5131996,42.0164954],[27.5124996,42.0163954],[27.5119006,42.0161974],[27.5107996,42.0160984],[27.5103996,42.0160984],[27.5101986,42.0161974],[27.5101986,42.0163954],[27.5119996,42.0178954],[27.5122986,42.0183944],[27.5122986,42.0184974],[27.5119996,42.0188984],[27.5116996,42.0190964],[27.5113986,42.0191954],[27.5106986,42.0190964],[27.5070996,42.0181965],[27.5054996,42.0178955],[27.5049996,42.0177955],[27.5044996,42.0177955],[27.5030996,42.0178955],[27.5019996,42.0181965],[27.5007996,42.0185965],[27.4991996,42.0192955],[27.4979996,42.0194975],[27.4966987,42.0197945],[27.4960997,42.0204965],[27.4953997,42.0213966],[27.4944997,42.0217976],[27.4919987,42.0223966],[27.4912987,42.0226976],[27.4907007,42.0231976],[27.4903987,42.0241966],[27.4900007,42.0249986],[27.4890997,42.0252956],[27.4882987,42.0254976],[27.4867997,42.0251966],[27.4846007,42.0250976],[27.4833987,42.0252956],[27.4821997,42.0260966],[27.4806997,42.0269967],[27.4795998,42.0278977],[27.4781998,42.0288967],[27.4760008,42.0307967],[27.4751998,42.0316967],[27.4744998,42.0329977],[27.4736998,42.0338977],[27.4707989,42.0362977],[27.4699009,42.0369957],[27.4693989,42.0376977],[27.4684989,42.0383957],[27.4680999,42.0384987],[27.4676009,42.0384987],[27.4665989,42.0382968],[27.4653999,42.0381968],[27.4643999,42.0384988],[27.4632999,42.0394978],[27.4600989,42.0421948],[27.4587999,42.0431978],[27.455199,42.0448958],[27.452599,42.0459978],[27.451199,42.0462959],[27.4504,42.0464979],[27.4488,42.0473979],[27.4444,42.0504959],[27.4424011,42.0520979],[27.4401011,42.0540969],[27.4369001,42.056397],[27.4317012,42.060498],[27.4310012,42.061398],[27.4306002,42.062497],[27.4308002,42.063897],[27.4310012,42.065099],[27.4313992,42.066197],[27.4313993,42.067998],[27.4306993,42.069096],[27.4285003,42.071496],[27.4270013,42.072598],[27.4259003,42.073499],[27.4231004,42.0749981],[27.4212014,42.0757991],[27.4190004,42.0764971],[27.4173994,42.0768971],[27.4126004,42.0779961],[27.4110004,42.0786981],[27.4098004,42.0794951],[27.4086014,42.0806972],[27.4080004,42.0818992],[27.4073005,42.0830962],[27.4065015,42.0841992],[27.4059005,42.0847982],[27.4047005,42.0854962],[27.4030015,42.0857972],[27.3996005,42.0853972],[27.3989995,42.0855992],[27.3984995,42.0859962],[27.3974015,42.0869992],[27.3963005,42.0854962],[27.3956995,42.0841992],[27.3953015,42.0826962],[27.3946014,42.0816962],[27.3940994,42.0813993],[27.3935004,42.0810973],[27.3919004,42.0799993],[27.3917004,42.0796973],[27.3910004,42.0789963],[27.3910004,42.0775963],[27.3910004,42.0770963],[27.3905994,42.0757993],[27.3900994,42.0749983],[27.3891993,42.0735983],[27.3879993,42.0724953],[27.3882003,42.0717973],[27.3884993,42.0712983],[27.3886003,42.0707983],[27.3889003,42.0701993],[27.3902003,42.0694973],[27.3900003,42.0689973],[27.3911013,42.0677963],[27.3918013,42.0672963],[27.3928002,42.0663963],[27.3935992,42.0653963],[27.3949002,42.0632983],[27.3954002,42.0625962],[27.3965002,42.0614982],[27.3975992,42.0607962],[27.3982992,42.0591972],[27.3989991,42.0582972],[27.3996991,42.0576982],[27.4007001,42.0570952],[27.4031991,42.0558982],[27.4052001,42.0543982],[27.4059001,42.0536962],[27.4066991,42.0531972],[27.4080001,42.0526972],[27.4091001,42.0520982],[27.4100011,42.0514951],[27.411099,42.0504961],[27.412101,42.0499961],[27.413001,42.0494971],[27.4136,42.0489971],[27.415601,42.0470971],[27.416699,42.0459981],[27.4183,42.0440991],[27.4196999,42.0422981],[27.4208989,42.0409971],[27.4215989,42.0399981],[27.4223999,42.0391971],[27.4230999,42.0387961],[27.4240999,42.038499],[27.4282999,42.037896],[27.4298999,42.037598],[27.4312009,42.037396],[27.4331009,42.036996],[27.4340999,42.036496],[27.4348989,42.035699],[27.4362988,42.034398],[27.4373998,42.033196],[27.4390988,42.0318949],[27.4401998,42.0309949],[27.4408008,42.0305989],[27.4417008,42.0302969],[27.4434988,42.0293969],[27.4443998,42.0288969],[27.4450008,42.0281949],[27.4457998,42.0274969],[27.4464998,42.0271959],[27.4473997,42.0269969],[27.4492997,42.0268979],[27.4497987,42.0264979],[27.4515997,42.0259979],[27.4529007,42.0256968],[27.4540997,42.0252958],[27.4547997,42.0245978],[27.4557997,42.0235988],[27.4564997,42.0227968],[27.4572987,42.0220958],[27.4582997,42.0214968],[27.4592007,42.0211948],[27.4611997,42.0210958],[27.4623987,42.0206958],[27.4631997,42.0200968],[27.4642986,42.0190968],[27.4650996,42.0186968],[27.4664996,42.0181968],[27.4679986,42.0178957],[27.4699996,42.0174987],[27.4714986,42.0166977],[27.4720996,42.0162967],[27.4730996,42.0157967],[27.4757996,42.0155947],[27.4771996,42.0150957],[27.4779996,42.0143967],[27.4784986,42.0134967],[27.4791986,42.0125967],[27.4799996,42.0120967],[27.4809996,42.0116967],[27.4823005,42.0113946],[27.4830995,42.0110976],[27.4837005,42.0104986],[27.4844005,42.0093956],[27.4849995,42.0085946],[27.4860005,42.0076986],[27.4865005,42.0073976],[27.4890995,42.0056956],[27.4921005,42.0038956],[27.4925994,42.0032966],[27.4923994,42.0025986],[27.4910984,42.0022966],[27.4875984,42.0018966],[27.4837994,42.0020986],[27.4814994,42.0023956],[27.4788004,42.0028957],[27.4763985,42.0035977],[27.4749985,42.0044977],[27.4744995,42.0051957],[27.4734995,42.0056957],[27.4718995,42.0056957],[27.4697995,42.0059977],[27.4676995,42.0066957],[27.4660995,42.0075958],[27.4639995,42.0091978],[27.4630985,42.0098958],[27.4625995,42.0102968],[27.4607985,42.0109988],[27.4578996,42.0112958],[27.4551985,42.0112958],[27.4515006,42.0113949],[27.4495986,42.0118989],[27.4475996,42.0124979],[27.4443996,42.0146989],[27.4410996,42.0171969],[27.4404986,42.0180979],[27.4399987,42.0199969],[27.4394007,42.0211949],[27.4383987,42.0217979],[27.4370997,42.022096],[27.4359997,42.022397],[27.4354997,42.022996],[27.4354997,42.023896],[27.4338997,42.024796],[27.4324997,42.025197],[27.4313987,42.025395],[27.4303007,42.025395],[27.4285987,42.025296],[27.4270007,42.025296],[27.4258997,42.025498],[27.4247997,42.026097],[27.4228998,42.0273981],[27.4219008,42.0281951],[27.4212998,42.0284971],[27.4189998,42.0288971],[27.4179998,42.0291991],[27.4160998,42.0301981],[27.4154998,42.0306981],[27.4149008,42.0314991],[27.4144998,42.0323951],[27.4137998,42.0329981],[27.4125998,42.0335971],[27.4116008,42.0340971],[27.4098998,42.0344971],[27.4082988,42.0347982],[27.4068989,42.0352982],[27.4055999,42.0358972],[27.4024989,42.0374952],[27.3998989,42.0385982],[27.4000999,42.0382972],[27.4016009,42.0366982],[27.4074008,42.0318952],[27.4088998,42.0305992],[27.4109008,42.0284971],[27.4116008,42.0277991],[27.4124987,42.0267951],[27.4126997,42.0256971],[27.4128997,42.0243961],[27.4137997,42.0221991],[27.4139997,42.0206961],[27.4140997,42.0193991],[27.4137996,42.0168961],[27.4135006,42.0154961],[27.4135006,42.0139971],[27.4135996,42.0131961],[27.4137006,42.0119981],[27.4144995,42.0101981],[27.4158005,42.0082981],[27.4184005,42.0060971],[27.4209995,42.0041971],[27.4226994,42.0027971],[27.4243984,42.001698],[27.4257984,42.001096],[27.4263994,42.000398],[27.4270994,41.999696],[27.4277004,41.999196],[27.4287984,41.998795],[27.4300994,41.998196],[27.4317004,41.996796],[27.4329984,41.996396],[27.4338994,41.996396],[27.4354004,41.996598],[27.4368994,41.996495],[27.4384994,41.995995],[27.4396994,41.9949959],[27.4424003,41.9918979],[27.4429993,41.9906969],[27.4440993,41.9898959],[27.4450003,41.9894949],[27.4457003,41.9894949],[27.4466003,41.9895979],[27.4473993,41.9893959],[27.4482993,41.9890979],[27.4489993,41.9883969],[27.4499993,41.9871989],[27.4526992,41.9845969],[27.4543992,41.9833948],[27.4571002,41.9817968],[27.4583992,41.9809958],[27.4601992,41.9806978],[27.4617992,41.9801988],[27.4636992,41.9792978],[27.4651981,41.9783978],[27.4686981,41.9761967],[27.4713991,41.9748957],[27.4739001,41.9737977],[27.4769001,41.9722977],[27.478699,41.9710967],[27.4804,41.9696967],[27.482698,41.9672966],[27.482899,41.9682966],[27.4837001,41.9719966],[27.4839991,41.9724966],[27.4851991,41.9734956],[27.4858991,41.9736976],[27.4865001,41.9736976],[27.4869991,41.9736976],[27.4879991,41.9735946],[27.4884991,41.9740946],[27.4888991,41.9750976],[27.4889981,41.9763946],[27.4889981,41.9780966],[27.4893991,41.9791946],[27.4900002,41.9799966],[27.4914992,41.9813966],[27.4923992,41.9819946],[27.4932992,41.9822966],[27.4949992,41.9824946],[27.4958002,41.9830976],[27.4965992,41.9834975],[27.4972002,41.9836965],[27.4984992,41.9839975],[27.5007992,41.9840965],[27.5007992,41.9825975],[27.5014002,41.9827965],[27.5017982,41.9830975],[27.5022982,41.9837955],[27.5024982,41.9845965],[27.5028002,41.9848975],[27.5033992,41.9848975],[27.5040992,41.9843985],[27.5043982,41.9840965],[27.5049002,41.9838945],[27.5054992,41.9838945],[27.5061002,41.9840965],[27.5063992,41.9840965],[27.5068002,41.9840965],[27.5070992,41.9838945],[27.5073982,41.9836965],[27.5079992,41.9829985],[27.5082742,41.9823765],[27.5084002,41.9820975],[27.5087982,41.9812965],[27.5099981,41.9796945],[27.5106981,41.9788974],[27.5115981,41.9779974],[27.5128991,41.9764974],[27.5138991,41.9757964],[27.5144991,41.9755974],[27.5159991,41.9749944],[27.5165991,41.9746974],[27.5170991,41.9743964],[27.5175991,41.9738964],[27.5179991,41.9733964],[27.518799,41.9719964],[27.519499,41.9713974],[27.520599,41.9705964],[27.521398,41.9698944],[27.521599,41.9696964],[27.521599,41.9690974],[27.521099,41.9683954],[27.5203,41.9676974],[27.5196,41.9667974],[27.5196,41.9654964],[27.519098,41.9646954],[27.518999,41.9641954],[27.5189989,41.9637954],[27.5192979,41.9631964],[27.5192979,41.9627954],[27.5191989,41.9624984],[27.5188999,41.9619984],[27.5187989,41.9615974],[27.5185979,41.9609954],[27.5176979,41.9604954],[27.5166989,41.9598964],[27.5161989,41.9594954],[27.5157979,41.9587974],[27.5157979,41.9585954],[27.5159989,41.9581954],[27.5164979,41.9576954],[27.5169979,41.9569974],[27.5174999,41.9566954],[27.5180989,41.9564974],[27.5185979,41.9564974],[27.5188999,41.9563984],[27.5191989,41.9562954],[27.5194989,41.9560964],[27.5197978,41.9556964],[27.5200938,41.9551664],[27.5202998,41.9545974],[27.5204978,41.9542964],[27.5207988,41.9538954],[27.5213978,41.9536974],[27.5217988,41.9536974],[27.5222988,41.9537964],[27.5227978,41.9539954],[27.5230998,41.9539954],[27.5232978,41.9539954],[27.5234978,41.9538954],[27.5237998,41.9536974],[27.5241978,41.9524954],[27.5241978,41.9519964],[27.5242988,41.9514964],[27.5244558,41.9505884],[27.5244998,41.9482954],[27.5249987,41.9467963],[27.5256987,41.9457973],[27.5277987,41.9438973],[27.5292987,41.9417953],[27.5295977,41.9411963],[27.5297977,41.9402963],[27.5302136,41.9399413],[27.5305986,41.9395983],[27.5310436,41.9391333],[27.5316096,41.9387433],[27.5320986,41.9383963],[27.5328996,41.9377973],[27.5334986,41.9372983],[27.5336986,41.9370953],[27.5341986,41.9361953],[27.5343986,41.9352953],[27.5343986,41.9338953],[27.5343986,41.9320943],[27.5344995,41.9309963],[27.5345985,41.9291953],[27.5352985,41.9279973],[27.5363995,41.9269943],[27.5370995,41.9265973],[27.5374975,41.9264943],[27.5378985,41.9261973],[27.5381975,41.9257963],[27.5383985,41.9253963],[27.5387985,41.9249953],[27.5401985,41.9241942],[27.5406984,41.9233972],[27.5407994,41.9225962],[27.5410984,41.9215962],[27.5415984,41.9204982],[27.5419994,41.9200972],[27.5432984,41.9190982],[27.5436984,41.9184952],[27.5438984,41.9180942],[27.5438984,41.9177972],[27.5439984,41.9174962],[27.5442994,41.9170952],[27.5449684,41.9169312],[27.5461994,41.9168972],[27.5476984,41.9164962],[27.5488984,41.9159962],[27.5500973,41.9153972],[27.5508983,41.9147952],[27.5514973,41.9142952],[27.5517643,41.9139822],[27.5541984,41.9169961],[27.5561994,41.9191971],[27.5591974,41.9223971],[27.5628975,41.9261971],[27.5647135,41.9280201],[27.5665985,41.9298971],[27.5699786,41.932865],[27.5701996,41.933197],[27.5706996,41.933597],[27.5717976,41.934097],[27.5726976,41.934696],[27.5735986,41.935394],[27.5739986,41.935795],[27.5742986,41.936195],[27.5743654,41.9362845],[27.5743707,41.9363228],[27.5743711,41.9362923],[27.5744245,41.9325905],[27.5741359,41.9322693],[27.5710811,41.9288692],[27.5665415,41.9238165],[27.5671342,41.9237812],[27.5747985,41.9233245],[27.5747991,41.9233232],[27.576605,41.9196815],[27.5713221,41.9194686],[27.571322,41.9194686],[27.5675063,41.9193149],[27.5658095,41.9192465],[27.5644296,41.9176081],[27.5632284,41.9161818],[27.5617165,41.9143865],[27.5630685,41.9122925],[27.5646063,41.9123526],[27.5661354,41.9124125],[27.5713215,41.9126153],[27.571659,41.9126285],[27.5716585,41.9122905],[27.5716462,41.904566],[27.571646,41.904415],[27.5713742,41.9044231],[27.5682994,41.9045151],[27.559395,41.9047815],[27.5591658,41.9049803],[27.5590039,41.9051207],[27.5585231,41.9055376],[27.5547607,41.9088],[27.5523166,41.9109193],[27.5480805,41.9145925],[27.5471674,41.9147645],[27.5408915,41.915947],[27.5385871,41.9193351],[27.5377113,41.9206226],[27.5350436,41.9245447],[27.5309465,41.9305685],[27.5306225,41.9321993],[27.5303256,41.9336932],[27.529598,41.937355],[27.5220755,41.9456979],[27.5174186,41.9508627],[27.5122818,41.9565598],[27.510811,41.958191],[27.5044635,41.957855],[27.5040479,41.955628],[27.5034235,41.952282],[27.4964125,41.954437],[27.4903165,41.952076],[27.4892691,41.9528934],[27.486408,41.9551263],[27.4862745,41.9552305],[27.4768349,41.9568793],[27.4677965,41.958458],[27.467974,41.965225],[27.4638155,41.968738],[27.4581231,41.9679717],[27.4522513,41.9671811],[27.447838,41.966587],[27.4475037,41.9679343],[27.4472082,41.9691254],[27.44598,41.9740755],[27.4448787,41.9743989],[27.439411,41.9760043],[27.4388485,41.9761695],[27.4359119,41.9831769],[27.4350325,41.9852753],[27.4325675,41.9911575],[27.4243922,41.9893126],[27.4219983,41.9887724],[27.4205495,41.9884455],[27.4148465,41.990814],[27.4143664,41.9934052],[27.4131735,41.9998435],[27.40263,42.0060845],[27.4020958,42.0060827],[27.4010443,42.0060791],[27.3936195,42.006054],[27.3931541,42.0091767],[27.392457,42.0138544],[27.391752,42.018585],[27.391268,42.0188103],[27.3875087,42.0205607],[27.3862712,42.0211369],[27.383755,42.0223085],[27.3837323,42.0224434],[27.381668,42.034714],[27.3758075,42.0404277],[27.374962,42.041252],[27.3750679,42.04144],[27.377392,42.0455665],[27.3705747,42.0519223],[27.3645651,42.0575251],[27.3635865,42.0584375],[27.3589497,42.0587034],[27.3480831,42.0593265],[27.33585,42.060028],[27.335785,42.067318],[27.3350791,42.0678144],[27.3303711,42.0711254],[27.329466,42.071762],[27.326704,42.0721895],[27.32633,42.0800245],[27.325683,42.0799316],[27.3168465,42.078663],[27.316692,42.0788886],[27.3150396,42.0813002],[27.3118418,42.0859675],[27.3110025,42.0871925],[27.3014278,42.0866189],[27.3000525,42.0865365],[27.2999563,42.0866927],[27.2941557,42.096108],[27.2935884,42.0970289],[27.293491,42.097187],[27.29119,42.0968449],[27.2858165,42.096046],[27.2818415,42.095455],[27.2732355,42.099083],[27.273033,42.1018295],[27.2721499,42.1027589],[27.2708353,42.1041424],[27.270666,42.1043205],[27.2702886,42.104208],[27.2674546,42.1033633],[27.2536945,42.099262],[27.2401255,42.105015],[27.2394161,42.104759],[27.2387495,42.1045184],[27.2229193,42.0988052],[27.222082,42.098503],[27.2169592,42.0857019],[27.2169303,42.0856295],[27.216858,42.085449],[27.2168298,42.0854441],[27.2052519,42.083455],[27.2033806,42.0831335],[27.202717,42.0830195],[27.2025173,42.0827997],[27.1986787,42.0785735],[27.1986315,42.0785215],[27.1984411,42.0760421],[27.1982531,42.0735946],[27.198231,42.0733065],[27.1985246,42.0731108],[27.1999286,42.0721748],[27.2035967,42.0697295],[27.203758,42.069622],[27.2071265,42.060669],[27.2064002,42.0604347],[27.2040114,42.0596643],[27.2038615,42.059616],[27.2032908,42.0596308],[27.2007871,42.059696],[27.1912555,42.059944],[27.184765,42.0635795],[27.1846964,42.0639903],[27.1846721,42.0641355],[27.1837524,42.0696422],[27.1837405,42.0697135],[27.1837121,42.0697142],[27.1774184,42.0698591],[27.1769445,42.06987],[27.1756174,42.0687093],[27.1749873,42.0681582],[27.1729791,42.0664017],[27.171768,42.0653425],[27.1592825,42.065216],[27.158398,42.0662165],[27.1559462,42.0689899],[27.1532325,42.0720595],[27.1514849,42.0711769],[27.1486657,42.069753],[27.1449631,42.067883],[27.1427088,42.0667445],[27.1413515,42.066059],[27.1389139,42.066212],[27.1335522,42.0665486],[27.131691,42.0666655],[27.1314474,42.0671008],[27.125984,42.0768625],[27.1256873,42.0769257],[27.1141435,42.079384],[27.1141192,42.0794334],[27.112097,42.0835455],[27.1107177,42.0849181],[27.1086275,42.086998],[27.1034965,42.0851745],[27.0923577,42.0866422],[27.0918245,42.0867125],[27.072954,42.089199],[27.067093,42.0931815],[27.0646002,42.0915589],[27.062858,42.0904248],[27.0596505,42.088337],[27.0574335,42.0872735],[27.0557407,42.0864616],[27.0506856,42.0840367],[27.050299,42.0838513],[27.0496615,42.0835455],[27.0494412,42.0835801],[27.044771,42.084313],[27.0424135,42.084683],[27.042101,42.084732],[27.041521,42.0843728],[27.032823,42.078987],[27.0317018,42.0793107],[27.0258927,42.0809881],[27.0249595,42.0812575],[27.023968,42.0791761],[27.0223212,42.075719],[27.021345,42.0736695],[27.0234728,42.0736794],[27.024561,42.0736845],[27.0231257,42.0674443],[27.023081,42.06725],[27.0235579,42.066851],[27.0278795,42.063236],[27.0278767,42.0632255],[27.0269172,42.0596063],[27.025863,42.0556295],[27.022091,42.055351],[27.0210174,42.0541092],[27.020675,42.0537132],[27.0161936,42.0485297],[27.0128501,42.0446624],[27.0084436,42.0395657],[27.0082498,42.0393415],[27.0075435,42.0385245],[26.998371,42.0361365],[26.9950486,42.0384645],[26.9950065,42.038494],[26.990299,42.0381493],[26.982088,42.037548],[26.9819857,42.0344796],[26.9818456,42.0302799],[26.9816731,42.0251079],[26.981659,42.024685],[26.9844391,42.0209918],[26.984993,42.020256],[26.9791401,42.0145651],[26.9773672,42.0128413],[26.9700844,42.00576],[26.9685364,42.0042549],[26.9685358,42.0042549],[26.9676389,42.0042671],[26.9520001,42.0107916],[26.959501,42.0173244],[26.9507356,42.0285152],[26.9492615,42.0292012],[26.9487786,42.0293133],[26.9480711,42.0297551],[26.9457288,42.0308451],[26.9463509,42.0350432],[26.9432202,42.0378403],[26.9407135,42.0420368],[26.939105,42.0484064],[26.939105,42.0484065],[26.9388114,42.0495013],[26.9294407,42.0508925],[26.9125412,42.0527466],[26.9002444,42.0535691],[26.8918865,42.0541282],[26.8900025,42.0578578],[26.8868731,42.0578548],[26.884987,42.0625171],[26.8875302,42.0648923],[26.8899864,42.0671863],[26.8649238,42.0783536],[26.8649239,42.0783537],[26.8649238,42.0783537],[26.8705424,42.0862892],[26.8661752,42.0918461],[26.8661476,42.0918812],[26.8661476,42.0918813],[26.8689372,42.0972147],[26.868994,42.0973233],[26.8717619,42.1026154],[26.867366,42.1082074],[26.8684849,42.1149572],[26.8684944,42.1150144],[26.8689528,42.1177792],[26.870899,42.117599],[26.8715,42.117802],[26.8717,42.117901],[26.8729,42.118401],[26.8729,42.118401],[26.873501,42.1189],[26.874001,42.119301],[26.8743,42.119801],[26.8743,42.119801],[26.8743475,42.1200403],[26.8743475,42.1200404],[26.874399,42.1203],[26.8742104,42.1206153],[26.8742084,42.1206187],[26.8741,42.1208],[26.873501,42.121799],[26.873501,42.121799],[26.8717,42.1236],[26.871099,42.1241],[26.8708635,42.1245155],[26.8708601,42.1245214],[26.870701,42.124802],[26.8703,42.1259],[26.870701,42.126499],[26.870701,42.126499],[26.871201,42.127102],[26.871799,42.127701],[26.8727,42.128399],[26.8734243,42.1291664],[26.874399,42.130199],[26.8745248,42.1305758],[26.874599,42.130798],[26.874599,42.131199],[26.873699,42.132],[26.8731,42.132301],[26.872601,42.132401],[26.871901,42.1325],[26.8699,42.132198],[26.868999,42.132099],[26.868099,42.132301],[26.8675,42.132599],[26.8675,42.132599],[26.8673437,42.1328809],[26.867001,42.133499],[26.866949,42.1338066],[26.866899,42.134102],[26.8668168,42.1342666],[26.8666,42.134701],[26.8665234,42.1351647],[26.866501,42.1353],[26.8664,42.136398],[26.8664,42.136398],[26.8668,42.136902],[26.8670057,42.1370653],[26.8670086,42.1370676],[26.8673,42.137299],[26.8678,42.137501],[26.8678,42.137501],[26.8685,42.137501],[26.8692,42.137299],[26.870899,42.136299],[26.8714081,42.1361984],[26.8714355,42.136193],[26.871901,42.136101],[26.8722983,42.136101],[26.8723224,42.136101],[26.872601,42.136101],[26.872999,42.136299],[26.873501,42.137001],[26.873899,42.1376],[26.873899,42.1376],[26.874001,42.137798],[26.8743,42.1381],[26.874599,42.138599],[26.8744218,42.1390421],[26.874399,42.139099],[26.873899,42.1394],[26.8734,42.139702],[26.8734,42.139702],[26.8722001,42.140202],[26.8722,42.140202],[26.871799,42.1404],[26.8713,42.1408],[26.8713,42.1408],[26.871,42.141201],[26.871,42.141201],[26.870899,42.141499],[26.870899,42.141499],[26.870899,42.141998],[26.8713,42.142502],[26.872,42.143002],[26.872999,42.1437],[26.8740866,42.1441837],[26.8741087,42.1441935],[26.8748,42.144501],[26.875,42.144699],[26.875,42.144699],[26.875099,42.144901],[26.875,42.145401],[26.8745277,42.1458719],[26.874517,42.1458826],[26.8743,42.146099],[26.8743,42.146099],[26.8734,42.1469],[26.8732567,42.1470443],[26.8731,42.147202],[26.8734,42.147701],[26.8736,42.1483],[26.8736,42.148998],[26.8736,42.148998],[26.8736,42.149601],[26.8734,42.150101],[26.8734,42.150101],[26.872801,42.150902],[26.872,42.151699],[26.872,42.151699],[26.8713,42.151798],[26.8713,42.151798],[26.8708,42.151699],[26.8708,42.151699],[26.8703,42.151402],[26.8703,42.151402],[26.8699,42.1511],[26.8696,42.1507],[26.869301,42.150101],[26.869301,42.150101],[26.868099,42.1483],[26.868099,42.1483],[26.867901,42.147701],[26.867599,42.147301],[26.866899,42.1469],[26.866199,42.1469],[26.865499,42.1469],[26.8645,42.147202],[26.8638,42.147499],[26.863001,42.1478],[26.8626,42.148102],[26.862301,42.148701],[26.862101,42.149899],[26.861651,42.150799],[26.861401,42.151299],[26.861401,42.151299],[26.861303,42.1514461],[26.861,42.151901],[26.8603,42.1521],[26.859699,42.152401],[26.8591,42.152599],[26.8585145,42.1526839],[26.8584858,42.1526881],[26.8577,42.152802],[26.8575136,42.1528635],[26.8575095,42.1528649],[26.8571,42.153],[26.8567383,42.1531795],[26.8567363,42.1531805],[26.856701,42.153198],[26.856701,42.153599],[26.856701,42.153999],[26.8565717,42.1542582],[26.856501,42.1544],[26.856199,42.154598],[26.855801,42.154701],[26.8552,42.154701],[26.8547464,42.1545393],[26.8547295,42.1545333],[26.8538,42.154202],[26.8533886,42.1543184],[26.8533794,42.154321],[26.8531,42.1544],[26.8527618,42.1546823],[26.8527497,42.1546924],[26.852501,42.1549],[26.8519,42.155201],[26.8513335,42.1554845],[26.8513155,42.1554935],[26.850901,42.155701],[26.850901,42.155701],[26.850201,42.155701],[26.8494,42.155499],[26.8490409,42.1555518],[26.8490354,42.1555527],[26.8487,42.155602],[26.848101,42.155899],[26.847,42.1563],[26.847,42.1563],[26.845501,42.157101],[26.8446972,42.157275],[26.841801,42.157902],[26.8411391,42.1578496],[26.8411254,42.1578485],[26.8405,42.157799],[26.8400107,42.1578448],[26.8399959,42.1578462],[26.839399,42.157902],[26.8388044,42.157902],[26.8387862,42.157902],[26.838301,42.157902],[26.8375561,42.1577046],[26.8375147,42.1576936],[26.836399,42.157398],[26.8360043,42.1573491],[26.8359979,42.1573483],[26.8356,42.157299],[26.834801,42.157398],[26.834,42.1577],[26.8332,42.157799],[26.832642,42.15773],[26.8325142,42.1577142],[26.8325122,42.157714],[26.832399,42.1577],[26.8320279,42.1575945],[26.8320175,42.1575916],[26.831699,42.157501],[26.8311913,42.1572109],[26.830999,42.157101],[26.830999,42.157101],[26.8307,42.157001],[26.829901,42.1572],[26.8286,42.157001],[26.8279,42.157001],[26.8274593,42.1571263],[26.8274543,42.1571277],[26.8272,42.1572],[26.8267,42.1577],[26.8261487,42.1585266],[26.8261341,42.1585484],[26.825899,42.158901],[26.825899,42.158901],[26.825899,42.1595],[26.825418,42.159981],[26.8254116,42.1599874],[26.825399,42.16],[26.8242,42.160702],[26.8242,42.160702],[26.823601,42.160702],[26.8221,42.160198],[26.8218,42.159599],[26.8211678,42.1585976],[26.8211408,42.158555],[26.820601,42.1577],[26.82,42.156601],[26.8197,42.1558],[26.8193,42.1534],[26.8190985,42.1531305],[26.818701,42.152599],[26.8181,42.152],[26.8174,42.1516],[26.8167,42.151402],[26.816,42.151199],[26.8153,42.1511],[26.8153,42.1511],[26.814501,42.151199],[26.8139,42.151402],[26.813299,42.151699],[26.8125,42.152199],[26.8125,42.152199],[26.812,42.1525],[26.812,42.1525],[26.8111,42.152599],[26.8102001,42.1525],[26.8102,42.1525],[26.810016,42.1524636],[26.810006,42.1524616],[26.8092,42.152302],[26.8083,42.151901],[26.807501,42.151402],[26.807199,42.1516],[26.807199,42.1516],[26.8067,42.151798],[26.806101,42.151901],[26.8055,42.151798],[26.805099,42.1516],[26.8050787,42.1517026],[26.805,42.1521],[26.805099,42.1525],[26.8053722,42.1530106],[26.805901,42.153999],[26.8059648,42.1545799],[26.8059649,42.1545809],[26.806,42.1549],[26.8067,42.1562],[26.8068609,42.1563605],[26.8074,42.156898],[26.8078848,42.1575294],[26.8078864,42.1575314],[26.808399,42.158199],[26.8092,42.158699],[26.8100028,42.1595755],[26.8100174,42.1595914],[26.810301,42.159901],[26.810301,42.159901],[26.810499,42.160301],[26.8109,42.161301],[26.8109,42.162102],[26.8106,42.162998],[26.8102,42.163601],[26.8097,42.164299],[26.809401,42.164799],[26.809299,42.165199],[26.8095,42.165501],[26.809765,42.1656524],[26.8097752,42.1656583],[26.8102,42.165901],[26.8104932,42.1659493],[26.8105053,42.1659513],[26.810801,42.166],[26.811399,42.166199],[26.8132,42.167],[26.813601,42.167301],[26.814199,42.1679],[26.8155,42.168598],[26.8155,42.168598],[26.816099,42.1688],[26.8165024,42.1690027],[26.8165105,42.1690068],[26.8167,42.169102],[26.817301,42.169498],[26.8177977,42.1700956],[26.8178137,42.1701149],[26.8183,42.1707],[26.8185808,42.1709808],[26.8188,42.1712],[26.8192315,42.1715527],[26.819901,42.1721],[26.8204949,42.1723288],[26.8205123,42.1723355],[26.821199,42.1726],[26.823099,42.173199],[26.823099,42.173199],[26.825001,42.174301],[26.8252325,42.1744942],[26.8256,42.174801],[26.826599,42.175598],[26.826799,42.176201],[26.826799,42.176401],[26.826799,42.176601],[26.8266265,42.1768895],[26.8266251,42.1768918],[26.8265,42.177101],[26.8251,42.1777],[26.824499,42.177799],[26.8237,42.177799],[26.822001,42.1777],[26.8209,42.177502],[26.820101,42.177799],[26.818501,42.178398],[26.817699,42.178501],[26.816799,42.178501],[26.8165188,42.1784065],[26.8165052,42.1784019],[26.8162,42.178299],[26.8156431,42.1782377],[26.8153,42.1782],[26.812099,42.178398],[26.812099,42.178398],[26.8109,42.1786],[26.8102,42.178902],[26.8098479,42.1791953],[26.8098355,42.1792056],[26.809601,42.179401],[26.809601,42.179401],[26.8093307,42.1796036],[26.8093197,42.1796118],[26.808399,42.180302],[26.8078,42.1805],[26.806801,42.180599],[26.805099,42.180599],[26.804701,42.180698],[26.8043,42.180801],[26.803699,42.181099],[26.802999,42.181499],[26.8025802,42.1819185],[26.8025684,42.1819303],[26.802401,42.182098],[26.802401,42.182098],[26.8015,42.183201],[26.8008,42.183899],[26.8000259,42.1843541],[26.8000061,42.1843658],[26.799101,42.184898],[26.798401,42.185299],[26.797577,42.1854099],[26.7969,42.185501],[26.795401,42.185101],[26.794701,42.184799],[26.794001,42.184299],[26.7932,42.183601],[26.7927,42.1828],[26.7927,42.1828],[26.7918,42.181099],[26.7915,42.180199],[26.7913,42.1791],[26.7912426,42.1786932],[26.791201,42.178398],[26.791201,42.177299],[26.7911849,42.1769177],[26.7911845,42.1769076],[26.7911,42.1749],[26.791,42.174099],[26.7908122,42.1733465],[26.7908109,42.1733412],[26.790701,42.172901],[26.7904,42.172501],[26.790001,42.1721],[26.7894,42.171799],[26.789,42.171799],[26.788401,42.171799],[26.788401,42.171799],[26.7882165,42.1718736],[26.787901,42.172001],[26.7875,42.172298],[26.7874564,42.1725137],[26.7874563,42.1725142],[26.787399,42.172798],[26.7873,42.173302],[26.7873,42.177299],[26.7873,42.177502],[26.786501,42.179001],[26.7857,42.1796],[26.785,42.18],[26.785,42.18],[26.784401,42.180099],[26.7838346,42.180099],[26.7829,42.180099],[26.7826,42.18],[26.7822,42.179901],[26.7818432,42.1797583],[26.7818289,42.1797526],[26.7812,42.179501],[26.780585,42.1791085],[26.7805738,42.1791014],[26.7801,42.178799],[26.7789,42.1782],[26.7787573,42.1781765],[26.778749,42.1781751],[26.778299,42.178101],[26.777599,42.178101],[26.777599,42.178101],[26.777201,42.178398],[26.7768194,42.1789447],[26.7768168,42.1789485],[26.776501,42.179401],[26.7762849,42.1797771],[26.7762814,42.1797833],[26.7761,42.180099],[26.775101,42.180901],[26.7745,42.1814],[26.7736,42.181801],[26.7726,42.181702],[26.7723796,42.1816566],[26.7723712,42.1816549],[26.7721,42.181599],[26.771799,42.1814],[26.7715,42.181],[26.771299,42.180599],[26.771299,42.180599],[26.7712,42.180199],[26.7712,42.180199],[26.7712,42.179001],[26.7712,42.178398],[26.770599,42.177502],[26.7705208,42.1772277],[26.7705207,42.1772273],[26.770399,42.1768],[26.7701,42.176201],[26.7701,42.176201],[26.769699,42.1758],[26.7689,42.175098],[26.7687305,42.1750562],[26.768723,42.1750543],[26.768499,42.174999],[26.768,42.174999],[26.767599,42.175098],[26.7673,42.1754],[26.7672462,42.1757778],[26.7672459,42.1757797],[26.7672,42.176102],[26.7672,42.177601],[26.766899,42.178902],[26.7661,42.179699],[26.7658,42.180099],[26.7647,42.181],[26.764,42.181599],[26.764,42.181599],[26.7628576,42.1818527],[26.7628189,42.1818613],[26.762199,42.181999],[26.7619282,42.1822045],[26.761801,42.182301],[26.7616,42.182701],[26.7616,42.183102],[26.7616903,42.1834156],[26.761801,42.1838],[26.7621,42.1842],[26.7621429,42.1844167],[26.7621443,42.1844238],[26.762199,42.1847],[26.7622483,42.1848469],[26.7624,42.185299],[26.7623055,42.1855341],[26.762305,42.1855352],[26.762199,42.185799],[26.761499,42.186699],[26.761299,42.186798],[26.760799,42.187099],[26.7605074,42.1870507],[26.7604981,42.1870492],[26.760201,42.187],[26.759701,42.186699],[26.7587198,42.1865497],[26.7584,42.186501],[26.7579836,42.1863854],[26.7579538,42.1863771],[26.756599,42.186001],[26.752001,42.184898],[26.7515781,42.1848457],[26.7515693,42.1848446],[26.7512,42.184799],[26.750299,42.184799],[26.7491,42.185001],[26.7474,42.1856],[26.745701,42.186199],[26.745701,42.186199],[26.7451459,42.1863923],[26.743401,42.187],[26.7424338,42.1874302],[26.7424048,42.1874431],[26.7416,42.187801],[26.7402022,42.18815],[26.7401405,42.1881654],[26.739201,42.1884],[26.7387527,42.1884967],[26.7387397,42.1884995],[26.737801,42.188702],[26.7369,42.188999],[26.7361712,42.1891149],[26.7361282,42.1891217],[26.735001,42.189301],[26.7346684,42.1892535],[26.7346521,42.1892512],[26.734301,42.189201],[26.7337,42.188999],[26.7333914,42.1888756],[26.7333824,42.1888719],[26.7327,42.188599],[26.731899,42.1884],[26.7306,42.188202],[26.7306,42.188202],[26.7297312,42.188202],[26.728399,42.188202],[26.7264,42.188499],[26.7243,42.188999],[26.7237389,42.1892411],[26.7237312,42.1892444],[26.7236,42.189301],[26.7227,42.189301],[26.721399,42.189602],[26.7212143,42.1895702],[26.7208,42.189499],[26.7207999,42.189499],[26.7204,42.1894],[26.7204,42.1894],[26.7204,42.189201],[26.720699,42.188702],[26.7209,42.1884],[26.721701,42.187801],[26.721701,42.187801],[26.722799,42.187302],[26.723301,42.187099],[26.7239,42.186901],[26.7243,42.186501],[26.7244,42.1861],[26.7244,42.185902],[26.7241,42.185398],[26.7239441,42.1852742],[26.7239393,42.1852704],[26.7236,42.185001],[26.722799,42.1847],[26.7223,42.184299],[26.7213,42.183899],[26.7194,42.183399],[26.7189981,42.1832997],[26.7189937,42.1832986],[26.718599,42.183201],[26.7170696,42.1832852],[26.7170137,42.1832883],[26.716801,42.1833],[26.716801,42.1833],[26.716,42.183498],[26.7157321,42.1836068],[26.7157256,42.1836094],[26.7155,42.183701],[26.7151077,42.1839807],[26.7150959,42.183989],[26.7148,42.1842],[26.7143,42.184898],[26.7143,42.184898],[26.714199,42.185501],[26.7142845,42.1857571],[26.714399,42.1861],[26.7149028,42.1871052],[26.7149085,42.1871164],[26.7152,42.187698],[26.7153133,42.1879822],[26.7153161,42.1879891],[26.715401,42.188202],[26.715401,42.1883695],[26.715401,42.1889],[26.7153,42.189701],[26.7153,42.189701],[26.715,42.190201],[26.7148325,42.1904251],[26.7148309,42.1904272],[26.714701,42.190601],[26.7144417,42.1908603],[26.7144377,42.1908643],[26.7143,42.191002],[26.7139358,42.1911565],[26.7139281,42.1911598],[26.7136,42.191299],[26.712999,42.190601],[26.712999,42.190601],[26.7125,42.190102],[26.7120701,42.1894732],[26.7120571,42.1894542],[26.711201,42.188202],[26.7108319,42.1878925],[26.7108291,42.1878901],[26.7106,42.187698],[26.7099,42.187199],[26.7099,42.187199],[26.7082,42.186001],[26.707668,42.1858668],[26.7076587,42.1858645],[26.707399,42.185799],[26.7066,42.185501],[26.7066,42.185501],[26.706311,42.1853358],[26.706301,42.1853301],[26.7059,42.185101],[26.704201,42.183899],[26.7039293,42.1838091],[26.7039201,42.1838061],[26.7033,42.183601],[26.7026,42.183601],[26.7031,42.183201],[26.7031,42.183201],[26.7031343,42.1831837],[26.7031442,42.1831787],[26.703501,42.182999],[26.7036793,42.1828655],[26.7036854,42.1828609],[26.703899,42.182701],[26.704201,42.182201],[26.7043,42.181702],[26.704399,42.181198],[26.7043444,42.1808676],[26.7043434,42.1808619],[26.7043,42.180599],[26.704,42.180199],[26.704,42.180199],[26.7033,42.179501],[26.7031311,42.1794163],[26.7030875,42.1793944],[26.7019,42.178799],[26.7003,42.177799],[26.6998,42.177399],[26.699301,42.1768],[26.699301,42.176399],[26.699301,42.176399],[26.6994,42.1758],[26.6994,42.1758],[26.6992,42.175098],[26.6989,42.174599],[26.698299,42.174301],[26.6977356,42.1742365],[26.6977147,42.1742341],[26.697399,42.174198],[26.695499,42.174198],[26.693701,42.174301],[26.6932626,42.1743979],[26.6932554,42.1743995],[26.692801,42.1745],[26.6923059,42.1745408],[26.692296,42.1745417],[26.691601,42.174599],[26.691601,42.174599],[26.692301,42.1759],[26.692499,42.176498],[26.6922486,42.1767503],[26.6922425,42.1767565],[26.692101,42.176899],[26.692101,42.176899],[26.691799,42.177101],[26.6911618,42.1772273],[26.6911427,42.1772311],[26.6908,42.177299],[26.6898,42.177299],[26.6895353,42.1771852],[26.6895282,42.1771821],[26.6891,42.176998],[26.688101,42.1777],[26.686701,42.178501],[26.6863957,42.1786146],[26.6863835,42.1786191],[26.6859,42.178799],[26.6852303,42.1791343],[26.6852235,42.1791377],[26.685101,42.179199],[26.6845,42.18],[26.6845,42.1802677],[26.6845,42.18027],[26.6845,42.1805],[26.6843224,42.1808903],[26.684,42.181599],[26.684099,42.182201],[26.684,42.183399],[26.6842,42.184299],[26.6845,42.1852],[26.684962,42.1857396],[26.6849666,42.185745],[26.685101,42.185902],[26.6856,42.186699],[26.6859314,42.1870327],[26.6859358,42.187037],[26.686199,42.187302],[26.687799,42.188702],[26.6884,42.188999],[26.6884,42.188999],[26.689301,42.189301],[26.689301,42.189301],[26.690201,42.189499],[26.692699,42.189499],[26.694,42.189602],[26.6945,42.1898],[26.694901,42.190102],[26.694901,42.190102],[26.6954,42.190601],[26.6954802,42.1907081],[26.6957,42.191002],[26.6958779,42.1914463],[26.6958804,42.1914525],[26.6961,42.192001],[26.696501,42.1922],[26.6966961,42.1922386],[26.6967035,42.1922401],[26.697001,42.192299],[26.697599,42.192299],[26.698299,42.1922],[26.698299,42.1922],[26.6992,42.192101],[26.701,42.192101],[26.701,42.192101],[26.7015,42.1922],[26.7019,42.192699],[26.7019,42.193001],[26.7019,42.193298],[26.701599,42.193699],[26.701599,42.193699],[26.7008,42.1945],[26.699301,42.195702],[26.6984,42.196602],[26.6984,42.196602],[26.697701,42.197701],[26.697399,42.1992],[26.697201,42.199699],[26.697201,42.199699],[26.697001,42.200199],[26.6966,42.201099],[26.696301,42.201302],[26.695801,42.201302],[26.6954348,42.2010454],[26.6954192,42.2010345],[26.694799,42.2006],[26.6945054,42.2003641],[26.6945008,42.2003604],[26.6943,42.200199],[26.6938036,42.2001171],[26.69378,42.2001132],[26.6931,42.200001],[26.6927783,42.1999373],[26.6927708,42.1999358],[26.6926,42.199902],[26.6919,42.1996],[26.689899,42.1987],[26.687901,42.1978],[26.687201,42.197601],[26.686501,42.197601],[26.6861191,42.197601],[26.6861131,42.197601],[26.685699,42.197601],[26.6842136,42.1978341],[26.6841765,42.1978399],[26.6838,42.197899],[26.6836367,42.1979541],[26.683201,42.198101],[26.6826913,42.1984241],[26.6826806,42.1984309],[26.6821,42.198799],[26.6818063,42.1990088],[26.6817959,42.1990162],[26.6814,42.199299],[26.681299,42.199799],[26.680799,42.2006],[26.6799574,42.2016117],[26.6799274,42.2016479],[26.6798,42.201801],[26.678699,42.202702],[26.678699,42.202702],[26.677401,42.203499],[26.6768,42.2038],[26.675699,42.204601],[26.6753451,42.2052216],[26.6753419,42.2052272],[26.675301,42.205299],[26.6752,42.206699],[26.675301,42.207199],[26.675699,42.207901],[26.676001,42.208401],[26.6765,42.2089],[26.676701,42.209301],[26.676701,42.209301],[26.676701,42.209801],[26.6767952,42.2101817],[26.6767966,42.2101872],[26.6768,42.210201],[26.6768,42.210201],[26.6768,42.210701],[26.6769342,42.2111028],[26.6769362,42.2111088],[26.677,42.2113],[26.6775526,42.2127208],[26.6777,42.2131],[26.6777819,42.2131274],[26.6777847,42.2131283],[26.677999,42.2132],[26.680401,42.2132],[26.681299,42.213299],[26.6821,42.213799],[26.6828884,42.2145895],[26.6829059,42.2146071],[26.683599,42.215302],[26.684025,42.2156408],[26.6840355,42.2156492],[26.684601,42.216099],[26.6848866,42.2162709],[26.6848922,42.2162743],[26.685101,42.2164],[26.687201,42.217201],[26.687799,42.217602],[26.6888597,42.2184103],[26.6888787,42.2184248],[26.689501,42.218899],[26.689501,42.218899],[26.691099,42.2197],[26.692801,42.220001],[26.693501,42.219799],[26.6937016,42.2197491],[26.6937065,42.2197479],[26.693899,42.2197],[26.6941411,42.2194586],[26.6941522,42.2194475],[26.694599,42.219002],[26.6947,42.218601],[26.6947,42.218601],[26.6943,42.217999],[26.6938,42.217602],[26.6938,42.217602],[26.693399,42.217098],[26.6933436,42.216819],[26.6933435,42.2168185],[26.6933,42.216599],[26.6933,42.216099],[26.693501,42.215599],[26.693899,42.215199],[26.695299,42.2146],[26.6975,42.213402],[26.6978,42.212898],[26.6978,42.212399],[26.6976732,42.2120835],[26.697599,42.211899],[26.6974882,42.2116769],[26.697399,42.211498],[26.697399,42.211498],[26.6952,42.210098],[26.6952,42.210098],[26.6945,42.209702],[26.694099,42.209202],[26.6939082,42.2089335],[26.6939046,42.2089286],[26.6936,42.2085],[26.693501,42.208],[26.693701,42.207199],[26.694,42.206699],[26.6942949,42.2064047],[26.6942953,42.2064043],[26.6945,42.2062],[26.6952,42.205799],[26.69548,42.205799],[26.6954953,42.205799],[26.6959,42.205799],[26.6964,42.205799],[26.696899,42.205898],[26.6989,42.206501],[26.703699,42.208698],[26.705601,42.209801],[26.7057665,42.2100224],[26.7057689,42.2100256],[26.7059,42.210201],[26.7059,42.210499],[26.705601,42.211102],[26.705299,42.211399],[26.705299,42.211399],[26.704599,42.212399],[26.704399,42.212898],[26.7043,42.213299],[26.7043,42.213299],[26.704201,42.213699],[26.704201,42.213699],[26.704399,42.214001],[26.7048,42.2145],[26.7054,42.214699],[26.7057171,42.2147447],[26.7058057,42.2147575],[26.7068,42.214901],[26.7074255,42.214901],[26.707436,42.214901],[26.707701,42.214901],[26.707993,42.214842],[26.7080147,42.2148376],[26.7087,42.214699],[26.709999,42.214401],[26.710501,42.214199],[26.7145,42.2118],[26.7151818,42.2115512],[26.7152066,42.2115422],[26.715599,42.211399],[26.7159124,42.2115251],[26.7159164,42.2115267],[26.716101,42.211601],[26.7164,42.2118],[26.7166664,42.2121315],[26.716801,42.212299],[26.716801,42.212299],[26.716801,42.212601],[26.716738,42.2129121],[26.7167,42.2131],[26.7164948,42.213442],[26.7164,42.2136],[26.7162,42.214199],[26.7162,42.214199],[26.716101,42.214901],[26.7159942,42.2152194],[26.7159,42.2155],[26.7159,42.216099],[26.7162,42.216702],[26.716499,42.217098],[26.716499,42.217098],[26.7173,42.217701],[26.7173,42.217701],[26.7175543,42.2178093],[26.718,42.217999],[26.718,42.217999],[26.718399,42.2187],[26.7181,42.219299],[26.717501,42.2197],[26.717501,42.2197],[26.7171,42.2202],[26.7171,42.2202],[26.7171,42.220798],[26.7174,42.221298],[26.7175537,42.2216061],[26.7175555,42.2216097],[26.7176,42.221699],[26.717699,42.222401],[26.7176361,42.222718],[26.7176,42.2229],[26.7169,42.223499],[26.7169,42.223499],[26.7166,42.223999],[26.7167,42.224499],[26.7167,42.224499],[26.716801,42.224899],[26.717199,42.225201],[26.7178,42.2253],[26.7178,42.2253],[26.718201,42.225399],[26.7182881,42.2254879],[26.718289,42.2254888],[26.718399,42.225601],[26.7188,42.226101],[26.7188,42.226101],[26.718901,42.226501],[26.719101,42.226898],[26.7194,42.226898],[26.7197,42.2267],[26.7202,42.226398],[26.7202,42.226398],[26.7206,42.226101],[26.721201,42.225899],[26.721201,42.225899],[26.7214135,42.2259428],[26.721701,42.226002],[26.7218136,42.2261693],[26.7218157,42.2261724],[26.721901,42.226299],[26.721852,42.2265414],[26.7218,42.226799],[26.7215287,42.2272873],[26.7215263,42.2272916],[26.7213,42.227699],[26.721001,42.228199],[26.720699,42.228901],[26.720699,42.228901],[26.7204,42.229599],[26.7204,42.230801],[26.7205608,42.2313384],[26.720699,42.2318],[26.7202565,42.2320963],[26.7202487,42.2321015],[26.7201,42.232201],[26.7196071,42.232201],[26.719299,42.232201],[26.719299,42.232201],[26.7191542,42.2322112],[26.717899,42.2323],[26.7164429,42.2323],[26.7164011,42.2323],[26.7157,42.2323],[26.7138,42.232201],[26.7136209,42.232201],[26.7136182,42.232201],[26.7132,42.232201],[26.711901,42.2323],[26.711901,42.2323],[26.7094,42.2327],[26.7085157,42.2327465],[26.708496,42.2327476],[26.7075,42.2328],[26.7064279,42.2328],[26.7063977,42.2328],[26.705999,42.2328],[26.7055439,42.2328],[26.7055078,42.2328],[26.70458,42.2328],[26.7045,42.2328],[26.7045,42.2328],[26.7033,42.233101],[26.700399,42.233398],[26.699301,42.2337],[26.6970602,42.235064],[26.697001,42.2351],[26.695999,42.236099],[26.6954,42.2369],[26.6954,42.2369],[26.695,42.2379],[26.6949487,42.2383662],[26.694901,42.2388],[26.6951428,42.2398336],[26.6951436,42.2398368],[26.695299,42.240501],[26.6954964,42.2409445],[26.6957,42.241402],[26.697001,42.243401],[26.698601,42.245201],[26.698601,42.245201],[26.6994,42.2463],[26.7007822,42.2478869],[26.702101,42.249401],[26.702101,42.249401],[26.702499,42.25],[26.7025791,42.2501589],[26.702801,42.250599],[26.7027,42.251099],[26.7027,42.251099],[26.702101,42.251701],[26.7014794,42.2523208],[26.701471,42.2523292],[26.701401,42.252399],[26.701401,42.252399],[26.7010576,42.2525364],[26.7010509,42.2525391],[26.700399,42.2528],[26.699301,42.2528],[26.695299,42.2528],[26.693399,42.252701],[26.6924,42.252602],[26.6924,42.252602],[26.6898,42.252499],[26.6898,42.252499],[26.6884,42.2528],[26.687901,42.253201],[26.6875,42.2537],[26.6874683,42.2538601],[26.687401,42.2542],[26.687201,42.254601],[26.686899,42.254902],[26.686399,42.255199],[26.6855133,42.2555153],[26.6854812,42.2555268],[26.684999,42.255699],[26.684999,42.255699],[26.684401,42.2561],[26.684,42.256802],[26.6838,42.257401],[26.683399,42.258202],[26.682899,42.257702],[26.682899,42.257702],[26.682301,42.257401],[26.681499,42.257099],[26.6801313,42.2567089],[26.679399,42.2565],[26.6784,42.256302],[26.6778705,42.2561249],[26.6778548,42.2561197],[26.6775,42.256001],[26.6768,42.255798],[26.6754,42.255199],[26.674601,42.255001],[26.6738,42.254799],[26.6738,42.254799],[26.672701,42.254299],[26.6717,42.254101],[26.6703518,42.2536276],[26.6703336,42.2536212],[26.669701,42.253399],[26.6690314,42.253131],[26.668699,42.252998],[26.6665,42.2523],[26.6651,42.2519],[26.6651,42.2519],[26.664,42.251499],[26.662701,42.2514],[26.6614,42.251499],[26.660801,42.251598],[26.660299,42.251701],[26.660101,42.2519],[26.6599822,42.2520788],[26.6599821,42.252079],[26.659901,42.252201],[26.66,42.252602],[26.660101,42.2528],[26.6614,42.253201],[26.6623,42.253601],[26.6623,42.253601],[26.663401,42.254101],[26.6639044,42.2543756],[26.6639221,42.2543853],[26.664499,42.2547],[26.6648088,42.2550107],[26.664812,42.2550139],[26.665199,42.255402],[26.6665,42.256401],[26.6665,42.256401],[26.666901,42.256802],[26.666901,42.256802],[26.667601,42.257401],[26.667601,42.257401],[26.6679,42.257702],[26.6688,42.259102],[26.6689947,42.2594409],[26.6690037,42.2594566],[26.669201,42.2598],[26.6695,42.260399],[26.6699365,42.261347],[26.6699384,42.2613512],[26.670099,42.2617],[26.6702883,42.2620128],[26.6702899,42.2620155],[26.670401,42.262199],[26.6705346,42.2622671],[26.6705347,42.2622672],[26.670799,42.262402],[26.6709419,42.2624726],[26.6709443,42.2624737],[26.6712,42.2626],[26.6711999,42.2626],[26.6702385,42.2629198],[26.6702194,42.2629261],[26.669399,42.263199],[26.6689,42.2635],[26.6688,42.263599],[26.6686762,42.263723],[26.668301,42.264099],[26.6678067,42.2642641],[26.6677932,42.2642686],[26.6674,42.2644],[26.6667799,42.2645235],[26.6667703,42.2645254],[26.666401,42.264599],[26.666401,42.264599],[26.665501,42.265099],[26.665123,42.2653513],[26.6651044,42.2653638],[26.664301,42.2659],[26.6632,42.266399],[26.6623,42.2668],[26.6609,42.267502],[26.6597,42.268501],[26.6595,42.269199],[26.659901,42.269699],[26.66,42.269901],[26.6602,42.270401],[26.659901,42.270901],[26.6597,42.271],[26.659,42.2715],[26.6584,42.272202],[26.6581,42.2728],[26.6581,42.273399],[26.6580331,42.2738037],[26.658001,42.273998],[26.6577897,42.2744212],[26.6577857,42.2744293],[26.6577,42.274601],[26.6576,42.275398],[26.6579,42.276001],[26.658501,42.2771],[26.658701,42.277802],[26.658906,42.278931],[26.6589069,42.2789357],[26.6591,42.279999],[26.6592942,42.2803399],[26.6595,42.280701],[26.660101,42.281399],[26.6606676,42.2819141],[26.6606813,42.2819265],[26.6612,42.282398],[26.6615828,42.2825907],[26.6615979,42.2825983],[26.6618,42.2827],[26.6621517,42.2828323],[26.6621692,42.2828389],[26.6626,42.283001],[26.6629944,42.2829452],[26.6630452,42.282938],[26.6633,42.282902],[26.664101,42.282799],[26.6643755,42.2826351],[26.6643837,42.2826302],[26.6646,42.282501],[26.665501,42.281898],[26.666401,42.2817],[26.667248,42.2815786],[26.6672986,42.2815713],[26.668501,42.281399],[26.669399,42.281399],[26.671101,42.281898],[26.6716585,42.2819699],[26.6716773,42.2819723],[26.6719,42.282001],[26.6723995,42.282001],[26.6724328,42.282001],[26.672899,42.282001],[26.6749896,42.2812661],[26.675094,42.2812294],[26.678301,42.280102],[26.679199,42.2794],[26.6798,42.278599],[26.6798,42.278599],[26.6803,42.277699],[26.6803,42.277699],[26.6814,42.276001],[26.681999,42.2752],[26.6828,42.2742],[26.6828,42.2742],[26.683901,42.272499],[26.683901,42.271801],[26.683901,42.271801],[26.684099,42.272099],[26.684099,42.272099],[26.684601,42.2724],[26.6851129,42.2725542],[26.6851309,42.2725596],[26.6856,42.272701],[26.6861,42.2728],[26.686501,42.2728],[26.688101,42.272701],[26.6877,42.2733],[26.6873644,42.2736345],[26.6873629,42.2736359],[26.687099,42.273899],[26.6868356,42.274298],[26.6868299,42.2743067],[26.686701,42.274502],[26.686399,42.2752],[26.6860753,42.275662],[26.6860666,42.2756744],[26.685699,42.276199],[26.6854337,42.2765653],[26.6849,42.277302],[26.6839235,42.2782067],[26.6839096,42.2782195],[26.6835,42.278599],[26.6835,42.278599],[26.682899,42.278999],[26.6821,42.279598],[26.6821,42.279598],[26.680901,42.280102],[26.6806458,42.2802843],[26.6806367,42.2802908],[26.680201,42.280602],[26.679701,42.281101],[26.6795406,42.2814191],[26.6795401,42.2814202],[26.679399,42.2817],[26.6793074,42.2820198],[26.6793052,42.2820272],[26.679199,42.282398],[26.679199,42.283901],[26.679199,42.283901],[26.679501,42.284698],[26.6798,42.285301],[26.680099,42.285702],[26.6807,42.286201],[26.6812,42.2864],[26.6815821,42.2864473],[26.6815943,42.2864489],[26.681999,42.286499],[26.682899,42.286098],[26.6838,42.285999],[26.684401,42.286201],[26.685801,42.286701],[26.686399,42.286701],[26.687099,42.2864],[26.6882,42.285198],[26.6882,42.285198],[26.688801,42.284901],[26.6891233,42.2848687],[26.6891448,42.2848666],[26.6898,42.284801],[26.6908,42.284801],[26.693701,42.285599],[26.694799,42.285702],[26.694799,42.285702],[26.695601,42.285702],[26.696301,42.286098],[26.6965323,42.2862839],[26.6965368,42.2862875],[26.6968,42.286499],[26.6969772,42.2867359],[26.6969787,42.2867379],[26.6971,42.2869],[26.6978,42.2882],[26.698099,42.289001],[26.698099,42.289001],[26.6989,42.290699],[26.6992,42.291302],[26.699699,42.291901],[26.6998986,42.2920489],[26.6999009,42.2920505],[26.7001,42.292198],[26.7008,42.292301],[26.7008,42.292301],[26.7024,42.2924],[26.702748,42.2922952],[26.7027571,42.2922925],[26.7034,42.292099],[26.7037435,42.2919857],[26.7037491,42.2919838],[26.704,42.291901],[26.7043,42.291801],[26.7045,42.291401],[26.7045,42.290901],[26.7041627,42.2906104],[26.7041567,42.2906053],[26.7038,42.290298],[26.703199,42.289799],[26.7027,42.289299],[26.7027,42.289299],[26.7026146,42.2891286],[26.702499,42.288898],[26.702499,42.286598],[26.7026,42.2864],[26.7027,42.2855],[26.7029084,42.2849539],[26.703501,42.283401],[26.703899,42.282799],[26.7047,42.2817],[26.7051239,42.2812232],[26.7055,42.2808],[26.705601,42.280899],[26.7089,42.2808],[26.7115,42.280499],[26.7116055,42.2805533],[26.7116092,42.2805552],[26.7117,42.280602],[26.712299,42.2808],[26.712299,42.2808],[26.7145,42.281799],[26.720699,42.285099],[26.720699,42.285099],[26.7222,42.285801],[26.723101,42.285801],[26.7238544,42.2855319],[26.7238765,42.285524],[26.724501,42.285301],[26.7248,42.286201],[26.7245416,42.2867187],[26.7245413,42.2867193],[26.724501,42.2868],[26.724001,42.2873],[26.7234,42.2873],[26.7227,42.286999],[26.7222,42.286701],[26.7206,42.286098],[26.7194,42.285702],[26.718859,42.2856027],[26.7188208,42.2855956],[26.7183,42.2855],[26.7167,42.2864],[26.7167,42.2864],[26.7162,42.2869],[26.7157,42.287498],[26.715263,42.287827],[26.714899,42.288101],[26.7141,42.288101],[26.713699,42.287899],[26.7136843,42.2878941],[26.7131,42.287701],[26.7124815,42.2874199],[26.7124643,42.2874121],[26.712,42.287201],[26.711201,42.286999],[26.7104,42.287201],[26.709999,42.287998],[26.709999,42.287998],[26.7097,42.288898],[26.709499,42.2892],[26.709499,42.2892],[26.7092,42.289799],[26.7092,42.289799],[26.7085,42.290501],[26.7069,42.2915],[26.706699,42.292099],[26.7065534,42.292538],[26.7065521,42.292542],[26.706499,42.292702],[26.7066,42.2934],[26.7068,42.293999],[26.7068,42.293999],[26.7075,42.2943],[26.7081595,42.2943594],[26.7081746,42.2943608],[26.708599,42.294399],[26.710199,42.294399],[26.711399,42.294201],[26.712999,42.2943],[26.712999,42.2943],[26.7174,42.294701],[26.721201,42.2962],[26.7216657,42.2964114],[26.7223,42.2967],[26.7223,42.2967],[26.7234,42.297501],[26.7246,42.298401],[26.7251133,42.2988556],[26.7251201,42.2988616],[26.7255,42.299198],[26.726999,42.299999],[26.730301,42.3022],[26.731501,42.302799],[26.7327,42.3032],[26.733801,42.3036],[26.734301,42.3036],[26.7349,42.304001],[26.7355318,42.3046935],[26.7355404,42.304703],[26.738001,42.3074],[26.739,42.308102],[26.7390001,42.308102],[26.7397,42.308498],[26.7400903,42.3085972],[26.7401007,42.3085998],[26.740499,42.308701],[26.741199,42.3088],[26.7421,42.308601],[26.743999,42.308102],[26.7453905,42.3078486],[26.7454129,42.3078445],[26.746201,42.307701],[26.7471194,42.3074386],[26.747601,42.307301],[26.747601,42.307301],[26.7486,42.307098],[26.749901,42.306801],[26.7519,42.306198],[26.7533746,42.3059593],[26.7534177,42.3059523],[26.7556,42.305599],[26.758499,42.304699],[26.7584991,42.304699],[26.7614,42.303902],[26.7623378,42.303588],[26.762376,42.3035752],[26.763201,42.303299],[26.765301,42.303101],[26.767052,42.302952],[26.7672,42.303101],[26.7676369,42.3032246],[26.7676451,42.3032269],[26.7679,42.303299],[26.7687,42.303699],[26.7693,42.3041],[26.770452,42.3050332],[26.773001,42.307098],[26.775101,42.308998],[26.7759,42.309601],[26.7771642,42.310042],[26.7772347,42.3100666],[26.777901,42.310299],[26.778999,42.310501],[26.780199,42.310501],[26.7827,42.310398],[26.7834709,42.310398],[26.7835151,42.310398],[26.7843,42.310398],[26.785801,42.310101],[26.7868,42.310001],[26.787701,42.309799],[26.787701,42.309799],[26.789,42.3097],[26.789,42.3097],[26.7894251,42.3097935],[26.7894379,42.3097963],[26.7899,42.309898],[26.7908,42.3102],[26.7934,42.311501],[26.7935825,42.3116372],[26.794201,42.312099],[26.7956606,42.3128039],[26.7957001,42.3128229],[26.7971,42.313499],[26.7981,42.3139],[26.799299,42.315102],[26.7993643,42.3156171],[26.7993643,42.3156176],[26.7994,42.315899],[26.799,42.3167],[26.7989741,42.3169353],[26.7989738,42.3169379],[26.798901,42.3176],[26.7991842,42.317924],[26.799601,42.318401],[26.8006,42.319401],[26.8006,42.319401],[26.8013,42.320499],[26.801701,42.321499],[26.801701,42.321915],[26.801701,42.3223926],[26.801701,42.322701],[26.8016,42.323601],[26.8012664,42.3240667],[26.8012605,42.324075],[26.8011,42.324299],[26.7995,42.3251],[26.7995,42.3251],[26.798599,42.325699],[26.798599,42.325699],[26.7984643,42.3256316],[26.7984622,42.3256306],[26.798401,42.3256],[26.798401,42.3256],[26.7988,42.326599],[26.7988,42.326599],[26.7994,42.327702],[26.7994,42.327702],[26.8001,42.328899],[26.8002,42.328999],[26.8002,42.328999],[26.79964,42.328999],[26.799633,42.328999],[26.7988,42.328999],[26.7973,42.328499],[26.7973,42.328499],[26.7967,42.328499],[26.7962,42.328602],[26.7957001,42.3288],[26.7957,42.3288],[26.7956538,42.3290331],[26.7956537,42.3290336],[26.795601,42.3293],[26.795401,42.3297],[26.795,42.330002],[26.7947126,42.3300589],[26.7947081,42.3300598],[26.7945,42.330101],[26.7938,42.330101],[26.7935705,42.3300348],[26.7935632,42.3300327],[26.7931,42.329899],[26.7925,42.3297],[26.7917,42.329102],[26.791401,42.328999],[26.791,42.328999],[26.790701,42.329201],[26.7906617,42.3296285],[26.7906612,42.3296339],[26.7906,42.330299],[26.7899,42.330601],[26.7899,42.330601],[26.7894,42.330502],[26.7894,42.330502],[26.7887,42.3302],[26.785801,42.330601],[26.7854706,42.3306337],[26.7852933,42.3306512],[26.7846467,42.3306594],[26.7845239,42.330661],[26.784028,42.3306673],[26.7839895,42.3307885],[26.7834155,42.3325981],[26.782553,42.3334721],[26.7813972,42.3346432],[26.7814319,42.3346845],[26.7816141,42.3349021],[26.7834901,42.3371419],[26.7847447,42.3384591],[26.7848312,42.3386754],[26.7853018,42.3398471],[26.7853333,42.3399111],[26.7855535,42.3403577],[26.7857392,42.3405709],[26.7892778,42.3423188],[26.7966104,42.3459406],[26.7977791,42.3465179],[26.8153188,42.3348889],[26.8153188,42.3348889],[26.8185237,42.332764],[26.8197849,42.3323026]]]]}},{"type":"Feature","id":"BG2G000000N018","properties":{"OBJECTID":13,"localId":"BG2G000000N018","nameTxtInt":"POROUS WATERS - MIOCEN-SARMATIAN IZGREV-VARNA-BOTEVO-BATOVO","nameText":"POROUS WATERS - MIOCEN-SARMATIAN IZGREV-VARNA-BOTEVO-BATOVO","horizons":"1,2","Type":"5","Age":"N","n":14.0,"cod":"BG2G000000N018","ime":"Карстово - порови води в неоген - миоцен -сармат Изгрев-Варна -Ботево-Батово","risk_q":"Не е в риск","risk_ch":"В риск","q_s":"добро","dostoverno":"Ниска","ch_s":"лошо","dostover_1":"Средна","sustoyanie":"лошо","sustoyan_1":"лошо","Shape_Leng":148938.726745,"Shape_Area":1125668143.11,"gwb_code":"BG2G000000N018","gwb_name":"Карстово - порови води в неоген - миоцен -сармат Изгрев-Варна -Ботево-Батово","basin_district":"BG2"},"geometry":{"type":"Polygon","coordinates":[[[28.165766,43.4097398],[28.1698789,43.4041098],[28.170036,43.4038934],[28.1698929,43.403928],[28.1691517,43.4041067],[28.1686304,43.4037566],[28.1685671,43.403714],[28.1682203,43.4034811],[28.1682014,43.4034684],[28.1676097,43.4037481],[28.1677037,43.4038733],[28.1678004,43.404002],[28.1678433,43.4040591],[28.1679273,43.404171],[28.1674761,43.4045065],[28.1649443,43.4055138],[28.162717,43.4054059],[28.1613459,43.4056386],[28.1605157,43.4057795],[28.1589218,43.4060613],[28.1581668,43.4060194],[28.1581447,43.4058321],[28.1581183,43.4056084],[28.1580914,43.4053809],[28.1578629,43.4053649],[28.1577544,43.4053572],[28.1577157,43.4056798],[28.1576902,43.4058922],[28.1576824,43.4059568],[28.1563476,43.4059061],[28.1561482,43.4058985],[28.1558109,43.4058857],[28.1557712,43.4056651],[28.155746,43.4055253],[28.1557255,43.4054114],[28.155718,43.4053696],[28.1556941,43.4052371],[28.1556572,43.4050318],[28.1555476,43.4050389],[28.1554081,43.4050479],[28.1552455,43.4050586],[28.1552274,43.4052656],[28.155223,43.4053164],[28.1551762,43.4058521],[28.1551739,43.4058784],[28.1538211,43.4057251],[28.153895,43.4053357],[28.1539191,43.405209],[28.1539778,43.4048998],[28.1539847,43.4048635],[28.1535854,43.4048471],[28.1534464,43.4051913],[28.1533013,43.4055508],[28.1527073,43.4055633],[28.1524726,43.4055682],[28.1522874,43.4055172],[28.1507532,43.4050948],[28.1508522,43.4049436],[28.1509779,43.4047515],[28.1509851,43.4047405],[28.150778,43.404732],[28.1505844,43.4046303],[28.1505788,43.4046374],[28.1504157,43.404846],[28.1498274,43.4048384],[28.1468712,43.4038597],[28.1464592,43.4037252],[28.1462281,43.4036495],[28.1448941,43.402941],[28.1440576,43.4024967],[28.1436663,43.4021669],[28.1429736,43.4015832],[28.1427322,43.4013799],[28.1415663,43.4005721],[28.1400317,43.4001102],[28.1381693,43.3997719],[28.1379169,43.3997261],[28.1373424,43.3994521],[28.1363818,43.398994],[28.1362384,43.3989377],[28.1356968,43.3987253],[28.1343598,43.3982007],[28.1342425,43.3981547],[28.133841,43.3979972],[28.1321448,43.3966092],[28.1316587,43.3961985],[28.1312238,43.3958311],[28.1305016,43.3952209],[28.1303515,43.3950417],[28.1299269,43.3945344],[28.12944,43.3939528],[28.1291488,43.3936849],[28.128903,43.3934588],[28.1284327,43.3930263],[28.128244,43.3929367],[28.1272158,43.3924485],[28.1252495,43.391519],[28.1249394,43.3913724],[28.1241648,43.3908086],[28.124141,43.3907912],[28.1238566,43.3905842],[28.121918,43.3895654],[28.1213394,43.3894087],[28.1212589,43.3893937],[28.1207863,43.3893056],[28.1204117,43.3892357],[28.120269,43.3892091],[28.1201238,43.389182],[28.119124,43.3884534],[28.1185876,43.3880625],[28.1178228,43.3874257],[28.1177825,43.3873921],[28.1068258,43.3816341],[28.1065362,43.3816342],[28.1064667,43.3816343],[28.1064438,43.3816239],[28.1060228,43.3814331],[28.105793,43.381329],[28.1056203,43.3812508],[28.1053773,43.3810672],[28.1052436,43.3809662],[28.1051585,43.3809019],[28.104766,43.3806054],[28.1047163,43.3805679],[28.1046261,43.3804998],[28.0994209,43.3786769],[28.0990839,43.3786895],[28.097644,43.3787432],[28.0974775,43.3787494],[28.0969112,43.3786464],[28.0966085,43.3785913],[28.0964201,43.378557],[28.0960094,43.3783303],[28.0958921,43.3782656],[28.0956871,43.3781525],[28.0952946,43.3779359],[28.0950969,43.3778268],[28.0938844,43.377043],[28.0928549,43.3763775],[28.0923765,43.37621],[28.0919638,43.3757079],[28.0909679,43.37494],[28.0902529,43.374357],[28.0900673,43.3742056],[28.0897241,43.3739009],[28.0888422,43.3731179],[28.0884936,43.3728084],[28.0881608,43.3725129],[28.0876551,43.3719082],[28.08764,43.3718902],[28.0875953,43.3718367],[28.0874749,43.3716927],[28.087315,43.3715015],[28.0872469,43.37142],[28.0872187,43.3713863],[28.0870453,43.371179],[28.0869777,43.3710982],[28.0859346,43.3698507],[28.0849457,43.368293],[28.0848888,43.3682034],[28.0840766,43.3669239],[28.0826133,43.3643315],[28.0819311,43.3635015],[28.081747,43.3632775],[28.081226,43.3622511],[28.0805769,43.3613354],[28.0804677,43.3611812],[28.0794933,43.3593427],[28.0791408,43.3586775],[28.0779611,43.3566245],[28.0778559,43.3564415],[28.0771235,43.3551668],[28.0763939,43.3538849],[28.0751074,43.3516245],[28.0734838,43.3480247],[28.0732471,43.3474999],[28.0728858,43.3466701],[28.0724503,43.3456699],[28.0720425,43.3447334],[28.0716925,43.3439322],[28.0715998,43.34372],[28.0712856,43.3430615],[28.0712277,43.34294],[28.0711507,43.3427787],[28.0708047,43.3420534],[28.0703794,43.3411618],[28.0697416,43.339825],[28.0696955,43.3397114],[28.0693994,43.3389825],[28.0693372,43.3388296],[28.0693362,43.3388269],[28.067583,43.335373],[28.0676281,43.3352173],[28.0677938,43.3337268],[28.0678075,43.3336035],[28.0678621,43.3331117],[28.0678264,43.3329543],[28.0677561,43.3326445],[28.0674937,43.3314895],[28.0674941,43.3309406],[28.0674942,43.3308668],[28.0674942,43.3308389],[28.0674942,43.3308125],[28.0674943,43.3305984],[28.0676466,43.3302278],[28.0678115,43.3298255],[28.0681951,43.3294978],[28.0685287,43.3292137],[28.0687143,43.3290556],[28.0687617,43.3290153],[28.0688577,43.3287713],[28.0688775,43.3287209],[28.0689266,43.3285962],[28.0689528,43.3285296],[28.0689645,43.3284999],[28.0689735,43.3284772],[28.0689584,43.3283997],[28.0688295,43.327736],[28.0688065,43.3276177],[28.0687756,43.3274584],[28.06871,43.3271203],[28.0685705,43.3268318],[28.0684628,43.3266091],[28.0683712,43.3264196],[28.0683156,43.3263046],[28.0681978,43.3260625],[28.0679644,43.3257826],[28.067947,43.3257678],[28.0677645,43.3256108],[28.0676168,43.3254837],[28.0671808,43.3251086],[28.0669387,43.3246651],[28.0668367,43.3244793],[28.0667574,43.3243347],[28.0601805,43.316445],[28.054858,43.3100105],[28.050083,43.3042385],[28.0483495,43.302143],[28.0473798,43.2917507],[28.0470811,43.2898785],[28.0469996,43.2893671],[28.0469246,43.2889541],[28.0468504,43.2885455],[28.0467988,43.2882614],[28.0466111,43.2872329],[28.0465428,43.286859],[28.0464221,43.2861983],[28.0462262,43.2858425],[28.0456819,43.2848544],[28.0456605,43.2848154],[28.0456326,43.2847648],[28.0452646,43.2832959],[28.0451105,43.2823215],[28.0449951,43.281592],[28.0449769,43.2814753],[28.0449735,43.2814533],[28.0449579,43.2813537],[28.0448983,43.2809761],[28.04452,43.2798265],[28.0441093,43.2785789],[28.0437327,43.2772848],[28.0436737,43.2770821],[28.0436363,43.2769536],[28.0436255,43.2769036],[28.0435893,43.2767365],[28.0435346,43.2764839],[28.0434766,43.2762166],[28.0433754,43.2757492],[28.0433062,43.2754297],[28.0432684,43.2752551],[28.0432212,43.2751911],[28.0428687,43.2747139],[28.0428285,43.2746597],[28.0426369,43.2744009],[28.0411089,43.2727354],[28.0406879,43.2718073],[28.0398388,43.269798],[28.0397409,43.2695648],[28.0392867,43.2685784],[28.038531,43.2669374],[28.0384666,43.2668057],[28.0344379,43.2597741],[28.0335837,43.2591978],[28.0334413,43.2590235],[28.0329542,43.2584247],[28.0327942,43.2582279],[28.0322546,43.2573094],[28.0317944,43.2565261],[28.0309896,43.2543311],[28.0309009,43.2540894],[28.0303107,43.2527019],[28.030094,43.2521925],[28.0259585,43.2449746],[28.0258202,43.244941],[28.024849,43.2447432],[28.0248486,43.2447475],[28.0248429,43.2448194],[28.0245659,43.2448283],[28.0242244,43.2448391],[28.02332,43.2448677],[28.0230578,43.244876],[28.0229569,43.2448724],[28.0226142,43.244862],[28.0225191,43.2448403],[28.0224842,43.2448325],[28.0223555,43.2448035],[28.0222309,43.2447754],[28.0222309,43.2447465],[28.022231,43.2447045],[28.0222311,43.2446473],[28.0222312,43.2446091],[28.0225778,43.2444346],[28.0227989,43.2443257],[28.0221489,43.2441933],[28.0220406,43.2442593],[28.0219609,43.244308],[28.021831,43.2443873],[28.0217517,43.244388],[28.0216916,43.2443861],[28.0216385,43.2443845],[28.021584,43.2443432],[28.0214974,43.2442777],[28.0213726,43.2441797],[28.0211016,43.2440688],[28.0208331,43.2439594],[28.020662,43.2438905],[28.0183885,43.2434275],[28.0167156,43.2374425],[28.0165296,43.2370145],[28.0162718,43.2364137],[28.0161661,43.236167],[28.0159946,43.2351104],[28.0159324,43.2347221],[28.0159121,43.2345976],[28.0159006,43.2345266],[28.013714,43.2267035],[28.0117732,43.2250543],[28.0117508,43.2250449],[28.0116296,43.2249932],[28.0114984,43.2249374],[28.0114401,43.2249125],[28.0110442,43.2246947],[28.0109835,43.2246613],[28.010747,43.2245311],[28.0105865,43.2244428],[28.0098084,43.2240175],[28.009168,43.2232557],[28.0091246,43.2232041],[28.0090803,43.2229332],[28.0090486,43.2227391],[28.007025,43.2210195],[28.0046079,43.2203208],[28.0044637,43.2203873],[28.0041939,43.2205117],[28.0041478,43.220533],[28.0038278,43.2206797],[28.0036872,43.2207441],[28.0035443,43.2207671],[28.0035092,43.2207727],[28.0034288,43.2207858],[28.0032175,43.2208203],[28.0031287,43.2208031],[28.0030867,43.2207946],[28.0029133,43.2207599],[28.0022861,43.2204728],[28.0016435,43.2201002],[27.9995231,43.2189524],[27.992218,43.2181625],[27.9850235,43.219834],[27.9773425,43.2191753],[27.9772969,43.219178],[27.9764288,43.2192286],[27.9746382,43.2189918],[27.9744994,43.2189396],[27.9738648,43.2187012],[27.9734455,43.2185416],[27.9730898,43.2184062],[27.9725867,43.2182168],[27.9725219,43.2181919],[27.9709558,43.2176679],[27.9700109,43.2175724],[27.9696685,43.2175387],[27.9694011,43.2175124],[27.9691253,43.2174853],[27.9690066,43.2174728],[27.9685983,43.2174461],[27.9682756,43.217425],[27.9681225,43.2174146],[27.9680863,43.2174122],[27.9679535,43.2174032],[27.9677425,43.217389],[27.9674482,43.2172511],[27.9669402,43.2170131],[27.9664277,43.2167698],[27.9657963,43.2163749],[27.9646423,43.2156534],[27.9644771,43.2155501],[27.9644172,43.2155126],[27.9642714,43.215421],[27.9640081,43.2152556],[27.9638076,43.2151297],[27.9560165,43.2125015],[27.943754,43.2114525],[27.9433171,43.2112644],[27.9430585,43.2112558],[27.9427177,43.2112073],[27.9424427,43.2111682],[27.9421441,43.2111256],[27.9419905,43.2111037],[27.9419528,43.2110984],[27.9419085,43.2110644],[27.9417891,43.2109729],[27.9409558,43.2103338],[27.940701,43.2101384],[27.939438,43.2095947],[27.939438,43.2095947],[27.9394043,43.2095814],[27.9392207,43.209509],[27.9389481,43.2093938],[27.9385516,43.2092263],[27.9384246,43.2091734],[27.9382532,43.2090996],[27.9381164,43.2090408],[27.9380884,43.2090137],[27.930379,43.2056952],[27.9301999,43.2056882],[27.9300445,43.2056894],[27.9292283,43.2056961],[27.9290315,43.2056075],[27.9289238,43.205559],[27.928593,43.2054128],[27.9282512,43.2052619],[27.9280195,43.2051598],[27.9279193,43.2051156],[27.9276513,43.2049975],[27.9274802,43.2048554],[27.9273186,43.2047211],[27.9269774,43.2044402],[27.9265813,43.2041109],[27.9263392,43.2039096],[27.9246511,43.2022487],[27.9244509,43.2020518],[27.923218,43.200566],[27.9229442,43.2002361],[27.9226749,43.1999127],[27.9225157,43.1997215],[27.9199905,43.197178],[27.9196788,43.1955382],[27.9195816,43.1955735],[27.9190854,43.1957532],[27.9188494,43.1958387],[27.9183559,43.196019],[27.9183008,43.1960391],[27.9182163,43.19607],[27.9178411,43.196207],[27.9173776,43.1962084],[27.917191,43.196209],[27.9169311,43.1962098],[27.9163297,43.196213],[27.9160522,43.1962145],[27.9152759,43.1962187],[27.91452,43.1962227],[27.9135221,43.1962281],[27.913357,43.1959107],[27.9132609,43.195726],[27.9136539,43.1952352],[27.9145853,43.1940719],[27.9145858,43.1939008],[27.914587,43.193705],[27.9145872,43.1936764],[27.9145876,43.1936082],[27.914303,43.1933753],[27.9142878,43.193363],[27.9141194,43.1932964],[27.9140534,43.1932703],[27.9139528,43.1932306],[27.913788,43.1931643],[27.9137098,43.1931667],[27.9135803,43.1931705],[27.9135043,43.1931756],[27.9134216,43.1932033],[27.9133465,43.1932302],[27.9133061,43.1932447],[27.9130958,43.1934461],[27.9130747,43.1934662],[27.9128222,43.1937078],[27.9124818,43.1940659],[27.9123505,43.1942038],[27.9122527,43.1943067],[27.911543,43.1951543],[27.9115327,43.1951658],[27.9110981,43.1957521],[27.9110625,43.1958009],[27.9109594,43.1959423],[27.9108185,43.1960263],[27.91063,43.1961386],[27.9106015,43.1961555],[27.9105748,43.1961714],[27.9105018,43.1962148],[27.9103151,43.1963257],[27.9102294,43.1963392],[27.9101232,43.1963542],[27.9100606,43.1963624],[27.9100134,43.1963686],[27.9097476,43.1963392],[27.9096539,43.1962215],[27.9095979,43.1961513],[27.9094876,43.1958123],[27.909402,43.1955495],[27.9093656,43.1953796],[27.9093499,43.1953068],[27.9093102,43.1951182],[27.9092659,43.1949802],[27.9092078,43.1947992],[27.9091313,43.194775],[27.9091148,43.1947698],[27.9090826,43.1947596],[27.9089342,43.1947113],[27.9084244,43.1947243],[27.9083848,43.1947263],[27.9075099,43.1947705],[27.9072763,43.1947822],[27.9071804,43.1947871],[27.907047,43.1947938],[27.9070077,43.1947905],[27.9069717,43.1947875],[27.9068028,43.1947732],[27.9064259,43.1947444],[27.9063223,43.1947365],[27.9062635,43.1947179],[27.9061275,43.194675],[27.9058408,43.1945797],[27.9057967,43.1945651],[27.9056264,43.1943488],[27.9055395,43.1942385],[27.9055382,43.1942024],[27.9055369,43.1941619],[27.905532,43.1939864],[27.90553,43.1939054],[27.9055784,43.1938112],[27.9056137,43.1937426],[27.9056619,43.1936468],[27.9057229,43.1935256],[27.905762,43.1934686],[27.9059405,43.1932087],[27.906104,43.1930831],[27.906337,43.1929103],[27.9067223,43.1928153],[27.9068645,43.1927826],[27.9069454,43.192764],[27.9069984,43.1927591],[27.9071998,43.192733],[27.9074429,43.1927016],[27.9075838,43.1926847],[27.907894,43.1926476],[27.908491,43.1925762],[27.9085464,43.1926424],[27.9086313,43.1927439],[27.9087455,43.1928803],[27.9087957,43.19294],[27.9088433,43.1929966],[27.9089699,43.1930613],[27.9090104,43.193082],[27.9093344,43.193248],[27.909389,43.1932759],[27.9094863,43.1932713],[27.9096173,43.1932651],[27.9098802,43.1932491],[27.9101268,43.193234],[27.9104381,43.1931448],[27.9105517,43.1931122],[27.9107082,43.1930673],[27.9110205,43.1929753],[27.9111478,43.1929378],[27.9112198,43.1928913],[27.9115653,43.1926688],[27.9116092,43.1926399],[27.9116263,43.1926287],[27.9116415,43.1926187],[27.9116525,43.1925871],[27.9116692,43.1924422],[27.9116301,43.1924252],[27.9112438,43.1922571],[27.9111078,43.1921959],[27.9110635,43.1921759],[27.9110554,43.1921382],[27.9110539,43.1921101],[27.911047,43.1919758],[27.9110414,43.1918693],[27.9110399,43.1918401],[27.9110812,43.1918089],[27.9113533,43.1916034],[27.9114581,43.191526],[27.9115747,43.1915195],[27.9128609,43.1914479],[27.9129662,43.191442],[27.9133666,43.1914208],[27.9135983,43.1914132],[27.9138309,43.1914056],[27.9139492,43.1914017],[27.9146359,43.1913791],[27.9149193,43.1913694],[27.9166924,43.1913086],[27.917146,43.1912215],[27.9171839,43.1912143],[27.9171765,43.1911787],[27.9171476,43.1910486],[27.9171106,43.1908821],[27.9167709,43.1908867],[27.9162969,43.1908931],[27.9160269,43.190908],[27.9145001,43.1909926],[27.9134755,43.1910493],[27.913066,43.191072],[27.9127824,43.1910878],[27.9127338,43.1910877],[27.9122568,43.1910866],[27.911894,43.1910859],[27.911833,43.1910728],[27.9116598,43.1910347],[27.9115367,43.1910077],[27.9112898,43.1909556],[27.911179,43.1908818],[27.9109942,43.1907587],[27.9109499,43.1907273],[27.9109145,43.190702],[27.9107847,43.1906714],[27.9103704,43.1905739],[27.9101304,43.1905175],[27.909915,43.1904668],[27.9095866,43.1905284],[27.9094908,43.1905467],[27.9076045,43.1908916],[27.9073284,43.1909421],[27.90651,43.1910889],[27.9063833,43.1911116],[27.9040397,43.1919266],[27.9036406,43.1920653],[27.9022566,43.1926922],[27.9019512,43.1928305],[27.9018207,43.1932638],[27.9017431,43.193523],[27.9017318,43.193561],[27.9017185,43.1936054],[27.9016843,43.1937196],[27.9016425,43.1939557],[27.9016261,43.1940487],[27.9015671,43.1943824],[27.9015347,43.1945664],[27.901467,43.1949505],[27.9013196,43.1950681],[27.9012785,43.1951005],[27.9009712,43.1953428],[27.9008747,43.1954189],[27.9008334,43.1954504],[27.9004989,43.1951364],[27.9004662,43.1951024],[27.9003584,43.1947251],[27.9003543,43.1937661],[27.9003436,43.1937256],[27.90032,43.1936358],[27.9003037,43.1935685],[27.9001078,43.1935119],[27.9000302,43.1934895],[27.8998048,43.1935408],[27.8997088,43.1936163],[27.8995419,43.1937482],[27.8995365,43.1937662],[27.8995301,43.1937868],[27.899493,43.1939395],[27.8994761,43.1940139],[27.8993779,43.1944264],[27.8994219,43.1950618],[27.8994706,43.1957631],[27.8994767,43.1958531],[27.8995138,43.1963933],[27.8995292,43.1966183],[27.8995091,43.1967128],[27.899481,43.1968401],[27.8994492,43.1969834],[27.8993922,43.1970074],[27.8993575,43.1970202],[27.8992481,43.197066],[27.8991745,43.1970582],[27.8991302,43.1970535],[27.8990947,43.1970501],[27.8989978,43.197041],[27.898975,43.1970023],[27.8989296,43.1969324],[27.898917,43.196913],[27.8988836,43.1968618],[27.8988088,43.1967453],[27.8987847,43.1966256],[27.8986369,43.1958927],[27.8985732,43.1955766],[27.8985195,43.1954698],[27.8983339,43.1951012],[27.8982776,43.1950272],[27.8982681,43.1950147],[27.8982351,43.1949714],[27.898161,43.194882],[27.8981107,43.1948573],[27.8980615,43.1948332],[27.8980191,43.1948113],[27.8979755,43.1947888],[27.8978718,43.1947924],[27.8976277,43.1948006],[27.8971052,43.1948182],[27.8967036,43.1950801],[27.8965322,43.1951919],[27.8963964,43.1952328],[27.8963014,43.1952608],[27.8962048,43.1951688],[27.8961706,43.1951362],[27.8960296,43.1949963],[27.8959591,43.1949262],[27.8958799,43.1948498],[27.8954542,43.1944394],[27.8954255,43.1943182],[27.8954054,43.1942335],[27.895369,43.1940801],[27.8951788,43.1940265],[27.8951007,43.1940048],[27.8950469,43.1939879],[27.8949791,43.1939682],[27.8948889,43.1939233],[27.8948552,43.1939066],[27.8948395,43.1939006],[27.8947294,43.1938418],[27.894698,43.193797],[27.8946703,43.1937597],[27.8946116,43.1936806],[27.8945572,43.1935092],[27.8945227,43.193398],[27.8945448,43.1933561],[27.8945982,43.193289],[27.8946904,43.1931757],[27.8948064,43.1931471],[27.8948843,43.1931292],[27.8950943,43.1930735],[27.8951146,43.1930739],[27.8951786,43.193075],[27.8952705,43.1930766],[27.8953286,43.1930786],[27.8953827,43.1930805],[27.8954501,43.193084],[27.8954779,43.1930861],[27.8955231,43.1931017],[27.8956257,43.193141],[27.8958449,43.1932252],[27.8960175,43.1934297],[27.896079,43.1935025],[27.8961365,43.193591],[27.8961955,43.1936817],[27.8962198,43.1937175],[27.8962964,43.1937281],[27.8963638,43.1937373],[27.8964594,43.1937505],[27.8965605,43.1937644],[27.8970759,43.1936073],[27.8973189,43.1933891],[27.8973739,43.1932143],[27.8974437,43.1929919],[27.8974191,43.1928167],[27.8973793,43.1925333],[27.8973029,43.1919846],[27.8973286,43.1919458],[27.8974556,43.1917538],[27.8976837,43.1914639],[27.8979852,43.1914075],[27.8981015,43.1913845],[27.8982697,43.1913512],[27.8985009,43.1913809],[27.8986144,43.1913953],[27.8987351,43.1914106],[27.8995306,43.1915093],[27.8995542,43.1915122],[27.9001641,43.1915029],[27.9003072,43.1914568],[27.9003528,43.1914417],[27.9005453,43.1913784],[27.9005695,43.1912859],[27.9005948,43.1911889],[27.9006269,43.1910671],[27.9007165,43.190418],[27.9007872,43.1898986],[27.9007954,43.1898388],[27.9007931,43.1898231],[27.9007595,43.1896486],[27.9007532,43.1896163],[27.9007349,43.1895219],[27.9003519,43.1891183],[27.9001708,43.1889275],[27.9002028,43.1886436],[27.9002276,43.1884473],[27.9002679,43.1884023],[27.9002835,43.1883863],[27.9005101,43.188146],[27.9006168,43.1881856],[27.9007126,43.1882232],[27.9008195,43.1882651],[27.9008922,43.1882915],[27.9009686,43.1883134],[27.9010367,43.1883309],[27.9010706,43.1883396],[27.9011648,43.1883659],[27.9012144,43.1883803],[27.9012771,43.1883986],[27.9013455,43.1884185],[27.9014337,43.1884679],[27.9015,43.1885051],[27.9015355,43.1885251],[27.9016325,43.1885828],[27.9017551,43.1886539],[27.9023977,43.1889587],[27.9024199,43.1889692],[27.9025955,43.1890525],[27.9027486,43.1891253],[27.9031354,43.1893094],[27.9032332,43.1893464],[27.9033903,43.1894058],[27.9034618,43.1894329],[27.9039411,43.1896177],[27.9040812,43.1896717],[27.90412,43.1896798],[27.9047728,43.1897692],[27.9049575,43.189776],[27.9051753,43.189784],[27.9055765,43.1897996],[27.9060434,43.1898176],[27.9064809,43.1897672],[27.9067145,43.1897403],[27.9071683,43.1896872],[27.9073917,43.1896467],[27.9082337,43.1894941],[27.9082723,43.189489],[27.909692,43.189334],[27.9101942,43.1892768],[27.9103301,43.1892613],[27.9109642,43.1891899],[27.9110712,43.1891778],[27.9111471,43.1891693],[27.9116431,43.1891653],[27.9120536,43.1891606],[27.9122878,43.1891579],[27.9126846,43.1891533],[27.9129043,43.1891508],[27.9132261,43.1891167],[27.9132615,43.1891126],[27.911314,43.1889685],[27.9104203,43.1877932],[27.9103431,43.1877184],[27.9101113,43.1874936],[27.9100997,43.1874824],[27.909975,43.1873615],[27.9097997,43.1872941],[27.9038974,43.1852945],[27.9035398,43.1851734],[27.903509,43.1851778],[27.9023793,43.1855469],[27.9020264,43.1856802],[27.9019728,43.1857004],[27.9016733,43.1858136],[27.9004419,43.1862825],[27.8992247,43.1865082],[27.8977879,43.1868752],[27.8974681,43.1869066],[27.8974344,43.1869099],[27.8971904,43.1869339],[27.8969662,43.1869471],[27.8968609,43.1869533],[27.8968083,43.1869414],[27.8967403,43.1869194],[27.8966699,43.1868982],[27.8966236,43.1868843],[27.8966106,43.1868735],[27.8965784,43.1868468],[27.8965645,43.1868352],[27.8963231,43.1866345],[27.8958585,43.1862104],[27.8956284,43.1860411],[27.8954981,43.1860242],[27.8954594,43.1860194],[27.8952654,43.1859944],[27.8948577,43.1860382],[27.8947495,43.1860522],[27.894125,43.1860619],[27.8936423,43.1862368],[27.8935467,43.1862712],[27.8932972,43.186361],[27.8931947,43.1864474],[27.8931119,43.1865171],[27.8929196,43.1866791],[27.8919645,43.1872719],[27.8918726,43.1873276],[27.8918441,43.1873449],[27.891799,43.1873632],[27.8917395,43.1873877],[27.8916272,43.187434],[27.8907908,43.1877739],[27.890412,43.1879278],[27.890164,43.1880352],[27.8900759,43.1880734],[27.8890461,43.1885193],[27.888839,43.1886109],[27.8886281,43.188768],[27.8882346,43.1890611],[27.8875439,43.1895755],[27.8868388,43.1899238],[27.886783,43.1899506],[27.8864554,43.1901133],[27.88627,43.1902022],[27.8859347,43.1903623],[27.8858976,43.1903791],[27.8857307,43.1902847],[27.8856893,43.1902613],[27.8856531,43.1902401],[27.8849796,43.1898475],[27.8845211,43.1895783],[27.8842537,43.1894213],[27.8842227,43.1894031],[27.8841317,43.1893497],[27.8842105,43.1891015],[27.8842909,43.1888503],[27.8842977,43.1888293],[27.8843247,43.1887458],[27.8843641,43.1886241],[27.8843835,43.1885644],[27.8867608,43.1870692],[27.8882321,43.1863032],[27.8890608,43.1858718],[27.8891866,43.1858051],[27.8892396,43.1857893],[27.8909852,43.1853529],[27.8928274,43.1848924],[27.8929689,43.1848713],[27.8939954,43.1847184],[27.8945416,43.184637],[27.8960168,43.1844173],[27.8972981,43.1842258],[27.8976454,43.1841739],[27.8996888,43.1838685],[27.8996889,43.1838685],[27.902441,43.1833997],[27.8883217,43.1807983],[27.8387772,43.1830813],[27.8322667,43.1825583],[27.8147642,43.1941697],[27.7939955,43.2096581],[27.7627653,43.2282814],[27.7357501,43.2499376],[27.7043931,43.2608745],[27.66456,43.2657155],[27.6500119,43.2796071],[27.6414843,43.2859328],[27.6291722,43.2950658],[27.6128992,43.3116652],[27.6125391,43.3120325],[27.6096112,43.318107],[27.5940047,43.3504854],[27.5690072,43.3751597],[27.5705767,43.382797],[27.5738599,43.3987734],[27.5756213,43.4073446],[27.5823344,43.4174899],[27.5851819,43.4217933],[27.5948444,43.4363957],[27.6018496,43.4432503],[27.6050125,43.4463452],[27.6182359,43.4592843],[27.644613,43.478206],[27.6455226,43.4788585],[27.6458398,43.478982],[27.6662423,43.4869273],[27.7214378,43.5084219],[27.7246594,43.5096765],[27.7254068,43.5099675],[27.7516105,43.5227682],[27.7627416,43.5356644],[27.7902577,43.5424614],[27.7902625,43.5424733],[27.8121261,43.522161],[27.8320524,43.5110701],[27.8441271,43.5043493],[27.8751149,43.4871017],[27.9273315,43.4759103],[27.9468365,43.4730811],[27.9468681,43.4730765],[27.9468749,43.4730755],[27.958239,43.4714243],[27.9818588,43.4679921],[28.027322,43.4634466],[28.0511245,43.4574258],[28.0804203,43.4405684],[28.0965132,43.4330916],[28.1128886,43.4269254],[28.1457272,43.4197737],[28.165766,43.4097398]]]}},{"type":"Feature","id":"BG2G000000N020","properties":{"OBJECTID":14,"localId":"BG2G000000N020","nameTxtInt":"POROUS WATERS - NEOGEN-SARMATIAN RUEN-NESEBAR","nameText":"POROUS WATERS - NEOGEN-SARMATIAN RUEN-NESEBAR","horizons":"1,2","Type":"5","Age":"N","n":16.0,"cod":"BG2G000000N020","ime":"Порови води в неоген - сармат Руен - Несебър","risk_q":"Не е в риск","risk_ch":"Не е в риск","q_s":"добро","dostoverno":" -","ch_s":"добро","dostover_1":" -","sustoyanie":"добро","sustoyan_1":"добро","Shape_Leng":93247.3147776,"Shape_Area":143169857.691,"gwb_code":"BG2G000000N020","gwb_name":"Порови води в неоген - сармат Руен - Несебър","basin_district":"BG2"},"geometry":{"type":"Polygon","coordinates":[[[27.5401431,42.8048548],[27.5773492,42.7992439],[27.5862892,42.7978589],[27.5938702,42.7950979],[27.6019042,42.7905629],[27.6085782,42.7864269],[27.6161642,42.782249],[27.6224072,42.779196],[27.6988963,42.7537041],[27.6936662,42.7472285],[27.6871423,42.7391511],[27.6984471,42.7358527],[27.7149074,42.7310501],[27.7224284,42.7285551],[27.7280364,42.7259661],[27.7351344,42.7154471],[27.7307664,42.7129561],[27.7279685,42.7087599],[27.7266916,42.7068448],[27.7266213,42.7067394],[27.7263903,42.7066044],[27.7261084,42.7064396],[27.7257567,42.7062341],[27.7250134,42.7057998],[27.7244565,42.7053618],[27.7238319,42.7048707],[27.7234416,42.7045626],[27.7225134,42.7038298],[27.7217102,42.7028783],[27.720293,42.701954],[27.719919,42.7007558],[27.719769,42.7005781],[27.7178271,42.6982804],[27.7178113,42.6982529],[27.717782,42.6982018],[27.7176602,42.6979899],[27.7174456,42.6976164],[27.7172097,42.6972036],[27.7169817,42.6966242],[27.7168061,42.6961769],[27.7167136,42.6959414],[27.7163706,42.6955023],[27.7161899,42.6952731],[27.7159749,42.6950005],[27.7158977,42.6946676],[27.7153991,42.6925187],[27.7153479,42.6922982],[27.7152096,42.6918758],[27.7151642,42.6917375],[27.7150372,42.6913501],[27.7150027,42.691123],[27.714925,42.6906123],[27.7148792,42.6903105],[27.7148458,42.6900905],[27.7140774,42.6894008],[27.7140484,42.6893742],[27.7133609,42.6868083],[27.7133491,42.6849127],[27.7133148,42.6845797],[27.7132049,42.6835132],[27.7131543,42.6830227],[27.7124697,42.6808611],[27.7121513,42.6786973],[27.712202,42.6769858],[27.7122362,42.676711],[27.7122546,42.6765632],[27.7122865,42.6763064],[27.7118415,42.674881],[27.7127307,42.6724973],[27.71277,42.6720924],[27.7127819,42.6719782],[27.7128436,42.6717227],[27.7133167,42.6698106],[27.7143427,42.667958],[27.7145118,42.6677226],[27.7149565,42.6665305],[27.7157314,42.6660672],[27.7157351,42.6660626],[27.7157655,42.6660251],[27.7158851,42.6658775],[27.7162081,42.6657535],[27.7163379,42.6657046],[27.723219,42.6615905],[27.7239729,42.661301],[27.7245033,42.6609284],[27.7248535,42.6608195],[27.7253452,42.6606664],[27.7254519,42.6606328],[27.7256507,42.6605699],[27.7266122,42.6601046],[27.7270812,42.660037],[27.7273756,42.6599945],[27.7297365,42.659088],[27.7407902,42.6600057],[27.7408033,42.6600031],[27.7356311,42.6575354],[27.735425,42.6575314],[27.7352362,42.6575193],[27.7350812,42.6575092],[27.7346025,42.6574763],[27.7345829,42.6574694],[27.7342172,42.6573401],[27.7335295,42.6570976],[27.7333492,42.6569309],[27.7330846,42.6566862],[27.7330723,42.6566187],[27.7330682,42.6565963],[27.7330401,42.656443],[27.7330112,42.6562854],[27.7298217,42.6547636],[27.7298218,42.6547935],[27.7306031,42.6554594],[27.7307526,42.6555868],[27.7308337,42.655656],[27.7309662,42.6557561],[27.7315273,42.6561804],[27.7319785,42.6565222],[27.7320156,42.6566975],[27.7320318,42.656774],[27.7319885,42.6567912],[27.7318823,42.6568335],[27.7318054,42.6568653],[27.7316941,42.6569113],[27.7316341,42.6569342],[27.731169,42.6567063],[27.7308814,42.6565654],[27.731766,42.657631],[27.7298093,42.6578719],[27.729759,42.6579187],[27.7297142,42.6579622],[27.7296556,42.6580165],[27.7296436,42.6580275],[27.7296227,42.6580347],[27.7295967,42.6580437],[27.7295381,42.6580638],[27.7294532,42.658093],[27.72927,42.658156],[27.7291989,42.6581797],[27.7290634,42.6582248],[27.7286076,42.6583808],[27.7282688,42.6584195],[27.7281065,42.658438],[27.7278438,42.6584667],[27.7276759,42.6584841],[27.7274736,42.6585051],[27.7273495,42.6585194],[27.7271902,42.6585245],[27.726984,42.658531],[27.7262854,42.6585532],[27.7261327,42.6585577],[27.7260659,42.6585596],[27.7258749,42.6585652],[27.7254978,42.6585762],[27.7248457,42.6584831],[27.7222235,42.658806],[27.72147,42.658063],[27.7213489,42.6580035],[27.7207121,42.6575657],[27.7205157,42.6575494],[27.7203567,42.6575369],[27.7200311,42.6575033],[27.7189672,42.6573934],[27.7188929,42.6573857],[27.7187557,42.6573714],[27.7177542,42.6566888],[27.7175981,42.6565472],[27.7174319,42.6563966],[27.717315,42.6562908],[27.7166068,42.6556468],[27.7164928,42.6555439],[27.7159229,42.6549216],[27.7158562,42.6548489],[27.7157136,42.6546933],[27.7154394,42.6543213],[27.7152837,42.6541109],[27.715008,42.6537386],[27.7146578,42.6531459],[27.7144964,42.6528727],[27.7143766,42.6526709],[27.7140049,42.6519032],[27.713356,42.6513265],[27.7131144,42.6511118],[27.7129813,42.6508358],[27.7127052,42.6502633],[27.712608,42.6498271],[27.712512,42.6494017],[27.7124912,42.6493099],[27.7124621,42.649181],[27.7118435,42.648571],[27.7101765,42.646019],[27.7101221,42.6460501],[27.7100442,42.6462592],[27.710032,42.6462917],[27.7100044,42.646367],[27.7099578,42.6464935],[27.7098905,42.6465156],[27.7097661,42.6465564],[27.7095803,42.6466174],[27.7086589,42.6469293],[27.7086339,42.6469339],[27.7085553,42.6469459],[27.7060171,42.6483971],[27.7059998,42.6484316],[27.7059442,42.6484388],[27.699648,42.6520385],[27.6952676,42.6514159],[27.6951635,42.6514157],[27.6951037,42.6514154],[27.695029,42.651415],[27.6947655,42.6514136],[27.6940091,42.6514137],[27.6933222,42.6512918],[27.6930991,42.6512544],[27.6930373,42.651244],[27.6929884,42.6512353],[27.6929129,42.6512219],[27.6927676,42.6511961],[27.6926732,42.6511792],[27.6923054,42.6511133],[27.6921927,42.6510699],[27.6921101,42.651038],[27.692032,42.6510069],[27.6919709,42.6509825],[27.691834,42.6509278],[27.691223,42.650841],[27.6909668,42.6505861],[27.6906382,42.650457],[27.6895378,42.6495408],[27.6894893,42.6495003],[27.6888165,42.6489235],[27.6885378,42.6486859],[27.6883393,42.6485166],[27.6878813,42.6479836],[27.6876349,42.6476968],[27.6872572,42.6473254],[27.6870085,42.64708],[27.6869655,42.6470376],[27.6867446,42.6468196],[27.6858551,42.646082],[27.6853635,42.6456121],[27.685311,42.645563],[27.6852249,42.6454824],[27.684568,42.6448199],[27.684261,42.6445093],[27.6841124,42.6443588],[27.6840852,42.644335],[27.6839682,42.6442326],[27.6837752,42.6440637],[27.6836544,42.6439576],[27.6831486,42.6435135],[27.6827586,42.6428642],[27.6825307,42.6424848],[27.6824328,42.6423218],[27.6821461,42.6418445],[27.6819792,42.6416437],[27.678789,42.6384695],[27.6767227,42.635744],[27.6765774,42.6358391],[27.6765474,42.6358588],[27.6765283,42.6360836],[27.6765107,42.6362899],[27.6766229,42.6368656],[27.6765513,42.6369426],[27.6764554,42.6370474],[27.6764187,42.6370875],[27.6761861,42.6373388],[27.6761422,42.6373863],[27.6760474,42.6374098],[27.6760055,42.6374201],[27.6757324,42.6374878],[27.6749311,42.6376906],[27.6747379,42.6377387],[27.674681,42.6377362],[27.6744641,42.6377159],[27.6743891,42.6377094],[27.673144,42.6376021],[27.6716638,42.6375477],[27.6712368,42.6375412],[27.6710883,42.6375393],[27.6707504,42.6375351],[27.6705982,42.6375323],[27.6666205,42.6387595],[27.6665543,42.6387465],[27.6660385,42.6389674],[27.6659873,42.6389774],[27.6659013,42.6389941],[27.6651316,42.6391438],[27.6650022,42.6391712],[27.6649422,42.6391809],[27.6646318,42.6392412],[27.6637483,42.6392419],[27.6636178,42.6392426],[27.6635584,42.639243],[27.6627959,42.6391528],[27.6622182,42.639083],[27.6620496,42.6390606],[27.6619662,42.6390496],[27.6615741,42.6389855],[27.6612721,42.6389391],[27.6611147,42.6389149],[27.6609489,42.6388336],[27.6606703,42.6386968],[27.6604941,42.6386213],[27.6604601,42.6386067],[27.6602452,42.6385141],[27.6598439,42.6383414],[27.6595223,42.6382036],[27.658958,42.6379708],[27.6582628,42.637684],[27.6577335,42.637516],[27.6575283,42.6374497],[27.6575043,42.637442],[27.6572264,42.6373523],[27.6561152,42.6368048],[27.6559905,42.6367501],[27.655654,42.6366025],[27.6542482,42.636326],[27.6542446,42.6363262],[27.6539675,42.6363398],[27.6538541,42.6364192],[27.6537601,42.636485],[27.6535757,42.6366128],[27.6535419,42.6366362],[27.6533409,42.6369452],[27.6532488,42.6372264],[27.6531542,42.6375151],[27.6530224,42.6377878],[27.6529468,42.6379441],[27.6528848,42.6380721],[27.6528222,42.6382015],[27.6523786,42.6384242],[27.6520635,42.6389085],[27.650761,42.6388163],[27.6506022,42.6388359],[27.6504535,42.6388543],[27.6496542,42.6388367],[27.6495219,42.6388337],[27.6494434,42.638832],[27.6491573,42.6388257],[27.6488774,42.6387461],[27.6486158,42.63914],[27.6482529,42.6396862],[27.6485346,42.6397578],[27.6492713,42.6399451],[27.6512766,42.6404549],[27.6550223,42.6423981],[27.6554929,42.6428766],[27.6586088,42.6460448],[27.6605986,42.649153],[27.6541156,42.653775],[27.6568556,42.654125],[27.6601996,42.655168],[27.6627016,42.656535],[27.6647436,42.658558],[27.6661276,42.660999],[27.6666145,42.663837],[27.6678015,42.667933],[27.6691915,42.671098],[27.6705445,42.672475],[27.6736945,42.673779],[27.6749161,42.6738444],[27.6777145,42.673994],[27.6758036,42.6759865],[27.6750905,42.67673],[27.6687175,42.678556],[27.6625305,42.683415],[27.6617095,42.689154],[27.6602813,42.691244],[27.6582095,42.694276],[27.6541416,42.6952578],[27.6539005,42.695316],[27.6473684,42.698665],[27.6398454,42.701068],[27.6342844,42.704854],[27.6313404,42.707738],[27.6295304,42.71008],[27.6286985,42.711835],[27.6272514,42.714888],[27.6234084,42.719875],[27.6189104,42.724742],[27.6138974,42.7291629],[27.6089883,42.7336149],[27.6017423,42.7387599],[27.5915803,42.7470569],[27.5795213,42.7542519],[27.5666783,42.7596659],[27.5567033,42.7646919],[27.5535013,42.7663179],[27.5519503,42.7683249],[27.5497222,42.7698229],[27.5452592,42.7715778],[27.5403472,42.7735238],[27.5327662,42.7764598],[27.5252832,42.7790338],[27.5181362,42.7812358],[27.5120448,42.7833923],[27.5120428,42.7833929],[27.5092072,42.7843968],[27.5013972,42.7866328],[27.4942462,42.7883108],[27.4835262,42.7907357],[27.4786082,42.7916247],[27.4708882,42.7929487],[27.4625242,42.7936297],[27.4540282,42.7939407],[27.4411987,42.7914423],[27.4263085,42.7898009],[27.4152249,42.7932371],[27.4039015,42.7921972],[27.3856582,42.790408],[27.3783313,42.7916672],[27.3750647,42.8000905],[27.3730341,42.8053266],[27.3711621,42.8088206],[27.3943524,42.8064068],[27.4184681,42.8038966],[27.4192249,42.805517],[27.4207401,42.8087617],[27.4235891,42.8153647],[27.5339024,42.8054176],[27.5339053,42.8054173],[27.5401431,42.8048548]]]}},{"type":"Feature","id":"BG2G000000N021","properties":{"OBJECTID":15,"localId":"BG2G000000N021","nameTxtInt":"POROUS WATERS - NEOGEN-SARMATIAN AYTOS","nameText":"POROUS WATERS - NEOGEN-SARMATIAN AYTOS","horizons":"1,2","Type":"5","Age":"N","n":17.0,"cod":"BG2G000000N021","ime":"Порови води в неоген - сармат Айтос","risk_q":"Не е в риск","risk_ch":"Не е в риск","q_s":"добро","dostoverno":" -","ch_s":"добро","dostover_1":" -","sustoyanie":"добро","sustoyan_1":"добро","Shape_Leng":60810.6878358,"Shape_Area":68083279.8297,"gwb_code":"BG2G000000N021","gwb_name":"Порови води в неоген - сармат Айтос","basin_district":"BG2"},"geometry":{"type":"Polygon","coordinates":[[[27.240497,42.732467],[27.258102,42.728007],[27.269764,42.724394],[27.282815,42.718997],[27.295548,42.713176],[27.31032,42.704592],[27.31873,42.697735],[27.32276,42.693958],[27.366643,42.656209],[27.356244,42.654757],[27.345511,42.653039],[27.333999,42.651427],[27.324824,42.650095],[27.31775,42.648795],[27.3144542,42.6498218],[27.313391,42.650153],[27.307628,42.658739],[27.301028,42.664605],[27.297531,42.670776],[27.292702,42.677324],[27.288754,42.682427],[27.283497,42.689702],[27.2816808,42.6924598],[27.280864,42.6937],[27.278929,42.69535],[27.276148,42.696382],[27.272919,42.696602],[27.2726233,42.6964407],[27.270945,42.695525],[27.270138,42.692888],[27.268523,42.691592],[27.265951,42.691482],[27.263861,42.69209],[27.260368,42.69677],[27.25644,42.701099],[27.2544269,42.7033696],[27.251647,42.706505],[27.24637,42.708685],[27.2434885,42.7085146],[27.235785,42.708059],[27.228726,42.70775],[27.223018,42.709943],[27.212904,42.71052],[27.20787,42.711219],[27.202282,42.712874],[27.19647,42.716669],[27.193396,42.718567],[27.191329,42.717853],[27.186564,42.71777],[27.180059,42.717414],[27.176582,42.717853],[27.172271,42.719353],[27.167704,42.720521],[27.1667684,42.720686],[27.162516,42.721436],[27.153407,42.722654],[27.146975,42.723686],[27.142623,42.725502],[27.137342,42.727925],[27.134877,42.729056],[27.129091,42.727636],[27.124267,42.725845],[27.118598,42.724777],[27.112064,42.724061],[27.105126,42.724771],[27.098213,42.726546],[27.094254,42.729083],[27.090027,42.731999],[27.088986,42.728788],[27.086488,42.726647],[27.081285,42.7242978],[27.0809893,42.7241644],[27.080725,42.724045],[27.0792445,42.7237267],[27.072431,42.722262],[27.0684896,42.7211896],[27.0668483,42.7231585],[27.0661124,42.7240413],[27.0643586,42.7261414],[27.063401,42.7328741],[27.063219,42.7341479],[27.0631149,42.7348761],[27.0625213,42.7390288],[27.132206,42.742584],[27.1323133,42.7425936],[27.1365469,42.7429734],[27.140133,42.743295],[27.15186,42.743648],[27.16574,42.74365],[27.176548,42.743328],[27.189647,42.74261],[27.199758,42.741532],[27.216501,42.738173],[27.240497,42.732467]]]}},{"type":"Feature","id":"BG2G000000N022","properties":{"OBJECTID":16,"localId":"BG2G000000N022","nameTxtInt":"POROUS WATERS - NEOGEN-SARMATIAN SREDETS","nameText":"POROUS WATERS - NEOGEN-SARMATIAN SREDETS","horizons":"1,2","Type":"5","Age":"N","n":18.0,"cod":"BG2G000000N022","ime":"Порови води в неоген - сармат Средец","risk_q":"Не е в риск","risk_ch":"Не е в риск","q_s":"добро","dostoverno":" -","ch_s":"добро","dostover_1":" -","sustoyanie":"добро","sustoyan_1":"добро","Shape_Leng":93307.2530978,"Shape_Area":156863725.276,"gwb_code":"BG2G000000N022","gwb_name":"Порови води в неоген - сармат Средец","basin_district":"BG2"},"geometry":{"type":"Polygon","coordinates":[[[27.21506,42.5331862],[27.2156868,42.5234167],[27.2086515,42.5234298],[27.1961479,42.5246083],[27.1953122,42.5072629],[27.1900916,42.505503],[27.1859248,42.5040983],[27.1491852,42.4995262],[27.1471673,42.4982364],[27.1433887,42.4958213],[27.140803,42.4941686],[27.1374476,42.4920239],[27.1375421,42.4918533],[27.1411452,42.4853464],[27.1428944,42.4821873],[27.1522512,42.4749474],[27.1515975,42.4720321],[27.149491,42.4626363],[27.1479095,42.4555823],[27.1500537,42.4554471],[27.166647,42.4544002],[27.1704496,42.4512586],[27.1736586,42.4486074],[27.188116,42.4455627],[27.1888741,42.4454031],[27.1892158,42.4450786],[27.2001606,42.4346866],[27.2048489,42.4342811],[27.2138171,42.4335055],[27.2231727,42.4303074],[27.2364071,42.4210291],[27.2460095,42.415198],[27.2469179,42.4146463],[27.2557366,42.4126448],[27.2597817,42.4117267],[27.2688754,42.4054177],[27.2690486,42.4052975],[27.2734104,42.4022715],[27.2765075,42.4001228],[27.2753862,42.3993255],[27.265161,42.3920543],[27.253454,42.3862139],[27.2530456,42.3860102],[27.25214,42.3865855],[27.2469107,42.3899071],[27.2451567,42.3910214],[27.2439406,42.3917938],[27.2425414,42.3926826],[27.2440601,42.381982],[27.2415228,42.3809629],[27.2397638,42.3802563],[27.2331559,42.3860524],[27.223017,42.3863616],[27.217568,42.3895524],[27.21249,42.387249],[27.2106933,42.3875437],[27.2000163,42.3892953],[27.1914623,42.3979835],[27.1731504,42.4058188],[27.1631508,42.4034443],[27.1610493,42.4029452],[27.1600886,42.4027488],[27.1482694,42.4003318],[27.1329498,42.3971989],[27.1324134,42.3971158],[27.1265983,42.3962146],[27.1206132,42.3952871],[27.1191619,42.3950622],[27.1157635,42.3945355],[27.1040777,42.3927245],[27.1032971,42.3926035],[27.1021704,42.3927865],[27.0728797,42.3975419],[27.0716905,42.3981392],[27.0596237,42.4041993],[27.0471498,42.4172155],[27.0409143,42.4287826],[27.0444365,42.4426589],[27.0596777,42.4611554],[27.0678933,42.4758958],[27.066258,42.4773576],[27.0634566,42.4798618],[27.0546248,42.4877566],[27.0378306,42.4926783],[27.0370519,42.4970153],[27.0327566,42.5013533],[27.0194746,42.5088733],[27.0226036,42.5169679],[27.0386294,42.5210112],[27.0588883,42.5103246],[27.0652261,42.5069814],[27.1022811,42.4874348],[27.1038748,42.4876048],[27.1054438,42.4877721],[27.1139971,42.4886843],[27.1194094,42.4892615],[27.1237701,42.4897266],[27.1312008,42.4937659],[27.1312683,42.4953352],[27.1316114,42.5033062],[27.1261674,42.5163224],[27.1261284,42.51669],[27.1254003,42.5235511],[27.1293719,42.5235465],[27.1333585,42.523542],[27.1371258,42.5235377],[27.1373531,42.5234838],[27.1423711,42.5222955],[27.1629062,42.5174325],[27.1847969,42.519134],[27.1833037,42.5431327],[27.170042,42.5547176],[27.1747572,42.5628057],[27.1841392,42.5613454],[27.1938788,42.5491867],[27.2149447,42.5349826],[27.21506,42.5331862]]]}},{"type":"Feature","id":"BG2G000000N023","properties":{"OBJECTID":17,"localId":"BG2G000000N023","nameTxtInt":"POROUS WATERS - NEOGEN-SARMATIAN SOZOPOL","nameText":"POROUS WATERS - NEOGEN-SARMATIAN SOZOPOL","horizons":"1","Type":"5","Age":"N","n":19.0,"cod":"BG2G000000N023","ime":"Порови води в неоген - сармат Созопол","risk_q":"Не е в риск","risk_ch":"Не е в риск","q_s":"добро","dostoverno":" -","ch_s":"добро","dostover_1":" -","sustoyanie":"добро","sustoyan_1":"добро","Shape_Leng":29569.8996587,"Shape_Area":24466125.0417,"gwb_code":"BG2G000000N023","gwb_name":"Порови води в неоген - сармат Созопол","basin_district":"BG2"},"geometry":{"type":"Polygon","coordinates":[[[27.7123515,42.3623552],[27.7126856,42.3617803],[27.7133133,42.3609749],[27.7134408,42.3608112],[27.7138242,42.3603188],[27.7144765,42.3593421],[27.7147939,42.3588685],[27.7150191,42.3585327],[27.7154922,42.3579259],[27.7159294,42.3573652],[27.716287,42.3569082],[27.716435,42.3567091],[27.7166929,42.3563649],[27.7168656,42.3561345],[27.7175556,42.3552116],[27.7182343,42.3544538],[27.7182335,42.354453],[27.7097671,42.3458152],[27.6916131,42.354476],[27.6467452,42.3818124],[27.6267776,42.4032978],[27.6097572,42.4326014],[27.6127327,42.4418477],[27.6300823,42.4453161],[27.6300751,42.4446036],[27.6338223,42.4346083],[27.6498927,42.407444],[27.6594167,42.3988398],[27.6622404,42.3931237],[27.6823238,42.3837436],[27.6880275,42.3780097],[27.7071255,42.3672062],[27.7123504,42.3623551],[27.7123515,42.3623552]]]}},{"type":"Feature","id":"BG2G000000N024","properties":{"OBJECTID":18,"localId":"BG2G000000N024","nameTxtInt":"POROUS WATERS - NEOGEN-SARMATIAN PRIMORSKO","nameText":"POROUS WATERS - NEOGEN-SARMATIAN PRIMORSKO","horizons":"1,2","Type":"5","Age":"N","n":20.0,"cod":"BG2G000000N024","ime":"Порови води в неоген - сармат Приморско","risk_q":"Не е в риск","risk_ch":"Не е в риск","q_s":"добро","dostoverno":" -","ch_s":"добро","dostover_1":" -","sustoyanie":"добро","sustoyan_1":"добро","Shape_Leng":67452.7910665,"Shape_Area":44944466.0604,"gwb_code":"BG2G000000N024","gwb_name":"Порови води в неоген - сармат Приморско","basin_district":"BG2"},"geometry":{"type":"Polygon","coordinates":[[[27.6790886,42.3055343],[27.6844718,42.299824],[27.6867897,42.2973652],[27.6890639,42.2949529],[27.7058179,42.2895008],[27.7192637,42.2890606],[27.7574873,42.2918462],[27.759909,42.2898545],[27.7592665,42.2899415],[27.7590899,42.2899331],[27.7588515,42.2899218],[27.7580111,42.2898823],[27.757947,42.2898802],[27.7578988,42.2898785],[27.7577966,42.2898513],[27.757384,42.2897424],[27.7571783,42.2896904],[27.7570714,42.2896634],[27.7560763,42.289053],[27.7559213,42.2889595],[27.7557674,42.2888629],[27.7556654,42.288799],[27.7551636,42.2880368],[27.7551218,42.2879735],[27.7546764,42.287297],[27.7543733,42.286632],[27.7542364,42.2863318],[27.7541497,42.2861416],[27.7539765,42.2857616],[27.7537722,42.2847767],[27.753651,42.2837643],[27.7536247,42.2834815],[27.7521786,42.2778581],[27.7558883,42.2671462],[27.7550182,42.2653657],[27.7550188,42.2653647],[27.7549478,42.2653324],[27.7547213,42.2652321],[27.7543708,42.2650768],[27.7542896,42.2650409],[27.7539276,42.2647582],[27.7535461,42.2644603],[27.753263,42.2640966],[27.7528035,42.2635061],[27.7526688,42.2632052],[27.7526046,42.2630612],[27.7524011,42.2626042],[27.7521868,42.2621232],[27.7519349,42.2614458],[27.7518056,42.2610984],[27.7516287,42.2606228],[27.7516245,42.2606118],[27.7515688,42.260466],[27.7514561,42.2601713],[27.7514449,42.2601422],[27.7509181,42.2587857],[27.7508326,42.2585634],[27.7507342,42.2581594],[27.7507182,42.2580935],[27.7506537,42.2578282],[27.7504226,42.2568751],[27.7504666,42.2560461],[27.7505144,42.2558658],[27.7505254,42.2558246],[27.7505681,42.2556628],[27.7506364,42.2554081],[27.7506516,42.2553515],[27.7508025,42.2547877],[27.7510946,42.2539887],[27.7512878,42.2532018],[27.751388,42.2527935],[27.7517217,42.2520719],[27.7519331,42.2516147],[27.7520543,42.2513526],[27.7525975,42.2504713],[27.7527537,42.2502177],[27.7528875,42.2500007],[27.7529817,42.2498577],[27.7530913,42.2496912],[27.7531153,42.2496547],[27.7532448,42.249458],[27.7534511,42.2491445],[27.7537895,42.2486303],[27.7540385,42.2482519],[27.7541897,42.2480222],[27.754244,42.247879],[27.7544203,42.2477012],[27.7548892,42.2470569],[27.7549352,42.2469936],[27.7549454,42.2469796],[27.7551335,42.2467212],[27.7551923,42.2466935],[27.7552797,42.2466522],[27.7556199,42.2464917],[27.756605,42.2454985],[27.7683485,42.241276],[27.7685471,42.2414144],[27.7689164,42.2413631],[27.7692696,42.241314],[27.7693067,42.2413089],[27.7695531,42.241316],[27.7719987,42.2400283],[27.7754567,42.241284],[27.7755721,42.2419964],[27.7766697,42.2404168],[27.7767214,42.2399959],[27.7767562,42.2399521],[27.7768168,42.2398758],[27.7771036,42.239506],[27.7773857,42.2391424],[27.7775095,42.238984],[27.7777057,42.2388181],[27.7778799,42.2386708],[27.7778874,42.2386644],[27.778347,42.238003],[27.7793284,42.2377678],[27.7763107,42.2366136],[27.7723875,42.2303953],[27.7732453,42.2260258],[27.7743146,42.2224072],[27.778054,42.2219305],[27.7811806,42.2210064],[27.7862029,42.2178873],[27.7879109,42.2142544],[27.7926138,42.2090668],[27.7964613,42.2048516],[27.8051197,42.2041467],[27.8120363,42.2028092],[27.8118991,42.2010808],[27.8107563,42.1987565],[27.8141615,42.1960239],[27.8204673,42.198537],[27.8222742,42.1995007],[27.8230081,42.1988192],[27.8233228,42.198483],[27.8239104,42.1978388],[27.8239757,42.1978163],[27.8241643,42.1977454],[27.8247015,42.1972465],[27.8265994,42.197729],[27.8294422,42.1972547],[27.8294238,42.1972048],[27.8294023,42.1971468],[27.8293846,42.197113],[27.8293294,42.1970077],[27.829042,42.1964514],[27.8285735,42.1956442],[27.8285628,42.1956105],[27.8285521,42.1955768],[27.8284782,42.1953575],[27.8284112,42.195159],[27.828371,42.1950377],[27.8285123,42.1945504],[27.8285419,42.1944474],[27.828576,42.1943293],[27.8288522,42.194074],[27.8287125,42.1936035],[27.8295889,42.1935955],[27.8299544,42.1934157],[27.8301433,42.1933227],[27.8303879,42.1933323],[27.8283674,42.192382],[27.8204358,42.1821285],[27.8087812,42.1854333],[27.8097422,42.1928372],[27.8002108,42.192904],[27.7898491,42.1958757],[27.7826306,42.2078466],[27.7687635,42.2079404],[27.764945,42.2147321],[27.7698336,42.2246876],[27.7616481,42.2289308],[27.7591244,42.2353915],[27.7495751,42.2344878],[27.7439959,42.2393571],[27.7510017,42.245111],[27.7486997,42.2490179],[27.7454749,42.2544908],[27.7389698,42.2545329],[27.7285431,42.2529886],[27.7126681,42.2489564],[27.7124504,42.2489011],[27.711881,42.2491883],[27.7109674,42.249649],[27.704688,42.2528155],[27.70469,42.2530016],[27.7047633,42.2595812],[27.7067637,42.2621739],[27.7093926,42.2655813],[27.7197366,42.2673003],[27.7249317,42.280643],[27.6984995,42.2815289],[27.6922082,42.2837922],[27.6836159,42.2868831],[27.6729976,42.2907029],[27.6554664,42.2948045],[27.6411097,42.2981633],[27.6405281,42.2982994],[27.6241004,42.3048339],[27.6171496,42.3042271],[27.6152566,42.3060922],[27.6128914,42.3084224],[27.6059701,42.3152414],[27.612833,42.3204823],[27.6154733,42.3224986],[27.6177667,42.3242499],[27.6201049,42.3399749],[27.6374496,42.3373022],[27.6468512,42.3224286],[27.6684698,42.3139275],[27.6790886,42.3055343]]]}},{"type":"Feature","id":"BG2G000000N025","properties":{"OBJECTID":19,"localId":"BG2G000000N025","nameTxtInt":"POROUS WATERS - NEOGEN BURGAS","nameText":"POROUS WATERS - NEOGEN BURGAS","horizons":"1,2","Type":"5","Age":"N","n":21.0,"cod":"BG2G000000N025","ime":"Порови води в неоген - Бургас","risk_q":"В риск","risk_ch":"В риск","q_s":"добро","dostoverno":"Средна","ch_s":"лошо","dostover_1":"Висока","sustoyanie":"лошо","sustoyan_1":"лошо","Shape_Leng":86442.810251,"Shape_Area":113846807.729,"gwb_code":"BG2G000000N025","gwb_name":"Порови води в неоген - Бургас","basin_district":"BG2"},"geometry":{"type":"Polygon","coordinates":[[[27.3606641,42.5851762],[27.36359,42.5843874],[27.3650905,42.585266],[27.3664897,42.585817],[27.3684215,42.5856521],[27.3721746,42.5847671],[27.3743197,42.5843634],[27.3767894,42.5843553],[27.3782878,42.5835569],[27.3794675,42.5833149],[27.3811864,42.5834679],[27.382473,42.5831462],[27.383864,42.5823481],[27.3852544,42.5814706],[27.3872895,42.5806702],[27.3882519,42.5800322],[27.3902894,42.5796285],[27.3921107,42.5789875],[27.3935015,42.5781893],[27.3957516,42.5774674],[27.3971423,42.5766691],[27.3982088,42.5755545],[27.4000289,42.5747546],[27.4045323,42.573866],[27.4089282,42.5729775],[27.4106397,42.5720192],[27.4120306,42.5713001],[27.415459,42.5702562],[27.4188857,42.5689741],[27.4227428,42.5678491],[27.4249944,42.567444],[27.426488,42.5660895],[27.4280944,42.5655281],[27.4303442,42.5648849],[27.4316301,42.5645626],[27.4323787,42.5641631],[27.4340973,42.5643153],[27.4361367,42.5643075],[27.4379654,42.564856],[27.4397991,42.5661185],[27.44109,42.5665103],[27.4422759,42.5672199],[27.4441058,42.567927],[27.4458222,42.5677616],[27.4478572,42.5671189],[27.4491408,42.5664791],[27.4502,42.5644912],[27.4514818,42.5636133],[27.4522246,42.5624201],[27.4535046,42.5613042],[27.4545698,42.5601891],[27.4550979,42.5589967],[27.455949,42.5579618],[27.4572277,42.5566871],[27.4585092,42.5558092],[27.45925,42.5543779],[27.4598846,42.5531058],[27.4610576,42.5520695],[27.4612646,42.5510371],[27.4610371,42.5492924],[27.4611328,42.547705],[27.4611222,42.5462768],[27.4611117,42.5448485],[27.4605682,42.5438985],[27.4630292,42.5429364],[27.4654918,42.5422123],[27.4678489,42.5417266],[27.4703151,42.5414784],[27.473645,42.5419408],[27.4773011,42.5429572],[27.48085,42.5439739],[27.4841844,42.5449914],[27.4863355,42.5456171],[27.4890206,42.545923],[27.4909546,42.5462322],[27.49475,42.5473915],[27.4973179,42.5482544],[27.4996901,42.5492638],[27.5023738,42.549844],[27.5034834,42.5513003],[27.504506,42.552708],[27.5055266,42.5538666],[27.5071097,42.5551057],[27.5085798,42.5562622],[27.5110647,42.5578295],[27.5132105,42.5591491],[27.5152427,42.560303],[27.5173873,42.5614564],[27.5198685,42.5625251],[27.5213314,42.5627677],[27.5238016,42.5625072],[27.5263834,42.5621631],[27.5285177,42.5620702],[27.530657,42.5625587],[27.5336961,42.5631261],[27.5378625,42.5641035],[27.5411257,42.5645866],[27.5428143,42.5649109],[27.5458542,42.5655611],[27.5487797,42.5659625],[27.5515899,42.566032],[27.5555203,42.5656808],[27.5593352,42.5649976],[27.5623619,42.5641521],[27.5655025,42.563472],[27.5677469,42.5631286],[27.5702169,42.5628671],[27.573027,42.5629362],[27.5769654,42.5634979],[27.5796693,42.564232],[27.5833831,42.5647946],[27.5869815,42.5650255],[27.5901273,42.5649262],[27.5927151,42.5652452],[27.5943002,42.5664831],[27.5957698,42.5673892],[27.5975703,42.5676291],[27.5989157,42.5672898],[27.600709,42.5667819],[27.6037369,42.5661014],[27.6071074,42.5660006],[27.6096962,42.5664022],[27.6123941,42.5664709],[27.6155407,42.566454],[27.6194747,42.5665159],[27.6231717,42.5653328],[27.6266445,42.5642339],[27.6300116,42.5638001],[27.6332562,42.5623699],[27.6369458,42.5605219],[27.6397406,42.5590941],[27.6409613,42.5575919],[27.6422935,42.5560061],[27.6439806,42.5561627],[27.6462278,42.5561501],[27.6475709,42.5556441],[27.6491388,42.5551368],[27.6501509,42.5552141],[27.650259,42.5552044],[27.643622,42.5528693],[27.6430154,42.5529686],[27.6429458,42.5530068],[27.6425239,42.5532387],[27.6421047,42.553469],[27.6420646,42.5536415],[27.6420208,42.5538298],[27.6419956,42.5539379],[27.6419369,42.5541905],[27.6418057,42.5543173],[27.6417183,42.5544033],[27.6416762,42.5544443],[27.6413972,42.5547158],[27.6410235,42.5548035],[27.640665,42.5548883],[27.6405608,42.5549144],[27.6403505,42.5550091],[27.6403169,42.5550225],[27.6402844,42.5550372],[27.6400157,42.5553359],[27.6399489,42.5554117],[27.6397367,42.555734],[27.6397034,42.5557845],[27.6396704,42.5558346],[27.6394809,42.5561224],[27.6394412,42.5561817],[27.6393931,42.5562535],[27.6392732,42.5564343],[27.6391651,42.5565178],[27.6391478,42.5565311],[27.6388617,42.5567521],[27.6384753,42.5570505],[27.6382043,42.5572598],[27.6376211,42.5577088],[27.6361487,42.5587514],[27.63607,42.5588071],[27.6350176,42.5594071],[27.634148,42.559903],[27.6340038,42.5599786],[27.6335671,42.5602079],[27.6331005,42.5604512],[27.6326588,42.5606816],[27.631832,42.5614775],[27.6274057,42.5626341],[27.627142,42.5627253],[27.6260856,42.5630903],[27.6256787,42.5631531],[27.6250446,42.5632511],[27.6199872,42.5645726],[27.6199624,42.5646231],[27.6199056,42.5647384],[27.6198824,42.5647856],[27.6198287,42.5648947],[27.6197981,42.5649571],[27.6195776,42.5650664],[27.6194398,42.5651323],[27.6193206,42.5651894],[27.6190961,42.5652216],[27.6189298,42.5652455],[27.6187142,42.5652777],[27.6183657,42.5653296],[27.617888,42.5653097],[27.6177783,42.5652077],[27.6177436,42.5651754],[27.6177297,42.5651625],[27.6169415,42.5653685],[27.6156852,42.5651567],[27.6156677,42.5651567],[27.615475,42.5651561],[27.6148171,42.5651551],[27.6147197,42.565147],[27.6145619,42.5651339],[27.6144242,42.5651213],[27.614007,42.5650829],[27.6139138,42.5650456],[27.6138614,42.5650246],[27.6131295,42.5647318],[27.6130756,42.5647169],[27.6100301,42.5642035],[27.6099019,42.5642042],[27.6097885,42.5642048],[27.60963,42.564143],[27.6095986,42.5641308],[27.607031,42.563698],[27.605128,42.5621638],[27.6048969,42.5619883],[27.6045242,42.5617066],[27.6044419,42.5616558],[27.6042402,42.5615313],[27.6039921,42.5613782],[27.6033651,42.5609912],[27.6031066,42.5608316],[27.6026942,42.5604566],[27.6025273,42.5603048],[27.602443,42.5602281],[27.6019251,42.559757],[27.6016828,42.5594142],[27.6016371,42.5593496],[27.6001225,42.5581285],[27.5986252,42.5594141],[27.5983155,42.5599291],[27.5981739,42.5600654],[27.5980469,42.5601878],[27.59801,42.5602233],[27.5976742,42.5605493],[27.5968642,42.5611974],[27.5967387,42.5613345],[27.5966819,42.5613965],[27.596547,42.5615413],[27.5964015,42.5616959],[27.5963858,42.5617126],[27.5963299,42.5617721],[27.5961897,42.5619214],[27.5960556,42.5621207],[27.5960262,42.5621643],[27.595948,42.5622805],[27.5958067,42.5624899],[27.5957512,42.5625721],[27.5954285,42.5627449],[27.5953058,42.5628092],[27.5951438,42.5628941],[27.594908,42.5630177],[27.5943216,42.5632466],[27.5940279,42.5633612],[27.5935605,42.5637625],[27.5923772,42.5638248],[27.5922995,42.5638435],[27.5919045,42.5639384],[27.5911827,42.5640713],[27.5904724,42.5642021],[27.59042,42.5642117],[27.590343,42.5642154],[27.5897369,42.5642445],[27.5893703,42.5642621],[27.5891314,42.5642589],[27.587511,42.5642231],[27.5869784,42.5642114],[27.5861823,42.5641658],[27.5860465,42.564158],[27.5831965,42.564308],[27.5817611,42.5635042],[27.5814782,42.5634334],[27.5812429,42.5633536],[27.5802096,42.5630121],[27.5798952,42.5629063],[27.5781716,42.5622299],[27.5771084,42.5616783],[27.5769812,42.5616123],[27.5768221,42.5615297],[27.5762776,42.561151],[27.5757424,42.5607787],[27.5750076,42.5602015],[27.5747576,42.5600065],[27.5746288,42.5599062],[27.5742132,42.559503],[27.5741848,42.5594716],[27.5738907,42.5590967],[27.55896,42.5507355],[27.539982,42.558979],[27.5289095,42.560032],[27.5120985,42.5531425],[27.5100509,42.5508672],[27.5091881,42.5502283],[27.5080468,42.5489861],[27.5079315,42.5487614],[27.5079079,42.5487155],[27.5078261,42.5485566],[27.5076318,42.5481792],[27.5070017,42.5474791],[27.5067473,42.5472897],[27.5064959,42.5471021],[27.5060696,42.5467839],[27.5058963,42.5467068],[27.5053079,42.546445],[27.5049555,42.5461178],[27.5046997,42.5458803],[27.5036345,42.5448088],[27.503292,42.5444276],[27.5030893,42.5442027],[27.5027221,42.5437952],[27.5024173,42.543251],[27.5023422,42.543117],[27.5019812,42.5429024],[27.5019461,42.5428816],[27.5017421,42.5427608],[27.5015812,42.5426655],[27.5015132,42.5426186],[27.5005158,42.5419316],[27.5003773,42.5417765],[27.5001394,42.54151],[27.4996034,42.5409135],[27.4986912,42.5397287],[27.4984251,42.5395228],[27.497884,42.5391042],[27.49725,42.5386138],[27.4969436,42.537977],[27.496553,42.5371653],[27.4964111,42.5368702],[27.4961435,42.5364594],[27.4957939,42.5359228],[27.4955253,42.5355114],[27.4952955,42.5351595],[27.4947894,42.5346494],[27.4939031,42.5337561],[27.493878,42.5337285],[27.4934288,42.5332329],[27.4932841,42.5330732],[27.4927891,42.5325271],[27.4927409,42.5324392],[27.4925945,42.5321722],[27.4921374,42.5313321],[27.4920233,42.5307523],[27.4919488,42.5303738],[27.4918639,42.5301595],[27.4916514,42.5296231],[27.4914689,42.5291648],[27.4912951,42.5287285],[27.4911155,42.5283826],[27.4909219,42.5280097],[27.4907885,42.5277518],[27.4904104,42.5270212],[27.4893403,42.5252426],[27.4889128,42.5244835],[27.4887938,42.5242717],[27.4885493,42.5238366],[27.4882864,42.5229201],[27.488001,42.5219252],[27.4879408,42.5217182],[27.4879131,42.5215789],[27.487799,42.5210116],[27.4876885,42.5204624],[27.4876108,42.5200762],[27.4873645,42.5191316],[27.4873052,42.5189037],[27.4872359,42.5186368],[27.4867725,42.5174361],[27.4866286,42.5170634],[27.4866511,42.51579],[27.4866556,42.5155319],[27.4866657,42.5149586],[27.4847105,42.509983],[27.4846232,42.5085591],[27.4846101,42.5085114],[27.4845834,42.5082914],[27.4845118,42.5076928],[27.4843712,42.5065271],[27.4843266,42.5044479],[27.4843154,42.5039247],[27.4842774,42.5029188],[27.4841248,42.5004287],[27.4839263,42.4986534],[27.483873,42.498343],[27.4838563,42.4982459],[27.4838467,42.4981899],[27.4837984,42.4979106],[27.4836429,42.497011],[27.4835468,42.4959848],[27.4832194,42.4949595],[27.4828764,42.4940783],[27.4827532,42.4937594],[27.4826424,42.4931009],[27.4826009,42.492854],[27.4816994,42.4901386],[27.4807839,42.4899733],[27.4800857,42.490496],[27.4796222,42.4911043],[27.4783361,42.4912829],[27.4764641,42.4913773],[27.4749433,42.4914702],[27.474128,42.4919933],[27.473427,42.4921695],[27.4714361,42.4920044],[27.4690914,42.4914943],[27.4673345,42.4913283],[27.4654638,42.4915957],[27.4637147,42.492469],[27.4620793,42.4929087],[27.4609133,42.4935198],[27.4603377,42.4948214],[27.4593115,42.4985502],[27.4586206,42.5001121],[27.4573456,42.5018496],[27.4562965,42.5024601],[27.4557213,42.5038483],[27.4545563,42.5046325],[27.4533907,42.5053301],[27.4531647,42.5064571],[27.4529399,42.5077573],[27.4517749,42.5085414],[27.4501409,42.5092408],[27.4485043,42.5095937],[27.446869,42.5101198],[27.4453544,42.5111652],[27.4438398,42.5122105],[27.4427916,42.5129941],[27.4412751,42.5137796],[27.4390524,42.5140479],[27.4380005,42.5143118],[27.4369479,42.5144891],[27.4349563,42.5143234],[27.4328507,42.5145913],[27.431095,42.5146845],[27.429107,42.5150384],[27.4274744,42.5159974],[27.4258399,42.5166964],[27.4236176,42.5170511],[27.420691,42.5171485],[27.4185811,42.5168098],[27.4175245,42.5163805],[27.4164667,42.515778],[27.4149365,42.5145709],[27.4124721,42.5137136],[27.4094263,42.5134647],[27.4082595,42.5140752],[27.4080315,42.5150288],[27.4069839,42.5159853],[27.4060517,42.5166816],[27.4064109,42.517893],[27.4066507,42.5187584],[27.4067756,42.5199706],[27.4061946,42.5206656],[27.4058467,42.5211866],[27.4051458,42.5214489],[27.4043228,42.5209321],[27.4038505,42.5203274],[27.4032612,42.5197232],[27.4027867,42.518772],[27.4019659,42.5186016],[27.4009144,42.5189518],[27.3996368,42.5206021],[27.3988249,42.5218176],[27.3977771,42.522774],[27.396843,42.5232104],[27.3961437,42.5237325],[27.3952058,42.5235625],[27.3949667,42.5227837],[27.3949613,42.5219176],[27.3947189,42.5206191],[27.3938916,42.5194093],[27.3933024,42.5188049],[27.3923602,42.517942],[27.3915357,42.5171652],[27.3901259,42.5163904],[27.3883647,42.5156168],[27.3862545,42.5151909],[27.38403,42.5151984],[27.3823969,42.5154172],[27.3820411,42.5154649],[27.380875,42.5162483],[27.3799715,42.5169227],[27.3799425,42.5169444],[27.3786572,42.5173817],[27.3779546,42.5173841],[27.3774826,42.5167793],[27.3770096,42.5160012],[27.3747814,42.5154022],[27.3723221,42.5153236],[27.370213,42.5150706],[27.3671633,42.5141276],[27.3640031,42.5143109],[27.3618981,42.5147507],[27.3602604,42.5150157],[27.3578081,42.5161494],[27.3551225,42.5174571],[27.3549206,42.5175681],[27.3529046,42.5186766],[27.3516249,42.5201531],[27.3515998,42.5204497],[27.3514052,42.5227524],[27.3510719,42.5259583],[27.3506199,42.5289048],[27.3498253,42.5334114],[27.3489072,42.5367924],[27.3485649,42.5384392],[27.3464772,42.5421702],[27.343916,42.5450363],[27.3414725,42.5480753],[27.3390223,42.5499016],[27.3366868,42.5512944],[27.333764,42.552429],[27.3298984,42.5525268],[27.3274354,42.5520142],[27.325447,42.5510866],[27.3248518,42.5508089],[27.3202736,42.5490027],[27.310923,42.5451616],[27.3095913,42.5446145],[27.3066573,42.5434963],[27.3004353,42.5406544],[27.2951558,42.5388491],[27.2922231,42.5379038],[27.2892869,42.5361788],[27.2844746,42.5339388],[27.2814268,42.53334],[27.2787376,42.534386],[27.2765253,42.5373364],[27.2751362,42.5410644],[27.2750407,42.5460019],[27.2747098,42.5506802],[27.2746101,42.5546649],[27.2733418,42.5593454],[27.2723057,42.5635922],[27.2716136,42.5661058],[27.2694002,42.5691427],[27.2676572,42.5726116],[27.2674443,42.577636],[27.269218,42.5812698],[27.2726314,42.5845533],[27.2785083,42.5881772],[27.2817967,42.589555],[27.2850837,42.5905863],[27.2870427,42.5908773],[27.2902453,42.5913529],[27.2956398,42.5917722],[27.2983397,42.5919868],[27.2998617,42.5921077],[27.3057261,42.5926986],[27.3108885,42.5935509],[27.3188593,42.5933557],[27.3253061,42.5931644],[27.3309281,42.5921955],[27.3388884,42.5900933],[27.3450931,42.5886023],[27.3502431,42.5872008],[27.3556303,42.586318],[27.3606641,42.5851762]]]}},{"type":"Feature","id":"BG2G000000N044","properties":{"OBJECTID":20,"localId":"BG2G000000N044","nameTxtInt":"POROUS WATERS - NEOGEN-SARMATIAN NORTEAST-CENTRAL DOBRUDJA","nameText":"POROUS WATERS - NEOGEN-SARMATIAN NORTEAST-CENTRAL DOBRUDJA","horizons":"1","Type":"5","Age":"N","n":22.0,"cod":"BG2G000000N044","ime":"Карстово - порови  води в неоген -сармат СИ  Добруджа","risk_q":"В риск","risk_ch":"В риск","q_s":"добро","dostoverno":"Средна","ch_s":"добро","dostover_1":"Средна","sustoyanie":"добро","sustoyan_1":"лошо","Shape_Leng":170181.211838,"Shape_Area":1551728051.25,"gwb_code":"BG2G000000N044","gwb_name":"Карстово - порови  води в неоген -сармат СИ  Добруджа","basin_district":"BG2"},"geometry":{"type":"Polygon","coordinates":[[[28.3146621,43.723122],[28.3359212,43.7196151],[28.3542538,43.719641],[28.3750638,43.7213773],[28.4454316,43.7145624],[28.4471874,43.7143924],[28.5033968,43.7097989],[28.5477852,43.7123057],[28.5725934,43.7256585],[28.5728084,43.7256756],[28.5728956,43.7256826],[28.5728951,43.7256754],[28.5728905,43.7256104],[28.572868,43.7252935],[28.5728361,43.724844],[28.572563,43.7242165],[28.5727888,43.723564],[28.5728105,43.7231956],[28.5728085,43.7222323],[28.5728523,43.7218456],[28.5728595,43.7217817],[28.5728687,43.7217004],[28.5729824,43.7206947],[28.5731561,43.7198004],[28.5732436,43.7193496],[28.5732823,43.7191583],[28.5733355,43.7188952],[28.5735386,43.717891],[28.5735933,43.7176205],[28.5739213,43.7163227],[28.5740306,43.7158903],[28.5740431,43.7158425],[28.5743706,43.7145943],[28.5743742,43.7145803],[28.5744337,43.7143538],[28.574468,43.7142231],[28.574854,43.7131751],[28.575023,43.7127166],[28.5750815,43.7125579],[28.575325,43.7121728],[28.5757751,43.7114611],[28.5761355,43.7108912],[28.5764133,43.7105582],[28.5773668,43.7094156],[28.5779316,43.7086399],[28.577972,43.7085844],[28.5781135,43.7081755],[28.5771881,43.7031677],[28.5769111,43.7019217],[28.5766436,43.7010519],[28.5765567,43.7007696],[28.5762075,43.7005161],[28.5758948,43.7002891],[28.5733133,43.6988155],[28.5731443,43.6987849],[28.5715391,43.6984943],[28.5712108,43.6984349],[28.5710016,43.698397],[28.5705191,43.6982412],[28.5695829,43.6979389],[28.569066,43.697772],[28.568856,43.6977042],[28.5686213,43.6976284],[28.5682953,43.6973917],[28.5681197,43.6972642],[28.5680519,43.697215],[28.5672094,43.6966033],[28.5671152,43.6964894],[28.5668666,43.6961889],[28.5664985,43.6957438],[28.5664142,43.6956418],[28.5661842,43.6951892],[28.5658669,43.6945649],[28.564731,43.6939165],[28.5647107,43.6921948],[28.5642916,43.6905792],[28.5639304,43.6891461],[28.5638966,43.6890119],[28.563759,43.6884661],[28.5636697,43.6878562],[28.5636585,43.6877795],[28.5635244,43.6868634],[28.5634026,43.6860309],[28.563486,43.6832116],[28.563559,43.6827986],[28.5635812,43.6826732],[28.563747,43.6817359],[28.5638166,43.6803254],[28.5639176,43.6782766],[28.5640179,43.6773378],[28.5640881,43.6766805],[28.5640915,43.6766484],[28.5641462,43.6761366],[28.5641777,43.6758417],[28.56446,43.6751711],[28.5645571,43.6749405],[28.5672966,43.6607025],[28.5672826,43.6605723],[28.5672701,43.6604565],[28.5674335,43.6591712],[28.5677244,43.6584791],[28.5680988,43.6565329],[28.5681238,43.6559545],[28.5681293,43.6558261],[28.5683457,43.6545837],[28.5684564,43.6539484],[28.568743,43.6531851],[28.569128,43.651184],[28.5696722,43.650403],[28.5698077,43.6499375],[28.5698124,43.6499211],[28.5698487,43.6497965],[28.5699716,43.6496652],[28.5700856,43.6495434],[28.5708113,43.6487684],[28.5712357,43.6481593],[28.5717742,43.6470509],[28.5719407,43.6466868],[28.5720823,43.6463772],[28.5722293,43.6460556],[28.5724364,43.6456028],[28.5725117,43.645438],[28.5727323,43.6452002],[28.5728517,43.6450713],[28.5731338,43.644767],[28.5733682,43.6445141],[28.5733864,43.6444945],[28.5736996,43.6441566],[28.5743752,43.6430805],[28.5748059,43.6423946],[28.5749246,43.6422422],[28.5750869,43.6420338],[28.5753378,43.6417115],[28.575511,43.6414891],[28.57583,43.6410795],[28.5758942,43.6410327],[28.5765184,43.6405784],[28.579059,43.6369325],[28.5763757,43.6333859],[28.5763165,43.6333465],[28.5756546,43.6330268],[28.5754573,43.6329314],[28.5751698,43.6323322],[28.5750076,43.6315776],[28.5731165,43.629078],[28.5732353,43.6281299],[28.5732278,43.6278884],[28.5731996,43.6269886],[28.5732646,43.626263],[28.5733628,43.6251675],[28.5732977,43.6241913],[28.5732395,43.6233189],[28.573566,43.6210185],[28.5735922,43.6209009],[28.5738115,43.6199165],[28.5742622,43.6191405],[28.574378,43.6190104],[28.5744745,43.6182405],[28.5739041,43.6175088],[28.573813,43.6174364],[28.5734004,43.6171084],[28.5731851,43.6168294],[28.5722934,43.6156741],[28.5721659,43.6155335],[28.5717888,43.6151181],[28.5710223,43.6142734],[28.5706699,43.6135018],[28.5705141,43.6131605],[28.569683,43.6120945],[28.5679035,43.60175],[28.5686842,43.5993708],[28.568733,43.5989827],[28.5687628,43.5987456],[28.5694028,43.5970415],[28.5696095,43.596491],[28.5697654,43.5960759],[28.5699435,43.595533],[28.5700616,43.5951494],[28.5703524,43.5942045],[28.5703671,43.5941569],[28.5704022,43.5940429],[28.5705231,43.59365],[28.5706449,43.5932543],[28.5707638,43.5930333],[28.5710505,43.5921595],[28.5720711,43.5902348],[28.57214,43.5899457],[28.5724043,43.5888362],[28.5725498,43.5885967],[28.572571,43.5885616],[28.5728172,43.5881562],[28.5730552,43.5877641],[28.5736529,43.5867796],[28.5736856,43.5867258],[28.5744509,43.585463],[28.5748122,43.5847423],[28.5751311,43.5841032],[28.5754567,43.5834507],[28.5757193,43.5829244],[28.5763404,43.5819845],[28.5768759,43.581174],[28.578436,43.578232],[28.5808984,43.5757277],[28.5818697,43.5746016],[28.5825936,43.5737625],[28.5844283,43.5715909],[28.5849225,43.571006],[28.5864084,43.5692473],[28.5867151,43.5688842],[28.5868079,43.5687743],[28.5880206,43.5674149],[28.5881709,43.5672463],[28.5900812,43.5651047],[28.5912635,43.5640672],[28.5933133,43.5622685],[28.5939057,43.5617253],[28.5953341,43.5604158],[28.5972984,43.5586148],[28.5973223,43.5585929],[28.5975148,43.5584445],[28.5978678,43.5581726],[28.5982792,43.5578556],[28.5986906,43.5575385],[28.5990741,43.557243],[28.6031795,43.5530678],[28.6032685,43.5527415],[28.6033336,43.552503],[28.6033821,43.5517141],[28.6034644,43.5503774],[28.6034953,43.5498761],[28.603512,43.5498408],[28.6038217,43.5491883],[28.6039602,43.5488962],[28.6041899,43.5484122],[28.6043605,43.5477003],[28.6047193,43.5462033],[28.6049931,43.5455637],[28.605332,43.544772],[28.6053472,43.5447523],[28.6056569,43.5443518],[28.6063062,43.5435121],[28.6074014,43.5395953],[28.6071405,43.5393938],[28.6069507,43.5392473],[28.6066672,43.5390283],[28.606104,43.5385934],[28.6056124,43.5379066],[28.6056252,43.5375885],[28.6056334,43.5373825],[28.605652,43.5369204],[28.6056802,43.536861],[28.6058472,43.5365087],[28.6059786,43.5362317],[28.6059554,43.5361896],[28.6058391,43.5359777],[28.6057717,43.5358549],[28.6057332,43.5357849],[28.6054576,43.5356081],[28.6049504,43.5352829],[28.6047094,43.5351284],[28.6046827,43.5350625],[28.6046568,43.5349988],[28.6045793,43.5348076],[28.6045043,43.5346224],[28.6046301,43.5344764],[28.6048443,43.5342278],[28.6049189,43.5341412],[28.6049949,43.5340529],[28.6050105,43.5340054],[28.6051988,43.5334286],[28.6049934,43.5328014],[28.6039385,43.5313791],[28.6036418,43.530979],[28.6033958,43.5304422],[28.6029448,43.5294577],[28.6029213,43.5290673],[28.6029034,43.5287699],[28.603017,43.5285853],[28.6033115,43.5281066],[28.6036382,43.5275756],[28.6037086,43.5272671],[28.6037454,43.5271061],[28.6034284,43.5260603],[28.6028773,43.5253964],[28.6025316,43.5249799],[28.6021211,43.5239637],[28.6018744,43.522648],[28.6021201,43.5223204],[28.6023013,43.5223428],[28.6015055,43.519718],[28.5999642,43.5174464],[28.5995793,43.5170976],[28.5993761,43.5165796],[28.5981015,43.5147011],[28.5975721,43.5146181],[28.5975443,43.5144905],[28.5974489,43.5140525],[28.5974785,43.5140167],[28.5975655,43.513911],[28.5877725,43.4994775],[28.5870488,43.4965336],[28.5870069,43.4964959],[28.5869649,43.4961926],[28.5868794,43.4958447],[28.586766,43.4956997],[28.5864338,43.4952748],[28.586398,43.4952504],[28.5859606,43.4949517],[28.5858199,43.4948557],[28.5857377,43.4939609],[28.5856356,43.4929705],[28.5856144,43.4927653],[28.5856984,43.4926608],[28.5857409,43.492608],[28.5858451,43.4924783],[28.5859004,43.4924095],[28.5858824,43.4919541],[28.5858802,43.491899],[28.5858747,43.4917578],[28.5854955,43.4902155],[28.5852908,43.489971],[28.5852881,43.4899695],[28.5851807,43.4899055],[28.5849179,43.4897493],[28.5848607,43.4896413],[28.5847826,43.489494],[28.5846851,43.4893101],[28.5845951,43.4891402],[28.584401,43.4889085],[28.5842562,43.488817],[28.5840317,43.4886752],[28.5838943,43.4885884],[28.583147,43.4884273],[28.582963,43.4883876],[28.5829134,43.4883769],[28.5828493,43.4882833],[28.5826266,43.4879579],[28.5826574,43.4878404],[28.5827071,43.4876509],[28.5827902,43.4873339],[28.5824787,43.4866881],[28.582393,43.4865105],[28.5710315,43.4729425],[28.5701514,43.4715975],[28.5700276,43.4714783],[28.5699772,43.4713314],[28.5672968,43.4672352],[28.5671649,43.467119],[28.5671203,43.4670772],[28.5666531,43.466639],[28.5660199,43.4660452],[28.5658989,43.465986],[28.5657021,43.4658897],[28.5653833,43.4657337],[28.5651843,43.4656363],[28.5647937,43.4654452],[28.5647049,43.4653744],[28.5644024,43.4651332],[28.5643441,43.4650867],[28.5642956,43.4647479],[28.5642206,43.464224],[28.5637102,43.463567],[28.5635319,43.4633375],[28.5633623,43.4631192],[28.5631863,43.4627676],[28.562749,43.461894],[28.5620064,43.4610646],[28.5619181,43.4609659],[28.5616861,43.4607067],[28.5614981,43.4604968],[28.5613593,43.4603418],[28.5613367,43.4602939],[28.5611935,43.4599908],[28.561071,43.4597314],[28.5609916,43.4595634],[28.560892,43.4593902],[28.5608536,43.4593235],[28.5608385,43.4592973],[28.5606795,43.4590209],[28.5606413,43.4589547],[28.5604595,43.4586388],[28.5600916,43.4582866],[28.5593974,43.4576223],[28.5593263,43.4574668],[28.559244,43.4572869],[28.559043,43.4568475],[28.5590291,43.4568169],[28.5590252,43.4566972],[28.5590247,43.4566822],[28.5589883,43.4555614],[28.5589769,43.4555187],[28.5588722,43.4551272],[28.5587062,43.4545062],[28.558661,43.4543368],[28.5585252,43.4538306],[28.5574429,43.4521767],[28.5572706,43.4519949],[28.5572301,43.4519522],[28.5570984,43.4516502],[28.555622,43.449394],[28.5521358,43.4455518],[28.5517136,43.4451705],[28.5515424,43.4448978],[28.549978,43.4431735],[28.5497934,43.443049],[28.5497518,43.4430009],[28.5491705,43.4423269],[28.5490985,43.4422436],[28.549085,43.4421894],[28.5458165,43.438587],[28.5364586,43.4299544],[28.5364515,43.4299531],[28.5361674,43.4298997],[28.5360676,43.429881],[28.5350872,43.429462],[28.534795,43.4291089],[28.5346696,43.4289573],[28.5346217,43.4288995],[28.534606,43.4288804],[28.5345451,43.4288068],[28.5345161,43.4287718],[28.5344345,43.4287088],[28.5344064,43.4286871],[28.5343108,43.4286134],[28.5341811,43.4285133],[28.5341617,43.4284983],[28.5340983,43.4284494],[28.5339478,43.4283332],[28.5338624,43.4282673],[28.5335679,43.428115],[28.533188,43.4279186],[28.5330672,43.4278561],[28.5328981,43.4277686],[28.5327593,43.4276968],[28.5325618,43.4274434],[28.532532,43.4274052],[28.5321065,43.4268592],[28.5320687,43.4267611],[28.5317389,43.4259052],[28.5316523,43.4258419],[28.5314743,43.4257116],[28.5305542,43.4250386],[28.5299543,43.4244274],[28.5298098,43.4242802],[28.5294115,43.4238744],[28.5293532,43.4238459],[28.5288375,43.4235938],[28.5279411,43.4231557],[28.5274961,43.4229691],[28.5274693,43.4229578],[28.5269902,43.4227569],[28.5263079,43.4224707],[28.526242,43.422426],[28.5257375,43.4220838],[28.5257059,43.4220623],[28.5255572,43.4219615],[28.5251396,43.4216782],[28.5250575,43.4216225],[28.5249224,43.4215308],[28.5247737,43.42143],[28.5246741,43.4213624],[28.5242105,43.421052],[28.5241271,43.4209961],[28.5234749,43.4205594],[28.5232041,43.420378],[28.5223085,43.4199371],[28.5220225,43.4197963],[28.5213257,43.4194531],[28.5206467,43.4190356],[28.5200355,43.4186596],[28.519998,43.4186366],[28.5197381,43.4184767],[28.5196239,43.4184065],[28.5196033,43.4183938],[28.51904,43.4180473],[28.5181412,43.4173614],[28.5181019,43.4173576],[28.5175883,43.4173078],[28.5173681,43.4172864],[28.5172025,43.4172703],[28.5165868,43.4168332],[28.5165002,43.4167717],[28.5160919,43.4164817],[28.5160442,43.4164479],[28.5158954,43.4163422],[28.5157431,43.416175],[28.5156544,43.4160777],[28.5155498,43.4159629],[28.5154958,43.4159036],[28.5153783,43.4157747],[28.5153239,43.415715],[28.5153451,43.4155441],[28.5153517,43.4154904],[28.5153874,43.415193],[28.5153992,43.4150948],[28.5146894,43.4146699],[28.5146703,43.4146699],[28.5143036,43.4146705],[28.5141832,43.4147265],[28.5138548,43.4148791],[28.5137814,43.4150283],[28.5137302,43.4151324],[28.5136498,43.415296],[28.5135587,43.4153447],[28.5132011,43.415536],[28.5127913,43.4155095],[28.5124261,43.4154858],[28.5122206,43.4154725],[28.5115824,43.4152335],[28.5108733,43.414968],[28.5103829,43.4150555],[28.5103795,43.4150905],[28.5103392,43.4154741],[28.5094029,43.4153836],[28.5091013,43.41532],[28.508808,43.415258],[28.5086395,43.4152224],[28.508583,43.4152105],[28.508358,43.415241],[28.504755,43.4132503],[28.5047179,43.4132379],[28.5042673,43.4130869],[28.5038329,43.4129414],[28.5036377,43.4128757],[28.5034409,43.4128095],[28.5032,43.4126145],[28.503075,43.4125133],[28.5030873,43.4124529],[28.50311,43.4123415],[28.5016935,43.4115588],[28.5016462,43.4115554],[28.501159,43.4115069],[28.5008145,43.4114726],[28.5003343,43.4114247],[28.4998494,43.4113764],[28.4993581,43.411309],[28.4992136,43.4112892],[28.4991935,43.4112864],[28.4989509,43.4112531],[28.4988947,43.4112206],[28.4986443,43.4110755],[28.4980236,43.410716],[28.4978649,43.4105259],[28.4974438,43.4100213],[28.4972888,43.409756],[28.4971726,43.4095571],[28.4971069,43.4094446],[28.4970783,43.4093956],[28.4970458,43.4093399],[28.496843,43.4089927],[28.4967611,43.4088525],[28.4967448,43.4088247],[28.4956685,43.40823],[28.4873072,43.3981802],[28.4866493,43.3977227],[28.4861832,43.3972418],[28.485419,43.3964532],[28.4849557,43.3959752],[28.484939,43.3959579],[28.4847017,43.3957131],[28.484251,43.3952992],[28.4836478,43.3947453],[28.4834573,43.3944834],[28.4833916,43.3943931],[28.4827846,43.3935583],[28.4827516,43.393513],[28.482438,43.3930817],[28.482311,43.3929264],[28.4822865,43.3928964],[28.482207,43.3927992],[28.4820978,43.3926657],[28.4820457,43.392602],[28.4819553,43.3924915],[28.4814907,43.3919234],[28.4810996,43.3915444],[28.4790154,43.3895243],[28.4771192,43.3880541],[28.4766083,43.3874208],[28.4766075,43.3874198],[28.4700525,43.3829305],[28.4700205,43.3827559],[28.469879,43.382651],[28.4697945,43.3825883],[28.4697774,43.3823947],[28.4697436,43.3820125],[28.4698435,43.3817893],[28.4685219,43.3745735],[28.4684348,43.3744927],[28.468344,43.3744085],[28.4683308,43.374376],[28.4681431,43.3739134],[28.4679351,43.3734011],[28.467875,43.3732529],[28.4677388,43.3728179],[28.4676972,43.3726847],[28.4675513,43.3722172],[28.4672462,43.3712396],[28.4670029,43.3708835],[28.4667736,43.3705474],[28.4667745,43.3702529],[28.4667769,43.3695034],[28.4663371,43.368737],[28.4661997,43.3684978],[28.4663227,43.3677356],[28.4663614,43.3674961],[28.4664098,43.3669079],[28.4664514,43.3664036],[28.4664724,43.3661483],[28.4664708,43.3661109],[28.4664463,43.3655275],[28.4664322,43.3651944],[28.4664237,43.3649921],[28.4664651,43.3647061],[28.4665753,43.3639454],[28.4665018,43.3635438],[28.4662926,43.3627226],[28.4662473,43.3625448],[28.4662211,43.362442],[28.4661981,43.3623483],[28.466175,43.3622544],[28.4659845,43.3614793],[28.465942,43.3613063],[28.465909,43.3611719],[28.4658303,43.3611239],[28.464723,43.3645156],[28.464839,43.3649449],[28.4646776,43.3658338],[28.4644058,43.3663697],[28.4639041,43.3673589],[28.4638436,43.3674782],[28.4633482,43.3684532],[28.4632366,43.3686148],[28.4630171,43.3689328],[28.4625397,43.3696243],[28.4624984,43.369684],[28.4621441,43.3704516],[28.4620886,43.3705718],[28.4620659,43.370621],[28.4620196,43.3707212],[28.4619614,43.3707897],[28.4616884,43.3711113],[28.4612789,43.3715937],[28.4611657,43.371727],[28.4604816,43.3725327],[28.4594934,43.3741071],[28.4594699,43.3741446],[28.4594276,43.3742119],[28.459419,43.3742256],[28.4591565,43.3745322],[28.45872,43.3750418],[28.4586722,43.3750976],[28.4581988,43.3756504],[28.4567896,43.3769191],[28.4566619,43.3770341],[28.4562416,43.377346],[28.4556775,43.3777645],[28.4546492,43.3785274],[28.4539121,43.378876],[28.4520561,43.3797535],[28.4518029,43.3798952],[28.4517745,43.379911],[28.4513913,43.3801254],[28.4504165,43.3806708],[28.4503538,43.3807059],[28.450334,43.380726],[28.4503098,43.3807305],[28.4502582,43.3807594],[28.4502036,43.38079],[28.4496079,43.381032],[28.448511,43.3814778],[28.4464493,43.3817019],[28.4452608,43.3818688],[28.4444602,43.3819813],[28.4440184,43.3820433],[28.4431505,43.3822565],[28.4430763,43.3822748],[28.4428682,43.3823259],[28.4425213,43.3824111],[28.4420094,43.3825369],[28.4418096,43.3825655],[28.4411452,43.3826607],[28.4404238,43.382764],[28.439638,43.3830275],[28.4373556,43.3837931],[28.4360428,43.3840611],[28.4357283,43.3841253],[28.4353327,43.3842061],[28.4343576,43.3844051],[28.4341833,43.3844407],[28.4326356,43.3846333],[28.4314875,43.3847761],[28.4307799,43.3848099],[28.4304294,43.3848267],[28.4299553,43.3848493],[28.4293664,43.3846607],[28.420176,43.3863853],[28.418833,43.3867499],[28.4177782,43.3870362],[28.4163499,43.3874238],[28.4153631,43.3876916],[28.4145647,43.3879925],[28.3911739,43.4022368],[28.3900571,43.4031928],[28.3899829,43.4032563],[28.3899263,43.4032906],[28.3897907,43.4033729],[28.3892214,43.4037184],[28.3889384,43.4038901],[28.38834,43.4042532],[28.3878006,43.404447],[28.3872442,43.4046469],[28.3868349,43.404794],[28.3864337,43.4049382],[28.3861478,43.4050055],[28.38528,43.4052097],[28.3832068,43.4056976],[28.3824805,43.4058552],[28.3820547,43.4059476],[28.3805872,43.4062661],[28.3797404,43.4064499],[28.3791866,43.4065701],[28.3789282,43.4066476],[28.3782484,43.4068517],[28.3771994,43.4071666],[28.3770229,43.4072196],[28.3756399,43.4076348],[28.3748303,43.4077415],[28.3742123,43.407823],[28.3739708,43.4078439],[28.3734762,43.4078867],[28.3730317,43.4079252],[28.3729693,43.4079306],[28.3725205,43.4079694],[28.3700332,43.4085755],[28.3691124,43.4087695],[28.3690131,43.4087904],[28.368764,43.4088428],[28.3685937,43.4088186],[28.3685015,43.4088055],[28.3676937,43.4086905],[28.3657656,43.409073],[28.3652209,43.4092904],[28.3646828,43.4094762],[28.3637349,43.4098035],[28.3637132,43.4098109],[28.3634153,43.4099138],[28.3625737,43.4102044],[28.3624736,43.41023],[28.360808,43.410656],[28.360192,43.4108135],[28.3594749,43.4112448],[28.3593481,43.4113212],[28.3592376,43.4113876],[28.359148,43.4114887],[28.3590981,43.411545],[28.3584352,43.4122927],[28.358334,43.4124068],[28.3581073,43.4126066],[28.3580445,43.4126618],[28.35774,43.4129301],[28.3575361,43.4131097],[28.3568986,43.413671],[28.3565044,43.4137817],[28.3559281,43.4139436],[28.3548802,43.4139804],[28.3545728,43.4139912],[28.3542375,43.4139238],[28.3540649,43.4138892],[28.3533107,43.4137403],[28.3529886,43.4136768],[28.3516139,43.4137876],[28.3511705,43.4135176],[28.3510645,43.4134531],[28.3504923,43.4131047],[28.3504025,43.4130501],[28.350159,43.4129301],[28.3497911,43.4127489],[28.3492957,43.4125048],[28.3491903,43.4124847],[28.3489856,43.4124457],[28.3484507,43.4123437],[28.3476741,43.4124264],[28.3470229,43.4124956],[28.3460208,43.4124898],[28.3459805,43.4124895],[28.3454903,43.4124867],[28.3446597,43.4127118],[28.3440243,43.4128841],[28.3422612,43.413362],[28.3416012,43.4135866],[28.3398778,43.4141729],[28.3388267,43.4145305],[28.3383061,43.4147076],[28.3371669,43.4150951],[28.3365317,43.4153112],[28.3364363,43.4153437],[28.3350393,43.4157143],[28.3343755,43.4158903],[28.333648,43.4160833],[28.333578,43.4161019],[28.3334737,43.4161081],[28.3326792,43.4161556],[28.332655,43.416157],[28.3323613,43.4161746],[28.3319378,43.4162125],[28.3318033,43.4162245],[28.3313552,43.4162646],[28.3311455,43.4162833],[28.3302162,43.4165546],[28.3294068,43.416791],[28.3291863,43.4168554],[28.3282112,43.4170009],[28.327824,43.4170587],[28.3277976,43.4170626],[28.3267,43.4172264],[28.3262482,43.4172331],[28.3256641,43.4172418],[28.3250827,43.4172504],[28.3250198,43.4172514],[28.3249563,43.4172523],[28.3242124,43.4172634],[28.3237702,43.4172699],[28.3225772,43.4172877],[28.3210455,43.4173483],[28.3202026,43.4173817],[28.319116,43.4174247],[28.3182421,43.4174593],[28.317637,43.4173174],[28.317553,43.4172977],[28.3092886,43.4181344],[28.3089366,43.418177],[28.308511,43.4182284],[28.3077203,43.4180785],[28.3074778,43.4180325],[28.3070327,43.4179481],[28.304659,43.4172054],[28.3037385,43.417152],[28.303232,43.4171226],[28.3008534,43.4172667],[28.298899,43.4170639],[28.2987619,43.4170176],[28.2985715,43.4169533],[28.2965777,43.4162798],[28.2957245,43.4159466],[28.2955275,43.4158696],[28.2947856,43.4155798],[28.2943279,43.4155477],[28.2912454,43.4153317],[28.2901665,43.4150871],[28.2899466,43.4150372],[28.2896349,43.4149666],[28.2895936,43.4149572],[28.2889756,43.414817],[28.2884279,43.4145439],[28.2880789,43.4143698],[28.2874517,43.414057],[28.2873425,43.4140025],[28.2866998,43.4134702],[28.2863928,43.4132159],[28.2863615,43.4131899],[28.2860845,43.4129605],[28.2860287,43.4129143],[28.285674,43.4127132],[28.2853171,43.4125108],[28.2852437,43.4124692],[28.2852036,43.4124464],[28.27993,43.4132615],[28.2797939,43.4132352],[28.2787844,43.4133827],[28.2782382,43.4133512],[28.277692,43.4133196],[28.2767325,43.4132641],[28.2766293,43.4132582],[28.2765653,43.4132545],[28.2764475,43.4132482],[28.2763748,43.4132443],[28.2743436,43.4131362],[28.2742658,43.413132],[28.2741881,43.4131279],[28.271761,43.4125381],[28.2706027,43.4119571],[28.2702858,43.4117982],[28.2700253,43.4116143],[28.2697252,43.4114023],[28.2695062,43.4112477],[28.2579378,43.4090127],[28.2579378,43.4090127],[28.2577465,43.4089807],[28.2576791,43.4089695],[28.2573568,43.4089156],[28.2571756,43.4088655],[28.2555635,43.408554],[28.2552805,43.4083409],[28.2550055,43.4082648],[28.2544207,43.408103],[28.2536645,43.4078936],[28.2532226,43.4077084],[28.2520839,43.4072311],[28.2520553,43.4071928],[28.2518676,43.4069408],[28.2516852,43.4066959],[28.2515923,43.4065712],[28.2515084,43.4064586],[28.2510929,43.4054049],[28.2510689,43.4053439],[28.2510126,43.4052012],[28.2509887,43.4051406],[28.2502511,43.4046654],[28.2494447,43.4041457],[28.2493054,43.404056],[28.248563,43.4036721],[28.2484466,43.4036119],[28.2480946,43.4034299],[28.24802,43.4034239],[28.2477005,43.4033983],[28.2473555,43.4033706],[28.2472957,43.4033658],[28.2417985,43.4056245],[28.2412419,43.4055117],[28.241174,43.4055353],[28.2407854,43.4056705],[28.2390962,43.4053917],[28.2379361,43.4051865],[28.2375128,43.4051117],[28.2370912,43.405088],[28.2360337,43.4050286],[28.2359363,43.4050099],[28.234186,43.4046728],[28.2337061,43.4045804],[28.233554,43.4045511],[28.2315492,43.4040775],[28.2312277,43.403897],[28.2309335,43.4037319],[28.2307089,43.4036057],[28.2300229,43.4032205],[28.2297372,43.4029829],[28.2296231,43.402888],[28.2290724,43.4024298],[28.2289362,43.4023165],[28.22827,43.4019655],[28.2275852,43.4016787],[28.2271796,43.4015087],[28.2271407,43.4014925],[28.2264695,43.4012124],[28.225703,43.4008925],[28.2254953,43.4008056],[28.2241813,43.4000282],[28.2239345,43.4000518],[28.223441,43.4000995],[28.2234384,43.4004025],[28.2234342,43.4009096],[28.2233837,43.4012275],[28.2233322,43.4015519],[28.2233239,43.4016041],[28.2231373,43.4016563],[28.2223706,43.4018709],[28.2212096,43.4016717],[28.2204334,43.401678],[28.2196291,43.4016846],[28.2194085,43.4016864],[28.2188993,43.4012857],[28.2175515,43.400225],[28.2162054,43.400227],[28.216072,43.4002272],[28.2144312,43.3997674],[28.2122109,43.3995794],[28.2109645,43.3995016],[28.2092512,43.3993946],[28.2060252,43.3988209],[28.2053986,43.398833],[28.2039646,43.3988606],[28.2022752,43.3986919],[28.2005805,43.3985225],[28.2002194,43.3984833],[28.1967218,43.3981038],[28.1952487,43.3980134],[28.1930213,43.3978768],[28.1921761,43.3978629],[28.1910132,43.3978437],[28.1888491,43.3981949],[28.1868418,43.3983044],[28.1859957,43.3983506],[28.1841466,43.3982752],[28.1837327,43.3983425],[28.1834073,43.3983954],[28.1821952,43.3983765],[28.1820196,43.3983738],[28.1809762,43.3983575],[28.1798077,43.398723],[28.1792348,43.3989022],[28.1787275,43.399023],[28.1775148,43.3993116],[28.1770588,43.3994196],[28.1764754,43.3995577],[28.1739774,43.4007384],[28.1733919,43.4014199],[28.1733288,43.4014932],[28.1720149,43.4030374],[28.1715532,43.4032557],[28.1713664,43.403344],[28.1703795,43.4038106],[28.1700502,43.40389],[28.170036,43.4038934],[28.1698789,43.4041098],[28.165766,43.4097398],[28.1457272,43.4197737],[28.1128886,43.4269254],[28.0965132,43.4330916],[28.0804203,43.4405684],[28.0511245,43.4574258],[28.027322,43.4634466],[27.9818588,43.4679921],[27.958239,43.4714243],[27.9468749,43.4730755],[27.9468681,43.4730765],[27.9468365,43.4730811],[27.9474979,43.4746046],[27.947434,43.4785715],[27.9455585,43.4799692],[27.9453591,43.4802514],[27.9441664,43.4819391],[27.945444,43.4827344],[27.9486233,43.4838561],[27.9483415,43.4860465],[27.9474365,43.4888183],[27.9475091,43.4891303],[27.9479452,43.4910021],[27.9489116,43.4921467],[27.9514582,43.493161],[27.9556408,43.4933512],[27.9581244,43.4947171],[27.9574081,43.4985499],[27.9577822,43.4992404],[27.9586974,43.5009297],[27.9587467,43.5010237],[27.9595503,43.5025568],[27.9620531,43.5030535],[27.9652169,43.5044252],[27.9653007,43.5044615],[27.9665147,43.5049878],[27.9695201,43.5081859],[27.9698191,43.5087275],[27.9712943,43.5113988],[27.9723622,43.5119444],[27.9734628,43.5125067],[27.975484,43.5135394],[27.9756125,43.513605],[27.9757468,43.5136736],[27.9769485,43.5142875],[27.9772779,43.5144558],[27.9775004,43.5145694],[27.9822162,43.5162127],[27.9838884,43.5168064],[27.9884156,43.519671],[27.9905163,43.5210568],[27.9951767,43.5241308],[27.9988712,43.5265674],[27.9998009,43.5272942],[28.0008906,43.5281461],[28.0009689,43.5282073],[28.0011152,43.5283217],[28.0038603,43.5304675],[28.0063793,43.533849],[28.0070221,43.5354847],[28.0079221,43.5377747],[28.0077269,43.5408243],[28.0080299,43.5430452],[28.0082883,43.5449388],[28.0099949,43.5472513],[28.0113121,43.549036],[28.0113743,43.5491432],[28.0141023,43.5538465],[28.0159021,43.5583101],[28.0154905,43.5631534],[28.0148026,43.5662029],[28.0136068,43.5683655],[28.0122948,43.5703331],[28.0119246,43.5708881],[28.0117397,43.5712364],[28.0100127,43.5744886],[28.0070832,43.5761262],[28.0095054,43.5772529],[28.010081,43.5777348],[28.0113731,43.5788166],[28.0125869,43.5813585],[28.0134726,43.5842725],[28.0136917,43.5873139],[28.0139038,43.5899863],[28.0141241,43.5931492],[28.0144502,43.5946247],[28.014849,43.5964293],[28.0163842,43.5981174],[28.0190972,43.6001642],[28.0191551,43.6002234],[28.0221649,43.6033017],[28.0247069,43.6051023],[28.0249633,43.6064567],[28.0250744,43.6070439],[28.0251117,43.609236],[28.0251613,43.6121574],[28.0258787,43.6149467],[28.0260873,43.6173805],[28.0269605,43.619439],[28.028059,43.6222159],[28.0294357,43.6248597],[28.029663,43.6273292],[28.0291769,43.6292155],[28.0288553,43.6294791],[28.0287825,43.6295387],[28.0258944,43.6319057],[28.0226279,43.6355591],[28.0203794,43.6404143],[28.0194355,43.6431204],[28.0191097,43.6440543],[28.0187676,43.6446413],[28.0168443,43.6479417],[28.0155782,43.6518201],[28.0130675,43.654734],[28.0126385,43.6552317],[28.0120017,43.6578049],[28.0120289,43.6578109],[28.0101209,43.6598793],[28.0098172,43.6608091],[28.0082766,43.6655259],[28.0098747,43.6683269],[28.016226,43.6769974],[28.0191027,43.6865432],[28.0216019,43.6966553],[28.0290545,43.7013741],[28.0333559,43.7033059],[28.0423769,43.7088542],[28.0540814,43.7124064],[28.0661752,43.7159539],[28.0780801,43.7166769],[28.07822,43.7166854],[28.1003597,43.7176004],[28.1182104,43.7174272],[28.1344981,43.7167037],[28.1407174,43.7167545],[28.1452072,43.716791],[28.1498944,43.7175286],[28.1595395,43.7164642],[28.1698648,43.7161172],[28.1848141,43.7167071],[28.2033321,43.723022],[28.222083,43.7271743],[28.2435204,43.7282616],[28.2545845,43.7273393],[28.268398,43.7261862],[28.2890553,43.7257133],[28.3146621,43.723122]]]}},{"type":"Feature","id":"BG2G000000Q002","properties":{"OBJECTID":21,"localId":"BG2G000000Q002","nameTxtInt":"POROUS WATERS - QUATERNARY BATOVA RIVER","nameText":"POROUS WATERS - QUATERNARY BATOVA RIVER","horizons":"1","Type":"2","Age":"Q","n":1.0,"cod":"BG2G000000Q002","ime":"Порови води в кватернера на  р. Батова","risk_q":"Не е в риск","risk_ch":"В риск","q_s":"добро","dostoverno":"Висока","ch_s":"лошо","dostover_1":"Висока","sustoyanie":"лошо","sustoyan_1":"лошо","Shape_Leng":55063.6050449,"Shape_Area":13368340.281,"gwb_code":"BG2G000000Q002","gwb_name":"Порови води в кватернера на  р. Батова","basin_district":"BG2"},"geometry":{"type":"Polygon","coordinates":[[[27.9628044,43.4120536],[27.9649037,43.4119254],[27.9678783,43.4127566],[27.9690157,43.4130123],[27.9705016,43.4114132],[27.9717254,43.4102618],[27.9725998,43.409878],[27.972943,43.4099877],[27.9729906,43.4100649],[27.9732576,43.4100882],[27.973413,43.410138],[27.9734039,43.4101011],[27.9745169,43.4101987],[27.9755546,43.4100646],[27.9770809,43.4102431],[27.9790345,43.4102875],[27.9799498,43.4095286],[27.9809258,43.4085017],[27.9820242,43.4078767],[27.9833057,43.407207],[27.9854428,43.4076978],[27.9878858,43.4092599],[27.9900235,43.410822],[27.9916108,43.4107326],[27.9925258,43.4098844],[27.993685,43.4085897],[27.9950879,43.4070273],[27.9966132,43.4056434],[27.9982612,43.4051968],[27.9999702,43.404661],[28.0013129,43.4041698],[28.0022281,43.4034108],[28.0037541,43.4030983],[28.0057687,43.4030087],[28.0078447,43.4035889],[28.0102873,43.4045706],[28.0126076,43.4052845],[28.0147448,43.4061324],[28.0163935,43.4067573],[28.0179813,43.407382],[28.0209117,43.4075603],[28.0232926,43.4076939],[28.0266502,43.4075597],[28.0295192,43.4071577],[28.0346467,43.406309],[28.0384317,43.4063979],[28.040691,43.4072011],[28.0424612,43.4070224],[28.0431313,43.4048797],[28.0432523,43.4031388],[28.0443494,43.4006836],[28.0467283,43.3976926],[28.0486802,43.3953713],[28.0500226,43.3943444],[28.0505714,43.3933177],[28.0517911,43.3915321],[28.0519736,43.390684],[28.0521556,43.3888538],[28.0520295,43.3830955],[28.0526386,43.3811314],[28.0548955,43.3782297],[28.0562373,43.3763994],[28.0573349,43.3747031],[28.0593484,43.3730066],[28.0609953,43.3709977],[28.0616654,43.368989],[28.061848,43.3680069],[28.0629452,43.365641],[28.0656305,43.3644355],[28.0683165,43.3643013],[28.0710636,43.364301],[28.0742995,43.3647024],[28.0771076,43.3645683],[28.080709,43.3638983],[28.0819311,43.3635015],[28.081747,43.3632775],[28.081226,43.3622511],[28.0805769,43.3613354],[28.0804677,43.3611812],[28.0794933,43.3593427],[28.0791408,43.3586775],[28.0779611,43.3566245],[28.0778559,43.3564415],[28.0771235,43.3551668],[28.0763939,43.3538849],[28.0751074,43.3516245],[28.0734838,43.3480247],[28.0732471,43.3474999],[28.0728858,43.3466701],[28.0724503,43.3456699],[28.0720425,43.3447334],[28.0716925,43.3439322],[28.0715998,43.34372],[28.0712856,43.3430615],[28.0712277,43.34294],[28.0711507,43.3427787],[28.0708047,43.3420534],[28.0703794,43.3411618],[28.0697416,43.339825],[28.0696955,43.3397114],[28.0691545,43.3398843],[28.0673854,43.3417146],[28.0653113,43.344036],[28.0641523,43.3454199],[28.0612231,43.3469825],[28.0575617,43.3492148],[28.056586,43.3506879],[28.0562212,43.3529645],[28.0562837,43.3551071],[28.0548198,43.3568481],[28.0530503,43.3582321],[28.0517696,43.3601516],[28.0495124,43.3622945],[28.0486587,43.3637677],[28.0482329,43.3662228],[28.0471964,43.3680084],[28.047808,43.3697939],[28.0476872,43.3715347],[28.0465308,43.3767575],[28.045616,43.3780968],[28.0439685,43.3792128],[28.0421384,43.3811771],[28.0411019,43.3830073],[28.0407983,43.3854625],[28.0404335,43.3878284],[28.0390944,43.3935868],[28.0384854,43.3956401],[28.0365341,43.3990774],[28.0349493,43.4026487],[28.033241,43.4040773],[28.0320204,43.4045237],[28.0287239,43.4047473],[28.0242069,43.4055512],[28.0215819,43.4055961],[28.0193839,43.4052839],[28.0174911,43.404793],[28.014377,43.403856],[28.0113237,43.4025172],[28.0086974,43.4008212],[28.0071709,43.4003749],[28.0043628,43.4004645],[28.0019823,43.4009558],[27.9994185,43.4014471],[27.9983813,43.4022953],[27.9948409,43.4027867],[27.9934985,43.4037689],[27.9931329,43.4048848],[27.9921567,43.4057777],[27.9905698,43.4061796],[27.9895329,43.4075189],[27.9885562,43.4076082],[27.9860525,43.4066264],[27.9842817,43.4060464],[27.9812292,43.4057788],[27.97891,43.4066271],[27.9773843,43.4074308],[27.9756143,43.4080113],[27.974027,43.4079668],[27.9729157,43.408138],[27.9729011,43.4080793],[27.9727735,43.4080871],[27.9714616,43.4082791],[27.9695378,43.4092387],[27.968401,43.4095586],[27.9657767,43.409303],[27.9647269,43.4092392],[27.9635896,43.4089195],[27.9624522,43.4085998],[27.9608775,43.4083442],[27.9596525,43.4077047],[27.9574653,43.4071293],[27.9569402,43.4067456],[27.9532657,43.4057226],[27.9502033,43.4043798],[27.9474908,43.4031649],[27.943991,43.4017581],[27.939704,43.4004794],[27.9364669,43.3995843],[27.9313922,43.3975381],[27.9278044,43.3955558],[27.9236917,43.3931897],[27.9211535,43.3911433],[27.9168652,43.3878819],[27.9143274,43.3862832],[27.9104764,43.3830856],[27.907501,43.3809113],[27.9042634,43.3793767],[27.9028627,43.3775859],[27.9018995,43.376115],[27.9006723,43.3723416],[27.9002343,43.3713822],[27.8988337,43.3698474],[27.8983953,43.3684403],[27.8990058,43.36569],[27.9004038,43.3635153],[27.901015,43.3618523],[27.9005767,43.3604452],[27.8998759,43.3590382],[27.9003997,43.3575032],[27.9010106,43.3553925],[27.9004841,43.352962],[27.8993454,43.3507236],[27.8991692,43.3488049],[27.8996058,43.3478454],[27.90048,43.3470139],[27.9003042,43.3456708],[27.899427,43.3420892],[27.8996006,43.3401704],[27.9001238,43.337612],[27.900123,43.3365247],[27.8991613,43.3371644],[27.8981997,43.3381878],[27.896713,43.3386357],[27.8954009,43.3385719],[27.8956643,43.3399789],[27.8957528,43.3416418],[27.8956669,43.3438164],[27.896456,43.3465666],[27.8971568,43.3480375],[27.8972458,43.3502761],[27.8971601,43.3528345],[27.897949,43.3552008],[27.8982126,43.3571196],[27.8971641,43.3587186],[27.8967277,43.3600618],[27.8977789,43.3623643],[27.8972558,43.3648587],[27.8956826,43.3667776],[27.8950711,43.3679929],[27.8950722,43.3695919],[27.8973483,43.3722779],[27.898663,43.3761153],[27.8995392,43.3782898],[27.9019022,43.3801444],[27.9048776,43.3821268],[27.9074154,43.3837894],[27.9099533,43.3855161],[27.9117917,43.3876905],[27.9130173,43.3891614],[27.9152046,43.3898648],[27.917742,43.3910158],[27.9213299,43.3933179],[27.9224683,43.3951087],[27.9242189,43.3967713],[27.9264069,43.398434],[27.9279818,43.3991374],[27.9285949,43.4002246],[27.9291207,43.4017596],[27.930958,43.4022712],[27.9331455,43.4032303],[27.9351578,43.4040615],[27.938132,43.4041252],[27.9408439,43.4046366],[27.9441691,43.4064271],[27.9447824,43.4078981],[27.9438213,43.4093692],[27.9428602,43.4110962],[27.9425478,43.4118973],[27.942511,43.4119916],[27.9427803,43.411983],[27.9445227,43.4119275],[27.949769,43.4089849],[27.951781,43.4091766],[27.9536185,43.4100078],[27.9556305,43.4101355],[27.9576434,43.4118622],[27.9578195,43.4134611],[27.9586073,43.4141646],[27.9606184,43.4131411],[27.9628044,43.4120536]]]}},{"type":"Feature","id":"BG2G000000Q003","properties":{"OBJECTID":22,"localId":"BG2G000000Q003","nameTxtInt":"POROUS WATERS - QUATERNARY PROVADIISKA RIVER","nameText":"POROUS WATERS - QUATERNARY PROVADIISKA RIVER","horizons":"1","Type":"2","Age":"Q","n":2.0,"cod":"BG2G000000Q003","ime":"Порови води в кватернера на р. Провадийска","risk_q":"Не е в риск","risk_ch":"Не е в риск","q_s":"добро","dostoverno":"Средна","ch_s":"добро","dostover_1":"Висока","sustoyanie":"добро","sustoyan_1":"лошо","Shape_Leng":498012.810734,"Shape_Area":156888362.116,"gwb_code":"BG2G000000Q003","gwb_name":"Порови води в кватернера на р. Провадийска","basin_district":"BG2"},"geometry":{"type":"Polygon","coordinates":[[[26.8669847,43.4668478],[26.8666631,43.4643459],[26.8672417,43.4614877],[26.8685557,43.4588685],[26.870114,43.456607],[26.8727361,43.4538702],[26.874375,43.4520257],[26.8761744,43.4516703],[26.8774061,43.4489914],[26.8791304,43.4451813],[26.8801987,43.4423236],[26.8823316,43.4383948],[26.8863416,43.4357782],[26.8896954,43.4342329],[26.8932123,43.4328068],[26.8981182,43.4315009],[26.9026957,43.4310284],[26.9060471,43.4306143],[26.9089081,43.4301997],[26.912013,43.4306191],[26.914873,43.430919],[26.9181422,43.4308023],[26.9228012,43.4302695],[26.9259896,43.4293186],[26.9272967,43.4297364],[26.9272946,43.4315232],[26.9264736,43.4346198],[26.9250799,43.4380734],[26.925812,43.4409328],[26.926793,43.4408143],[26.9288415,43.4365273],[26.9290093,43.4328346],[26.929257,43.4306906],[26.9302406,43.4281301],[26.9310594,43.4267607],[26.9327741,43.428072],[26.9333457,43.4284893],[26.9350641,43.4264057],[26.9380069,43.4255139],[26.940213,43.4258129],[26.9425004,43.4265883],[26.9440522,43.4275421],[26.9447867,43.4286741],[26.9467467,43.4302236],[26.9478915,43.4294498],[26.9474031,43.4271863],[26.9477315,43.4254592],[26.9482231,43.4238513],[26.9506751,43.4232568],[26.9524727,43.4234958],[26.954433,43.4246878],[26.9568838,43.4257013],[26.9586821,43.4249276],[26.9610532,43.4229034],[26.9637511,43.4207005],[26.9645691,43.4191522],[26.9671031,43.4174853],[26.9681664,43.4153414],[26.9693108,43.4142101],[26.9712718,43.4139128],[26.9718434,43.4147468],[26.972661,43.4134962],[26.9756846,43.4118292],[26.9793618,43.4098644],[26.9800972,43.409388],[26.9830387,43.4080782],[26.9871239,43.4059345],[26.9894931,43.4051009],[26.9923525,43.4034334],[26.9956202,43.4016468],[26.9981525,43.4005747],[27.0010931,43.3988475],[27.0036252,43.3978349],[27.0057488,43.3964649],[27.0091792,43.3950352],[27.0104858,43.3940226],[27.013344,43.391759],[27.0161205,43.39021],[27.0182436,43.3891376],[27.019387,43.3892565],[27.0197958,43.3906859],[27.0203679,43.3918175],[27.0218378,43.3912216],[27.0223269,43.3885413],[27.0235512,43.3866946],[27.0246119,43.384312],[27.0263257,43.3817505],[27.0276308,43.3785934],[27.0290992,43.375615],[27.0304863,43.3736491],[27.033261,43.3712659],[27.0361989,43.3690017],[27.0370961,43.3675124],[27.0376668,43.3662614],[27.0399518,43.3648907],[27.0432981,43.3636983],[27.0447661,43.3617322],[27.047867,43.3603015],[27.050886,43.3587516],[27.0543945,43.3570227],[27.0563524,43.3557114],[27.0610856,43.3546964],[27.0667982,43.3537998],[27.072185,43.3534987],[27.0747155,43.3536758],[27.0781439,43.3539117],[27.0813283,43.3548029],[27.0814942,43.3567683],[27.0811707,43.3590319],[27.0813373,43.3614738],[27.082156,43.36326],[27.0839538,43.3645691],[27.0864038,43.3652224],[27.0890971,43.3647439],[27.0863196,43.3634356],[27.0842768,43.3620673],[27.0835381,43.3590897],[27.0845124,43.3553367],[27.0850806,43.3530729],[27.0877704,43.3505097],[27.0907049,43.3480059],[27.0944558,43.3457991],[27.0969022,43.3446058],[27.0994311,43.3439484],[27.1012244,43.3426961],[27.1037495,43.339954],[27.1086428,43.3382817],[27.110684,43.3389349],[27.1116664,43.3406613],[27.1124053,43.3431026],[27.1134703,43.3453053],[27.1152706,43.3478646],[27.1169899,43.3506623],[27.1189575,43.3551273],[27.1197755,43.3560199],[27.1211644,43.3566736],[27.1236985,43.3585173],[27.1239813,43.3609213],[27.1234666,43.3647338],[27.1234749,43.3688316],[27.1239681,43.370517],[27.1266116,43.3695905],[27.1266046,43.3662551],[27.1262003,43.3602518],[27.1244319,43.3578613],[27.1232045,43.3564332],[27.1211607,43.3548272],[27.1194428,43.3528635],[27.1195201,43.3506597],[27.118617,43.3479803],[27.1165725,43.3457787],[27.1146922,43.3440533],[27.1145261,43.3425644],[27.1153387,43.3407172],[27.116886,43.3390479],[27.1175361,43.3376178],[27.1173693,43.3357715],[27.1173657,43.3339251],[27.1154876,43.3331527],[27.114914,43.331843],[27.1172748,43.3290412],[27.1206155,43.3268339],[27.1254235,43.3240889],[27.1268856,43.3210496],[27.1294935,43.3197959],[27.1316936,43.3186617],[27.1353645,43.3186575],[27.1397687,43.3182948],[27.1441696,43.316562],[27.1486536,43.3155437],[27.1512615,43.3145873],[27.15277,43.3138588],[27.1549294,43.3134044],[27.1556206,43.3132589],[27.1607863,43.3127572],[27.1661396,43.3127632],[27.1710682,43.3132699],[27.1756039,43.3121513],[27.1818563,43.3096512],[27.1854517,43.308857],[27.1872935,43.3084501],[27.190853,43.3091368],[27.1924598,43.3094467],[27.1968092,43.3077466],[27.203063,43.3084431],[27.2052383,43.3089416],[27.2052395,43.3116537],[27.2052399,43.3125376],[27.2008788,43.312969],[27.1979447,43.3136889],[27.1926663,43.3159851],[27.1875859,43.3191384],[27.1870122,43.3235707],[27.1860502,43.3291472],[27.1846943,43.3340097],[27.1803949,43.3370184],[27.1770785,43.341455],[27.1739547,43.3448905],[27.1776744,43.344313],[27.1822152,43.3421122],[27.1849907,43.340409],[27.1882338,43.3387212],[27.1915582,43.3371432],[27.1955942,43.3362415],[27.1971078,43.3374197],[27.1971122,43.3387539],[27.1965985,43.3414231],[27.1962169,43.3445686],[27.1940093,43.3483843],[27.1923213,43.3514367],[27.1897167,43.3537282],[27.187245,43.3568771],[27.1856863,43.3596433],[27.1850416,43.362408],[27.1828971,43.3659279],[27.1822534,43.3690738],[27.1816093,43.3721243],[27.1807028,43.3747941],[27.1796644,43.3770829],[27.1784923,43.3783236],[27.1791475,43.3789896],[27.181235,43.3780334],[27.1828016,43.3776497],[27.1845052,43.3793623],[27.1885619,43.3814523],[27.1939287,43.3845881],[27.1974637,43.3867739],[27.2009989,43.3889596],[27.2041433,43.3914317],[27.207156,43.3935229],[27.2094798,43.394516],[27.2100316,43.3937082],[27.2075402,43.391235],[27.2049193,43.3890479],[27.2024315,43.3875276],[27.1996797,43.38515],[27.1961447,43.3829643],[27.1923493,43.3809695],[27.1879018,43.3792615],[27.1848897,43.376884],[27.1847512,43.3743111],[27.1857809,43.3692587],[27.1859025,43.3663043],[27.1874641,43.3643958],[27.1886293,43.3610584],[27.1908422,43.3586723],[27.1937128,43.3578098],[27.1964374,43.3521825],[27.1978602,43.347987],[27.1996731,43.3433142],[27.2017166,43.3383033],[27.2034342,43.3356837],[27.2040522,43.3294805],[27.2047033,43.3287199],[27.2047013,43.3243247],[27.2069915,43.3204065],[27.2086399,43.3156326],[27.211765,43.3120352],[27.2117888,43.3119691],[27.2135301,43.3071398],[27.2196473,43.3063381],[27.2201916,43.3075364],[27.2184258,43.3110334],[27.2182629,43.3124757],[27.2180196,43.3146296],[27.2195535,43.3125989],[27.2207369,43.3110323],[27.2252213,43.3071347],[27.2268516,43.3047365],[27.2269853,43.2998419],[27.2277996,43.2966451],[27.2315391,43.2962016],[27.2350033,43.2937451],[27.239353,43.2924446],[27.2428879,43.293342],[27.2456072,43.2942398],[27.2526757,43.2928383],[27.2530912,43.2929059],[27.2572133,43.2935767],[27.2581149,43.2960323],[27.2598839,43.2998273],[27.2619242,43.3024234],[27.2661581,43.3048209],[27.2666834,43.3051184],[27.2695398,43.3086132],[27.2689945,43.3051173],[27.2686205,43.3047985],[27.2647786,43.3015231],[27.2628742,43.2987271],[27.2616493,43.295731],[27.2600164,43.2923355],[27.2601515,43.2904376],[27.2636863,43.2910353],[27.2666764,43.2894357],[27.2725217,43.288634],[27.2772788,43.2865342],[27.2832594,43.284334],[27.2859776,43.2827345],[27.2831966,43.2822074],[27.2759187,43.2851364],[27.2704815,43.2863375],[27.2669475,43.2876376],[27.2612382,43.2885392],[27.255121,43.2889415],[27.2513309,43.2896394],[27.2496836,43.2899428],[27.2435662,43.2900454],[27.2394871,43.2881493],[27.2348644,43.2869527],[27.2345345,43.2867106],[27.2305128,43.2837582],[27.2301026,43.2785641],[27.2280617,43.2746694],[27.2268361,43.270075],[27.2286024,43.267577],[27.2334956,43.2658767],[27.2397483,43.2643755],[27.244506,43.2634744],[27.2487202,43.2634725],[27.251983,43.2637708],[27.2537501,43.2633704],[27.2552451,43.262271],[27.2559241,43.2606724],[27.2578248,43.2549778],[27.2586388,43.2514814],[27.2591814,43.2487841],[27.2604043,43.2473851],[27.2674738,43.248281],[27.2718254,43.2513756],[27.276312,43.2523726],[27.2799819,43.2509724],[27.2833801,43.2502716],[27.2844928,43.2502918],[27.2941199,43.2504666],[27.2954933,43.2519791],[27.295752,43.252264],[27.2969774,43.2566585],[27.2987445,43.2563581],[27.3005107,43.2537602],[27.3051322,43.2523596],[27.3085313,43.2535568],[27.3128797,43.2494594],[27.3155978,43.24786],[27.3191327,43.2483578],[27.3226681,43.2502542],[27.3268822,43.2500525],[27.3294649,43.249452],[27.3320475,43.2486517],[27.3350378,43.2477514],[27.337213,43.2478503],[27.3387082,43.24755],[27.3385805,43.2468478],[27.336804,43.2452534],[27.3360571,43.2430613],[27.335715,43.2420574],[27.3359858,43.23956],[27.3384318,43.2372615],[27.3403202,43.2365532],[27.3453638,43.2346613],[27.3521603,43.2331599],[27.3567819,43.2318593],[27.366249,43.232777],[27.3680657,43.2329531],[27.3755431,43.2340485],[27.3790861,43.2341136],[27.380845,43.234146],[27.3887299,43.2345421],[27.3943037,43.2348392],[27.3979751,43.2365357],[27.3989276,43.2387328],[27.3982496,43.242429],[27.4000165,43.2416292],[27.4023257,43.2382325],[27.4028695,43.2374326],[27.4112968,43.2349316],[27.4152816,43.2336028],[27.419996,43.2320308],[27.4262484,43.2295308],[27.4289658,43.226433],[27.4324995,43.2245335],[27.4352141,43.2259827],[27.435491,43.2261305],[27.4367163,43.2301255],[27.4382112,43.2292258],[27.4378014,43.2246311],[27.4371799,43.221169],[27.43712,43.2208356],[27.4365751,43.2184385],[27.4377978,43.2167398],[27.4375243,43.2129442],[27.4376586,43.2091483],[27.4390161,43.2050523],[27.4426845,43.2000562],[27.4434989,43.1973587],[27.4434977,43.1946617],[27.4435148,43.194459],[27.4437682,43.1914652],[27.4432722,43.1878934],[27.4430853,43.1843733],[27.4453945,43.180177],[27.4438962,43.1736849],[27.443079,43.170289],[27.4445722,43.1652439],[27.4478333,43.1615466],[27.4503684,43.1542809],[27.4504128,43.1541536],[27.4524505,43.1507564],[27.4553024,43.149246],[27.4563313,43.1487011],[27.4592461,43.1471574],[27.4638438,43.1441777],[27.4638517,43.1442519],[27.4648015,43.1435532],[27.4648205,43.1435392],[27.4672769,43.1408167],[27.4694912,43.1383741],[27.4715672,43.1364401],[27.4747502,43.132878],[27.4753243,43.1325182],[27.4752656,43.1322693],[27.4772493,43.1313937],[27.4793745,43.1310804],[27.4820673,43.1326409],[27.4839102,43.1347222],[27.486178,43.1366993],[27.4878787,43.1376356],[27.4875947,43.1360741],[27.4833423,43.1321198],[27.4824916,43.1307667],[27.4938243,43.1255561],[27.4975072,43.1233682],[27.4997739,43.1226384],[27.5023243,43.1228455],[27.505158,43.1225319],[27.5113915,43.1206551],[27.5143661,43.1188839],[27.5183327,43.1173205],[27.5217327,43.1162779],[27.5235748,43.1164853],[27.5245677,43.1188794],[27.525703,43.1229392],[27.5252808,43.1293942],[27.525707,43.1318926],[27.5240098,43.1388688],[27.5245783,43.1427205],[27.5249049,43.1467775],[27.5252907,43.1515696],[27.5262835,43.1538596],[27.5269929,43.1560456],[27.5250115,43.1611479],[27.5240213,43.1645839],[27.5221802,43.1666669],[27.5207642,43.1684374],[27.5226062,43.1686448],[27.5252968,43.1653121],[27.5271376,43.1628126],[27.5288376,43.1622913],[27.5309637,43.1639561],[27.5311046,43.1622903],[27.5295442,43.1580226],[27.5295431,43.155628],[27.5272734,43.1496947],[27.5275282,43.1466837],[27.5276963,43.1446973],[27.5274098,43.137722],[27.5285401,43.1303297],[27.5300964,43.1252276],[27.5303781,43.1215837],[27.532927,43.1183552],[27.5356171,43.1137731],[27.5374568,43.108775],[27.5411403,43.1077323],[27.5470891,43.1032529],[27.5523315,43.1028341],[27.556299,43.1033529],[27.5599769,43.1030369],[27.5623913,43.1028295],[27.5663584,43.1023072],[27.5687668,43.1016815],[27.5724382,43.1017328],[27.575993,43.1017824],[27.57911,43.1015728],[27.5825111,43.1028206],[27.5863377,43.1052134],[27.5895976,43.1073983],[27.5915823,43.1100001],[27.5931427,43.1140597],[27.5945603,43.1157248],[27.5976771,43.1148906],[27.5984238,43.1152278],[27.5995194,43.1157226],[27.5983867,43.117493],[27.5977082,43.1182058],[27.5973953,43.1185346],[27.5949867,43.1186397],[27.5917282,43.11937],[27.5870015,43.1189609],[27.5861945,43.1192108],[27.5836793,43.1199897],[27.5820946,43.1221852],[27.5812455,43.1245801],[27.5796879,43.126559],[27.5769959,43.1268725],[27.5768549,43.128226],[27.5803985,43.1314517],[27.583547,43.1347537],[27.5843676,43.1356144],[27.5857852,43.1372795],[27.585878,43.1380637],[27.5859423,43.1386066],[27.5866459,43.1445524],[27.5867554,43.1454784],[27.5869961,43.1475123],[27.587044,43.1479169],[27.5873497,43.1505008],[27.5856506,43.1532084],[27.5838101,43.1564366],[27.5834172,43.157146],[27.5822528,43.1592484],[27.5819701,43.1607059],[27.5843784,43.1598721],[27.5844702,43.1598315],[27.5879199,43.1583088],[27.5914615,43.1568496],[27.593871,43.1586185],[27.5939712,43.1587302],[27.5976985,43.1628852],[27.5976989,43.1639642],[27.5976993,43.1647593],[27.5975583,43.166321],[27.598334,43.1667005],[27.5992589,43.1671531],[27.6006763,43.1682977],[27.6029431,43.167672],[27.6049264,43.1670464],[27.605352,43.1680873],[27.6057779,43.1701693],[27.6073185,43.1717116],[27.6073372,43.1717303],[27.6073685,43.171805],[27.6079046,43.1730835],[27.6071973,43.1758948],[27.6046492,43.1808932],[27.6006861,43.190369],[27.6001207,43.1933884],[27.6005472,43.1966157],[27.599414,43.197449],[27.5984237,43.2005728],[27.5967249,43.2041132],[27.5948833,43.2046346],[27.5937504,43.2061968],[27.5912004,43.2071349],[27.5903507,43.2079682],[27.5885105,43.2119252],[27.5866695,43.2142164],[27.5868116,43.2150492],[27.5873789,43.2160901],[27.5870965,43.2183806],[27.5863889,43.2201508],[27.5842651,43.2238997],[27.5832741,43.2253577],[27.5824243,43.226191],[27.5844087,43.2280641],[27.5839845,43.2298341],[27.5824263,43.2307718],[27.582144,43.2332705],[27.5840709,43.2362762],[27.5844126,43.2368093],[27.5879549,43.2369118],[27.588663,43.2362868],[27.587645,43.2355395],[27.5869623,43.2350383],[27.5889446,43.2322264],[27.5907854,43.2294146],[27.5914928,43.2273321],[27.5958847,43.2261849],[27.5991423,43.2236848],[27.6038161,43.219206],[27.6063651,43.2158733],[27.6079224,43.2131658],[27.6099051,43.2111869],[27.6114627,43.2088957],[27.6151449,43.205042],[27.6216612,43.20202],[27.6277526,43.1995186],[27.6300772,43.198974],[27.6308695,43.1987884],[27.6356872,43.1993068],[27.6378131,43.2006593],[27.6402222,43.2015952],[27.6426309,43.2014901],[27.6437687,43.2016371],[27.6450396,43.2018013],[27.6452276,43.2016354],[27.6453455,43.2015314],[27.6485805,43.1986764],[27.6515553,43.1972176],[27.6543889,43.1966957],[27.655603,43.1965431],[27.6668567,43.1951285],[27.6712495,43.1962718],[27.6745091,43.1977278],[27.6810268,43.1980372],[27.6831517,43.1970993],[27.6789008,43.1964765],[27.6760671,43.1966861],[27.6735163,43.195542],[27.6726656,43.1942931],[27.6691226,43.1926289],[27.6660053,43.1922138],[27.6637385,43.1927354],[27.6627463,43.191903],[27.6616126,43.1915911],[27.6544034,43.1941172],[27.6526877,43.1947184],[27.6505621,43.1939906],[27.6537908,43.1928785],[27.6572204,43.1916972],[27.6567942,43.1891987],[27.6545272,43.189408],[27.6525148,43.1901483],[27.646594,43.1923266],[27.6453184,43.1913901],[27.6474434,43.1905563],[27.6463088,43.1881623],[27.6475843,43.1887864],[27.6495679,43.1887855],[27.6515476,43.1879662],[27.6518345,43.1878475],[27.6522589,43.1862856],[27.653392,43.1854523],[27.6562261,43.1861798],[27.6559415,43.183369],[27.6582081,43.1823268],[27.664726,43.1829486],[27.6671355,43.1846133],[27.6713864,43.1853402],[27.6764875,43.1859625],[27.6828642,43.1877296],[27.6899495,43.1896004],[27.6919333,43.1899119],[27.6924998,43.1895993],[27.6817298,43.1858561],[27.6771953,43.1845047],[27.6701092,43.1807598],[27.6679835,43.180032],[27.6669914,43.1794078],[27.6642988,43.1782638],[27.6604731,43.1778491],[27.6566467,43.176185],[27.6546627,43.1753531],[27.6532451,43.1736879],[27.6519692,43.1721268],[27.6487102,43.1717119],[27.6456159,43.1715314],[27.6451679,43.1715052],[27.6417668,43.1702574],[27.6379393,43.1659907],[27.6368049,43.1638048],[27.6365273,43.1630715],[27.6360956,43.1619311],[27.6346781,43.1604742],[27.6329772,43.1591216],[27.6307087,43.155791],[27.6301408,43.1532927],[27.6285808,43.150066],[27.627446,43.1469432],[27.6260285,43.1459027],[27.6205022,43.1447599],[27.6135594,43.1446589],[27.6105843,43.145285],[27.6077508,43.1459109],[27.6057669,43.1452871],[27.6061048,43.1438441],[27.606474,43.1422676],[27.6073236,43.1412261],[27.6071807,43.1385193],[27.6054796,43.1364378],[27.6036371,43.1352935],[27.6002367,43.1356073],[27.5986781,43.1355039],[27.5961364,43.1338714],[27.5952766,43.1333192],[27.593292,43.1312378],[27.5952747,43.1290506],[27.599383,43.1275912],[27.6022165,43.1268612],[27.6033485,43.1235292],[27.6056147,43.1215501],[27.6057552,43.1191555],[27.6070294,43.1168645],[27.6070286,43.1150946],[27.6087281,43.113324],[27.6091779,43.1128438],[27.6131183,43.1086371],[27.6131167,43.104785],[27.6131151,43.1013494],[27.6141062,43.0995791],[27.6133966,43.0970807],[27.6132538,43.0946863],[27.6143865,43.0927077],[27.615802,43.089792],[27.6163684,43.0888548],[27.6150921,43.0864608],[27.6146659,43.0838582],[27.6119729,43.0817772],[27.6105558,43.0813614],[27.6051697,43.0768871],[27.6026184,43.0750143],[27.6007763,43.0743904],[27.5978008,43.0744958],[27.5962037,43.0742258],[27.5957838,43.0741548],[27.5941167,43.0738728],[27.5907159,43.0734579],[27.587882,43.0731469],[27.5829224,43.0718998],[27.5778211,43.0706527],[27.5758374,43.0706536],[27.5737126,43.0719039],[27.5718712,43.0729458],[27.5686125,43.0733636],[27.5654954,43.073365],[27.5630869,43.0737826],[27.5616702,43.0744079],[27.5592617,43.0746171],[27.5568529,43.0746182],[27.5526034,43.0770147],[27.5504784,43.0778485],[27.5475032,43.0784745],[27.5452369,43.0800372],[27.5436786,43.0805584],[27.5397115,43.0810807],[27.5377282,43.0818104],[27.5343277,43.081916],[27.5269613,43.0850426],[27.5235613,43.0862934],[27.5218617,43.0875434],[27.5197374,43.0900431],[27.5180383,43.0924383],[27.5144968,43.0940016],[27.5098223,43.0969188],[27.5065641,43.0982736],[27.5023135,43.0983796],[27.499621,43.097548],[27.4976373,43.0972365],[27.4950871,43.0977582],[27.4922537,43.0984882],[27.4891367,43.0989061],[27.4864449,43.099636],[27.4854535,43.1005735],[27.4807791,43.1032825],[27.4796535,43.103669],[27.4796772,43.1035978],[27.4791849,43.1038299],[27.476529,43.1047419],[27.4765241,43.1047568],[27.4744968,43.1052863],[27.4710265,43.1052029],[27.4665145,43.1043549],[27.4626971,43.1044416],[27.4594584,43.105208],[27.4558729,43.1065697],[27.4518167,43.1081883],[27.4482393,43.1095481],[27.4434967,43.1101452],[27.4372491,43.108278],[27.4316967,43.1087904],[27.4278805,43.1115971],[27.4260306,43.1138079],[27.4219821,43.1145748],[27.4164282,43.1118573],[27.4128422,43.1120288],[27.4068274,43.1133915],[27.3976891,43.1142456],[27.3932883,43.1161147],[27.3886672,43.1169696],[27.3840404,43.1179067],[27.3808014,43.1178231],[27.3768048,43.1169412],[27.373514,43.1191013],[27.3690027,43.1196984],[27.363489,43.1195543],[27.3613675,43.1189368],[27.3587064,43.117748],[27.3565079,43.1165589],[27.3539624,43.1152851],[27.3506079,43.1157966],[27.3476841,43.1165193],[27.3434362,43.1169048],[27.3410068,43.1167359],[27.3382303,43.1163121],[27.3361478,43.1156331],[27.3341808,43.1147839],[27.3297845,43.1139359],[27.3274706,43.1130869],[27.3228424,43.110879],[27.3185612,43.1087559],[27.3191408,43.1113907],[27.3190256,43.1124107],[27.3191418,43.1134307],[27.3174065,43.1132615],[27.3137042,43.1119881],[27.3056051,43.1089317],[27.3083733,43.1127769],[27.3091941,43.1153901],[27.3062814,43.1153526],[27.3020704,43.1151067],[27.2948497,43.1153965],[27.2887384,43.1148842],[27.2859247,43.1133492],[27.2820077,43.1119172],[27.280388,43.111663],[27.280157,43.1124281],[27.2846696,43.1149761],[27.2851331,43.1165909],[27.283514,43.1175265],[27.2814318,43.1175274],[27.2775253,43.117739],[27.2722929,43.1171916],[27.2656988,43.1165995],[27.2579476,43.115158],[27.2514693,43.1148208],[27.2492709,43.1137168],[27.2463776,43.1107432],[27.2445262,43.109554],[27.2407084,43.1087907],[27.2449899,43.1117638],[27.2453378,43.1137186],[27.2433719,43.1152494],[27.2377037,43.1155069],[27.2397867,43.1172061],[27.2400184,43.1181409],[27.2373581,43.1187372],[27.2345819,43.1189933],[27.2299546,43.1189954],[27.2283354,43.1195912],[27.2322691,43.1208644],[27.2384001,43.1208617],[27.246497,43.1193281],[27.2532062,43.118645],[27.256793,43.1200034],[27.2591066,43.1202574],[27.2633871,43.1208505],[27.2685929,43.1211881],[27.2795826,43.1214383],[27.2891833,43.119649],[27.2899934,43.1205837],[27.2842111,43.1242412],[27.2768087,43.1267095],[27.2706786,43.1290922],[27.2625824,43.1321558],[27.2574932,43.1337731],[27.2516317,43.1342473],[27.2475442,43.1330126],[27.2406033,43.1325907],[27.2320414,43.1291095],[27.2238284,43.1298782],[27.2217468,43.131324],[27.2226724,43.1314937],[27.2314639,43.1312348],[27.2358604,43.1326778],[27.2400256,43.1342909],[27.2468511,43.1350528],[27.2507847,43.1359861],[27.251942,43.1371756],[27.2477787,43.1397275],[27.2454712,43.140435],[27.2422267,43.1414299],[27.2362118,43.1425375],[27.2351713,43.1437281],[27.2365598,43.1445775],[27.2384112,43.1458516],[27.2377178,43.1472969],[27.2329766,43.151124],[27.2326302,43.1524841],[27.2318215,43.1549495],[27.2348287,43.1537582],[27.2369101,43.1518023],[27.2389916,43.1501013],[27.2450048,43.1453386],[27.2510193,43.1432959],[27.2581901,43.1402328],[27.2589427,43.1398967],[27.2711438,43.134447],[27.2801649,43.130023],[27.2830571,43.1306167],[27.2842147,43.1324012],[27.2843314,43.1346961],[27.2829446,43.1378418],[27.2799387,43.1416681],[27.2790142,43.1438785],[27.2793618,43.1453234],[27.2807498,43.1448977],[27.2831769,43.1398817],[27.2856054,43.1379256],[27.2880336,43.1357145],[27.2898827,43.1316337],[27.290344,43.1284884],[27.2924249,43.1254275],[27.2958947,43.123981],[27.3026038,43.123128],[27.3070176,43.1222898],[27.3090817,43.1227001],[27.3109329,43.1236343],[27.3119531,43.1269026],[27.316141,43.122522],[27.3182409,43.1214881],[27.324552,43.1206994],[27.3294404,43.120566],[27.3349933,43.1209035],[27.3386959,43.1227719],[27.3435554,43.1248947],[27.3454069,43.1261689],[27.3464488,43.1282084],[27.3508436,43.1256565],[27.3552389,43.1242945],[27.3636845,43.1265007],[27.3735175,43.1268364],[27.3776825,43.1280245],[27.3833506,43.127427],[27.3864741,43.1278506],[27.3871046,43.1291528],[27.3828898,43.1318471],[27.3812913,43.1335301],[27.3775534,43.1348543],[27.3751685,43.136222],[27.3710469,43.1370954],[27.3664107,43.1388204],[27.3632553,43.1393445],[27.3617716,43.1402534],[27.3602491,43.1415767],[27.3591424,43.1436119],[27.3598353,43.1448324],[27.3627416,43.1418807],[27.3639222,43.1407806],[27.365787,43.1404551],[27.3682796,43.1411661],[27.3702194,43.1444209],[27.3703558,43.1398426],[27.3732629,43.1386205],[27.3786625,43.1379059],[27.3822627,43.1385147],[27.3843383,43.1358687],[27.393336,43.131083],[27.3963822,43.1313869],[27.3988758,43.1343361],[27.3990122,43.1297579],[27.4033018,43.1238553],[27.4066225,43.118767],[27.4116065,43.1176457],[27.4189448,43.1177441],[27.4327904,43.1170258],[27.4352828,43.1176351],[27.4368073,43.1207882],[27.4398514,43.1164122],[27.4532816,43.1159993],[27.4621434,43.1169109],[27.468512,43.1158907],[27.4716974,43.117924],[27.4711449,43.1207729],[27.4705928,43.1246392],[27.4723932,43.1262657],[27.4723933,43.1262664],[27.4703178,43.1289122],[27.4697655,43.1324732],[27.4679668,43.1353227],[27.4657675,43.1382643],[27.4647499,43.140182],[27.4643696,43.1412758],[27.4636431,43.1423699],[27.4619587,43.1436279],[27.4588378,43.1459589],[27.4583836,43.1461837],[27.4519578,43.1493635],[27.4513625,43.1496581],[27.4489169,43.1527558],[27.4445402,43.1585847],[27.4438899,43.1594506],[27.4408833,43.1639089],[27.4396784,43.1656956],[27.4357384,43.1709915],[27.435738,43.1709966],[27.4354522,43.1748163],[27.4366955,43.1832774],[27.4342507,43.188273],[27.433708,43.1906705],[27.4337096,43.1941667],[27.4332884,43.1970381],[27.4331674,43.1978629],[27.4318093,43.2007602],[27.4287028,43.2037759],[27.4284121,43.2040581],[27.4247439,43.2090542],[27.4217546,43.2124518],[27.4187642,43.2133521],[27.4167265,43.2165494],[27.4134655,43.2202468],[27.4088442,43.2222467],[27.4040868,43.2237471],[27.402184,43.2244472],[27.4008247,43.2249473],[27.39865,43.2257474],[27.3970191,43.2269468],[27.3943013,43.2293453],[27.3894075,43.2297471],[27.3849213,43.2294494],[27.3771524,43.230536],[27.3757252,43.2305771],[27.3660256,43.2308563],[27.3601796,43.22986],[27.354198,43.2296629],[27.3493044,43.2307639],[27.3461778,43.230965],[27.3415556,43.2307673],[27.3382937,43.232367],[27.3316345,43.2370647],[27.3314413,43.2374057],[27.3295969,43.2406617],[27.326063,43.2421616],[27.3203537,43.2427635],[27.3187598,43.2437404],[27.3179073,43.2442629],[27.3127425,43.2466626],[27.3063534,43.2472647],[27.3043434,43.2473711],[27.2987407,43.2476677],[27.2919431,43.2467718],[27.2852823,43.2476737],[27.2796563,43.249162],[27.2765829,43.2499751],[27.272776,43.2492775],[27.2704642,43.2474805],[27.2702175,43.2465958],[27.2692388,43.2430859],[27.2671991,43.2419881],[27.2613537,43.24259],[27.260505,43.2426809],[27.2529257,43.2434928],[27.2480311,43.242496],[27.2458504,43.2415504],[27.2420485,43.2399016],[27.2367451,43.2362081],[27.2307638,43.23691],[27.2231497,43.2341165],[27.2227425,43.235615],[27.222879,43.2368136],[27.2261417,43.2369121],[27.2284538,43.2386083],[27.2340271,43.2382071],[27.2391935,43.2395033],[27.2429411,43.2420428],[27.2444969,43.243097],[27.2482014,43.2445549],[27.2523827,43.245291],[27.2538788,43.2467887],[27.2549672,43.2488859],[27.2553767,43.2526815],[27.2540191,43.2567776],[27.2507579,43.2600754],[27.2468162,43.2615755],[27.2373008,43.2630781],[27.2299605,43.2646796],[27.2266985,43.2660794],[27.2245245,43.2685777],[27.223303,43.273273],[27.2231689,43.2773685],[27.2227621,43.2795663],[27.2223552,43.2816642],[27.2210397,43.2845673],[27.2208612,43.2849611],[27.2178725,43.2894575],[27.2143395,43.2930551],[27.2099903,43.2953545],[27.207376,43.2960418],[27.2042813,43.2968554],[27.1999313,43.2972569],[27.1970765,43.297358],[27.1915036,43.2991585],[27.1868682,43.3009092],[27.1819894,43.303458],[27.1792165,43.3041564],[27.1768241,43.3047589],[27.1706933,43.3050465],[27.1670361,43.3046633],[27.1618706,43.3054648],[27.1528984,43.3057685],[27.1446056,43.3053726],[27.1391672,43.3039765],[27.1302548,43.30151],[27.1262265,43.2986681],[27.1207222,43.2961998],[27.1172496,43.2926297],[27.1125542,43.2889118],[27.1101392,43.2852696],[27.1096927,43.2845963],[27.1083255,43.2828143],[27.1058113,43.2795372],[27.1046948,43.2780267],[27.1029515,43.2756683],[27.1025376,43.271946],[27.1035487,43.267329],[27.1037472,43.2642018],[27.100888,43.2601839],[27.1001518,43.2555747],[27.1036419,43.251648],[27.101889,43.2496107],[27.0972085,43.2525929],[27.0923269,43.2576598],[27.0872393,43.2616842],[27.0837779,43.2633248],[27.0815398,43.2657089],[27.0768608,43.2716683],[27.0711596,43.2756925],[27.0630135,43.2812067],[27.0556794,43.2846354],[27.0489552,43.2871698],[27.0432489,43.2886612],[27.0389259,43.2913862],[27.0373399,43.2923859],[27.0295947,43.2946217],[27.0228677,43.2953678],[27.0175679,43.2976023],[27.0116564,43.3010279],[27.0026859,43.3053467],[26.9935293,43.3105517],[26.9888041,43.31248],[26.9829056,43.3150242],[26.9747474,43.3178519],[26.968018,43.3168079],[26.9616963,43.3165081],[26.9545569,43.3190369],[26.9483983,43.3192277],[26.943544,43.3191809],[26.9400797,43.3164988],[26.9357979,43.3151367],[26.9353909,43.3150072],[26.9292733,43.3148547],[26.9213196,43.3152962],[26.9123443,43.3170766],[26.9188697,43.3173792],[26.9257662,43.3173838],[26.9280467,43.3173853],[26.9347765,43.3173894],[26.9396687,43.3196256],[26.9430177,43.321235],[26.948588,43.3220878],[26.9549631,43.3212706],[26.9610832,43.3185926],[26.9667938,43.3179988],[26.9702595,43.3205311],[26.9681442,43.3221153],[26.9624321,43.324645],[26.958353,43.3244946],[26.951213,43.3264276],[26.946317,43.3273188],[26.9395848,43.3286556],[26.9332602,43.3299922],[26.9255091,43.3299874],[26.9204078,43.331473],[26.9140836,43.3320641],[26.9041885,43.333185],[26.8959253,43.3342825],[26.8914362,43.3350229],[26.8838865,43.3360578],[26.8755227,43.336049],[26.8700148,43.3360429],[26.8675633,43.337678],[26.8740904,43.3381321],[26.8818419,43.3384382],[26.885308,43.339484],[26.8828539,43.3426085],[26.880399,43.3460308],[26.8767174,43.3504939],[26.8750781,43.3539169],[26.8787537,43.3525808],[26.8822315,43.3479684],[26.8863206,43.3435054],[26.8910216,43.3387451],[26.8961252,43.3366652],[26.9016353,43.3353299],[26.9077554,43.3351861],[26.9146922,43.334447],[26.9246897,43.3328161],[26.9320342,43.3319272],[26.9400233,43.3307524],[26.9447242,43.3294206],[26.9499466,43.3286606],[26.9562136,43.3271384],[26.9636549,43.326188],[26.9673102,43.3257126],[26.9687458,43.3262848],[26.970966,43.3239982],[26.9755356,43.3214262],[26.9819322,43.3187591],[26.9888504,43.3153292],[26.9944628,43.3117082],[27.0004661,43.309993],[27.0041199,43.3074198],[27.0094699,43.3050371],[27.0140369,43.3042742],[27.0182116,43.3010334],[27.0214078,43.2992699],[27.0240493,43.297411],[27.029333,43.2963376],[27.0360841,43.2949062],[27.0416603,43.2929031],[27.0466615,43.2908497],[27.0506632,43.2890945],[27.0529088,43.2881096],[27.0579946,43.2860344],[27.0637646,43.2837441],[27.0695345,43.2817395],[27.0748142,43.2790916],[27.0787234,43.276087],[27.082924,43.2718671],[27.0865383,43.2684336],[27.0899584,43.2662153],[27.0934781,43.2653547],[27.096217,43.2656384],[27.0980781,43.2673522],[27.0992461,43.2706401],[27.0996536,43.273855],[27.0988771,43.2775724],[27.0986278,43.2796613],[27.098856,43.2798614],[27.1006443,43.2814305],[27.10502,43.2837262],[27.1055403,43.2839991],[27.1087757,43.2878557],[27.1111301,43.2912842],[27.1120702,43.2918248],[27.1148523,43.2934248],[27.1177922,43.295709],[27.1205358,43.2975644],[27.1239642,43.2992762],[27.1281766,43.3014157],[27.1320105,43.3036321],[27.1349531,43.3042782],[27.1409355,43.3063732],[27.1433836,43.3085696],[27.1463746,43.3093674],[27.1475987,43.3105656],[27.1473641,43.312512],[27.1471925,43.3139361],[27.1434175,43.3158562],[27.1358755,43.3173544],[27.1305739,43.3176584],[27.1252713,43.3175154],[27.120783,43.3166268],[27.1162931,43.3148446],[27.1109875,43.3129142],[27.1073167,43.3127688],[27.1018129,43.313965],[27.0989614,43.3160522],[27.1077303,43.3160443],[27.1140521,43.3160381],[27.1171139,43.3175241],[27.1175247,43.3190127],[27.1128407,43.3225911],[27.108363,43.3278071],[27.1061285,43.3330208],[27.0994071,43.3392808],[27.0914589,43.344648],[27.0847315,43.3485247],[27.0804506,43.3515058],[27.0735146,43.3528506],[27.0645368,43.3533028],[27.0559679,43.3547963],[27.0469926,43.3591185],[27.0369965,43.3647805],[27.0329156,43.3665686],[27.0245488,43.3696977],[27.0147522,43.3720818],[27.0025052,43.3722316],[26.9978104,43.3731251],[26.9925033,43.372827],[26.9851546,43.3744642],[26.9802966,43.3740764],[26.9745484,43.3742658],[26.9673624,43.3756935],[26.9613523,43.3765493],[26.9566482,43.3778817],[26.9549487,43.3793106],[26.9527263,43.381025],[26.9498502,43.3831203],[26.9469742,43.3849297],[26.946058,43.3866446],[26.9495868,43.385598],[26.9528559,43.3824545],[26.9561241,43.3799781],[26.9588687,43.378645],[26.9647487,43.3773127],[26.9727186,43.3761714],[26.9785978,43.3755055],[26.9822558,43.3755061],[26.9852605,43.3756972],[26.9887879,43.3754117],[26.9917927,43.3747448],[26.9966265,43.3744592],[26.9996312,43.3746498],[27.0034197,43.3743639],[27.0072082,43.3734107],[27.0115192,43.3734104],[27.0145238,43.3732195],[27.018965,43.3717893],[27.021839,43.3717888],[27.02628,43.3704537],[27.0325493,43.3686414],[27.0337251,43.368927],[27.0332031,43.3698801],[27.0307219,43.3714056],[27.0285021,43.3735027],[27.0261521,43.376934],[27.024847,43.3801744],[27.022758,43.3840821],[27.0201456,43.3862744],[27.0159647,43.3879904],[27.0125678,43.390278],[27.0095626,43.3923748],[27.0083868,43.3942808],[27.0033801,43.3967032],[26.9961921,43.400396],[26.9880228,43.4046838],[26.9811598,43.4078992],[26.9785451,43.4090899],[26.974623,43.4107568],[26.971681,43.4124238],[26.9698836,43.4124234],[26.9672689,43.4130183],[26.9651431,43.4156383],[26.9612192,43.4188533],[26.9582758,43.4215921],[26.9553328,43.4233778],[26.9536997,43.4218286],[26.9512487,43.4213511],[26.9473259,43.4219449],[26.9450363,43.4237307],[26.9414402,43.4243245],[26.9384994,43.42337],[26.9360479,43.4233686],[26.9335945,43.4251541],[26.9306533,43.4245567],[26.9291821,43.424794],[26.926387,43.4259491],[26.9233121,43.4272581],[26.9191259,43.4291143],[26.9157745,43.4290733],[26.9112973,43.4279808],[26.9097298,43.4271628],[26.9096139,43.4254003],[26.9120688,43.4230078],[26.9129073,43.4205898],[26.9128484,43.4179929],[26.9094195,43.4160842],[26.9058292,43.4129842],[26.903545,43.4108381],[26.899466,43.4072609],[26.8963648,43.4053522],[26.8936985,43.4038648],[26.894099,43.4065199],[26.8961947,43.4092831],[26.9006025,43.4116694],[26.9064794,43.415248],[26.9094172,43.4176328],[26.9105569,43.4204926],[26.9085922,43.4228735],[26.9064649,43.4246586],[26.9062394,43.4269442],[26.9051505,43.429065],[26.9008993,43.4300144],[26.8964856,43.4303678],[26.8923977,43.431317],[26.8883087,43.4327425],[26.8853654,43.4333352],[26.8807886,43.4333306],[26.8757209,43.4335634],[26.8704897,43.4337958],[26.8647683,43.4339679],[26.8599465,43.433843],[26.8552058,43.4340158],[26.8507922,43.4340696],[26.8475232,43.4340058],[26.844992,43.4330494],[26.8425451,43.4311401],[26.8399339,43.4295879],[26.8380568,43.4286323],[26.8373183,43.4297629],[26.8405002,43.4317924],[26.8411486,43.433878],[26.8395085,43.4359603],[26.837379,43.437625],[26.8370452,43.4401856],[26.8371183,43.443402],[26.8367847,43.4458435],[26.8362899,43.4474509],[26.8339972,43.4488175],[26.8325225,43.4500065],[26.8319453,43.4517925],[26.8335838,43.4505441],[26.8355497,43.4491175],[26.8362008,43.4501905],[26.8366054,43.4517397],[26.8375016,43.4528726],[26.8379968,43.4511461],[26.8383328,43.4477516],[26.838506,43.4441187],[26.8385942,43.4416768],[26.8393374,43.438819],[26.841305,43.4365584],[26.8430245,43.4353696],[26.8455579,43.4354921],[26.8506252,43.4354989],[26.8569187,43.4354474],[26.8619861,43.4354536],[26.8660429,43.4357641],[26.8713846,43.4357623],[26.8779239,43.4354122],[26.8806207,43.4355937],[26.8806996,43.4370232],[26.8788147,43.4395228],[26.8771743,43.4423204],[26.8765962,43.4452382],[26.8747102,43.448095],[26.8727435,43.4503562],[26.8704478,43.4534507],[26.8679903,43.4556516],[26.8663516,43.4572579],[26.8651167,43.4610683],[26.8641313,43.462973],[26.8622446,43.4655914],[26.8592115,43.4688635],[26.8569986,43.4709454],[26.8549514,43.4720745],[26.8533932,43.4738593],[26.8536377,43.4742169],[26.8566685,43.4721957],[26.8608467,43.4689847],[26.8636334,43.4661887],[26.8645336,43.465892],[26.865919,43.4680378],[26.866812,43.4710168],[26.8690951,43.4741166],[26.8721179,43.4756686],[26.8735087,43.4754319],[26.8703249,43.4726885],[26.8685328,43.4694107],[26.8669847,43.4668478]]]}},{"type":"Feature","id":"BG2G000000Q004","properties":{"OBJECTID":23,"localId":"BG2G000000Q004","nameTxtInt":"POROUS WATERS - QUATERNARY VRANA RIVER","nameText":"POROUS WATERS - QUATERNARY VRANA RIVER","horizons":"1","Type":"2","Age":"Q","n":3.0,"cod":"BG2G000000Q004","ime":"Порови води в кватернера  на  р. Врана","risk_q":"Не е в риск","risk_ch":"Не е в риск","q_s":"добро","dostoverno":"Средна","ch_s":"добро","dostover_1":"Висока","sustoyanie":"добро","sustoyan_1":"лошо","Shape_Leng":466780.441104,"Shape_Area":165310585.691,"gwb_code":"BG2G000000Q004","gwb_name":"Порови води в кватернера  на  р. Врана","basin_district":"BG2"},"geometry":{"type":"Polygon","coordinates":[[[26.8270751,43.338997],[26.828561,43.3387991],[26.8298636,43.3388011],[26.8312345,43.3388698],[26.832422,43.3391885],[26.8338604,43.3396409],[26.8348649,43.340026],[26.8361901,43.340128],[26.838018,43.340214],[26.8387289,43.3402029],[26.8395964,43.3398878],[26.8393096,43.3390966],[26.838373,43.3382519],[26.8362861,43.3379227],[26.8325495,43.3375911],[26.8266189,43.3373451],[26.8226383,43.3371314],[26.8208122,43.3364465],[26.8187433,43.3354647],[26.8171081,43.3344838],[26.816959,43.3343944],[26.8146058,43.3334417],[26.8126163,43.3331122],[26.8110318,43.3331986],[26.80904,43.3336104],[26.8072111,43.3338742],[26.8061142,43.333902],[26.804571,43.3337511],[26.8029475,43.3333332],[26.800755,43.3330032],[26.7992111,43.3330598],[26.7974232,43.3332346],[26.7952694,43.333468],[26.7937269,43.333139],[26.7912507,43.3326008],[26.7909693,43.3317403],[26.7902031,43.3301377],[26.7884216,43.3284442],[26.7857034,43.3275199],[26.7824144,43.3272171],[26.7809519,43.3272736],[26.7790818,43.3277445],[26.7776979,43.3285128],[26.7765569,43.3295188],[26.7746407,43.3314425],[26.7728487,43.3326843],[26.7722776,43.3333356],[26.7699949,43.3354067],[26.7680395,43.3368558],[26.7642607,43.337026],[26.7606869,43.336722],[26.7582196,43.3363104],[26.7565459,43.3360312],[26.7499711,43.3345048],[26.7457526,43.3329832],[26.7430781,43.3306663],[26.742639,43.3298719],[26.7393727,43.324726],[26.7386816,43.3216394],[26.7393924,43.3200985],[26.742381,43.3144463],[26.746272,43.3104741],[26.7517948,43.3053008],[26.7549332,43.3034531],[26.7595792,43.3031756],[26.7629682,43.300127],[26.7664837,43.2988334],[26.7677385,43.2968012],[26.772827,43.2911094],[26.7735483,43.288409],[26.775519,43.2859008],[26.7791593,43.2832217],[26.7811683,43.2828521],[26.7838046,43.281374],[26.7863143,43.2774941],[26.7884478,43.2747229],[26.7912097,43.2734294],[26.7903299,43.2716745],[26.7942217,43.269642],[26.7942208,43.2674251],[26.794848,43.2662243],[26.7971081,43.2655774],[26.8021306,43.2650227],[26.8031344,43.2632676],[26.8046412,43.263175],[26.8053942,43.2621589],[26.8040125,43.2612354],[26.8020031,43.260589],[26.799993,43.2585571],[26.8008712,43.256802],[26.8006192,43.2548623],[26.8022512,43.2537537],[26.8025018,43.2524604],[26.801371,43.2510751],[26.797227,43.2506136],[26.7934591,43.248859],[26.7916995,43.2451644],[26.7905672,43.2402689],[26.7886337,43.2343313],[26.7878005,43.2309399],[26.7901841,43.2261365],[26.7950094,43.2204598],[26.7952776,43.2201274],[26.7972124,43.2177302],[26.8012302,43.2166213],[26.8051223,43.2153278],[26.8113994,43.2121866],[26.8150401,43.2103388],[26.8164203,43.2079371],[26.8205631,43.2054427],[26.8268409,43.2038718],[26.830357,43.2043332],[26.8380166,43.2038707],[26.8431651,43.2040549],[26.8481868,43.2016527],[26.8498199,43.2032228],[26.8522389,43.2031941],[26.8557222,43.2043307],[26.8614985,43.2042377],[26.864387,43.2050687],[26.8655177,43.2062694],[26.8694107,43.2069157],[26.8748098,43.2062685],[26.8812144,43.2071915],[26.8867387,43.2055283],[26.8922636,43.2049736],[26.8972858,43.2036799],[26.906578,43.2037713],[26.9138619,43.2056179],[26.9185078,43.2048785],[26.9232791,43.2041391],[26.9306872,43.2026604],[26.9363369,43.2006277],[26.9393499,43.1989647],[26.9446236,43.1985947],[26.9512782,43.1972085],[26.9559232,43.194714],[26.9605682,43.1920349],[26.9643342,43.1895405],[26.968854,43.1879697],[26.9714914,43.1888009],[26.9746319,43.1918487],[26.9768934,43.19425],[26.9770197,43.1961898],[26.9785266,43.1960973],[26.9796553,43.1930489],[26.9772685,43.1906476],[26.9763885,43.1884309],[26.9778943,43.1862138],[26.9788975,43.1831655],[26.9841716,43.1834421],[26.9895705,43.182056],[26.9935878,43.1798387],[26.9965996,43.1755894],[27.002123,43.1718941],[27.0087401,43.168067],[27.0159326,43.1647803],[27.0184439,43.164503],[27.0190731,43.1672739],[27.0140565,43.1814994],[27.0127796,43.1880226],[27.0123725,43.187955],[27.0121595,43.1878186],[27.012053,43.1877212],[27.0117867,43.1877407],[27.011547,43.1877797],[27.0108813,43.1877213],[27.0104552,43.1877214],[27.0095498,43.187624],[27.0088841,43.1876631],[27.0078989,43.1877021],[27.0071533,43.1877801],[27.006381,43.1879555],[27.0058219,43.1881114],[27.0054491,43.1881309],[27.0051295,43.1880725],[27.0048898,43.188092],[27.0047301,43.1881894],[27.0046768,43.1883453],[27.0046768,43.1884622],[27.0046768,43.1885791],[27.0045703,43.1887934],[27.0044905,43.1889688],[27.0045704,43.1891052],[27.0047568,43.1892611],[27.0048633,43.1893975],[27.0049699,43.1895923],[27.0050231,43.1898066],[27.0051563,43.1900015],[27.005396,43.1901379],[27.0057688,43.1900404],[27.0059552,43.1898261],[27.0059063,43.1895728],[27.0056578,43.189313],[27.0054802,43.1890792],[27.0054447,43.1888454],[27.0054802,43.1886375],[27.0057642,43.1882998],[27.0065453,43.1881698],[27.0077879,43.1879619],[27.0088531,43.1879358],[27.0097407,43.1879358],[27.0113385,43.1882214],[27.0120486,43.1882993],[27.0127005,43.1884267],[27.0123026,43.1904593],[27.0127098,43.1990649],[27.0128096,43.2011741],[27.0118094,43.21115],[27.0085475,43.2177086],[27.0070457,43.2288854],[27.0031551,43.233689],[26.9937393,43.2381237],[26.9819367,43.2405265],[26.9804828,43.2404914],[26.9775136,43.2407218],[26.9753024,43.2408137],[26.9727121,43.2411826],[26.971259,43.2413208],[26.9699954,43.2415052],[26.9690477,43.2416897],[26.9675946,43.2417817],[26.9658254,43.2421968],[26.9650039,43.2426585],[26.964372,43.2428892],[26.9638666,43.2428428],[26.9631716,43.2427964],[26.9613395,43.242842],[26.959444,43.2430723],[26.9581274,43.2436876],[26.9564422,43.244426],[26.9529863,43.2471342],[26.9516375,43.2483653],[26.9503724,43.250089],[26.9489388,43.2517511],[26.9477584,43.2529206],[26.9468309,43.2537207],[26.9468299,43.2548908],[26.9473339,43.2566153],[26.9481757,43.257601],[26.9480907,43.2584631],[26.9480058,43.2591404],[26.9470787,43.2595095],[26.9461511,43.2603712],[26.9449706,43.2612328],[26.9442122,43.261294],[26.9432847,43.261971],[26.9431159,43.2623404],[26.9436212,43.2625869],[26.9448433,43.2623001],[26.9472039,43.2608233],[26.9479911,43.2599205],[26.949901,43.2599213],[26.9519226,43.2607433],[26.9531576,43.2617291],[26.9545049,43.2629613],[26.9548211,43.263965],[26.9548412,43.2640288],[26.9559643,43.264604],[26.9571997,43.2653435],[26.9578731,43.2664111],[26.9564096,43.2703518],[26.9561833,43.2725686],[26.9567446,43.2733899],[26.9577554,43.2741293],[26.9589908,43.2751971],[26.9591021,43.2767572],[26.9575278,43.2782346],[26.9543801,43.2796292],[26.9494335,43.2818441],[26.9452726,43.284716],[26.9421222,43.2883272],[26.9388596,43.2913635],[26.9375103,43.2918554],[26.9355984,43.2928396],[26.9340233,43.2940703],[26.93301,43.2956298],[26.9330093,43.2962046],[26.9332334,43.2968616],[26.9349195,43.2970268],[26.9371678,43.2969459],[26.9393043,43.2963723],[26.9436901,43.2944861],[26.9506622,43.291205],[26.953248,43.2904671],[26.9560592,43.288826],[26.9580829,43.2880878],[26.9619047,43.2877607],[26.9632539,43.2870222],[26.9658395,43.2860377],[26.9687624,43.2848069],[26.9699998,43.2825082],[26.9697759,43.280866],[26.9688776,43.2793057],[26.9675296,43.2781558],[26.9666313,43.2769239],[26.9664074,43.2752817],[26.9657338,43.2741319],[26.9647232,43.2729],[26.9652857,43.2716685],[26.9669717,43.270848],[26.9701182,43.270192],[26.9719163,43.2697819],[26.9747254,43.2697825],[26.9789953,43.2695371],[26.9825913,43.2683882],[26.9851762,43.2655968],[26.9864129,43.2624769],[26.9869754,43.2586178],[26.9879876,43.253363],[26.9879878,43.2519464],[26.9879884,43.2490933],[26.9872029,43.2455626],[26.9906015,43.2413569],[26.9921278,43.2410917],[26.9996418,43.2397857],[27.0078022,43.2359977],[27.0085545,43.2334113],[27.0114388,43.2247283],[27.0129433,43.2195555],[27.0157035,43.2141978],[27.0173348,43.2117037],[27.0183369,43.2061614],[27.0190212,43.1984344],[27.0197113,43.1906433],[27.0188306,43.1869486],[27.0183248,43.1789126],[27.0199545,43.1729084],[27.0245986,43.1681971],[27.0242207,43.1656108],[27.0207017,43.1586834],[27.0210285,43.1531538],[27.0211991,43.1478762],[27.0233321,43.1439965],[27.029232,43.1398393],[27.0327445,43.1319875],[27.0342501,43.1291239],[27.0360078,43.1283848],[27.0370128,43.1294007],[27.0394009,43.1344808],[27.0415371,43.1378982],[27.0437986,43.1405767],[27.0451815,43.1443637],[27.04468,43.1459341],[27.0444299,43.1482433],[27.0473635,43.1509605],[27.0473196,43.1519377],[27.0475746,43.1605281],[27.0524731,43.1632986],[27.052643,43.1653557],[27.0520989,43.169118],[27.0542355,43.1732744],[27.0554928,43.176969],[27.0591353,43.1791855],[27.0605178,43.181864],[27.0596402,43.185097],[27.0570049,43.1886997],[27.0568816,43.1910633],[27.0574397,43.1945883],[27.0580136,43.1982136],[27.0556287,43.200246],[27.0550018,43.2023705],[27.0504837,43.2080056],[27.0499832,43.2117004],[27.0496088,43.2171502],[27.0538799,43.2209369],[27.0545109,43.2280492],[27.0523781,43.2322984],[27.049617,43.235624],[27.047484,43.2395038],[27.0472554,43.2401352],[27.0459791,43.2436605],[27.0432178,43.2464318],[27.0399537,43.2481872],[27.0393271,43.2510507],[27.0309152,43.2540998],[27.0218767,43.2598276],[27.0150963,43.2606595],[27.0041745,43.2670342],[26.9942559,43.2705452],[26.9893597,43.2728549],[26.9881107,43.2737212],[26.9874424,43.2738368],[26.9864024,43.2738513],[26.9853824,43.2740558],[26.9841223,43.274231],[26.9833023,43.2743185],[26.9824623,43.2745084],[26.9810222,43.2748735],[26.9801621,43.2751072],[26.9793219,43.2755162],[26.9787018,43.2758814],[26.9781017,43.2761736],[26.9778017,43.2762173],[26.9775217,43.2762027],[26.9771816,43.2762611],[26.9772215,43.2764657],[26.9775626,43.276659],[26.9782027,43.2765032],[26.9791984,43.2759838],[26.9800875,43.2754903],[26.9809054,43.2752826],[26.9819366,43.2749451],[26.9828611,43.2747634],[26.9842122,43.2745817],[26.9857412,43.2744],[26.987439,43.274187],[26.9828321,43.2773817],[26.9813341,43.27899],[26.9800063,43.2798558],[26.9786783,43.2813451],[26.976781,43.2832845],[26.9755004,43.284462],[26.9746467,43.2849814],[26.9735086,43.2852236],[26.9727498,43.2856391],[26.9718486,43.2863663],[26.9708999,43.2869549],[26.9697143,43.2874742],[26.9690503,43.2877858],[26.9677699,43.2879933],[26.9662287,43.2880967],[26.9653434,43.288466],[26.9643315,43.2890661],[26.9639222,43.2896173],[26.9634592,43.2906823],[26.9634943,43.2914357],[26.9634585,43.2918254],[26.9635651,43.2920592],[26.9639918,43.2921373],[26.9642409,43.2919815],[26.9643832,43.2917737],[26.9643834,43.2915659],[26.9642056,43.291384],[26.9640634,43.291306],[26.9639568,43.2911501],[26.9639214,43.2909682],[26.9639215,43.2908123],[26.9639215,43.2906565],[26.9639928,43.2904227],[26.9641707,43.2902669],[26.9643844,43.2898253],[26.9655584,43.2890982],[26.9668745,43.2887089],[26.9679771,43.2885274],[26.9692219,43.2882419],[26.9702179,43.2878525],[26.9708937,43.2875669],[26.9716052,43.2871774],[26.9723522,43.2867099],[26.973206,43.2859827],[26.974273,43.2856452],[26.9751978,43.2853337],[26.9759092,43.2848142],[26.9771543,43.2837493],[26.9788617,43.2821389],[26.9805692,43.2802427],[26.9815651,43.2794635],[26.983201,43.2784505],[26.984837,43.2772297],[26.9862492,43.2761807],[26.991244,43.274425],[26.9967684,43.2729466],[27.0039252,43.2712832],[27.0078168,43.2688812],[27.0120858,43.2678647],[27.0159771,43.2648161],[27.0176089,43.2634304],[27.0199943,43.2625065],[27.022004,43.2637071],[27.0227582,43.265462],[27.0248937,43.2672168],[27.0270268,43.2636142],[27.0279048,43.2614896],[27.0302898,43.2594573],[27.0324241,43.2588105],[27.0336803,43.2596416],[27.0355626,43.2569628],[27.0368179,43.2560389],[27.0395799,43.2548379],[27.0422167,43.2544681],[27.045105,43.2547449],[27.0481182,43.2537285],[27.0516327,43.2504952],[27.0515053,43.2462463],[27.0513783,43.2431981],[27.0532606,43.2400573],[27.0557759,43.239172],[27.0561482,43.239041],[27.0576511,43.2301734],[27.0587805,43.2286031],[27.0609152,43.2284181],[27.0595326,43.2254624],[27.0557634,43.2208443],[27.0527474,43.2153949],[27.0558444,43.2095748],[27.0579499,43.2059744],[27.0600543,43.2016026],[27.0615287,43.1961812],[27.0614746,43.1941838],[27.0614011,43.1914704],[27.0611491,43.1895306],[27.0622783,43.1874984],[27.0641609,43.1852813],[27.066798,43.1856505],[27.0702306,43.1882279],[27.0723421,43.1910546],[27.0727364,43.1930534],[27.074465,43.2018144],[27.0744674,43.2073565],[27.0755988,43.2101275],[27.0774799,43.2044927],[27.0759703,43.1983965],[27.0759693,43.1960873],[27.0754814,43.1927777],[27.0754655,43.1926697],[27.0765946,43.1903603],[27.0793572,43.1905448],[27.0827608,43.1920463],[27.0831251,43.192207],[27.0829727,43.192025],[27.0811149,43.1898057],[27.0709291,43.1846281],[27.0693076,43.1814936],[27.0681768,43.1801082],[27.0637812,43.1788155],[27.0625246,43.1765988],[27.0635285,43.1752132],[27.0612671,43.1727194],[27.0612665,43.1714262],[27.0649077,43.1705022],[27.0703074,43.1706864],[27.0735729,43.1725335],[27.0812328,43.1726251],[27.0847474,43.1696688],[27.0798505,43.1703159],[27.0740744,43.1704089],[27.0699297,43.1686543],[27.0632744,43.1684703],[27.0613898,43.1661612],[27.0638807,43.1638075],[27.0616395,43.1629283],[27.055737,43.1613586],[27.0525973,43.1603428],[27.0507118,43.1560017],[27.0504595,43.1534153],[27.0528417,43.1451943],[27.0483185,43.1393755],[27.0483169,43.1355884],[27.0466828,43.1318937],[27.0444199,43.1259823],[27.04313,43.1226814],[27.0416544,43.1192397],[27.0381365,43.114991],[27.0378844,43.1128666],[27.0386362,43.1090794],[27.0392622,43.1050151],[27.0375015,43.0988265],[27.0397604,43.0956857],[27.0493016,43.0907892],[27.0529422,43.0889414],[27.0567079,43.0856158],[27.06311,43.081089],[27.0690109,43.0789639],[27.0730289,43.078594],[27.0805635,43.0794246],[27.0855858,43.0783156],[27.0882224,43.0773917],[27.0914883,43.0797005],[27.0888538,43.085243],[27.088855,43.0879073],[27.0888552,43.0882911],[27.0901957,43.0869881],[27.0955075,43.0818247],[27.0999008,43.0780371],[27.105968,43.0755205],[27.1068059,43.0751729],[27.1106986,43.0752649],[27.1104487,43.0781283],[27.1114529,43.0772045],[27.1145916,43.0759111],[27.1184843,43.0758183],[27.1235071,43.0760026],[27.1265202,43.0746167],[27.1287798,43.0730462],[27.1314663,43.0706798],[27.1339259,43.067873],[27.136939,43.0663948],[27.1405831,43.072306],[27.146734,43.0675946],[27.1494969,43.0686103],[27.1540179,43.0695336],[27.157408,43.0688867],[27.1587894,43.0691636],[27.161551,43.0671312],[27.164061,43.0637133],[27.1623019,43.0612195],[27.1586585,43.057248],[27.159017,43.0569478],[27.1622988,43.0541995],[27.1641818,43.0530908],[27.1663162,43.0525364],[27.1673211,43.0532753],[27.1643085,43.0556772],[27.1640673,43.0562545],[27.1638068,43.056878],[27.1648124,43.0590948],[27.1661949,43.0620504],[27.1679524,43.0609418],[27.1660677,43.058448],[27.167169,43.0556092],[27.1675728,43.0545684],[27.1704605,43.0535521],[27.1734738,43.052628],[27.1771153,43.0524429],[27.177394,43.0522848],[27.1822531,43.0495277],[27.1852749,43.0468075],[27.1885506,43.0454039],[27.1913485,43.0433425],[27.1969553,43.0428188],[27.2007184,43.0432959],[27.2053646,43.0432955],[27.2043584,43.0396008],[27.203604,43.037384],[27.2007144,43.0341514],[27.1956927,43.0368306],[27.1892886,43.0366465],[27.1846715,43.0376972],[27.1801236,43.0403423],[27.1787431,43.0421897],[27.1788696,43.0442218],[27.1783686,43.0470854],[27.1658097,43.04293],[27.1658115,43.0469443],[27.1658124,43.048934],[27.1610413,43.0503201],[27.1556205,43.0536807],[27.1518773,43.0560479],[27.1468551,43.057711],[27.1423343,43.0570649],[27.1353022,43.0566038],[27.1306567,43.0578974],[27.1184766,43.0584529],[27.1116948,43.0564215],[27.1090561,43.0525423],[27.1006442,43.0554989],[27.0953214,43.0550324],[27.0903476,43.0560542],[27.0839445,43.058087],[27.080052,43.0585492],[27.0780285,43.0592079],[27.0735233,43.0606743],[27.0697579,43.0646466],[27.0637805,43.0673952],[27.0578185,43.0666271],[27.0539368,43.0664033],[27.0480342,43.0647412],[27.0504768,43.0610013],[27.0511714,43.0599377],[27.0519238,43.0576284],[27.0546861,43.0570739],[27.0573918,43.0576113],[27.0573227,43.05615],[27.0594564,43.0540252],[27.0589525,43.0502381],[27.0559376,43.0476521],[27.055183,43.0450659],[27.0561858,43.0408168],[27.0541752,43.0375841],[27.0554283,43.0319494],[27.0532902,43.0241906],[27.0540423,43.0212347],[27.0516538,43.0151386],[27.0487649,43.0132915],[27.0512784,43.0181868],[27.0509039,43.0231748],[27.0485205,43.0287172],[27.0524201,43.0441424],[27.0521703,43.0473754],[27.049033,43.0516247],[27.0461456,43.0531952],[27.0450176,43.0581834],[27.042255,43.0580912],[27.0361007,43.0548589],[27.0354718,43.0525497],[27.0332124,43.0544898],[27.0296959,43.0533817],[27.0296966,43.054952],[27.0325857,43.0570761],[27.0342198,43.0609555],[27.0341103,43.0636837],[27.0339714,43.0671442],[27.0309584,43.0687149],[27.023926,43.0676071],[27.0330945,43.0717628],[27.0357327,43.0747183],[27.0325948,43.0775822],[27.0280767,43.0829399],[27.0269476,43.0853417],[27.0245636,43.0894062],[27.0213006,43.0935631],[27.0157759,43.0944874],[27.0017127,43.0959667],[26.9989509,43.097722],[27.0078668,43.0986448],[27.0172842,43.0979973],[27.0186661,43.0993826],[27.0190438,43.1015071],[27.013394,43.1034475],[27.0137711,43.1041864],[27.0146514,43.1072345],[27.0149037,43.1099131],[27.0133993,43.1154554],[27.0123961,43.1184113],[27.0115187,43.1220138],[27.0113945,43.125062],[27.0075029,43.1276488],[27.0073792,43.1318054],[27.0049945,43.1344843],[26.9984681,43.1415975],[26.9948289,43.1470476],[26.9914398,43.1499114],[26.9911901,43.1531443],[26.9852906,43.1584099],[26.9812741,43.1621975],[26.9805217,43.1644144],[26.9757514,43.1675554],[26.9742449,43.1684794],[26.975376,43.1706961],[26.9604357,43.1764245],[26.957423,43.1786417],[26.9488858,43.1821526],[26.9383408,43.1888042],[26.9360805,43.1888968],[26.9355776,43.187419],[26.9359535,43.1856639],[26.9349484,43.1842785],[26.9303036,43.1874195],[26.9255322,43.1879742],[26.9188777,43.1896375],[26.9141052,43.1876983],[26.9095849,43.1882529],[26.9015478,43.1870529],[26.8999159,43.1881616],[26.8942655,43.1887164],[26.8878622,43.1907491],[26.8850997,43.1905647],[26.8813329,43.1913964],[26.8781925,43.1886256],[26.8740475,43.1861321],[26.8710327,43.1837308],[26.8696219,43.1803337],[26.8672628,43.1774501],[26.8660058,43.1745868],[26.8626146,43.1726474],[26.8599764,43.169969],[26.8577078,43.1672076],[26.8559559,43.1648891],[26.853193,43.164058],[26.8501793,43.163966],[26.8479186,43.1629501],[26.8443772,43.1607628],[26.8426425,43.1583322],[26.8398789,43.1560232],[26.8347296,43.1538993],[26.8314032,43.1532886],[26.8294551,43.1526067],[26.8271934,43.149374],[26.8285728,43.1452172],[26.8265636,43.145125],[26.8231727,43.1439246],[26.8204091,43.1415232],[26.8175206,43.1405998],[26.8150096,43.1417086],[26.8157655,43.1472506],[26.8187807,43.150668],[26.8189073,43.1527925],[26.8235557,43.1581494],[26.8266971,43.1629523],[26.8295857,43.1640604],[26.8331199,43.1676886],[26.8412668,43.1708945],[26.8453964,43.1743903],[26.8474964,43.1774783],[26.8504375,43.1799458],[26.8548335,43.1824393],[26.8570949,43.1848407],[26.8562167,43.1866881],[26.8496877,43.1881667],[26.8468001,43.1894602],[26.8430339,43.1914927],[26.8397691,43.191493],[26.8353746,43.1926019],[26.830979,43.191032],[26.8239489,43.1951893],[26.8176707,43.1958366],[26.8117694,43.1969456],[26.8077526,43.2003637],[26.8061214,43.2033197],[26.8038616,43.2042436],[26.7994664,43.2037822],[26.797207,43.2055374],[26.7943185,43.2047064],[26.794445,43.2068309],[26.7936924,43.208586],[26.7924375,43.2106182],[26.7901126,43.2132523],[26.7862873,43.2166228],[26.7840276,43.2181934],[26.7801363,43.2211496],[26.7798781,43.2213843],[26.7780025,43.2230896],[26.7764968,43.2255837],[26.7756196,43.2297404],[26.7747432,43.2354673],[26.7733638,43.2397165],[26.7706017,43.2408252],[26.7682163,43.240462],[26.7654139,43.2376283],[26.7654337,43.2324864],[26.7648201,43.2288178],[26.7634372,43.2251232],[26.7623063,43.2234607],[26.7621027,43.2228326],[26.7616776,43.221521],[26.7575331,43.2200435],[26.7527615,43.2201363],[26.7489935,43.2182893],[26.7487233,43.218452],[26.7472112,43.2184228],[26.7447155,43.217634],[26.7416161,43.2167634],[26.7401066,43.2165592],[26.7383488,43.2166355],[26.7374427,43.2166133],[26.7367568,43.2164712],[26.7364558,43.2162295],[26.7359627,43.2159672],[26.7356326,43.216087],[26.7356042,43.2163078],[26.7359047,43.21667],[26.7363162,43.2167714],[26.7370297,43.2168735],[26.7383747,43.2169971],[26.7393911,43.216919],[26.7403249,43.216881],[26.7413398,43.2171645],[26.7432052,43.2176105],[26.7449878,43.2181769],[26.7455905,43.2185397],[26.7460274,43.2191231],[26.7462317,43.2199523],[26.7522598,43.2216143],[26.7550071,43.2234098],[26.7567818,43.2245697],[26.7570346,43.2284491],[26.7600515,43.2355613],[26.7600528,43.2387018],[26.756286,43.2394411],[26.7540261,43.2401804],[26.7502862,43.2393959],[26.7458638,43.2398117],[26.742474,43.2410128],[26.7383307,43.2420293],[26.7329317,43.243323],[26.7275321,43.2432312],[26.7247696,43.2435086],[26.723389,43.2448019],[26.7205015,43.2461878],[26.7174877,43.246188],[26.7163475,43.246855],[26.7147557,43.2470598],[26.7132149,43.2475581],[26.7112088,43.2476534],[26.709149,43.2474875],[26.7065124,43.24728],[26.7042626,43.2466516],[26.7012406,43.2466236],[26.6990401,43.2471401],[26.6966219,43.2472542],[26.6947813,43.2472091],[26.6927214,43.2470831],[26.6919796,43.2470811],[26.6918151,43.2470003],[26.6919533,43.24684],[26.6921467,43.2466397],[26.6921474,43.2464991],[26.6920661,43.246278],[26.692067,43.2460972],[26.6921227,43.2459367],[26.6921239,43.2456957],[26.6921528,43.2454146],[26.6921815,43.2451737],[26.6920732,43.244852],[26.6916888,43.2448108],[26.6914682,43.2449709],[26.6914661,43.2453927],[26.691381,43.2459146],[26.6912408,43.2464766],[26.6911845,43.2467576],[26.6910456,43.2470585],[26.6904407,43.2471573],[26.689342,43.247094],[26.6883259,43.2470109],[26.686377,43.2466642],[26.684868,43.2462584],[26.6830832,43.2460727],[26.6810772,43.2461474],[26.6792902,43.2463835],[26.6778326,43.2466605],[26.6761286,43.2467762],[26.6740691,43.2465896],[26.6719,43.2463424],[26.6694294,43.2459537],[26.6655858,43.2454605],[26.6633063,43.2453132],[26.6617407,43.2452484],[26.6604769,43.2452647],[26.6592122,43.2454216],[26.6581942,43.2456797],[26.6572879,43.2456368],[26.6552277,43.2455704],[26.6538813,43.2456065],[26.6530681,43.246086],[26.6528479,43.2461657],[26.6528465,43.2464067],[26.6532492,43.2464615],[26.6535791,43.2464089],[26.6540932,43.2461962],[26.6555221,43.246147],[26.65739,43.2462062],[26.6587465,43.245996],[26.6606156,43.2458409],[26.6621545,43.2457651],[26.663583,43.2457961],[26.6666578,43.2462068],[26.6707942,43.2467543],[26.6740528,43.2470582],[26.6760301,43.2472245],[26.6775688,43.2472021],[26.6794016,43.2469662],[26.6806854,43.2466484],[26.6820413,43.2465451],[26.6833967,43.2465489],[26.6846044,43.2467664],[26.6871292,43.2473089],[26.6887395,43.2476079],[26.6900945,43.2476919],[26.6920736,43.2475098],[26.694454,43.2476501],[26.6970547,43.2476838],[26.6992167,43.2475556],[26.7015635,43.2470797],[26.7032856,43.2470039],[26.7038349,43.2470321],[26.7045292,43.247382],[26.7050409,43.2476243],[26.7062121,43.2478416],[26.7085554,43.2480886],[26.7095899,43.2482094],[26.7117537,43.2486188],[26.7125918,43.249052],[26.7157311,43.2491441],[26.7201257,43.2484046],[26.7266546,43.2466489],[26.7309243,43.2473875],[26.7341893,43.2476643],[26.7379563,43.2473868],[26.7459901,43.2451516],[26.7459008,43.2456264],[26.7450954,43.2461019],[26.7429288,43.2478224],[26.7407641,43.2490657],[26.739657,43.2496138],[26.7383501,43.2498678],[26.7367414,43.2502679],[26.7357827,43.2512936],[26.7356249,43.2529452],[26.7352144,43.2549633],[26.7349552,43.2568349],[26.7345996,43.2577518],[26.7339937,43.2584846],[26.7332884,43.2589602],[26.7324347,43.2589215],[26.7312293,43.2589186],[26.7310763,43.2594322],[26.731978,43.259985],[26.7332833,43.2601349],[26.7340892,43.2596228],[26.7356534,43.2579745],[26.7362181,43.2551491],[26.736328,43.2529468],[26.7366851,43.2516628],[26.7376426,43.250894],[26.7380956,43.2506748],[26.7384978,43.2505656],[26.7396031,43.250458],[26.7421157,43.249815],[26.7439857,43.2484873],[26.7466212,43.2464643],[26.7471331,43.2456292],[26.7473849,43.2447635],[26.7482518,43.2445222],[26.7525212,43.2445218],[26.75654,43.2458146],[26.7613118,43.2461836],[26.7639677,43.247909],[26.7687212,43.2478454],[26.7709824,43.249785],[26.7692287,43.2517762],[26.7669662,43.2544039],[26.7590065,43.2574112],[26.756923,43.259947],[26.751399,43.2625339],[26.7418573,43.2661373],[26.7333188,43.2668771],[26.7265375,43.2655847],[26.7186262,43.2648465],[26.7148593,43.2654935],[26.7098373,43.267249],[26.7053172,43.2683579],[26.6987949,43.269866],[26.6966536,43.269929],[26.6926361,43.2716845],[26.6896266,43.2739549],[26.6828442,43.2775971],[26.6779994,43.2770079],[26.6741803,43.2784293],[26.6682798,43.2812934],[26.6656434,43.2827715],[26.6599949,43.2876677],[26.6549726,43.288869],[26.6508292,43.2897931],[26.6478151,43.2887773],[26.6451785,43.2897013],[26.6377699,43.2899792],[26.6345043,43.2882245],[26.6309878,43.2869317],[26.6321166,43.2838833],[26.6298555,43.2821286],[26.6309843,43.279265],[26.6265883,43.2768639],[26.626838,43.2735386],[26.6248286,43.2727998],[26.6226946,43.2743704],[26.6211877,43.2744629],[26.6169177,43.2729853],[26.6125207,43.268275],[26.6107626,43.2682752],[26.611894,43.2712309],[26.6091318,43.2718778],[26.6009677,43.2672601],[26.5929282,43.2607028],[26.5906682,43.2610725],[26.5876544,43.2607956],[26.5811239,43.2589489],[26.5776078,43.2587645],[26.5736299,43.2576417],[26.5701348,43.256829],[26.5696405,43.2564105],[26.5688359,43.2558163],[26.568488,43.2554604],[26.5675611,43.2531121],[26.5664986,43.2508816],[26.5664692,43.2474333],[26.566795,43.2470996],[26.5673093,43.2467863],[26.568012,43.2465131],[26.5689589,43.246024],[26.5700157,43.2452202],[26.5713497,43.2433336],[26.5718681,43.2424292],[26.5722002,43.2411891],[26.5723688,43.2402045],[26.5726687,43.2397131],[26.5729162,43.2390046],[26.5728154,43.2379994],[26.5725228,43.2374466],[26.5719623,43.236676],[26.5699226,43.2354665],[26.5685008,43.2345547],[26.5663292,43.2329702],[26.5649881,43.2320785],[26.5644816,43.2313081],[26.5642698,43.2307753],[26.56374,43.2294925],[26.563264,43.2282296],[26.5628918,43.2275189],[26.5620337,43.2269442],[26.5612802,43.2268034],[26.5603657,43.2265831],[26.5595606,43.2261268],[26.5588097,43.2256313],[26.55779,43.225056],[26.5566606,43.2247364],[26.5549652,43.2244539],[26.5537257,43.2244688],[26.5528651,43.2242487],[26.5520878,43.223694],[26.5512577,43.2229814],[26.5507462,43.2222065],[26.5506448,43.2220529],[26.5502975,43.2216574],[26.5493022,43.2214368],[26.5479282,43.2214314],[26.5476589,43.2214106],[26.5473896,43.2213898],[26.547096,43.2210143],[26.5464528,43.2205586],[26.5456735,43.2202796],[26.5446234,43.2201966],[26.543655,43.2199957],[26.5430643,43.2197175],[26.5422063,43.2191624],[26.5418345,43.2184515],[26.5403226,43.2162292],[26.5403156,43.2162189],[26.5399405,43.2159416],[26.5390009,43.2155043],[26.5383828,43.2153048],[26.5377643,43.2151446],[26.5366869,43.2151206],[26.5352062,43.2149963],[26.5340514,43.2145187],[26.5331124,43.2140026],[26.5323904,43.21331],[26.5320715,43.2127373],[26.531753,43.2121055],[26.531192,43.2114924],[26.5299573,43.2109159],[26.5290982,43.210538],[26.5280231,43.2102183],[26.5270024,43.2098397],[26.525604,43.2095384],[26.5241517,43.2092368],[26.5225895,43.2092106],[26.5217805,43.2093254],[26.5213348,43.2093765],[26.5207888,43.2094407],[26.520274,43.2093942],[26.5199723,43.2092156],[26.5196875,43.2088265],[26.5194929,43.2085264],[26.519378,43.2083784],[26.519336,43.2083034],[26.5193534,43.2082598],[26.5193624,43.2081975],[26.5192605,43.2081535],[26.5192011,43.208122],[26.5191251,43.2080282],[26.5189992,43.2077721],[26.5189319,43.2076596],[26.5187786,43.2076465],[26.5183695,43.207651],[26.518088,43.2076872],[26.5173334,43.2076085],[26.5168357,43.2073071],[26.5166094,43.2071843],[26.5165042,43.207073],[26.5162034,43.2067946],[26.5157793,43.2067707],[26.5153786,43.2067083],[26.5153405,43.2067023],[26.5147956,43.2066335],[26.5145087,43.2065104],[26.5142971,43.206443],[26.5140857,43.2063423],[26.5137941,43.2063493],[26.514536,43.2068983],[26.5145774,43.206929],[26.5152436,43.2069909],[26.5158886,43.207171],[26.5165527,43.2074989],[26.5170351,43.2078113],[26.5177811,43.2080065],[26.5181445,43.2080376],[26.5183465,43.2080385],[26.5184058,43.2082013],[26.5184461,43.2084628],[26.5183626,43.2089612],[26.5181667,43.2093012],[26.5179495,43.2094666],[26.517973,43.2095498],[26.5180667,43.2095564],[26.5181778,43.2095195],[26.5182298,43.2094137],[26.5182733,43.2092954],[26.5183344,43.2091211],[26.5184209,43.2089594],[26.5184822,43.2087477],[26.5185269,43.208486],[26.5185374,43.2082367],[26.5184879,43.2080245],[26.5185143,43.2079124],[26.5186256,43.2078568],[26.5187365,43.2078385],[26.5188807,43.2079327],[26.519284,43.2086638],[26.5196362,43.2094072],[26.5201117,43.2096274],[26.5204602,43.2097535],[26.5208863,43.2097553],[26.5214154,43.2096765],[26.5221409,43.2095423],[26.5226955,43.2094698],[26.5229512,43.2094647],[26.5231724,43.2095217],[26.5233763,43.2096098],[26.5235465,43.2096355],[26.5235983,43.2095609],[26.5235051,43.2094857],[26.5236329,43.2094862],[26.5240247,43.2095253],[26.5246211,43.2095589],[26.5250893,43.2096294],[26.5261866,43.2099145],[26.5273944,43.2102312],[26.5279299,43.2104267],[26.5291366,43.210893],[26.5302154,43.2113775],[26.5310554,43.2118797],[26.5313347,43.2121365],[26.5315776,43.2126861],[26.5318465,43.2131984],[26.5324622,43.2138251],[26.5330438,43.214389],[26.5338685,43.2148801],[26.534916,43.2152981],[26.5356426,43.2153897],[26.5362892,43.2153923],[26.5374003,43.2154116],[26.5377838,43.2154723],[26.5381469,43.2155476],[26.5385902,43.215712],[26.5391743,43.2159508],[26.5398609,43.2163789],[26.5402,43.2165904],[26.540453,43.2168722],[26.5410519,43.2178388],[26.5417994,43.219194],[26.5424767,43.2198285],[26.5432317,43.2201972],[26.5445022,43.2205348],[26.5454563,43.2206162],[26.545638,43.2206391],[26.5460466,43.2207183],[26.5462885,43.2207968],[26.5471314,43.2215871],[26.5476452,43.2217886],[26.5480392,43.2217902],[26.5486909,43.2217927],[26.5493122,43.2217952],[26.5497515,43.2218191],[26.5500236,43.2219199],[26.5502367,43.222211],[26.5509839,43.2232315],[26.5518423,43.2239775],[26.5524603,43.2244454],[26.5526408,43.2246345],[26.5526848,43.2248342],[26.5529253,43.2251122],[26.5531989,43.2250024],[26.5531849,43.2248472],[26.5530193,43.2246914],[26.5531556,43.224703],[26.5533371,43.2247592],[26.5537916,43.2247831],[26.5549732,43.2248653],[26.5554426,43.2249225],[26.5556079,43.2251227],[26.5555912,43.2253221],[26.5555442,43.2255436],[26.5554969,43.2257983],[26.5554046,43.2259753],[26.5554035,43.2261305],[26.5555247,43.226142],[26.5556764,43.2261204],[26.5556926,43.2259764],[26.5556936,43.2258434],[26.5557099,43.2256772],[26.5557109,43.2255442],[26.5557116,43.2254445],[26.5557127,43.2252893],[26.5557297,43.2250345],[26.5557306,43.2249236],[26.5558823,43.2249021],[26.5562912,43.224948],[26.5574257,43.2252516],[26.5589796,43.2262441],[26.5602332,43.2268585],[26.5614582,43.2272289],[26.5620177,43.2274195],[26.562561,43.227743],[26.5628013,43.2280542],[26.5637507,43.2309506],[26.5645028,43.232116],[26.5650915,43.2326897],[26.5676391,43.234453],[26.5710189,43.2366922],[26.5717685,43.2374044],[26.5720894,43.2377602],[26.5722998,43.2385098],[26.5722965,43.2389826],[26.5718855,43.2399466],[26.5716353,43.2410293],[26.5713021,43.2424271],[26.5698587,43.2445497],[26.5688541,43.2455902],[26.5679612,43.2460794],[26.5672585,43.2463526],[26.5660946,43.2470378],[26.5657654,43.2478444],[26.5658352,43.2494013],[26.5659314,43.2510371],[26.5665665,43.2527143],[26.5674991,43.2542547],[26.5679488,43.2554583],[26.5684022,43.2561497],[26.5687019,43.2564958],[26.568011,43.2563351],[26.5656764,43.2536855],[26.5649237,43.2552558],[26.5637941,43.256549],[26.5610316,43.2566417],[26.5580187,43.2584894],[26.55533,43.2577159],[26.5549388,43.2567737],[26.5547633,43.256195],[26.5547711,43.2551179],[26.5548855,43.2542251],[26.5549,43.2541847],[26.5549335,43.2536277],[26.5549189,43.2532785],[26.5548444,43.2529789],[26.5547264,43.252779],[26.5546254,43.2525978],[26.5544226,43.2523352],[26.5542615,43.2522098],[26.5541173,43.2520908],[26.5539985,43.2520156],[26.5538195,43.2519899],[26.5537935,43.2520459],[26.5537928,43.2521457],[26.5538519,43.2522332],[26.5539452,43.2522959],[26.5540641,43.2523774],[26.5541572,43.2524713],[26.5544716,43.2527669],[26.5546227,43.2529656],[26.5546306,43.2531852],[26.5546781,43.253568],[26.554697,43.2537195],[26.554727,43.2539961],[26.5546248,43.2544335],[26.5545303,43.2549208],[26.5545419,43.2554085],[26.5545982,43.2559961],[26.5546855,43.2565063],[26.5547588,43.2568502],[26.555027,43.2575051],[26.5550318,43.2576301],[26.5522417,43.2568273],[26.5494792,43.25692],[26.5437024,43.2555351],[26.5394336,43.2571058],[26.5341591,43.2558132],[26.5301411,43.2563678],[26.5374255,43.2592305],[26.5489775,43.2583057],[26.5586472,43.2599673],[26.5639212,43.2599667],[26.5664329,43.2607054],[26.5820059,43.2655994],[26.5975784,43.2696621],[26.6101381,43.2756648],[26.6250844,43.2832375],[26.6252113,43.2862856],[26.6229515,43.2875791],[26.6167986,43.2877645],[26.6088868,43.2857331],[26.6036116,43.2826855],[26.6012257,43.2827781],[26.6008492,43.2833323],[26.603487,43.2851795],[26.6023574,43.2863804],[26.5909304,43.2861044],[26.5864096,43.2855507],[26.5830194,43.2860129],[26.5719698,43.2873995],[26.5654399,43.2867536],[26.5593672,43.2843252],[26.5533943,43.2830166],[26.5459756,43.2846311],[26.5363068,43.2852326],[26.5329806,43.2834493],[26.528738,43.2860028],[26.5240017,43.287035],[26.5187278,43.2870817],[26.5184778,43.289668],[26.4996431,43.2915174],[26.5116981,43.2920704],[26.4991439,43.2985374],[26.5049196,43.2974284],[26.5124523,43.2937329],[26.5165957,43.292855],[26.5219938,43.2898525],[26.527393,43.288882],[26.5300295,43.2876348],[26.5383166,43.2867102],[26.5468557,43.2872635],[26.5532593,43.286293],[26.5580312,43.2865697],[26.5592876,43.2881398],[26.5576558,43.2895255],[26.5515035,43.2911888],[26.5482394,43.2928517],[26.5440981,43.298302],[26.5394531,43.3007964],[26.5260182,43.3034765],[26.5213729,43.3051396],[26.5282411,43.3047684],[26.5349335,43.3031985],[26.5405835,43.3016276],[26.546233,43.2988559],[26.54912,43.296177],[26.5517557,43.2933133],[26.5547688,43.2921121],[26.5601676,43.2906337],[26.5630559,43.2909105],[26.5675757,43.2893398],[26.5712175,43.2898013],[26.5759891,43.289616],[26.5791285,43.2898928],[26.5851553,43.2886914],[26.5904295,43.2892451],[26.5979632,43.2879511],[26.6058742,43.2879503],[26.6097673,43.2890584],[26.6147899,43.288596],[26.6204413,43.2901657],[26.6244595,43.2898882],[26.6297343,43.2919197],[26.6287308,43.2943215],[26.6195659,43.2982019],[26.6075126,43.3015284],[26.5960869,43.3041159],[26.5810198,43.307258],[26.5655755,43.3091993],[26.5647593,43.3094906],[26.5588937,43.3105985],[26.5561607,43.3108574],[26.55451,43.3111565],[26.5526371,43.3115624],[26.5513302,43.3119526],[26.5498306,43.311767],[26.548822,43.3117451],[26.547095,43.3123671],[26.545712,43.3130444],[26.5447228,43.3137232],[26.5440075,43.3139539],[26.5430723,43.3139681],[26.5412748,43.3141406],[26.5395477,43.3147625],[26.5377696,43.3156178],[26.5361647,43.31633],[26.5305222,43.3173131],[26.5300298,43.3173471],[26.5276924,43.3173015],[26.5253042,43.3174713],[26.5207204,43.3183326],[26.518359,43.3182148],[26.5166848,43.3183335],[26.5152318,43.3184711],[26.5137052,43.3185904],[26.5121564,43.3184042],[26.5103368,43.3182347],[26.5084924,43.318083],[26.5060565,43.3180546],[26.5033753,43.3179352],[26.499732,43.3180989],[26.4963853,43.3181022],[26.493901,43.3179835],[26.4906314,43.3175916],[26.485789,43.316977],[26.4837011,43.3165364],[26.4823983,43.3163688],[26.4790562,43.3158506],[26.4770656,43.315554],[26.4756411,43.315242],[26.472717,43.3147794],[26.4708748,43.3143936],[26.4689345,43.3139893],[26.4681219,43.3140574],[26.4680694,43.3144345],[26.4690252,43.3148701],[26.4707188,43.3153631],[26.4717019,43.3154934],[26.4731536,43.3155001],[26.4775911,43.3162619],[26.4809711,43.3167548],[26.4831604,43.316886],[26.4856271,43.3173671],[26.4897312,43.3179717],[26.4928972,43.3184304],[26.4944185,43.3185888],[26.495276,43.3186633],[26.4965909,43.3186792],[26.4987207,43.3186279],[26.5039619,43.3186508],[26.5076712,43.3186937],[26.5093678,43.3188627],[26.5109346,43.319112],[26.51289,43.3192282],[26.5140335,43.3193274],[26.5150671,43.3193183],[26.5166924,43.3191634],[26.5185951,43.3189424],[26.5204768,43.3190446],[26.5216956,43.3189554],[26.5249479,43.3184434],[26.5277752,43.3179835],[26.5286974,43.3180546],[26.5302106,43.3180743],[26.5331302,43.3176012],[26.5367164,43.3168477],[26.5389371,43.3160346],[26.5398997,43.3156477],[26.541748,43.3152778],[26.5437832,43.3145852],[26.5450033,43.3143071],[26.546689,43.3134514],[26.5495741,43.3126138],[26.552161,43.3121523],[26.554951,43.3116781],[26.5573715,43.3112563],[26.5591811,43.3111016],[26.5614323,43.3106777],[26.5806438,43.3088283],[26.5980967,43.305686],[26.6297364,43.2966305],[26.6351354,43.2954292],[26.6470651,43.2968135],[26.6537203,43.2965358],[26.6569856,43.2975515],[26.6589952,43.2988445],[26.6579912,43.2998606],[26.6551045,43.3030938],[26.6498307,43.3035562],[26.6458653,43.304529],[26.6446989,43.3040932],[26.6429304,43.3037182],[26.6419205,43.3033918],[26.6406581,43.3029721],[26.6397126,43.3024611],[26.6383865,43.3021336],[26.6369321,43.302129],[26.6348439,43.3023533],[26.6335148,43.3025338],[26.6314257,43.3028966],[26.628324,43.3033946],[26.6266764,43.3039435],[26.625345,43.3044933],[26.6239439,43.3049992],[26.6234435,43.3051799],[26.6213551,43.3054039],[26.6197086,43.3057679],[26.6175512,43.3069154],[26.6156466,43.3080636],[26.6136164,43.3090729],[26.6115241,43.3098971],[26.6079735,43.3112706],[26.6036002,43.3126873],[26.6018235,43.3135586],[26.60011,43.3144302],[26.5953571,43.315799],[26.5896543,43.3173028],[26.5837621,43.3187133],[26.5781903,43.319478],[26.5736976,43.3196923],[26.5705955,43.3200502],[26.5679342,43.3206868],[26.5645751,43.3215977],[26.5620418,43.3220037],[26.5596367,43.3221792],[26.5575496,43.322125],[26.5550778,43.322762],[26.553494,43.3230791],[26.5519762,43.323027],[26.5491908,43.3232932],[26.5465934,43.3237909],[26.5444409,43.3240133],[26.5414674,43.3240476],[26.5367201,43.324398],[26.5328578,43.3248441],[26.5318416,43.3249938],[26.5295011,43.3253384],[26.5270307,43.3257439],[26.5257008,43.3259231],[26.5247494,43.3262425],[26.5244306,43.3265644],[26.5250592,43.3270751],[26.5260689,43.3274026],[26.5266162,43.3275383],[26.5275843,43.3277783],[26.5293532,43.3281089],[26.5316278,43.3284877],[26.5345348,43.3289153],[26.5364561,43.3290822],[26.5403919,43.3291802],[26.5414004,43.3296769],[26.5411711,43.3302507],[26.5403783,43.3309865],[26.53857,43.3321287],[26.5381101,43.3334406],[26.5386657,43.334346],[26.5402367,43.3348449],[26.5433843,43.3351039],[26.5467618,43.3347068],[26.5493555,43.3338138],[26.5508226,43.3331628],[26.5521729,43.3330859],[26.5552098,43.3330978],[26.5576867,43.332779],[26.5696289,43.3300329],[26.5789902,43.3262908],[26.5819244,43.3248236],[26.5830547,43.3240066],[26.5844036,43.3240937],[26.5858656,43.324099],[26.5871027,43.3241034],[26.5907097,43.3228848],[26.5930774,43.3219901],[26.5958959,43.3209327],[26.5990506,43.3200406],[26.6008568,43.3189795],[26.6034502,43.3179211],[26.610215,43.3151527],[26.6222711,43.311252],[26.6298179,43.3090597],[26.6337619,43.3075945],[26.6367802,43.3057621],[26.63726,43.3054708],[26.6402965,43.3053162],[26.6434273,43.3051271],[26.6490781,43.3054037],[26.6547288,43.3053107],[26.6579931,43.3041096],[26.6606287,43.3010611],[26.6647712,43.2981049],[26.6710483,43.2949637],[26.6808414,43.2919145],[26.6817188,43.288312],[26.6841039,43.2864644],[26.6883734,43.2865564],[26.6949018,43.283877],[26.6992959,43.2818444],[26.7039419,43.2815668],[26.7073318,43.2806428],[26.7104711,43.2805501],[26.7127317,43.2812888],[26.7139873,43.2812887],[26.7154929,43.2783327],[26.7209233,43.277892],[26.7257896,43.2783317],[26.728175,43.2770383],[26.7310627,43.276299],[26.7360858,43.2768527],[26.7409836,43.278053],[26.7511537,43.275558],[26.7613228,43.2708461],[26.7670989,43.270476],[26.7702378,43.269552],[26.7761381,43.2661338],[26.7776447,43.2656718],[26.7787753,43.2667801],[26.7780229,43.2691818],[26.7760152,43.2724149],[26.7740643,43.2756954],[26.77087,43.2793431],[26.76945,43.282207],[26.7676967,43.2846809],[26.7603265,43.2894124],[26.7576906,43.291999],[26.7556833,43.2959711],[26.7477739,43.2993896],[26.7495323,43.3003131],[26.7466455,43.3034539],[26.7414998,43.3093661],[26.7393671,43.3138924],[26.7332164,43.319158],[26.7290733,43.320544],[26.7347246,43.3222061],[26.7359809,43.3234991],[26.7367365,43.3283023],[26.7389703,43.3307284],[26.7409392,43.332307],[26.7420337,43.3328655],[26.743556,43.3330913],[26.7447894,43.3334995],[26.7450331,43.3335802],[26.7468454,43.3349156],[26.7476353,43.335666],[26.7476923,43.3357201],[26.7477911,43.335814],[26.7491362,43.3365675],[26.7504831,43.3368874],[26.7509749,43.3369276],[26.7517395,43.3369902],[26.7527675,43.3370591],[26.7542074,43.3369955],[26.7560124,43.3370661],[26.7564594,43.337123],[26.7584106,43.3373714],[26.7610134,43.3379607],[26.7625203,43.3382974],[26.7649656,43.3382524],[26.7672062,43.3379568],[26.7684644,43.3376257],[26.7698851,43.3365778],[26.77385,43.3334499],[26.7761163,43.3323368],[26.7779479,43.3313229],[26.7799163,43.3303926],[26.7826387,43.3294471],[26.7845349,43.3295341],[26.7869082,43.3303558],[26.7886868,43.33141],[26.7902593,43.3325971],[26.7916735,43.3333336],[26.7936595,43.333921],[26.7955092,43.3342746],[26.7971541,43.3343609],[26.7998735,43.334299],[26.8015408,43.3345521],[26.8037096,43.335173],[26.8059027,43.3353602],[26.8073199,43.3351958],[26.8089663,43.3348316],[26.8105904,43.3343006],[26.8113216,43.3342851],[26.8131039,43.3343047],[26.8145651,43.3347074],[26.8146232,43.3347389],[26.8163217,43.335661],[26.8177571,43.3370644],[26.8191934,43.3382009],[26.8204713,43.3388201],[26.8223221,43.3389064],[26.823144,43.3391745],[26.8241004,43.3403269],[26.8246463,43.3412284],[26.8248972,43.3413956],[26.8252402,43.3413461],[26.8254924,43.3410463],[26.8257223,43.3405796],[26.8258154,43.3399626],[26.826274,43.3394295],[26.8270751,43.338997]]]}},{"type":"Feature","id":"BG2G000000Q005","properties":{"OBJECTID":24,"localId":"BG2G000000Q005","nameTxtInt":"POROUS WATERS - QUATERNARY KAMCHIA RIVER","nameText":"POROUS WATERS - QUATERNARY KAMCHIA RIVER","horizons":"1","Type":"2","Age":"Q","n":4.0,"cod":"BG2G000000Q005","ime":"Порови води в кватернера на р. Камчия","risk_q":"Не е в риск","risk_ch":"В риск","q_s":"добро","dostoverno":"Средна","ch_s":"лошо","dostover_1":"Висока","sustoyanie":"лошо","sustoyan_1":"лошо","Shape_Leng":216549.68374,"Shape_Area":179028817.414,"gwb_code":"BG2G000000Q005","gwb_name":"Порови води в кватернера на р. Камчия","basin_district":"BG2"},"geometry":{"type":"MultiPolygon","coordinates":[[[[27.878116,42.9808047],[27.8812404,42.9789817],[27.8866672,42.9790682],[27.8899569,42.9766011],[27.8936667,42.9750775],[27.8944051,42.9730941],[27.8950395,42.9696987],[27.8951398,42.9691625],[27.8951711,42.9689953],[27.8951742,42.9689795],[27.895603,42.9667001],[27.8956137,42.966646],[27.8956209,42.9666099],[27.8957858,42.9661494],[27.8958612,42.9659382],[27.8959839,42.965594],[27.8976518,42.9603641],[27.8976606,42.9603354],[27.8976649,42.9603195],[27.8977402,42.9600667],[27.8978239,42.9597855],[27.8979019,42.9595239],[27.8981,42.9588597],[27.8981131,42.9588145],[27.8983743,42.958808],[27.8984153,42.9588068],[27.8986037,42.9588014],[27.8986402,42.9588004],[27.8987534,42.9583211],[27.8986009,42.9582898],[27.8983399,42.9582364],[27.8983558,42.9579571],[27.8983917,42.9573057],[27.8984213,42.956768],[27.8984235,42.9567274],[27.8984282,42.9566445],[27.8984475,42.9562995],[27.8984485,42.9562842],[27.89845,42.9562715],[27.8984985,42.9559119],[27.8987682,42.9539153],[27.8987712,42.9539018],[27.8988079,42.9537977],[27.8988167,42.9537707],[27.8998365,42.9509306],[27.8999078,42.9505948],[27.8995532,42.9505679],[27.89537,42.9516287],[27.8864473,42.9515696],[27.8871801,42.9538771],[27.8859815,42.9556855],[27.8824993,42.9568689],[27.8754983,42.9566657],[27.8681184,42.9544087],[27.8595379,42.9538309],[27.8521962,42.9542714],[27.8532742,42.9563195],[27.8573316,42.9587308],[27.8640208,42.9616361],[27.8700125,42.9646749],[27.8756459,42.9670735],[27.879036,42.9716738],[27.8769673,42.9738742],[27.8701592,42.9750827],[27.8626419,42.9756537],[27.8542423,42.9757167],[27.8481106,42.9752482],[27.8433578,42.9732272],[27.837235,42.9734007],[27.83092,42.9722901],[27.8309944,42.9778154],[27.8329246,42.9781869],[27.8343281,42.9784336],[27.8360746,42.9781639],[27.8374519,42.9764832],[27.8395518,42.9764679],[27.8427123,42.9772157],[27.8453513,42.9782243],[27.8493886,42.9790939],[27.8528869,42.9789394],[27.8584832,42.9786405],[27.8621672,42.9792554],[27.8644422,42.9792382],[27.868128,42.9799814],[27.8719926,42.9809801],[27.8758482,42.9813362],[27.878116,42.9808047]]],[[[27.7506165,43.0946861],[27.7538686,43.0912694],[27.7556131,43.0947692],[27.7567752,43.095281],[27.7556101,43.0879387],[27.7568871,43.0855476],[27.7589789,43.0859735],[27.7596766,43.0871685],[27.761536,43.08768],[27.7596754,43.0844364],[27.760139,43.0816187],[27.7617658,43.0817033],[27.7638579,43.0829831],[27.7632759,43.0807634],[27.7631585,43.0782021],[27.7635064,43.0764089],[27.7678052,43.0753825],[27.766294,43.0738463],[27.7664082,43.0694065],[27.7660558,43.0609539],[27.7646607,43.059247],[27.7608265,43.0601879],[27.7593154,43.0587371],[27.7591956,43.0507114],[27.7598913,43.0474667],[27.76326,43.0451599],[27.7636073,43.0420006],[27.769182,43.0357655],[27.7751067,43.0326037],[27.7796374,43.0302964],[27.7823605,43.0273926],[27.7854448,43.0246587],[27.7900919,43.0227783],[27.7940422,43.0220081],[27.7972702,43.0225824],[27.8012474,43.024054],[27.8054303,43.0233691],[27.8114733,43.025074],[27.8167023,43.0250717],[27.8203038,43.0238747],[27.8197248,43.028144],[27.8223963,43.0257522],[27.8258812,43.0235307],[27.8307611,43.0225893],[27.8343633,43.0225878],[27.838198,43.0230984],[27.842962,43.0227547],[27.8488876,43.0215567],[27.8534191,43.0212131],[27.8548138,43.0218103],[27.854582,43.0231764],[27.8486585,43.028985],[27.8422702,43.0349644],[27.8401805,43.0390636],[27.8344897,43.0457258],[27.831703,43.0501668],[27.8350721,43.0487138],[27.8386726,43.0450408],[27.8456432,43.0420494],[27.8486613,43.0354739],[27.8563272,43.0282131],[27.8600448,43.0265038],[27.8626014,43.027015],[27.863184,43.030686],[27.8629533,43.0346136],[27.8660894,43.0317947],[27.8663208,43.0295747],[27.8667847,43.02744],[27.8749172,43.0245334],[27.882122,43.025384],[27.8849099,43.0236752],[27.8875827,43.0240155],[27.8886725,43.0235144],[27.8886507,43.0234905],[27.8885907,43.0234234],[27.8884497,43.0232984],[27.8884371,43.0232873],[27.8884185,43.0232715],[27.8883464,43.0232063],[27.8883229,43.0231859],[27.8883005,43.0231687],[27.888231,43.023111],[27.8881293,43.0230262],[27.8879902,43.0228879],[27.8882552,43.0227641],[27.8884042,43.0227545],[27.8884928,43.0227488],[27.8885793,43.0227076],[27.8885957,43.0226999],[27.8886978,43.0226514],[27.8888493,43.0225794],[27.8890757,43.022338],[27.8890979,43.0223144],[27.889156,43.0222524],[27.8891546,43.0222314],[27.8891277,43.0218343],[27.8890979,43.0213618],[27.8890846,43.02115],[27.8890232,43.0201737],[27.8890349,43.0200869],[27.889053,43.0199529],[27.8891241,43.0194281],[27.8892728,43.0183303],[27.8892972,43.0181429],[27.889384,43.0158886],[27.8893815,43.0158455],[27.8893799,43.015817],[27.8892105,43.0129503],[27.8892688,43.0118377],[27.8892877,43.0114756],[27.8892919,43.0113938],[27.8893096,43.0110539],[27.8893193,43.0105709],[27.8893404,43.0095184],[27.8893431,43.0090455],[27.8893456,43.0086043],[27.8893495,43.0078614],[27.8893536,43.0078252],[27.8893643,43.0077308],[27.8894413,43.0070502],[27.8894733,43.0067649],[27.8894848,43.0066626],[27.8895096,43.006445],[27.8895474,43.0061129],[27.8896501,43.0052071],[27.8898093,43.003801],[27.8899011,43.0029899],[27.8897897,43.0023061],[27.8895671,43.0009393],[27.8894677,43.0003281],[27.8893441,42.9995678],[27.8896291,42.9985902],[27.8898036,42.9979883],[27.8898612,42.9973361],[27.8899264,42.9965979],[27.88995,42.9963301],[27.8900968,42.9946683],[27.8901239,42.9943613],[27.8902292,42.9936356],[27.8902683,42.9933655],[27.8904166,42.992341],[27.8904425,42.9921616],[27.8910748,42.9902341],[27.8914973,42.9883803],[27.8915729,42.9873036],[27.8915802,42.9871996],[27.8916111,42.9867585],[27.8917116,42.9853302],[27.892029,42.9837476],[27.8921068,42.9835624],[27.892154,42.9834486],[27.8921987,42.983341],[27.8922845,42.9831378],[27.8924181,42.9828215],[27.8926258,42.982327],[27.8891507,42.9829846],[27.8786969,42.9854626],[27.8752147,42.9860314],[27.8683569,42.9864907],[27.8620806,42.9855553],[27.8540634,42.9858148],[27.8495319,42.9859873],[27.8456978,42.9862449],[27.8424447,42.9865022],[27.8366347,42.9864196],[27.8304767,42.9867634],[27.8255981,42.9877891],[27.8189765,42.9888155],[27.8118773,42.9880403],[27.8060753,42.9868596],[27.7995686,42.9871184],[27.7939924,42.9878884],[27.789345,42.9882317],[27.7844642,42.987978],[27.7783042,42.9870426],[27.7720229,42.9829517],[27.7710954,42.9842313],[27.7598273,42.9861126],[27.7518087,42.9855192],[27.7477411,42.9851799],[27.7442589,42.9874842],[27.7414579,42.9798949],[27.7354225,42.984162],[27.7310043,42.9825435],[27.7274316,42.9808885],[27.7208875,42.9778572],[27.7103079,42.9743652],[27.7028686,42.9727481],[27.6953178,42.9740307],[27.6909055,42.9760796],[27.6863727,42.9753993],[27.6905602,42.9780413],[27.6981198,42.9822171],[27.7066108,42.9875863],[27.7086151,42.9892403],[27.7095157,42.9910328],[27.7097545,42.9915081],[27.7104128,42.9933412],[27.7094114,42.9948344],[27.7079034,42.9964556],[27.7051162,42.997395],[27.7010496,42.9976526],[27.6974481,42.9979954],[27.6939633,42.9987645],[27.6928043,42.9993028],[27.6917572,42.999789],[27.690384,43.0004532],[27.6870154,43.0031868],[27.6819029,43.0034453],[27.6757443,43.0033626],[27.6685395,43.0022559],[27.672143,43.0054134],[27.673422,43.0071204],[27.6733066,43.0089989],[27.6671491,43.0110507],[27.662966,43.0113087],[27.6579696,43.0115671],[27.6509982,43.0125948],[27.6463509,43.0140483],[27.6425169,43.0153307],[27.638914,43.0136247],[27.6363574,43.0131136],[27.6299668,43.0136287],[27.6250863,43.0131186],[27.6198567,43.0117548],[27.6164874,43.0125248],[27.6124208,43.0134657],[27.6090516,43.0108883],[27.604981,43.0064679],[27.6023072,43.0038223],[27.5976578,43.0004945],[27.595566,42.9996417],[27.574418,42.9998219],[27.5788341,43.001186],[27.582088,43.0018676],[27.5860393,43.0034027],[27.5915003,43.0026318],[27.5968454,43.002544],[27.6002157,43.0037379],[27.601379,43.0066403],[27.6040526,43.0090297],[27.6114921,43.0155153],[27.6109117,43.0168816],[27.6024298,43.0180808],[27.5926695,43.0188535],[27.5841874,43.0196258],[27.5790751,43.0205672],[27.5717542,43.0198021],[27.565712,43.0197194],[27.5617624,43.022368],[27.5557203,43.0230536],[27.5500275,43.0247638],[27.5432852,43.0187048],[27.5411963,43.0245969],[27.5368971,43.0248551],[27.5309717,43.0263945],[27.5287639,43.0263956],[27.5253932,43.0243479],[27.5179571,43.0256319],[27.5131928,43.024951],[27.5077322,43.0267464],[27.5041295,43.0254673],[27.5016893,43.0254684],[27.500062,43.0242739],[27.4973888,43.0228236],[27.4943654,43.017702],[27.4940155,43.0148847],[27.4901796,43.0117273],[27.4808823,43.0083163],[27.4720505,43.006698],[27.4679829,43.0050776],[27.4677482,43.0000403],[27.4642105,42.998407],[27.4641659,42.9983864],[27.4633054,42.9979892],[27.4624657,42.9957527],[27.4651589,42.9942622],[27.4643188,42.992647],[27.4660044,42.9884231],[27.4641565,42.9844473],[27.4578102,42.9802176],[27.4540654,42.9784826],[27.4525528,42.9761219],[27.4493585,42.9727671],[27.455418,42.9695377],[27.457609,42.96432],[27.455595,42.9573624],[27.4552588,42.9568654],[27.4542448,42.9630772],[27.4495291,42.9694127],[27.4486844,42.9741337],[27.4491876,42.97637],[27.4547359,42.9820856],[27.4592778,42.9834528],[27.4596109,42.9881739],[27.4628059,42.9907833],[27.4631403,42.9935166],[27.4597728,42.9968705],[27.4611632,42.997964],[27.4611853,42.9979815],[27.4639137,43.0001274],[27.4668201,43.0033705],[27.4646137,43.006616],[27.467171,43.0085785],[27.4715874,43.0105403],[27.4756554,43.0128438],[27.4811176,43.0148051],[27.4821643,43.0169391],[27.485535,43.0189867],[27.4857682,43.0209504],[27.4873958,43.022828],[27.4878614,43.0247062],[27.485654,43.0256463],[27.4803088,43.0252218],[27.4748471,43.0244558],[27.4683398,43.0239891],[27.4628795,43.0261688],[27.4577664,43.0252319],[27.4536998,43.0262582],[27.4497489,43.0257051],[27.4490514,43.0249796],[27.449515,43.0222472],[27.4481203,43.0216075],[27.4444041,43.0263478],[27.4281384,43.0310083],[27.423026,43.0316509],[27.4190751,43.0313538],[27.4173319,43.0307143],[27.4148902,43.0274282],[27.4079191,43.0293097],[27.4088503,43.0325964],[27.4075292,43.0344997],[27.4051433,43.0343152],[27.3997864,43.0316613],[27.3961841,43.0313213],[27.3912045,43.0333006],[27.3860562,43.0333935],[27.3788986,43.0332095],[27.3737507,43.0343184],[27.3662169,43.0352429],[27.3626034,43.0327024],[27.3600624,43.0320106],[27.3563278,43.0307415],[27.3538863,43.0274981],[27.3542076,43.0309795],[27.3483847,43.0328431],[27.3414787,43.033398],[27.3355765,43.032752],[27.3317672,43.0293912],[27.3316352,43.0292748],[27.3311799,43.028873],[27.3306614,43.0291199],[27.3290456,43.0298893],[27.3231438,43.0299822],[27.3199839,43.0331099],[27.3195039,43.033585],[27.3156124,43.0361718],[27.3105903,43.0378349],[27.3075477,43.0370108],[27.3052094,43.0363775],[27.301676,43.034972],[27.2978132,43.0329393],[27.2977547,43.0329739],[27.2942626,43.0298929],[27.2948891,43.0270293],[27.2855966,43.0262913],[27.2830846,43.0249061],[27.2828322,43.0223197],[27.2847154,43.0213035],[27.2848178,43.0169235],[27.2831883,43.0158761],[27.2815732,43.014838],[27.276048,43.0146538],[27.272029,43.0128068],[27.2631141,43.0141933],[27.2573377,43.013732],[27.2547019,43.0165034],[27.2492564,43.0251797],[27.2634946,43.0226912],[27.2662572,43.0228757],[27.2718679,43.0234535],[27.2736355,43.0236355],[27.2775591,43.0240753],[27.2798198,43.0249064],[27.2825831,43.0268459],[27.2876068,43.0286927],[27.2926303,43.0303549],[27.2947669,43.0345113],[27.2953739,43.0366908],[27.2952703,43.0370975],[27.296025,43.0399609],[27.2962293,43.0405611],[27.2967795,43.0421777],[27.2915068,43.0453188],[27.2811551,43.0472534],[27.2785995,43.0491329],[27.2820853,43.0487898],[27.2924259,43.0465654],[27.2968429,43.049637],[27.3026533,43.0509151],[27.303235,43.0525371],[27.3046289,43.0512558],[27.3159003,43.0517631],[27.316018,43.0551782],[27.3242661,43.0508201],[27.3332131,43.0502185],[27.3413465,43.0492756],[27.3491318,43.0491868],[27.3550584,43.0503795],[27.3611012,43.0515721],[27.3703971,43.0516533],[27.3759747,43.0518216],[27.3824819,43.0519041],[27.3852711,43.0530128],[27.3872472,43.0546341],[27.3884107,43.0579634],[27.3892241,43.0583046],[27.3902694,43.0568527],[27.3908492,43.0543764],[27.3929405,43.0537778],[27.3989826,43.0532628],[27.4004423,43.0524345],[27.4030485,43.0509557],[27.4059529,43.0497591],[27.4093227,43.049843],[27.4139713,43.0513778],[27.4153978,43.0517664],[27.4180387,43.0524859],[27.4226865,43.0520569],[27.4242285,43.0511747],[27.4268685,43.0496644],[27.4290752,43.047102],[27.4347684,43.0459895],[27.4439484,43.0466685],[27.457545,43.0502484],[27.4604504,43.0510155],[27.4638214,43.0539169],[27.4673902,43.0543616],[27.4692831,43.0545975],[27.4764869,43.0536551],[27.4782295,43.0528005],[27.4801052,43.0490671],[27.4802031,43.0488722],[27.4827586,43.0469927],[27.4839571,43.0468709],[27.4987933,43.0453633],[27.5061151,43.0484337],[27.5218707,43.0550108],[27.534703,43.0555929],[27.5436498,43.0546497],[27.5528293,43.0542188],[27.5600332,43.0533617],[27.5631706,43.0532749],[27.5664244,43.0539565],[27.5729304,43.051563],[27.5857866,43.0519071],[27.5886173,43.0519829],[27.6039544,43.0495854],[27.6095303,43.045997],[27.6132484,43.0452269],[27.6155717,43.0440305],[27.6204521,43.0441137],[27.6251005,43.0452215],[27.6289346,43.0441952],[27.633466,43.0435956],[27.6375065,43.0437635],[27.637533,43.0437646],[27.6376182,43.04374],[27.6428775,43.0422253],[27.6455719,43.0420718],[27.6458986,43.0420532],[27.6472938,43.0437602],[27.6527541,43.0416233],[27.6605385,43.0396561],[27.6645366,43.0388448],[27.6719249,43.0373456],[27.6734813,43.0370316],[27.6804066,43.0356343],[27.684474,43.0368278],[27.6850561,43.0392181],[27.6790158,43.043746],[27.6837792,43.0422071],[27.6868006,43.0426326],[27.6920283,43.0399835],[27.694585,43.04058],[27.6960975,43.0451045],[27.6988848,43.0418588],[27.6978377,43.0388709],[27.6982104,43.0337625],[27.7002756,43.0336617],[27.7028321,43.0342582],[27.7023664,43.0319531],[27.7030622,43.0288791],[27.7100309,43.0216187],[27.7151423,43.0187135],[27.7196736,43.0177723],[27.7217656,43.0187959],[27.722279,43.0199961],[27.7226961,43.02093],[27.7250196,43.0199898],[27.7268352,43.0202243],[27.7296463,43.0209775],[27.7339676,43.0215226],[27.7391963,43.0211788],[27.7434953,43.0204085],[27.7470966,43.0185285],[27.7509306,43.0171606],[27.7543005,43.0174153],[27.7577868,43.0184383],[27.7649911,43.0185205],[27.7660377,43.0200569],[27.7697557,43.0192868],[27.7773078,43.0177466],[27.7806778,43.0183428],[27.7817244,43.0200498],[27.7763811,43.0242358],[27.7659048,43.0344764],[27.7625589,43.0361953],[27.7587267,43.0414906],[27.7597732,43.0431123],[27.7584961,43.0455035],[27.7562891,43.0472121],[27.755826,43.0509691],[27.7561787,43.06019],[27.7569936,43.0636048],[27.7619906,43.0646272],[27.7622238,43.0665908],[27.7615271,43.067701],[27.7630384,43.0693226],[27.7626913,43.0726525],[27.7585113,43.0796556],[27.75282,43.0849517],[27.7511952,43.0896483],[27.7475962,43.0965657],[27.7506165,43.0946861]]]]}},{"type":"Feature","id":"BG2G000000Q006","properties":{"OBJECTID":25,"localId":"BG2G000000Q006","nameTxtInt":"POROUS WATERS - QUATERNARY HADJIISKA RIVER","nameText":"POROUS WATERS - QUATERNARY HADJIISKA RIVER","horizons":"1","Type":"2","Age":"Q","n":5.0,"cod":"BG2G000000Q006","ime":"Порови води в кватернера на р. Хаджийска","risk_q":"Не е в риск","risk_ch":"Не е в риск","q_s":"добро","dostoverno":"Средна","ch_s":"добро","dostover_1":"Висока","sustoyanie":"добро","sustoyan_1":"добро","Shape_Leng":163541.632133,"Shape_Area":174215593.57,"gwb_code":"BG2G000000Q006","gwb_name":"Порови води в кватернера на р. Хаджийска","basin_district":"BG2"},"geometry":{"type":"Polygon","coordinates":[[[27.2427,42.8221419],[27.2600659,42.8190038],[27.2626478,42.8193535],[27.263351,42.8181316],[27.273911,42.8156901],[27.2748508,42.8172615],[27.275789,42.8162143],[27.2868188,42.8144712],[27.2901084,42.8200585],[27.2912784,42.8148215],[27.3025408,42.8099361],[27.3062977,42.8125556],[27.3046529,42.8095875],[27.3128639,42.8043522],[27.3142736,42.8064474],[27.3152108,42.8041782],[27.3281169,42.8003406],[27.3281174,42.8012135],[27.3304633,42.7994684],[27.3379737,42.7994701],[27.343137,42.7991223],[27.3494738,42.7989493],[27.3544022,42.7984267],[27.360035,42.798428],[27.3701281,42.7996525],[27.3717724,42.8019224],[27.3729447,42.8000024],[27.3750647,42.8000905],[27.3813942,42.8003535],[27.3844453,42.8001797],[27.38867,42.8003552],[27.3926601,42.8007054],[27.3931324,42.8048953],[27.3943524,42.8064068],[27.3966558,42.8092606],[27.3999407,42.8078647],[27.4072162,42.8075173],[27.4133177,42.8062968],[27.4192249,42.805517],[27.4238783,42.8049027],[27.4309187,42.803857],[27.4405403,42.8021136],[27.4471109,42.800544],[27.4527435,42.8001962],[27.4593151,42.8000232],[27.4649482,42.8005483],[27.4680001,42.8015965],[27.480439,42.8012503],[27.4872452,42.8009028],[27.496868,42.8009051],[27.4996835,42.7996838],[27.5095401,42.7982896],[27.512358,42.8005597],[27.514937,42.7963705],[27.5245523,42.7943859],[27.5245549,42.7943854],[27.5276091,42.793755],[27.5339456,42.7930582],[27.5344179,42.7974227],[27.5449782,42.7955049],[27.5557728,42.7928889],[27.5923796,42.782947],[27.5949629,42.7853917],[27.5937929,42.790454],[27.5961395,42.7899309],[27.598957,42.7915028],[27.5980156,42.7876618],[27.5956649,42.7820749],[27.6158432,42.7731764],[27.6296872,42.7679425],[27.650571,42.7611392],[27.6660588,42.7573022],[27.6862404,42.7531173],[27.6883489,42.7475315],[27.6936662,42.7472285],[27.694451,42.7471838],[27.6998481,42.7457884],[27.7021937,42.7435196],[27.6993728,42.7368851],[27.6984471,42.7358527],[27.6979636,42.7353135],[27.6967748,42.7322663],[27.6959837,42.7283566],[27.6938787,42.7244466],[27.6928254,42.7213188],[27.6970291,42.7195605],[27.6983458,42.7236658],[27.6999249,42.7271847],[27.7028155,42.7267944],[27.7051795,42.7250357],[27.7072784,42.7197584],[27.7096419,42.7172178],[27.7125305,42.7138955],[27.7157858,42.7127976],[27.720714,42.711926],[27.7251716,42.7094829],[27.7279685,42.7087599],[27.729904,42.7082595],[27.7287622,42.7078932],[27.7285624,42.7078292],[27.7284015,42.7077775],[27.7283522,42.7077508],[27.7266213,42.7067394],[27.7263903,42.7066044],[27.7261084,42.7064396],[27.7257567,42.7062341],[27.7250134,42.7057998],[27.7244565,42.7053618],[27.7238319,42.7048707],[27.7234416,42.7045626],[27.7225134,42.7038298],[27.7217102,42.7028783],[27.720293,42.701954],[27.719919,42.7007558],[27.719769,42.7005781],[27.7178271,42.6982804],[27.7178113,42.6982529],[27.717782,42.6982018],[27.7176602,42.6979899],[27.7174456,42.6976164],[27.7172097,42.6972036],[27.7169817,42.6966242],[27.7168061,42.6961769],[27.7167136,42.6959414],[27.7163706,42.6955023],[27.7161899,42.6952731],[27.7159749,42.6950005],[27.7158977,42.6946676],[27.7153991,42.6925187],[27.7153479,42.6922982],[27.7152096,42.6918758],[27.7151642,42.6917375],[27.7150372,42.6913501],[27.7150027,42.691123],[27.714925,42.6906123],[27.7148792,42.6903105],[27.7148458,42.6900905],[27.7140774,42.6894008],[27.7140484,42.6893742],[27.7133609,42.6868083],[27.7133491,42.6849127],[27.7133148,42.6845797],[27.7132049,42.6835132],[27.7131543,42.6830227],[27.7124697,42.6808611],[27.7121513,42.6786973],[27.712202,42.6769858],[27.7122362,42.676711],[27.7122546,42.6765632],[27.7122865,42.6763064],[27.7118415,42.674881],[27.7127307,42.6724973],[27.71277,42.6720924],[27.7127819,42.6719782],[27.7128436,42.6717227],[27.7133167,42.6698106],[27.7143427,42.667958],[27.7145118,42.6677226],[27.7149565,42.6665305],[27.7157314,42.6660672],[27.7157351,42.6660626],[27.7157655,42.6660251],[27.7158851,42.6658775],[27.7162081,42.6657535],[27.7163379,42.6657046],[27.723219,42.6615905],[27.7239729,42.661301],[27.7245033,42.6609284],[27.7248535,42.6608195],[27.7253452,42.6606664],[27.7254519,42.6606328],[27.7256507,42.6605699],[27.7266122,42.6601046],[27.7270812,42.660037],[27.7273756,42.6599945],[27.7297365,42.659088],[27.7407902,42.6600057],[27.7408033,42.6600031],[27.7356311,42.6575354],[27.735425,42.6575314],[27.7352362,42.6575193],[27.7350812,42.6575092],[27.7346025,42.6574763],[27.7345829,42.6574694],[27.7342172,42.6573401],[27.7335295,42.6570976],[27.7333492,42.6569309],[27.7330846,42.6566862],[27.7330723,42.6566187],[27.7330682,42.6565963],[27.7330401,42.656443],[27.7330112,42.6562854],[27.7298217,42.6547636],[27.7298218,42.6547935],[27.7306031,42.6554594],[27.7307526,42.6555868],[27.7308337,42.655656],[27.7309662,42.6557561],[27.7315273,42.6561804],[27.7319785,42.6565222],[27.7320156,42.6566975],[27.7320318,42.656774],[27.7319885,42.6567912],[27.7318823,42.6568335],[27.7318054,42.6568653],[27.7316941,42.6569113],[27.7316341,42.6569342],[27.731169,42.6567063],[27.7308814,42.6565654],[27.731766,42.657631],[27.7298093,42.6578719],[27.729759,42.6579187],[27.7297142,42.6579622],[27.7296556,42.6580165],[27.7296436,42.6580275],[27.7296227,42.6580347],[27.7295967,42.6580437],[27.7295381,42.6580638],[27.7294532,42.658093],[27.72927,42.658156],[27.7291989,42.6581797],[27.7290634,42.6582248],[27.7286076,42.6583808],[27.7282688,42.6584195],[27.7281065,42.658438],[27.7278438,42.6584667],[27.7276759,42.6584841],[27.7274736,42.6585051],[27.7273495,42.6585194],[27.7271902,42.6585245],[27.726984,42.658531],[27.7262854,42.6585532],[27.7261327,42.6585577],[27.7260659,42.6585596],[27.7258749,42.6585652],[27.7254978,42.6585762],[27.7248457,42.6584831],[27.7222235,42.658806],[27.72147,42.658063],[27.7213489,42.6580035],[27.7207121,42.6575657],[27.7205157,42.6575494],[27.7203567,42.6575369],[27.7200311,42.6575033],[27.7189672,42.6573934],[27.7188929,42.6573857],[27.7187557,42.6573714],[27.7177542,42.6566888],[27.7175981,42.6565472],[27.7174319,42.6563966],[27.717315,42.6562908],[27.7166068,42.6556468],[27.7164928,42.6555439],[27.7159229,42.6549216],[27.7158562,42.6548489],[27.7157136,42.6546933],[27.7154394,42.6543213],[27.7152837,42.6541109],[27.715008,42.6537386],[27.7146578,42.6531459],[27.7144964,42.6528727],[27.7143766,42.6526709],[27.7140049,42.6519032],[27.713356,42.6513265],[27.7131144,42.6511118],[27.7129813,42.6508358],[27.7127052,42.6502633],[27.712608,42.6498271],[27.712512,42.6494017],[27.7124912,42.6493099],[27.7124621,42.649181],[27.7118435,42.648571],[27.7101765,42.646019],[27.7101221,42.6460501],[27.7100442,42.6462592],[27.710032,42.6462917],[27.7100044,42.646367],[27.7099578,42.6464935],[27.7098905,42.6465156],[27.7097661,42.6465564],[27.7095803,42.6466174],[27.7086589,42.6469293],[27.7086339,42.6469339],[27.7085553,42.6469459],[27.7060171,42.6483971],[27.7059998,42.6484316],[27.7059442,42.6484388],[27.699648,42.6520385],[27.6952676,42.6514159],[27.6951635,42.6514157],[27.6951037,42.6514154],[27.695029,42.651415],[27.6947655,42.6514136],[27.6940091,42.6514137],[27.6933222,42.6512918],[27.6930991,42.6512544],[27.6930373,42.651244],[27.6929884,42.6512353],[27.6929129,42.6512219],[27.6927676,42.6511961],[27.6926732,42.6511792],[27.6923054,42.6511133],[27.6921927,42.6510699],[27.6921101,42.651038],[27.692032,42.6510069],[27.6919709,42.6509825],[27.691834,42.6509278],[27.691223,42.650841],[27.6909668,42.6505861],[27.6906382,42.650457],[27.6895378,42.6495408],[27.6894893,42.6495003],[27.6888165,42.6489235],[27.6885378,42.6486859],[27.6883393,42.6485166],[27.6878813,42.6479836],[27.6876349,42.6476968],[27.6872572,42.6473254],[27.6870085,42.64708],[27.6869655,42.6470376],[27.6867446,42.6468196],[27.6858551,42.646082],[27.6853635,42.6456121],[27.685311,42.645563],[27.6852249,42.6454824],[27.684568,42.6448199],[27.684261,42.6445093],[27.6841124,42.6443588],[27.6840852,42.644335],[27.6839682,42.6442326],[27.6837752,42.6440637],[27.6836544,42.6439576],[27.6831486,42.6435135],[27.6827586,42.6428642],[27.6825307,42.6424848],[27.6824328,42.6423218],[27.6821461,42.6418445],[27.6819792,42.6416437],[27.678789,42.6384695],[27.6767227,42.635744],[27.6765774,42.6358391],[27.6765474,42.6358588],[27.6765283,42.6360836],[27.6765107,42.6362899],[27.6766229,42.6368656],[27.6765513,42.6369426],[27.6764554,42.6370474],[27.6764187,42.6370875],[27.6761861,42.6373388],[27.6761422,42.6373863],[27.6760474,42.6374098],[27.6760055,42.6374201],[27.6757324,42.6374878],[27.6749311,42.6376906],[27.6747379,42.6377387],[27.674681,42.6377362],[27.6744641,42.6377159],[27.6743891,42.6377094],[27.673144,42.6376021],[27.6716638,42.6375477],[27.6712368,42.6375412],[27.6710883,42.6375393],[27.6707504,42.6375351],[27.6705982,42.6375323],[27.6666205,42.6387595],[27.6665543,42.6387465],[27.6660385,42.6389674],[27.6659873,42.6389774],[27.6659013,42.6389941],[27.6651316,42.6391438],[27.6650022,42.6391712],[27.6649422,42.6391809],[27.6646318,42.6392412],[27.6637483,42.6392419],[27.6636178,42.6392426],[27.6635584,42.639243],[27.6627959,42.6391528],[27.6622182,42.639083],[27.6620496,42.6390606],[27.6619662,42.6390496],[27.6615741,42.6389855],[27.6612721,42.6389391],[27.6611147,42.6389149],[27.6609489,42.6388336],[27.6606703,42.6386968],[27.6604941,42.6386213],[27.6604601,42.6386067],[27.6602452,42.6385141],[27.6598439,42.6383414],[27.6595223,42.6382036],[27.658958,42.6379708],[27.6582628,42.637684],[27.6577335,42.637516],[27.6575283,42.6374497],[27.6575043,42.637442],[27.6572264,42.6373523],[27.6561152,42.6368048],[27.6559905,42.6367501],[27.655654,42.6366025],[27.6542482,42.636326],[27.6542446,42.6363262],[27.6539675,42.6363398],[27.6538541,42.6364192],[27.6537601,42.636485],[27.6535757,42.6366128],[27.6535419,42.6366362],[27.6533409,42.6369452],[27.6532488,42.6372264],[27.6531542,42.6375151],[27.6530224,42.6377878],[27.6529468,42.6379441],[27.6528848,42.6380721],[27.6528222,42.6382015],[27.6523786,42.6384242],[27.6520635,42.6389085],[27.650761,42.6388163],[27.6506022,42.6388359],[27.6504535,42.6388543],[27.6496542,42.6388367],[27.6495219,42.6388337],[27.6494434,42.638832],[27.6491573,42.6388257],[27.6488774,42.6387461],[27.6485817,42.638662],[27.646618,42.638523],[27.6459894,42.6377933],[27.6459627,42.6377836],[27.6458375,42.6377379],[27.6457495,42.6377057],[27.6455949,42.637648],[27.6455447,42.6376292],[27.6454548,42.6375948],[27.6448252,42.6371571],[27.6447336,42.6370721],[27.6446787,42.637023],[27.6446436,42.6369915],[27.6441826,42.6365663],[27.6439567,42.6363567],[27.643787,42.6361993],[27.6436576,42.6360899],[27.6433056,42.6357923],[27.6431791,42.6357139],[27.6431038,42.6356673],[27.642797,42.6354844],[27.6427134,42.6354354],[27.6424346,42.6350962],[27.6420835,42.6346689],[27.6419404,42.6345924],[27.6417588,42.6344952],[27.6415921,42.634406],[27.6410089,42.6340941],[27.6409301,42.6340504],[27.6408563,42.6340094],[27.6404224,42.6337687],[27.6404044,42.6335033],[27.6404007,42.6334492],[27.6403908,42.633303],[27.6403845,42.6332106],[27.6403587,42.6328311],[27.6403559,42.63279],[27.6403523,42.6327379],[27.6403414,42.6325623],[27.6395631,42.631441],[27.6392184,42.6311047],[27.638526,42.6304292],[27.6382049,42.630027],[27.6381036,42.6299002],[27.6375624,42.6292233],[27.636672,42.6278253],[27.6366624,42.6278078],[27.6365082,42.6275252],[27.6364666,42.6274489],[27.6362988,42.627141],[27.6361889,42.6269383],[27.635995,42.6265805],[27.6359314,42.6264631],[27.6355686,42.6256974],[27.63529,42.625374],[27.634992,42.6239957],[27.6346087,42.6229852],[27.6345089,42.6227227],[27.6328785,42.6270613],[27.6321144,42.63197],[27.63171,42.6345677],[27.6324171,42.6389323],[27.6326687,42.6401635],[27.6326697,42.6401683],[27.6335945,42.6446935],[27.6317209,42.6508032],[27.6291429,42.656389],[27.6216374,42.6637193],[27.6204669,42.668258],[27.617888,42.6724471],[27.61789,42.6754149],[27.6171869,42.6768114],[27.6221186,42.6813515],[27.6202441,42.6860646],[27.6183683,42.6886827],[27.6110964,42.694442],[27.6106286,42.6968859],[27.6089866,42.6982821],[27.6096914,42.6993298],[27.6176695,42.6965385],[27.6221278,42.6949684],[27.6270544,42.6918272],[27.6286952,42.6886852],[27.6284583,42.6853683],[27.6296301,42.6829245],[27.6308025,42.681179],[27.6298623,42.6790839],[27.6298609,42.676989],[27.6307985,42.6752435],[27.6331427,42.6710542],[27.6378335,42.6663419],[27.6399436,42.6628509],[27.6436956,42.6581383],[27.6455718,42.6560438],[27.6446307,42.6525521],[27.642283,42.651504],[27.6469708,42.6422527],[27.6485346,42.6397578],[27.6486119,42.6396344],[27.6492713,42.6399451],[27.6554929,42.6428766],[27.6556552,42.6429531],[27.6598826,42.647144],[27.6627021,42.651509],[27.6673973,42.6534304],[27.6732665,42.6558759],[27.6770235,42.6584954],[27.6774952,42.6618125],[27.6782008,42.6640821],[27.6821903,42.6635594],[27.6871193,42.6639097],[27.688059,42.665132],[27.6852448,42.6684482],[27.6838369,42.6689716],[27.6828969,42.6670511],[27.6800816,42.6687962],[27.6770299,42.6679225],[27.6739812,42.6715878],[27.6749161,42.6738444],[27.6758036,42.6759865],[27.6758619,42.6761272],[27.6751607,42.6804915],[27.6707043,42.6848547],[27.6671859,42.6881708],[27.6650755,42.6909635],[27.6627286,42.6911375],[27.6602813,42.691244],[27.6587388,42.6913111],[27.6541416,42.6952578],[27.65264,42.6965469],[27.6502946,42.6988158],[27.6446633,42.701084],[27.6416134,42.7030036],[27.6392676,42.7047487],[27.6371559,42.7056211],[27.6345766,42.7092865],[27.6294147,42.7115548],[27.6286985,42.711835],[27.6249565,42.7132994],[27.6223752,42.7139971],[27.6207338,42.7162661],[27.6186227,42.718186],[27.6132258,42.7199305],[27.6087681,42.7223734],[27.6026672,42.7244668],[27.5956285,42.7279566],[27.5899984,42.7319705],[27.5853069,42.7358101],[27.5794439,42.742617],[27.5733422,42.7433139],[27.5667729,42.7468038],[27.5634896,42.7506437],[27.5587982,42.7546578],[27.5552805,42.7588467],[27.5505883,42.7614642],[27.5463642,42.762336],[27.5411998,42.7609382],[27.5390857,42.758319],[27.5386156,42.7572715],[27.5372083,42.7586677],[27.5400273,42.7625091],[27.5473037,42.7633837],[27.5480087,42.7647804],[27.5454285,42.7670493],[27.5311141,42.7705373],[27.524778,42.7717579],[27.52149,42.7686147],[27.520317,42.7693127],[27.5179708,42.7705342],[27.5137462,42.7707078],[27.5104595,42.7693104],[27.5097536,42.7666916],[27.5088162,42.7687863],[27.5067057,42.7715789],[27.50389,42.7726257],[27.5010729,42.7715776],[27.4970838,42.7727987],[27.4952693,42.7730595],[27.4952668,42.7730598],[27.4898087,42.7738444],[27.4855835,42.7729704],[27.4832358,42.7719224],[27.4851153,42.7747161],[27.4862909,42.7778587],[27.48371,42.7790801],[27.4799537,42.777508],[27.4761976,42.7762851],[27.4722074,42.7757604],[27.467748,42.7757593],[27.4618806,42.7759325],[27.4569521,42.7762804],[27.4508501,42.7766281],[27.4447483,42.777325],[27.4374746,42.7804655],[27.4323121,42.7818609],[27.4262096,42.7815103],[27.4182288,42.7799372],[27.4137683,42.7783649],[27.4088389,42.7773163],[27.4015642,42.7788857],[27.4064936,42.7799343],[27.4102506,42.7825538],[27.4083745,42.7848229],[27.4029772,42.7860436],[27.39711,42.7865659],[27.3914782,42.7881357],[27.3872525,42.7865635],[27.3830269,42.7849913],[27.3802104,42.7849906],[27.379741,42.7849905],[27.3771571,42.781673],[27.3717597,42.7828937],[27.3649546,42.7846378],[27.3555673,42.7858576],[27.3501695,42.7863799],[27.3454762,42.7876009],[27.3445386,42.7891718],[27.3424264,42.7895205],[27.3391419,42.79144],[27.3365601,42.7912648],[27.3325699,42.7909147],[27.3283456,42.7914374],[27.3243568,42.7931822],[27.3217756,42.7938799],[27.3184889,42.792657],[27.3140298,42.7930051],[27.3102754,42.7942262],[27.3074597,42.795273],[27.3041737,42.7950976],[27.2992456,42.7959693],[27.2875117,42.7977123],[27.2830524,42.7978857],[27.2795319,42.7978849],[27.2762467,42.7987569],[27.272022,42.7987559],[27.2661542,42.7984054],[27.2616957,42.7996263],[27.2562986,42.8010216],[27.252543,42.8006715],[27.2478479,42.7989247],[27.253009,42.7954344],[27.2614564,42.7926432],[27.2673216,42.7893277],[27.2600462,42.7896752],[27.2546488,42.7908958],[27.2490186,42.7947352],[27.2426841,42.7983996],[27.2405718,42.7985737],[27.2401009,42.7963042],[27.2405686,42.7936857],[27.2377538,42.796129],[27.2349386,42.7978741],[27.2257863,42.7996176],[27.2210937,42.8017114],[27.215698,42.8053761],[27.2074864,42.8097386],[27.2025605,42.8139271],[27.1948198,42.8207337],[27.188253,42.8278897],[27.1838019,42.8401089],[27.2004618,42.8343519],[27.2194681,42.8275481],[27.2427,42.8221419]]]}},{"type":"Feature","id":"BG2G000000Q007","properties":{"OBJECTID":26,"localId":"BG2G000000Q007","nameTxtInt":"POROUS WATERS - QUATERNARY LUDA KAMCHIA RIVER","nameText":"POROUS WATERS - QUATERNARY LUDA KAMCHIA RIVER","horizons":"1","Type":"2","Age":"Q","n":6.0,"cod":"BG2G000000Q007","ime":"Порови води в кватернер на р. Луда Камчия","risk_q":"Не е в риск","risk_ch":"Не е в риск","q_s":"добро","dostoverno":" -","ch_s":"добро","dostover_1":" -","sustoyanie":"добро","sustoyan_1":"добро","Shape_Leng":130538.58317,"Shape_Area":104088568.272,"gwb_code":"BG2G000000Q007","gwb_name":"Порови води в кватернер на р. Луда Камчия","basin_district":"BG2"},"geometry":{"type":"Polygon","coordinates":[[[26.9751918,42.8898592],[26.9859642,42.8815351],[27.0019799,42.8835667],[27.0160629,42.8829563],[27.032629,42.8788914],[27.0522367,42.8827425],[27.0721046,42.8707505],[27.0823078,42.8618085],[27.0868218,42.8543903],[27.0900757,42.8467005],[27.0877785,42.8382943],[27.0841965,42.8297218],[27.0737135,42.8307444],[27.0652495,42.8330243],[27.0535034,42.8380752],[27.0414408,42.8429449],[27.0339188,42.8400045],[27.0231461,42.8390463],[27.0136794,42.8383271],[27.0022545,42.8415309],[26.9829384,42.8392958],[26.9713468,42.8437611],[26.9663756,42.8508673],[26.965542,42.8610206],[26.9729921,42.867724],[26.9879003,42.8652897],[26.9891919,42.8690766],[26.9859659,42.8742246],[26.9839668,42.8676347],[26.9764549,42.8690747],[26.9732656,42.8736131],[26.9565325,42.8695494],[26.9578316,42.8803601],[26.9572433,42.8864017],[26.9542069,42.8845729],[26.9450956,42.8829443],[26.9387422,42.8851748],[26.9299018,42.8884189],[26.9241054,42.8859784],[26.9205186,42.8835391],[26.9257672,42.881918],[26.9359885,42.8776597],[26.9346131,42.8727853],[26.9321352,42.8664886],[26.923579,42.8650617],[26.9172272,42.8668849],[26.9147465,42.8640401],[26.9075707,42.8630192],[26.9050809,42.8664694],[26.9006548,42.8721516],[26.8959654,42.8697106],[26.8912774,42.8666602],[26.8865802,42.8688894],[26.8802262,42.8711167],[26.8763675,42.8678635],[26.8714012,42.8664365],[26.8641091,42.8685161],[26.8656039,42.8664298],[26.8703025,42.8637953],[26.873899,42.859941],[26.8686617,42.8564829],[26.8628617,42.8581007],[26.8523829,42.8555292],[26.8494343,42.8596093],[26.8419215,42.8605601],[26.8324543,42.8595857],[26.828621,42.8629283],[26.8259337,42.8559725],[26.8171141,42.8571599],[26.812206,42.8605152],[26.8082979,42.8571455],[26.8034038,42.8559361],[26.7998012,42.859293],[26.7978546,42.8554459],[26.7896908,42.8556715],[26.7834912,42.8544588],[26.779268,42.848445],[26.7652257,42.849378],[26.7518534,42.8459866],[26.7502056,42.8498267],[26.7472306,42.8522178],[26.7443427,42.8464505],[26.7348854,42.8440267],[26.7224619,42.8480812],[26.7138537,42.8480778],[26.7196777,42.841797],[26.7119586,42.8401533],[26.7095018,42.834461],[26.7216494,42.8328666],[26.7191993,42.82555],[26.7112102,42.8230933],[26.7065512,42.8165831],[26.700204,42.8171759],[26.6889027,42.8155212],[26.6773293,42.8132554],[26.6687788,42.8132309],[26.6585577,42.8160439],[26.6555055,42.819284],[26.6464164,42.8168194],[26.6354127,42.8117081],[26.6290653,42.8122969],[26.638957,42.8188268],[26.6499759,42.821501],[26.6565898,42.8227395],[26.667897,42.823382],[26.6709035,42.8286706],[26.6645218,42.8353534],[26.6501235,42.8442455],[26.6464955,42.8513419],[26.6556224,42.8479175],[26.6702449,42.8487728],[26.6807196,42.8512394],[26.6762931,42.8532576],[26.6696204,42.8623768],[26.6762507,42.8613804],[26.6892305,42.8601979],[26.7024801,42.8602331],[26.7151953,42.8564071],[26.7226605,42.8535824],[26.7289934,42.8570498],[26.7364589,42.8540211],[26.7441787,42.8560694],[26.7532864,42.8562924],[26.7538215,42.8605581],[26.7518778,42.8633969],[26.7582222,42.8646289],[26.7662155,42.8678946],[26.7601152,42.8747864],[26.7614613,42.8837243],[26.7675051,42.8920626],[26.7735795,42.8924809],[26.7810535,42.8876218],[26.7843879,42.8817391],[26.7907526,42.8776895],[26.7865885,42.8841801],[26.7920998,42.8876424],[26.8048107,42.8852279],[26.8136559,42.8823997],[26.8177883,42.8856555],[26.8222049,42.8862716],[26.8269063,42.883842],[26.8313312,42.8814117],[26.8269137,42.8812021],[26.8277534,42.8771419],[26.8288724,42.8718638],[26.8327469,42.8684173],[26.83772,42.8670029],[26.8399206,42.8700521],[26.8440531,42.87351],[26.8479284,42.8694538],[26.857045,42.8668256],[26.8586963,42.8690615],[26.8614457,42.8741416],[26.8675172,42.8753672],[26.8735956,42.8733434],[26.8777342,42.8747693],[26.8832562,42.8747751],[26.8912671,42.8725492],[26.8937453,42.8764099],[26.8989857,42.8798668],[26.9067242,42.8752028],[26.9141772,42.876427],[26.9202514,42.8766345],[26.9260564,42.8709524],[26.9257748,42.8756229],[26.9172114,42.878663],[26.9083652,42.8857638],[26.9144379,42.8875961],[26.9207838,42.8920682],[26.9282395,42.8930885],[26.9439881,42.8861929],[26.9473007,42.887616],[26.9506109,42.892288],[26.9646945,42.8949332],[26.9751918,42.8898592]]]}},{"type":"Feature","id":"BG2G000000Q008","properties":{"OBJECTID":27,"localId":"BG2G000000Q008","nameTxtInt":"POROUS WATERS - QUATERNARY AYTOS RIVER","nameText":"POROUS WATERS - QUATERNARY AYTOS RIVER","horizons":"1","Type":"2","Age":"Q","n":7.0,"cod":"BG2G000000Q008","ime":"Порови води в кватернера  на  р. Айтоска","risk_q":"Не е в риск","risk_ch":"В риск","q_s":"добро","dostoverno":"Средна","ch_s":"лошо","dostover_1":"Висока","sustoyanie":"лошо","sustoyan_1":"лошо","Shape_Leng":128941.918785,"Shape_Area":102929287.379,"gwb_code":"BG2G000000Q008","gwb_name":"Порови води в кватернера  на  р. Айтоска","basin_district":"BG2"},"geometry":{"type":"Polygon","coordinates":[[[27.1720405,42.7392807],[27.1929463,42.738555],[27.2039801,42.7346571],[27.2138849,42.7265115],[27.2246764,42.7194438],[27.2434885,42.7085146],[27.2485944,42.7055482],[27.2544269,42.7033696],[27.2581024,42.7019967],[27.2704276,42.6974057],[27.2726233,42.6964407],[27.2816808,42.6924598],[27.2863924,42.690389],[27.2961359,42.6855379],[27.2991853,42.6880511],[27.2982504,42.6826786],[27.3117535,42.6720223],[27.3182107,42.6679505],[27.3225501,42.6715038],[27.3224346,42.6689043],[27.3203269,42.6624052],[27.3202095,42.6624918],[27.3163424,42.6549527],[27.3158127,42.651818],[27.3144685,42.6498401],[27.3144542,42.6498218],[27.3117719,42.6463737],[27.3118918,42.6429077],[27.3090777,42.6396146],[27.3080245,42.6355419],[27.3072043,42.6338954],[27.3051209,42.6326122],[27.3019247,42.6321617],[27.2987567,42.6314682],[27.294651,42.6292147],[27.2911541,42.6294664],[27.2870476,42.6306002],[27.2842306,42.6297266],[27.2838767,42.6270207],[27.2842319,42.6266714],[27.2871603,42.6237918],[27.2910304,42.6201267],[27.2913761,42.6106124],[27.2932503,42.6054629],[27.2952396,42.5970837],[27.296864,42.594413],[27.2983397,42.5919868],[27.3008663,42.5878326],[27.3098982,42.5817247],[27.3123568,42.5732584],[27.3149361,42.5695056],[27.3159898,42.5658398],[27.3189228,42.5647058],[27.3189208,42.561738],[27.3209112,42.55493],[27.3229048,42.5528357],[27.3245473,42.552225],[27.325447,42.5510866],[27.3268924,42.5492579],[27.3352181,42.5400947],[27.3393228,42.536255],[27.3481204,42.5306707],[27.3501131,42.527267],[27.3501098,42.5224662],[27.3515998,42.5204497],[27.3526891,42.5189754],[27.3549206,42.5175681],[27.358085,42.5155724],[27.3647726,42.5133919],[27.3701709,42.5134804],[27.3722294,42.51421],[27.37733,42.5146169],[27.3799715,42.5169227],[27.3800306,42.5169743],[27.3823969,42.5154172],[27.3830804,42.5149674],[27.3878911,42.5139211],[27.394347,42.5161921],[27.3911764,42.5130491],[27.3883593,42.5121755],[27.3813192,42.5135704],[27.3763896,42.5122599],[27.3721639,42.5107749],[27.3682911,42.5103376],[27.363126,42.5078051],[27.3601909,42.5059713],[27.3565526,42.5052721],[27.3517397,42.5030015],[27.3519724,42.5000337],[27.3553738,42.4974159],[27.3550211,42.4964557],[27.352791,42.4957568],[27.3482145,42.4960176],[27.3450465,42.4968897],[27.3439883,42.4937471],[27.3431654,42.4915648],[27.3443367,42.4883354],[27.3458604,42.4855425],[27.3483142,42.4850173],[27.3490265,42.4820518],[27.349143,42.4806552],[27.3449196,42.4825745],[27.3415191,42.4865017],[27.3368283,42.4913886],[27.3249772,42.4933934],[27.3214567,42.4933925],[27.318908,42.492507],[27.3130062,42.4916447],[27.3074905,42.4912943],[27.3032669,42.4927771],[27.3006865,42.4947841],[27.298105,42.49522],[27.296933,42.4974018],[27.2935308,42.4988849],[27.2901277,42.4990587],[27.2873109,42.4984469],[27.2860221,42.5014144],[27.2844972,42.5025488],[27.2768695,42.502547],[27.2745238,42.5044667],[27.2705339,42.5045531],[27.2668953,42.5035047],[27.2645489,42.5044643],[27.2618508,42.5059475],[27.259505,42.50778],[27.2570408,42.5080413],[27.2549275,42.5066442],[27.2543394,42.5044618],[27.2511724,42.5067306],[27.2483564,42.5073409],[27.2447182,42.5069035],[27.2407288,42.5077755],[27.236506,42.5104803],[27.2342775,42.5122256],[27.2318625,42.5127223],[27.2231324,42.5169364],[27.2226649,42.5197295],[27.2202022,42.5222603],[27.219148,42.5252278],[27.2203226,42.5267992],[27.2244291,42.5256655],[27.2280641,42.521302],[27.2321689,42.5177242],[27.2359223,42.5150192],[27.2396755,42.5120523],[27.2468334,42.5111811],[27.2461313,42.5142361],[27.2511747,42.510222],[27.2543427,42.5095245],[27.2579811,42.5102237],[27.2620875,42.5089153],[27.2645513,42.5079558],[27.2671326,42.5074327],[27.2695974,42.5081316],[27.2768703,42.507892],[27.2801581,42.5067376],[27.2827405,42.5076983],[27.2894299,42.5083109],[27.2989343,42.5069167],[27.3009299,42.50779],[27.3009306,42.5088375],[27.2965906,42.5116296],[27.2937766,42.515295],[27.2896708,42.5175635],[27.2860323,42.5166898],[27.2801646,42.5164265],[27.2791092,42.5174736],[27.2846248,42.5177368],[27.2876774,42.5199198],[27.2929577,42.51931],[27.2935452,42.5202703],[27.2927249,42.5221032],[27.291201,42.5244595],[27.2951895,42.5223656],[27.2958919,42.5197472],[27.29765,42.5166053],[27.300113,42.514511],[27.3060964,42.5123302],[27.3092648,42.5122437],[27.3106738,42.5133788],[27.3084454,42.5152985],[27.3099726,42.5177429],[27.3092695,42.5192267],[27.3089187,42.521147],[27.3048151,42.5266451],[27.3066949,42.5298751],[27.3068148,42.5337158],[27.3080295,42.5359212],[27.3071715,42.5406116],[27.3110418,42.5372084],[27.3119812,42.5380815],[27.3105847,42.5404255],[27.311516,42.5442787],[27.310923,42.5451616],[27.3096403,42.5470715],[27.3083523,42.5513483],[27.3050678,42.553355],[27.3038957,42.5554497],[27.3011979,42.5574567],[27.2982679,42.5630424],[27.2960427,42.5695884],[27.2949923,42.5782296],[27.2927645,42.5810223],[27.2926485,42.5832044],[27.2873717,42.5890514],[27.2870427,42.5908773],[27.2862595,42.5952231],[27.2858037,42.5977526],[27.2836244,42.6008343],[27.284214,42.6050242],[27.2828448,42.6077473],[27.282107,42.6130542],[27.2799964,42.6155851],[27.2788166,42.6182081],[27.2805882,42.6230919],[27.2796717,42.6261349],[27.2796205,42.6279005],[27.2795372,42.630773],[27.2818852,42.6322573],[27.2823559,42.6340905],[27.280596,42.6347011],[27.2801277,42.6364467],[27.2776279,42.6391774],[27.2780196,42.6427309],[27.2757909,42.6440397],[27.2760266,42.645611],[27.2741507,42.6480546],[27.2726924,42.648535],[27.2725091,42.6502363],[27.2696944,42.6526797],[27.2676437,42.6521737],[27.2639455,42.6546859],[27.2586062,42.6543388],[27.2584316,42.6569541],[27.2574945,42.6595724],[27.256675,42.6623655],[27.2532742,42.6660307],[27.2497553,42.668474],[27.2469407,42.6711791],[27.2461217,42.6747577],[27.2435414,42.6769394],[27.2399049,42.6789461],[27.2358008,42.6838332],[27.2338071,42.6855784],[27.2314611,42.6872363],[27.2292335,42.6902036],[27.2262998,42.6903774],[27.2237173,42.6891548],[27.2216033,42.6865356],[27.2187856,42.6847892],[27.2146805,42.6880179],[27.2094011,42.6901115],[27.2067039,42.692904],[27.2044766,42.6963077],[27.2028332,42.695609],[27.2011919,42.6954906],[27.1997811,42.6991298],[27.1967282,42.7014689],[27.1900405,42.6996484],[27.1859319,42.7015542],[27.1818201,42.7078792],[27.1785526,42.7121005],[27.1769113,42.7145441],[27.1746826,42.7159402],[27.1705478,42.7169761],[27.168347,42.7180336],[27.1672923,42.7202155],[27.1667684,42.720686],[27.1638912,42.7232698],[27.1621325,42.7256261],[27.1580263,42.7273708],[27.1534057,42.7291916],[27.1474275,42.728958],[27.1409674,42.727977],[27.137342,42.727925],[27.1348653,42.7278895],[27.1308758,42.7272825],[27.1278259,42.7255491],[27.1272778,42.7234354],[27.1280656,42.718617],[27.1240709,42.725202],[27.1172665,42.722515],[27.1133965,42.7189618],[27.1129293,42.7158424],[27.1138702,42.7128963],[27.1132853,42.7103834],[27.1118772,42.7101232],[27.1107229,42.710862],[27.1088251,42.7114226],[27.105305,42.7109889],[27.1028403,42.7114219],[27.0992242,42.7133906],[27.0969124,42.7156934],[27.0945036,42.7180929],[27.0907467,42.7202587],[27.0860522,42.721038],[27.0823462,42.7225017],[27.0792445,42.7237267],[27.0777179,42.7243296],[27.0752485,42.7275586],[27.0751337,42.7277087],[27.0748467,42.7292219],[27.0744269,42.7314346],[27.0924307,42.7326795],[27.1164881,42.7332091],[27.1262942,42.733954],[27.1278745,42.7382745],[27.1275233,42.7394965],[27.1286965,42.7391476],[27.1310456,42.7422032],[27.1323133,42.7425936],[27.1344495,42.7432515],[27.1365469,42.7429734],[27.137735,42.7428158],[27.1428365,42.7398484],[27.1573881,42.7397636],[27.1720405,42.7392807]]]}},{"type":"Feature","id":"BG2G000000Q009","properties":{"OBJECTID":28,"localId":"BG2G000000Q009","nameTxtInt":"POROUS WATERS - QUATERNARY SREDETSKA RIVER-MANDRA","nameText":"POROUS WATERS - QUATERNARY SREDETSKA RIVER-MANDRA","horizons":"1","Type":"2","Age":"Q","n":8.0,"cod":"BG2G000000Q009","ime":"Порови води в кватернера  на р.  Средецка – Мандра","risk_q":"Не е в риск","risk_ch":"Не е в риск","q_s":"добро","dostoverno":"Висока","ch_s":"добро","dostover_1":"Висока","sustoyanie":"добро","sustoyan_1":"лошо","Shape_Leng":457253.673158,"Shape_Area":231936533.771,"gwb_code":"BG2G000000Q009","gwb_name":"Порови води в кватернера  на р.  Средецка – Мандра","basin_district":"BG2"},"geometry":{"type":"MultiPolygon","coordinates":[[[[27.067257,42.4346223],[27.069603,42.4342516],[27.0716219,42.4348718],[27.0748184,42.4340052],[27.075658,42.4346261],[27.0780157,42.433877],[27.0796933,42.4337497],[27.0823899,42.4318746],[27.0840649,42.429874],[27.0857533,42.4288731],[27.0884386,42.4278714],[27.0904547,42.426627],[27.0931372,42.423878],[27.0951611,42.4198687],[27.0968345,42.4172466],[27.0988494,42.4154977],[27.1013744,42.4136222],[27.1025505,42.411874],[27.1038972,42.4104949],[27.1052425,42.4082421],[27.1060764,42.4054945],[27.1074208,42.4028635],[27.1099429,42.399736],[27.1131328,42.3964908],[27.1157635,42.3945355],[27.1171733,42.3934877],[27.1186777,42.3923604],[27.1183429,42.3887313],[27.1161542,42.3877339],[27.1132988,42.3874845],[27.1064036,42.3906072],[27.1040777,42.3927245],[27.103383,42.3933569],[27.1015255,42.3942321],[27.1013663,42.3934847],[27.1021704,42.3927865],[27.1033803,42.3917358],[27.1059011,42.3879779],[27.1057277,42.3859788],[27.1058942,42.3838532],[27.1095947,42.3812289],[27.1112667,42.3787236],[27.1087514,42.3782307],[27.1063983,42.3802323],[27.1048836,42.3824762],[27.1037088,42.3846027],[27.1010248,42.3851004],[27.0993394,42.3871012],[27.0959734,42.3865998],[27.094468,42.3872314],[27.0932884,42.3864759],[27.0909327,42.3872253],[27.0889123,42.3845971],[27.0862276,42.3845991],[27.0852093,42.38623],[27.0845415,42.3864737],[27.0837014,42.3850964],[27.0825222,42.3844758],[27.081344,42.3846027],[27.0806776,42.3859721],[27.0799967,42.3854773],[27.0794976,42.3847211],[27.078148,42.3837223],[27.0763022,42.384345],[27.0752948,42.3851022],[27.0729376,42.3847254],[27.0719301,42.3853475],[27.0722726,42.3874727],[27.0739509,42.3889757],[27.0751312,42.3904789],[27.0741242,42.3917224],[27.0724365,42.3926061],[27.0702508,42.3937242],[27.0700825,42.3953544],[27.0716041,42.3978571],[27.0716905,42.3981392],[27.0724457,42.4006034],[27.0746347,42.402106],[27.0739557,42.4033583],[27.0731184,42.4043585],[27.0721107,42.4052327],[27.0695944,42.4044868],[27.0687458,42.4063606],[27.070097,42.4083591],[27.0717769,42.4108617],[27.0721196,42.4129869],[27.0721221,42.4151123],[27.071443,42.4164907],[27.0690987,42.417861],[27.0672416,42.4202397],[27.0648965,42.4209886],[27.0627103,42.422746],[27.0605242,42.4247465],[27.0581667,42.4254952],[27.0568202,42.4286209],[27.0575037,42.4316196],[27.0575065,42.4347447],[27.0558188,42.4372492],[27.0556503,42.4391225],[27.0570015,42.440878],[27.0600294,42.4412547],[27.0623867,42.4396234],[27.067257,42.4346223]]],[[[27.1624734,42.5038095],[27.1611288,42.5015599],[27.1582686,42.5015639],[27.156424,42.5036828],[27.1530516,42.5033091],[27.150708,42.5055637],[27.1507004,42.5074369],[27.1530639,42.5083163],[27.1557564,42.5093124],[27.1579368,42.5099398],[27.1614658,42.5095656],[27.1634805,42.5073113],[27.1624734,42.5038095]]],[[[27.04393,42.5096619],[27.0473009,42.5085349],[27.0503197,42.5087857],[27.0511581,42.5069122],[27.0551989,42.5066581],[27.0565357,42.5042889],[27.056533,42.501281],[27.0545228,42.4990305],[27.0553608,42.4970308],[27.0568678,42.4947785],[27.0580463,42.4926526],[27.0619136,42.4901559],[27.0659513,42.4880283],[27.0704874,42.485657],[27.0738433,42.4836556],[27.0723339,42.4830261],[27.0709826,42.4824056],[27.0619095,42.4860312],[27.0613995,42.4870311],[27.0566917,42.4884025],[27.0543441,42.4894033],[27.0487984,42.4934044],[27.0452714,42.4961526],[27.0424128,42.498153],[27.0377038,42.4995326],[27.0343469,42.5034061],[27.0331677,42.5060362],[27.0333399,42.5094043],[27.0356899,42.5106645],[27.04393,42.5096619]]],[[[27.1399347,42.4994263],[27.140803,42.4941686],[27.1411114,42.4923012],[27.1397706,42.4913032],[27.1375421,42.4918533],[27.1372408,42.4919277],[27.1360659,42.4944237],[27.1347291,42.4952989],[27.1323664,42.494428],[27.1312683,42.4953352],[27.13086,42.4956726],[27.1293455,42.4989254],[27.1261565,42.5048008],[27.1254789,42.5068008],[27.1264922,42.5083037],[27.1248147,42.5094313],[27.1243069,42.511179],[27.124651,42.5128087],[27.1236429,42.5139355],[27.1243168,42.5161862],[27.1261284,42.51669],[27.1283486,42.5173075],[27.1312071,42.5161875],[27.1330524,42.5138079],[27.1345685,42.5111854],[27.1370894,42.5061842],[27.1399347,42.4994263]]],[[[27.1335701,42.5339443],[27.1322288,42.5330723],[27.1307134,42.5363252],[27.1298797,42.5394511],[27.1300414,42.541072],[27.1293806,42.5454496],[27.1308939,42.5469518],[27.1322345,42.5473285],[27.1345949,42.5462],[27.134589,42.5434533],[27.1332453,42.5415726],[27.1335723,42.5406987],[27.1352613,42.5389496],[27.1352567,42.5368242],[27.1335701,42.5339443]]],[[[27.0394516,42.5307192],[27.0418005,42.5289713],[27.0451603,42.5278443],[27.050199,42.5252125],[27.0540686,42.5227161],[27.0569278,42.5205893],[27.0584376,42.5208407],[27.0606304,42.5222175],[27.0619678,42.5203436],[27.0626468,42.5175874],[27.0634839,42.5147141],[27.0634813,42.5122104],[27.0646581,42.5083373],[27.0652261,42.5069814],[27.0663336,42.5043377],[27.0673425,42.5030853],[27.0686907,42.5005809],[27.0705376,42.497833],[27.0722162,42.4970844],[27.0740626,42.4942014],[27.0762485,42.4904535],[27.0787656,42.4889568],[27.0826321,42.4867026],[27.0856595,42.4849532],[27.089357,42.4839507],[27.0913796,42.4858314],[27.0930609,42.487334],[27.0954092,42.487206],[27.0970868,42.4862049],[27.0984362,42.4854563],[27.1016365,42.4855796],[27.1028069,42.4869564],[27.1038748,42.4876048],[27.1046583,42.4880805],[27.1054438,42.4877721],[27.1071876,42.4870875],[27.1090351,42.48596],[27.1105437,42.4858325],[27.1118957,42.4865877],[27.1132364,42.4878382],[27.1139971,42.4886843],[27.114919,42.4897098],[27.1169404,42.4904642],[27.1186182,42.489715],[27.1194094,42.4892615],[27.1208062,42.4884609],[27.1228236,42.4872159],[27.1241606,42.486467],[27.1271909,42.4867158],[27.1303921,42.4872166],[27.1344203,42.4874641],[27.1349281,42.4859685],[27.1339139,42.4839614],[27.1330693,42.4815848],[27.1329085,42.4803332],[27.1339157,42.4790892],[27.1354197,42.476962],[27.1354289,42.4755841],[27.1323994,42.4754616],[27.1288617,42.4767084],[27.1313865,42.4739587],[27.1364313,42.4722057],[27.1403015,42.4729575],[27.1403046,42.4743354],[27.1392935,42.4792089],[27.1399721,42.4834678],[27.1411452,42.4853464],[27.142158,42.4869684],[27.1453527,42.4898463],[27.144349,42.4925944],[27.1433887,42.4958213],[27.1430085,42.497099],[27.1418255,42.5013512],[27.1406494,42.503352],[27.1389825,42.5090998],[27.1369579,42.5128577],[27.1357842,42.5161102],[27.1346082,42.518354],[27.1299057,42.5226102],[27.1293719,42.5235465],[27.1270547,42.5276116],[27.125542,42.5322423],[27.1285681,42.5293661],[27.1307543,42.5267339],[27.1322599,42.5247329],[27.1333585,42.523542],[27.1341062,42.5227314],[27.1359539,42.5213604],[27.137137,42.5223586],[27.1373531,42.5234838],[27.1376419,42.5249877],[27.1381499,42.5289947],[27.1381568,42.5321197],[27.140171,42.5343687],[27.140676,42.5314952],[27.1401717,42.5292444],[27.141344,42.5253615],[27.1421796,42.5233611],[27.1423711,42.5222955],[27.1425163,42.5214875],[27.142679,42.5181101],[27.1416754,42.5157338],[27.1426832,42.5146068],[27.1435166,42.5117329],[27.1438508,42.5088506],[27.1453602,42.5035983],[27.1460357,42.5009767],[27.1471673,42.4982364],[27.147379,42.4977239],[27.1500602,42.4942261],[27.1546075,42.492599],[27.1576251,42.4924778],[27.1618369,42.4929763],[27.1650308,42.4904771],[27.1651949,42.4880993],[27.1670428,42.4874752],[27.1705691,42.4865965],[27.1737644,42.4848445],[27.1762883,42.482346],[27.1791436,42.4767219],[27.1793749,42.4764778],[27.1863719,42.4690914],[27.1877096,42.4689721],[27.1882179,42.4680887],[27.1919162,42.464219],[27.1952715,42.4597104],[27.2006535,42.4578369],[27.2040197,42.4569664],[27.2041859,42.4557142],[27.2058572,42.4535858],[27.2095598,42.4515888],[27.2151119,42.4499665],[27.2164517,42.4505854],[27.2156178,42.4520909],[27.2125927,42.4565905],[27.2120912,42.4593473],[27.2114189,42.4619693],[27.2085659,42.4672249],[27.2094077,42.4679709],[27.213269,42.4623441],[27.215614,42.4580979],[27.2181312,42.4509694],[27.2204824,42.4452101],[27.2231794,42.4410892],[27.2262021,42.4397143],[27.2293966,42.4388344],[27.2305694,42.4403361],[27.2302358,42.44221],[27.2327649,42.4422139],[27.2334365,42.44296],[27.2337713,42.4447155],[27.234108,42.4437151],[27.2359591,42.4444678],[27.2366251,42.443719],[27.2384793,42.4420941],[27.2399875,42.442217],[27.2399916,42.4400916],[27.2381363,42.4382132],[27.2388068,42.435465],[27.2425028,42.4354662],[27.2468767,42.4347094],[27.2502409,42.4338375],[27.2522623,42.4315906],[27.2566261,42.4284648],[27.2588112,42.4277124],[27.2608266,42.4270865],[27.2641892,42.425962],[27.2673846,42.4227125],[27.2697404,42.4193387],[27.2725909,42.417963],[27.2739433,42.4187073],[27.2731011,42.4207086],[27.2714191,42.4224598],[27.2715915,42.4229637],[27.2724278,42.4252132],[27.2747826,42.427216],[27.2766403,42.4267162],[27.2788263,42.4262155],[27.2793307,42.4248364],[27.2811751,42.4240934],[27.2811772,42.4218419],[27.2808389,42.4195912],[27.2830189,42.4178387],[27.2870537,42.4177116],[27.2927785,42.4203449],[27.2966446,42.4230908],[27.2968119,42.4224689],[27.2922697,42.4180857],[27.2889012,42.4150862],[27.2892347,42.4135904],[27.2907533,42.4134604],[27.2934381,42.4132104],[27.2957912,42.4122137],[27.3000031,42.411086],[27.3047064,42.4110916],[27.3058792,42.4098367],[27.3080735,42.4112177],[27.3089157,42.411963],[27.3102557,42.4125898],[27.3100879,42.4105909],[27.3097493,42.4084664],[27.3139538,42.4059603],[27.3178195,42.4062108],[27.3200088,42.406592],[27.3205135,42.4054648],[27.3221474,42.4041634],[27.3238255,42.4044018],[27.3255395,42.404514],[27.3266572,42.4044478],[27.3279557,42.4041109],[27.3305029,42.403221],[27.3322863,42.4026754],[27.3332341,42.4026547],[27.3340614,42.4028414],[27.3349637,42.4034332],[27.3351248,42.4040181],[27.3346052,42.404569],[27.3338777,42.4048683],[27.3338439,42.4053637],[27.3344537,42.4057942],[27.3355352,42.4057731],[27.3363628,42.4060048],[27.3371323,42.406741],[27.3373189,42.407542],[27.3370076,42.4084165],[27.3356043,42.4096184],[27.335376,42.4101144],[27.3353223,42.4114385],[27.3351675,42.4143118],[27.3352313,42.414879],[27.3355747,42.4154724],[27.3362213,42.4159208],[27.3390818,42.4167229],[27.3397131,42.416586],[27.340039,42.4161617],[27.3403239,42.4149091],[27.3409889,42.4142676],[27.3422016,42.4137777],[27.3424798,42.4135157],[27.342448,42.4121469],[27.3429283,42.4110827],[27.3444865,42.4093309],[27.3466417,42.4078744],[27.3475371,42.4071603],[27.3485569,42.406977],[27.3494087,42.4071906],[27.3499219,42.4076844],[27.350462,42.4086554],[27.3510722,42.4091218],[27.3522778,42.4095504],[27.353132,42.4101872],[27.3539635,42.4110852],[27.3558849,42.4155913],[27.356168,42.4162298],[27.3564844,42.4163009],[27.3568363,42.4161827],[27.3586843,42.4141506],[27.3593868,42.4137251],[27.3599217,42.4137505],[27.3603368,42.4140824],[27.3607182,42.4148827],[27.3609518,42.4174847],[27.3614575,42.418753],[27.3624804,42.4212084],[27.3628728,42.4238999],[27.3635106,42.4248976],[27.3655754,42.4266922],[27.3663101,42.4276085],[27.3667886,42.4283634],[27.3674238,42.4288837],[27.3714106,42.4308432],[27.3731671,42.4318372],[27.3743859,42.43306],[27.3745002,42.4331747],[27.3759749,42.4337733],[27.3774357,42.4341017],[27.3787508,42.4344306],[27.3806381,42.4351413],[27.3813585,42.4354126],[27.3837378,42.4368096],[27.3846391,42.4370677],[27.3863174,42.4371431],[27.386926,42.4372582],[27.3877199,42.4378499],[27.3884875,42.4381084],[27.3892529,42.4380158],[27.3912377,42.4365321],[27.3915257,42.4363773],[27.392098,42.4360698],[27.3935176,42.4356056],[27.3947568,42.4354663],[27.3952921,42.4355095],[27.3959635,42.4359394],[27.3964753,42.4361268],[27.3971067,42.4360075],[27.3978698,42.4355546],[27.3995277,42.434333],[27.4005461,42.4338792],[27.4014333,42.433831],[27.4023949,42.4340168],[27.4036621,42.4344446],[27.4037332,42.4344821],[27.4047844,42.4350351],[27.405515,42.4352216],[27.4063415,42.4351736],[27.4065533,42.4350152],[27.4069101,42.4347483],[27.407489,42.4340168],[27.4079984,42.4338259],[27.4084738,42.4340223],[27.408977,42.43475],[27.4096523,42.4357653],[27.4097223,42.435997],[27.4100002,42.4369168],[27.4104176,42.4375367],[27.4107351,42.4377427],[27.4111486,42.4377682],[27.4114754,42.4375329],[27.4118841,42.436829],[27.411934,42.4366821],[27.4122301,42.4358101],[27.4125769,42.4349352],[27.4129882,42.4346275],[27.4134383,42.4346529],[27.4139754,42.4349842],[27.4145507,42.4355765],[27.415446,42.4367531],[27.4156686,42.4373196],[27.4155208,42.4377933],[27.4155138,42.4378155],[27.4149725,42.4386911],[27.4148183,42.439277],[27.4150434,42.4402218],[27.4154617,42.4409768],[27.4159741,42.4412361],[27.4166438,42.4413778],[27.417178,42.4412588],[27.4174663,42.4407174],[27.4176927,42.4400321],[27.4178022,42.4399781],[27.4178892,42.4399352],[27.418226,42.439769],[27.4188348,42.4399108],[27.4194349,42.4405481],[27.4199163,42.441636],[27.4203737,42.4427511],[27.4206931,42.4432452],[27.4215119,42.4438546],[27.4222565,42.4442842],[27.4229501,42.4443537],[27.4238729,42.4441611],[27.4245782,42.4441585],[27.4250905,42.4443998],[27.4252412,42.4451017],[27.4248714,42.4461658],[27.4248113,42.4462728],[27.4243547,42.4470863],[27.4244541,42.4473921],[27.4244575,42.4473936],[27.4247468,42.4475171],[27.4256937,42.4472795],[27.4266536,42.4471768],[27.4277333,42.4468036],[27.428497,42.4464495],[27.4294204,42.4463289],[27.4302836,42.4463077],[27.4308176,42.4461616],[27.4313494,42.4457202],[27.4313508,42.445719],[27.4329214,42.4444155],[27.4359683,42.4419093],[27.4418673,42.4369695],[27.4427252,42.4362187],[27.4440905,42.4350066],[27.4444676,42.433312],[27.4442822,42.4328895],[27.4437333,42.4326304],[27.4423389,42.43142],[27.4418585,42.4305303],[27.4414047,42.4299556],[27.4408317,42.4297237],[27.4401277,42.4298885],[27.4396203,42.4303407],[27.4390499,42.430478],[27.4384774,42.4303181],[27.4378452,42.4303115],[27.4368868,42.4306033],[27.4363795,42.4310736],[27.4360338,42.4320656],[27.4354915,42.4327521],[27.4343145,42.4330808],[27.432918,42.4333202],[27.4322151,42.4336471],[27.4314894,42.4341902],[27.430656,42.4349948],[27.4299893,42.4352765],[27.4294172,42.4351886],[27.4289766,42.434758],[27.4283602,42.4335084],[27.4274759,42.4321879],[27.4273375,42.4315039],[27.4277477,42.4310341],[27.4284505,42.4306982],[27.4291558,42.4307226],[27.4295973,42.4312883],[27.4301727,42.4318806],[27.43072,42.4319055],[27.4311926,42.4316876],[27.4313831,42.4311015],[27.4310634,42.4305804],[27.4308649,42.4299867],[27.4311854,42.4288598],[27.4316651,42.4279123],[27.431759,42.4274167],[27.4315976,42.4269219],[27.4309854,42.4262848],[27.4299703,42.425388],[27.4292963,42.424589],[27.4292661,42.4237336],[27.4297085,42.4226512],[27.4297651,42.4220386],[27.4294442,42.4213283],[27.4290865,42.4205731],[27.4291554,42.4199785],[27.4297603,42.4195529],[27.4308387,42.4190626],[27.4311879,42.4185839],[27.4312208,42.4180705],[27.430864,42.4174324],[27.4302258,42.4165342],[27.4295227,42.4150238],[27.4292575,42.4135568],[27.4294454,42.4125925],[27.4299265,42.4118612],[27.4307247,42.4112908],[27.4320583,42.4108175],[27.4331626,42.4105792],[27.4341237,42.4107196],[27.4352449,42.4111747],[27.4358775,42.4112623],[27.436252,42.4109367],[27.4362607,42.4104413],[27.4358684,42.4099385],[27.4351079,42.4089237],[27.4350059,42.4082396],[27.4354869,42.4075083],[27.4361161,42.4071097],[27.4371703,42.4066644],[27.43825,42.4063991],[27.4390146,42.406261],[27.4394603,42.405692],[27.4395767,42.404962],[27.4396058,42.4038992],[27.4395134,42.4028549],[27.4388997,42.4002365],[27.4387001,42.3994807],[27.4382597,42.3990591],[27.4373699,42.3986573],[27.436409,42.3985168],[27.4355832,42.398583],[27.4352188,42.3986024],[27.4360055,42.3981581],[27.4339513,42.3927533],[27.4389698,42.3893749],[27.4480394,42.3902675],[27.4563249,42.3868755],[27.4590714,42.3820103],[27.4638121,42.3758311],[27.4662946,42.3715252],[27.4644964,42.3664891],[27.4664764,42.3616268],[27.471487,42.3593637],[27.4754888,42.3554206],[27.4789505,42.3475709],[27.4804154,42.3406481],[27.4768471,42.3343137],[27.4745787,42.3345122],[27.474835,42.3347003],[27.4715577,42.3347138],[27.4662859,42.3358521],[27.4620215,42.3386703],[27.459776,42.3420386],[27.4562812,42.3456009],[27.4568101,42.3482196],[27.4580727,42.3498897],[27.4580985,42.353438],[27.4563758,42.3586774],[27.4493676,42.3635593],[27.4438442,42.3673184],[27.4345808,42.3748199],[27.4315949,42.3804329],[27.4331479,42.3854705],[27.429646,42.3903379],[27.4296765,42.3948228],[27.4326119,42.3976396],[27.4323681,42.3975235],[27.4317978,42.3976427],[27.4318854,42.3980026],[27.4327527,42.3986838],[27.4334856,42.3992304],[27.4342811,42.4000559],[27.434831,42.4005131],[27.4349308,42.400882],[27.4347022,42.4012161],[27.4336482,42.4016794],[27.4329575,42.4019612],[27.4314524,42.402201],[27.4305047,42.4022226],[27.4295184,42.4019201],[27.4289461,42.4017511],[27.4284363,42.4018251],[27.428026,42.4022499],[27.4277032,42.4030346],[27.4267225,42.4035516],[27.4252307,42.4039805],[27.424116,42.4044709],[27.4230404,42.4053485],[27.4215064,42.406741],[27.4208199,42.4076622],[27.4205946,42.4085096],[27.4204696,42.4098069],[27.4201865,42.4110868],[27.4196196,42.4117283],[27.4183745,42.4127415],[27.4173992,42.414114],[27.4167876,42.415359],[27.4165076,42.4171342],[27.4166775,42.4189258],[27.4173421,42.4201752],[27.4177955,42.4207229],[27.418055,42.4213614],[27.4177659,42.4217587],[27.4170017,42.4219957],[27.4159565,42.4220175],[27.4149607,42.4221652],[27.4144268,42.4223022],[27.4142717,42.422753],[27.414496,42.4235808],[27.4150356,42.4243083],[27.4156727,42.4250625],[27.4161499,42.4255381],[27.4160561,42.4260608],[27.4156801,42.4261792],[27.4151322,42.4260551],[27.414497,42.4255891],[27.413896,42.4247627],[27.4134405,42.4238908],[27.412646,42.4232272],[27.4118157,42.4226628],[27.4109602,42.4219544],[27.4098114,42.4210039],[27.4085047,42.4200629],[27.4074806,42.4195893],[27.406592,42.4193853],[27.4057287,42.4193343],[27.4050969,42.4193816],[27.4046138,42.4198516],[27.4040832,42.4205109],[27.4031874,42.4210814],[27.4023638,42.4215526],[27.4013077,42.4217725],[27.4000654,42.4213896],[27.3993082,42.4208248],[27.3988542,42.420142],[27.3989235,42.4195743],[27.3991027,42.4190784],[27.3994885,42.4185817],[27.4000933,42.4181293],[27.4008227,42.4181358],[27.4019662,42.4182939],[27.40261,42.4182286],[27.4030573,42.4178487],[27.4033089,42.4172805],[27.4030147,42.4169033],[27.402184,42.4162397],[27.4009145,42.4153886],[27.4004359,42.4146608],[27.4002357,42.4137609],[27.4002654,42.4126981],[27.4001055,42.4123924],[27.3996667,42.4121868],[27.3986812,42.4120192],[27.3972817,42.4117358],[27.3953211,42.4111122],[27.3936139,42.4101814],[27.3919644,42.4087641],[27.3909943,42.4071554],[27.3901087,42.4054382],[27.3890198,42.4042531],[27.3880631,42.4028154],[27.387291,42.4017553],[27.3871627,42.400639],[27.3876015,42.3993366],[27.387986,42.3981956],[27.3882229,42.3971951],[27.3881465,42.396628],[27.3874131,42.395919],[27.3870348,42.3956501],[27.3870325,42.3952809],[27.3875303,42.3952161],[27.3881762,42.3955382],[27.3890288,42.3958685],[27.3917017,42.3958504],[27.3935574,42.3957033],[27.3938391,42.395681],[27.3953564,42.3954416],[27.3964713,42.3949694],[27.3978132,42.3939111],[27.3980662,42.393568],[27.398176,42.3936306],[27.3981144,42.3935048],[27.3987531,42.392674],[27.4079699,42.3881836],[27.4200141,42.3816017],[27.4202472,42.3780269],[27.420477,42.3745032],[27.4246844,42.3644009],[27.4246315,42.3565568],[27.4147824,42.350802],[27.4069563,42.347849],[27.4114531,42.3429697],[27.4139267,42.3351164],[27.4113764,42.3312079],[27.4080691,42.3246813],[27.4032707,42.3220865],[27.397206,42.3187484],[27.3956755,42.3146469],[27.3901243,42.3137293],[27.381363,42.3197298],[27.3713137,42.3236895],[27.3768667,42.3268415],[27.3804132,42.3292615],[27.3834391,42.3318632],[27.3872368,42.3355879],[27.394557,42.3376164],[27.3905616,42.3432319],[27.3905962,42.3488335],[27.3941556,42.3549815],[27.3997235,42.3579523],[27.4005238,42.3654245],[27.4005511,42.3697203],[27.3995833,42.376073],[27.397874,42.3842924],[27.3956305,42.3887852],[27.3959079,42.3923326],[27.3967127,42.3927981],[27.3966777,42.3930144],[27.3966585,42.3938115],[27.3966584,42.393816],[27.3961508,42.3942411],[27.3956411,42.3944321],[27.3948174,42.394741],[27.3939543,42.3946629],[27.3935757,42.394358],[27.3929997,42.3935584],[27.391829,42.392869],[27.3913489,42.3918619],[27.390896,42.3913141],[27.3902633,42.3911722],[27.3895963,42.3913636],[27.3892463,42.391743],[27.3887011,42.391997],[27.3881053,42.391909],[27.3875571,42.3916677],[27.3853029,42.3906126],[27.3840609,42.3901574],[27.3819213,42.3899214],[27.3783263,42.3901135],[27.3764919,42.3901375],[27.3741337,42.3899291],[27.3724074,42.3897366],[27.3704997,42.3896887],[27.3693317,42.3894043],[27.3676984,42.3884909],[27.366297,42.3877569],[27.3640696,42.3870255],[27.3617566,42.3861953],[27.3598097,42.385652],[27.3574277,42.3854884],[27.3564306,42.3853113],[27.3556875,42.3849534],[27.354209,42.383436],[27.3534768,42.3828438],[27.3525884,42.3825584],[27.3506432,42.3822761],[27.3485149,42.3818323],[27.3473604,42.3817368],[27.344821,42.3816454],[27.3435435,42.3812619],[27.3427154,42.3808862],[27.341768,42.380907],[27.3410052,42.3813596],[27.3396373,42.3822552],[27.3366524,42.3828945],[27.335159,42.3830339],[27.3333724,42.382868],[27.3316567,42.3823236],[27.3299999,42.3814278],[27.329039,42.3811874],[27.3278011,42.3814071],[27.3261144,42.3817541],[27.32462,42.3817133],[27.3235749,42.3816353],[27.3219239,42.381847],[27.3196673,42.3824117],[27.3175933,42.3830569],[27.3168301,42.3834823],[27.3165776,42.3839964],[27.3159751,42.3849617],[27.3151758,42.3854592],[27.3151273,42.3854773],[27.3161189,42.384574],[27.3156177,42.383954],[27.3154435,42.3806943],[27.3132586,42.3785748],[27.3102344,42.3761964],[27.3085538,42.3728147],[27.3093839,42.3711914],[27.3098871,42.3673174],[27.3115713,42.3640616],[27.3083817,42.3674385],[27.3070306,42.3693154],[27.3058531,42.3719393],[27.3068716,42.3740711],[27.3087192,42.3768219],[27.3095592,42.3796926],[27.3098941,42.3835733],[27.3090561,42.3860793],[27.3062042,42.3866993],[27.303175,42.3858248],[27.3009919,42.386569],[27.2994825,42.3859516],[27.2964454,42.3859505],[27.2942622,42.3866946],[27.2920824,42.3855744],[27.2902335,42.3850657],[27.2880428,42.3841977],[27.2868593,42.3830659],[27.2846722,42.3829453],[27.2829963,42.3830665],[27.2798042,42.3836957],[27.2774459,42.3833142],[27.2752593,42.3833195],[27.2734128,42.3833149],[27.2734057,42.3816848],[27.2752567,42.3799422],[27.2767739,42.3796864],[27.2781201,42.3791878],[27.2792917,42.3776899],[27.2808094,42.3748133],[27.279121,42.3748084],[27.2769419,42.3736879],[27.2769353,42.3721839],[27.2770966,42.3701842],[27.2777717,42.3690568],[27.2786153,42.3648039],[27.2808,42.3618085],[27.2826474,42.3594264],[27.2826417,42.3581746],[27.2799493,42.3589287],[27.2786108,42.3583015],[27.2784331,42.3565548],[27.2774275,42.3515498],[27.2757403,42.351671],[27.2772591,42.3546753],[27.2772635,42.3584309],[27.2769267,42.361926],[27.274914,42.3654343],[27.2722187,42.3684307],[27.2692005,42.3698068],[27.2685288,42.3689347],[27.2695298,42.3673023],[27.2695345,42.3655551],[27.2686891,42.3638009],[27.2663315,42.3634281],[27.2643182,42.3640542],[27.2599479,42.3644245],[27.2570859,42.3654216],[27.254066,42.366428],[27.2515369,42.3656771],[27.250025,42.3641763],[27.2500297,42.3622941],[27.2493542,42.3572971],[27.2488664,42.3567891],[27.2459891,42.353792],[27.2454786,42.3567922],[27.2454894,42.3626731],[27.2455201,42.3628582],[27.2459868,42.3656711],[27.2490237,42.3689247],[27.2527253,42.3713032],[27.2527217,42.3734287],[27.2501983,42.3741817],[27.2481786,42.3733035],[27.2470062,42.3716759],[27.2454865,42.3681758],[27.2446013,42.3670199],[27.2441438,42.3664225],[27.2422911,42.3646703],[27.238589,42.3651734],[27.2338815,42.3664169],[27.2362441,42.364917],[27.2382544,42.3634179],[27.2401072,42.3620451],[27.2400996,42.3600458],[27.2404358,42.3590454],[27.2395941,42.3580384],[27.2385815,42.3567887],[27.2392577,42.3557876],[27.2392632,42.3540404],[27.2382512,42.3529168],[27.2372401,42.3520363],[27.2352231,42.3516622],[27.2327,42.3522887],[27.2323586,42.3519112],[27.2326921,42.3501633],[27.2323569,42.3481556],[27.2313437,42.3466627],[27.2301727,42.345161],[27.2288251,42.3451547],[27.2273134,42.3467788],[27.2261402,42.348033],[27.2251312,42.3476567],[27.2241208,42.3469112],[27.2222655,42.3475362],[27.2217659,42.3470328],[27.2215924,42.3460335],[27.2215966,42.3437819],[27.2205824,42.3419016],[27.2182273,42.3419061],[27.2165485,42.3409006],[27.2146995,42.3397783],[27.2128488,42.3381517],[27.2109999,42.3370203],[27.2098211,42.3366442],[27.2093181,42.335024],[27.2066217,42.3345246],[27.2046075,42.3347714],[27.2059513,42.3373988],[27.2079725,42.3392774],[27.2131888,42.3417805],[27.2146997,42.3433988],[27.2157136,42.3487826],[27.214371,42.3502801],[27.2145335,42.3516577],[27.2163868,42.3539058],[27.2172254,42.3541563],[27.2185694,42.353037],[27.2202571,42.3530338],[27.2232794,42.3561621],[27.2237952,42.3577912],[27.2241346,42.3610417],[27.225984,42.3620378],[27.2281673,42.3646722],[27.2293511,42.366291],[27.2254761,42.3660465],[27.2226213,42.3657909],[27.2212671,42.3640373],[27.2190816,42.3641676],[27.2174001,42.3625407],[27.2145458,42.362411],[27.2118599,42.3617855],[27.2115178,42.3611648],[27.2100074,42.3597896],[27.2083225,42.3570368],[27.2088263,42.3551626],[27.2057922,42.3519079],[27.2054612,42.3546554],[27.2056305,42.3581584],[27.2057989,42.3614093],[27.2036151,42.3620346],[27.2022745,42.360533],[27.2010894,42.3582836],[27.1990771,42.3555312],[27.1953678,42.3536553],[27.1898165,42.3528991],[27.1896791,42.352852],[27.1854531,42.3514022],[27.1805697,42.3505274],[27.1751888,42.3497703],[27.170477,42.3493991],[27.1634202,42.3483917],[27.1597146,42.3473882],[27.1561894,42.3456369],[27.1514722,42.3428873],[27.146091,42.3415074],[27.142565,42.3391342],[27.1381921,42.3378787],[27.1334784,42.3361281],[27.1302862,42.3362578],[27.1306188,42.3386261],[27.1331504,42.3417573],[27.1343198,42.3436292],[27.1333133,42.3441347],[27.1294493,42.342509],[27.122721,42.3411295],[27.1136362,42.3387522],[27.1079279,42.3371276],[27.1045617,42.3348702],[27.0993415,42.3344966],[27.09581,42.3349949],[27.094638,42.3386254],[27.0921155,42.3403746],[27.09027,42.3401239],[27.0889182,42.3371169],[27.0860633,42.335489],[27.0827009,42.3354915],[27.0749689,42.33574],[27.0710966,42.3357424],[27.0668951,42.334358],[27.0700906,42.337112],[27.0746306,42.3371181],[27.0808458,42.3371139],[27.0840507,42.3372467],[27.086567,42.3398656],[27.0879187,42.3428726],[27.0916106,42.3437523],[27.0956531,42.343623],[27.0995215,42.3408728],[27.1005231,42.3371254],[27.1025386,42.3373758],[27.1033784,42.3387439],[27.1043885,42.340247],[27.1065751,42.3411276],[27.1052291,42.3420025],[27.1023792,42.3438783],[27.0978415,42.3456295],[27.093632,42.3478755],[27.0966671,42.3477559],[27.1032181,42.3446251],[27.1075866,42.3433782],[27.1126369,42.3433824],[27.1154901,42.3435056],[27.1178467,42.3442507],[27.1193656,42.3450057],[27.1215517,42.3453816],[27.1257535,42.3460075],[27.1271037,42.3472579],[27.1289481,42.3467605],[27.131305,42.3475143],[27.1324737,42.349008],[27.1365181,42.3496337],[27.1392002,42.3491351],[27.1407143,42.3475122],[27.1440753,42.3466344],[27.1476077,42.3463868],[27.1494567,42.3478884],[27.1521568,42.3498932],[27.1553522,42.3507715],[27.1572008,42.3520208],[27.1592161,42.351892],[27.1632504,42.3531472],[27.1689693,42.3531479],[27.1763656,42.3537762],[27.1783834,42.3545296],[27.1810779,42.3541471],[27.1842753,42.3555289],[27.1894296,42.357132],[27.1894893,42.3571505],[27.1951996,42.3581586],[27.1965545,42.3604079],[27.194875,42.3631576],[27.197392,42.364162],[27.1979044,42.3649086],[27.2005915,42.3659126],[27.2049648,42.3662921],[27.2032807,42.367538],[27.2017646,42.3681621],[27.1999193,42.3684175],[27.197068,42.369287],[27.1950405,42.3695336],[27.1928544,42.3695373],[27.1916785,42.3702868],[27.1901725,42.3702893],[27.1886397,42.370686],[27.1868108,42.3711594],[27.1852901,42.3702883],[27.1841179,42.3681557],[27.1831001,42.3647801],[27.1829349,42.3622766],[27.1819219,42.3605311],[27.1799022,42.3591563],[27.176705,42.3579004],[27.171158,42.3587734],[27.1703191,42.3583964],[27.1684734,42.3583992],[27.1671275,42.3591486],[27.1652725,42.3602771],[27.1652807,42.3634022],[27.1642652,42.3651508],[27.1627609,42.3657744],[27.1612425,42.3656505],[27.1593972,42.3659052],[27.1563735,42.3660265],[27.1540162,42.3655253],[27.1540116,42.363652],[27.1518251,42.3634028],[27.1503157,42.3619008],[27.1486351,42.3598946],[27.1469437,42.3583928],[27.1447553,42.3572698],[27.1412288,42.3550136],[27.1388732,42.3550165],[27.1333233,42.3546358],[27.1282835,42.3542633],[27.1257566,42.3536357],[27.124922,42.3552667],[27.1224005,42.3573859],[27.1202138,42.3568839],[27.1176846,42.3550132],[27.1128137,42.3540094],[27.1107882,42.3552632],[27.1109632,42.358136],[27.1114668,42.3613867],[27.1096229,42.3625143],[27.1076041,42.36076],[27.1050774,42.360258],[27.1030626,42.3608903],[27.1012176,42.3613872],[27.0970079,42.3641377],[27.0963392,42.363634],[27.0966745,42.3605086],[27.0926381,42.3572607],[27.0884326,42.3543821],[27.086406,42.3552572],[27.0837219,42.3547548],[27.082206,42.356251],[27.0793562,42.359252],[27.0764923,42.360758],[27.0751464,42.362506],[27.0727937,42.3652544],[27.0704385,42.3660034],[27.0657385,42.3660062],[27.0610271,42.3666302],[27.0576633,42.3670012],[27.0546401,42.3680023],[27.0512764,42.3684992],[27.0502699,42.3703819],[27.0485825,42.3714994],[27.0440542,42.3743832],[27.0403507,42.3760057],[27.0388434,42.37425],[27.0363174,42.3750073],[27.0324431,42.3756299],[27.026053,42.3731279],[27.0302693,42.3765041],[27.0326141,42.3775031],[27.0312785,42.3786293],[27.0277436,42.378378],[27.0247191,42.3785048],[27.0215252,42.3807569],[27.0237114,42.3798739],[27.0265664,42.3807559],[27.0292629,42.3802509],[27.0319469,42.3792505],[27.0349711,42.378376],[27.0368175,42.3785015],[27.0400121,42.3783834],[27.0428784,42.377878],[27.0443837,42.3766346],[27.0484275,42.375255],[27.054304,42.3725055],[27.0586755,42.3715037],[27.0623798,42.3713847],[27.0665807,42.3700044],[27.0689369,42.370012],[27.0689389,42.3717592],[27.0655767,42.3738866],[27.0645699,42.375139],[27.0627151,42.3787605],[27.0600341,42.3823914],[27.0556653,42.3873919],[27.0539767,42.3875098],[27.0516217,42.3897624],[27.0494479,42.3908891],[27.0445642,42.3913865],[27.0396929,42.3923879],[27.0375074,42.3947663],[27.0348116,42.3975139],[27.0341449,42.4003961],[27.0327975,42.4031433],[27.0304533,42.4053955],[27.0277562,42.4068912],[27.024901,42.4083958],[27.0201985,42.41027],[27.0168323,42.4111441],[27.0168318,42.409514],[27.0171718,42.4083882],[27.0156523,42.4066413],[27.0124559,42.4048855],[27.0090897,42.4047597],[27.0070724,42.4037602],[27.0050553,42.4051382],[27.0037187,42.4073898],[27.0048974,42.4066422],[27.0067445,42.4058856],[27.0085916,42.4058855],[27.0116178,42.4071371],[27.0131369,42.407263],[27.0149842,42.4080193],[27.0151547,42.4093882],[27.0149849,42.4108922],[27.0143168,42.4123963],[27.014147,42.4137652],[27.0154962,42.4143955],[27.0175134,42.4131434],[27.0198592,42.4135212],[27.0220465,42.4125212],[27.0237233,42.4115212],[27.0262504,42.4095213],[27.0299438,42.4072689],[27.0323013,42.407016],[27.0326412,42.4062684],[27.0351555,42.4041423],[27.0371718,42.4025206],[27.0386896,42.4006468],[27.0430611,42.3963944],[27.0482719,42.3941408],[27.0536527,42.3921391],[27.0558262,42.3907691],[27.0568454,42.3892646],[27.0596993,42.3880203],[27.0667528,42.3833873],[27.0686075,42.3797658],[27.070111,42.3772612],[27.0722949,42.3751344],[27.0731415,42.3720087],[27.0744866,42.3693871],[27.0769984,42.3675122],[27.0788551,42.3663852],[27.0800303,42.3641328],[27.0825527,42.3613842],[27.0854055,42.3606346],[27.0885996,42.3608843],[27.0904465,42.3616304],[27.0902806,42.3645125],[27.0911216,42.3666372],[27.0926406,42.3672665],[27.0944879,42.3681385],[27.0961767,42.3685154],[27.0983616,42.367766],[27.0998668,42.3672604],[27.1007167,42.3671426],[27.101044,42.366764],[27.103226,42.3642584],[27.104914,42.3642659],[27.1065906,42.3646426],[27.1084501,42.3655144],[27.110467,42.3660168],[27.1118029,42.3660155],[27.1133221,42.3666445],[27.1150091,42.3660124],[27.1158448,42.3647687],[27.1158413,42.3628864],[27.1171879,42.3621375],[27.1173556,42.3608855],[27.1155063,42.3590141],[27.1146664,42.3578892],[27.1151642,42.3578887],[27.1170107,42.3582651],[27.121216,42.3602691],[27.1235743,42.3615184],[27.124924,42.3623905],[27.1259299,42.3613898],[27.1281128,42.3598923],[27.1274436,42.3592627],[27.1292899,42.3595128],[27.1299591,42.3601424],[27.1314767,42.3600146],[27.1336633,42.3603903],[27.133156,42.3616428],[27.1353521,42.3607666],[27.1398833,42.3615177],[27.1419023,42.3628931],[27.1430828,42.3640264],[27.1412391,42.3650194],[27.1371999,42.3672758],[27.1328336,42.3700188],[27.1247641,42.3736483],[27.1227391,42.3753977],[27.1252648,42.3750257],[27.1304722,42.3733988],[27.1360311,42.3715281],[27.1400595,42.3697761],[27.1437584,42.3674029],[27.1461145,42.3673999],[27.1456079,42.3689046],[27.143256,42.3707718],[27.1405628,42.3721531],[27.1373704,42.3730305],[27.133176,42.3768991],[27.1306539,42.3790274],[27.1289704,42.3814069],[27.127456,42.383408],[27.1269592,42.3840299],[27.1269508,42.3859032],[27.1245977,42.387779],[27.1237629,42.3895361],[27.1220878,42.3902854],[27.1191619,42.3950622],[27.1187206,42.3957826],[27.1206132,42.3952871],[27.1215867,42.3950321],[27.1249453,42.3915342],[27.1279629,42.3877843],[27.129138,42.3861529],[27.1313201,42.3839079],[27.1336831,42.3811583],[27.1400621,42.3764045],[27.145109,42.3737775],[27.1471218,42.3722799],[27.149305,42.3710252],[27.153518,42.3704073],[27.1519955,42.3736515],[27.1499847,42.3759057],[27.1484752,42.3796541],[27.146123,42.3815304],[27.1452822,42.3856563],[27.142761,42.3881631],[27.1424242,42.3896585],[27.1405754,42.3941639],[27.141754,42.3941624],[27.1439471,42.3915389],[27.1481474,42.3849141],[27.1509948,42.3817853],[27.1531771,42.3800352],[27.1551995,42.3775288],[27.1555356,42.3759073],[27.1577151,42.3731574],[27.1604045,42.3704069],[27.1669688,42.3680289],[27.1708259,42.3661589],[27.1719991,42.364401],[27.1711682,42.362529],[27.1686369,42.3605244],[27.1709918,42.3601516],[27.1755338,42.3602799],[27.1780524,42.3620322],[27.178726,42.3640305],[27.1777261,42.366905],[27.1777189,42.3686612],[27.1777242,42.3705344],[27.1802473,42.3736646],[27.1812658,42.3772924],[27.1799132,42.3800414],[27.1802612,42.3827877],[27.1814278,42.382921],[27.1826077,42.3792896],[27.1854653,42.376169],[27.1883663,42.3753776],[27.1905141,42.3747918],[27.1963893,42.3736651],[27.1992538,42.3730387],[27.2009308,42.373288],[27.2012647,42.3751697],[27.2016124,42.3775467],[27.2027866,42.3762927],[27.2044693,42.3745426],[27.204462,42.3722911],[27.2059741,42.3704151],[27.2078202,42.3704208],[27.2105123,42.369164],[27.2105182,42.3672907],[27.2095039,42.3654103],[27.2108499,42.3647864],[27.2130359,42.3647914],[27.2145481,42.3666618],[27.216568,42.3677928],[27.2182479,42.3689154],[27.2214491,42.3709176],[27.2205998,42.3711714],[27.2182453,42.3716713],[27.2169023,42.3731688],[27.2165721,42.3760514],[27.2160722,42.3790513],[27.2148948,42.3792967],[27.2135527,42.377543],[27.2127099,42.3761667],[27.2103531,42.3760449],[27.2079991,42.3767967],[27.2083345,42.3790477],[27.2100192,42.3815483],[27.2078289,42.3804265],[27.2059813,42.3800426],[27.2046362,42.3810447],[27.2031201,42.3817949],[27.2022868,42.3833003],[27.2021758,42.3836507],[27.2016133,42.385427],[27.1992573,42.3856742],[27.198086,42.3879278],[27.1970726,42.3862994],[27.1970785,42.3843001],[27.1985444,42.3819908],[27.1985895,42.3819199],[27.1980726,42.3797953],[27.1967348,42.3792933],[27.1945934,42.3801849],[27.1940416,42.3804146],[27.1928687,42.3821728],[27.1911809,42.3824188],[27.1886679,42.3829183],[27.187494,42.3844152],[27.1858076,42.3851655],[27.1853022,42.3867964],[27.1871569,42.3895492],[27.1880031,42.3921776],[27.1873279,42.3939259],[27.1854781,42.3929202],[27.1849738,42.3907956],[27.1836208,42.3892938],[27.1819482,42.3906744],[27.1819433,42.393169],[27.1819494,42.3953035],[27.1804303,42.3951708],[27.1780779,42.3925447],[27.1750561,42.3938012],[27.1745524,42.3961705],[27.1748843,42.4019249],[27.1733737,42.4005493],[27.1737084,42.3985494],[27.1720278,42.397174],[27.169004,42.3977999],[27.1683219,42.3971705],[27.169836,42.3954211],[27.1691617,42.3931706],[27.1664766,42.3931655],[27.1626034,42.3941708],[27.1602523,42.3965427],[27.1609241,42.3979196],[27.1641207,42.3982934],[27.1664793,42.3987943],[27.1656435,42.3997952],[27.1637909,42.4023015],[27.1631508,42.4034443],[27.1621096,42.4053029],[27.1594188,42.4080535],[27.1584101,42.4080549],[27.1600875,42.4034235],[27.1600886,42.4027488],[27.1600921,42.4004245],[27.1590832,42.4002998],[27.1565564,42.4005464],[27.155388,42.3997915],[27.1525176,42.3986696],[27.1494939,42.3994211],[27.1482694,42.4003318],[27.1463036,42.4017938],[27.1427687,42.4022936],[27.1389075,42.4036673],[27.1358858,42.4055441],[27.1348747,42.4044196],[27.1338608,42.4019171],[27.1323501,42.4000366],[27.1323464,42.3982894],[27.1324134,42.3971158],[27.1325105,42.3954163],[27.1304938,42.3955357],[27.1265983,42.3962146],[27.124773,42.3965327],[27.1251174,42.3986668],[27.1246093,42.3997841],[27.1204048,42.3996625],[27.11788,42.401034],[27.1167064,42.4037911],[27.1152018,42.4050354],[27.1128495,42.4079107],[27.1106644,42.4092907],[27.110332,42.4137941],[27.1106628,42.4152978],[27.1094858,42.4164156],[27.1071302,42.4177958],[27.1059538,42.4192919],[27.1037682,42.4206718],[27.102435,42.4230506],[27.1007492,42.4254206],[27.1004118,42.4272942],[27.0999167,42.42942],[27.0973926,42.4323041],[27.0980646,42.434429],[27.09824,42.437806],[27.0962235,42.4389245],[27.0935287,42.4419257],[27.090845,42.4443055],[27.0896648,42.443802],[27.0881571,42.4439293],[27.0862996,42.4460561],[27.0842821,42.4468051],[27.0822651,42.4480584],[27.082436,42.4485536],[27.0795799,42.4498075],[27.0772206,42.449683],[27.073352,42.4484247],[27.0715032,42.4480566],[27.0684769,42.4495535],[27.0659622,42.4520496],[27.0649557,42.454806],[27.062428,42.4568067],[27.0639498,42.4583099],[27.0661395,42.4586869],[27.0689978,42.4588113],[27.0716861,42.4591879],[27.0737074,42.4611859],[27.0757163,42.4628147],[27.0770666,42.4629399],[27.0785756,42.4635602],[27.0807644,42.4630634],[27.0816056,42.4645668],[27.0832862,42.4660696],[27.0856442,42.464816],[27.0881593,42.4628148],[27.0893365,42.4609406],[27.0942091,42.4578117],[27.0960692,42.4573148],[27.097746,42.4563137],[27.1000933,42.4563117],[27.1027943,42.4569397],[27.1064913,42.4568193],[27.1066637,42.4580709],[27.1071634,42.4586919],[27.1115359,42.4553195],[27.1137154,42.4566953],[27.1154018,42.4544421],[27.1174178,42.452945],[27.1199369,42.453816],[27.1217854,42.4538141],[27.1231344,42.4533173],[27.1244821,42.4521901],[27.1253172,42.4501899],[27.1266646,42.4489456],[27.1266618,42.4475677],[27.12649,42.4468113],[27.1280088,42.4461882],[27.1295161,42.4459434],[27.1296848,42.4451867],[27.1305223,42.4444383],[27.1315318,42.4445632],[27.1327123,42.4450662],[27.1343915,42.4455685],[27.1362395,42.4454403],[27.1379316,42.4463208],[27.1390987,42.4461933],[27.1407867,42.4451916],[27.1424594,42.442821],[27.1448238,42.4451956],[27.1466744,42.4461929],[27.1480094,42.4450654],[27.1503687,42.4451975],[27.1537355,42.4445716],[27.1560882,42.446946],[27.1567542,42.4458193],[27.156761,42.4436939],[27.1550806,42.4426965],[27.1552452,42.4404448],[27.1567476,42.4383174],[27.157084,42.4366958],[27.1587705,42.4353156],[27.1638197,42.4366954],[27.1666765,42.4365652],[27.1680224,42.4351943],[27.1698707,42.4353177],[27.1698674,42.4340659],[27.1680144,42.4321953],[27.1678402,42.4306916],[27.1695249,42.4288159],[27.1703879,42.4285058],[27.174735,42.4269438],[27.1792735,42.4284408],[27.1785996,42.4265686],[27.1816325,42.4244384],[27.1831413,42.4249404],[27.1863435,42.4266914],[27.1875131,42.4275721],[27.1918833,42.4255655],[27.1932334,42.4258154],[27.1959203,42.4259459],[27.1987872,42.4253196],[27.203996,42.4234462],[27.2102147,42.421949],[27.2130716,42.4220698],[27.217112,42.4199458],[27.2199628,42.4183193],[27.2231546,42.4169442],[27.2239933,42.4169515],[27.22517,42.4163188],[27.22652,42.4165683],[27.2288752,42.4158252],[27.2298785,42.4143191],[27.2317372,42.4140722],[27.2337551,42.4141942],[27.2366047,42.4124502],[27.2396346,42.4102014],[27.243665,42.4090762],[27.247866,42.4080765],[27.2480409,42.4061939],[27.2476995,42.4028174],[27.2465207,42.3996948],[27.2441663,42.3973133],[27.2406151,42.395877],[27.2404668,42.3958171],[27.2419764,42.3934363],[27.2439406,42.3917938],[27.244665,42.3911881],[27.2451567,42.3910214],[27.2465092,42.3905627],[27.2469107,42.3899071],[27.2473543,42.389183],[27.2473494,42.3879402],[27.25214,42.3865855],[27.253454,42.3862139],[27.2557588,42.3855621],[27.2574399,42.3866841],[27.2582751,42.3859347],[27.2602917,42.3859392],[27.2626495,42.386186],[27.2673658,42.3868145],[27.2713907,42.3876876],[27.2749271,42.3879404],[27.2835031,42.3876943],[27.286701,42.3883168],[27.2872065,42.3899456],[27.2870334,42.3919454],[27.2843453,42.3939515],[27.2821656,42.3955779],[27.2808197,42.3962026],[27.2779566,42.3972003],[27.2757766,42.3988266],[27.2753862,42.3993255],[27.2746045,42.4003245],[27.272922,42.4018235],[27.2726121,42.4020762],[27.2712388,42.4031964],[27.2693918,42.4032007],[27.2690553,42.4040751],[27.2690486,42.4052975],[27.2690485,42.405327],[27.2688754,42.4054177],[27.2673752,42.4062045],[27.2645184,42.4059499],[27.2636719,42.4069515],[27.2616587,42.4079468],[27.2588005,42.4103309],[27.2562808,42.4123269],[27.2557366,42.4126448],[27.2539285,42.413701],[27.2517449,42.4147055],[27.2473734,42.4157057],[27.2460095,42.415198],[27.2453529,42.4149535],[27.243505,42.4148224],[27.2413177,42.4149531],[27.2393054,42.4163262],[27.2382878,42.4172019],[27.236782,42.4175743],[27.2352683,42.4190724],[27.2325732,42.4199515],[27.2302277,42.4200733],[27.2295516,42.4213265],[27.227704,42.4213212],[27.2251757,42.4213261],[27.224341,42.4224535],[27.2233266,42.4243288],[27.2209828,42.4249547],[27.2196343,42.4252005],[27.2187873,42.4263278],[27.2161012,42.42645],[27.2140884,42.4279488],[27.2119036,42.4289525],[27.2115657,42.4297006],[27.2097111,42.4313251],[27.2070306,42.4332032],[27.2048489,42.4342811],[27.2045059,42.4344506],[27.2018097,42.4353289],[27.1982878,42.4365779],[27.1971128,42.4379488],[27.1976191,42.4404516],[27.1959294,42.4405806],[27.1942549,42.4417002],[27.1930797,42.4430801],[27.1913957,42.4450823],[27.1892158,42.4450786],[27.1887083,42.4450777],[27.188116,42.4455627],[27.1870222,42.4464584],[27.1853511,42.4488297],[27.1826529,42.4493293],[27.180306,42.449333],[27.1794647,42.4528287],[27.1781212,42.4550823],[27.1757719,42.4587063],[27.1744184,42.4574565],[27.1734166,42.455828],[27.1705569,42.4552018],[27.1704605,42.455269],[27.167862,42.457079],[27.1661879,42.4587026],[27.1562655,42.4595811],[27.1559296,42.4614548],[27.155424,42.4635809],[27.1554284,42.465337],[27.1552552,42.4690837],[27.1567791,42.4704595],[27.1582932,42.4727089],[27.1587996,42.4757162],[27.1579552,42.4785903],[27.1577925,42.4815895],[27.1599793,42.4803436],[27.1608115,42.4774696],[27.1626638,42.4739637],[27.164169,42.4727187],[27.1660296,42.4724638],[27.1683748,42.4714608],[27.1683775,42.4724694],[27.1646793,42.4770948],[27.1640055,42.4799687],[27.164014,42.4832198],[27.1635088,42.485472],[27.1618269,42.4890948],[27.1561109,42.4903455],[27.1537586,42.4888447],[27.1520749,42.4869737],[27.1492139,42.4863471],[27.1460228,42.4849643],[27.14636,42.4834689],[27.1490459,42.4822136],[27.1522419,42.4805883],[27.1524086,42.4790931],[27.1535799,42.4754622],[27.1525765,42.4730859],[27.1515975,42.4720321],[27.1510641,42.4714579],[27.1508917,42.4705845],[27.1502188,42.4689553],[27.1476972,42.4674546],[27.1475225,42.4655816],[27.1490373,42.4632021],[27.149491,42.4626363],[27.1505411,42.4613269],[27.1510548,42.4574537],[27.1500537,42.4554471],[27.1498694,42.4550776],[27.1473519,42.4550719],[27.1429759,42.4560771],[27.1391106,42.4570725],[27.1359109,42.456572],[27.1323818,42.4555765],[27.1291858,42.456823],[27.1256623,42.458574],[27.123135,42.4598196],[27.1201081,42.4606964],[27.1184348,42.4634449],[27.1162503,42.4660769],[27.115579,42.4648258],[27.1164162,42.4636992],[27.1165828,42.4616997],[27.114734,42.4616925],[27.1125437,42.4611994],[27.1105282,42.4631917],[27.1078397,42.462942],[27.1051516,42.4629445],[27.1029636,42.4638201],[27.1002689,42.4673168],[27.0932116,42.4740772],[27.0891868,42.4754493],[27.0864963,42.4740735],[27.0848066,42.4750744],[27.0822892,42.4756976],[27.0812792,42.4755723],[27.0784195,42.4749438],[27.0762317,42.4765664],[27.0740537,42.4763156],[27.0725319,42.475443],[27.0691756,42.4766969],[27.066258,42.4773576],[27.0653077,42.4775728],[27.0616096,42.4779441],[27.0575705,42.4780632],[27.051683,42.4791918],[27.0511853,42.4805699],[27.054373,42.4805685],[27.0572315,42.4798196],[27.059422,42.4804399],[27.0611007,42.4800697],[27.0634566,42.4798618],[27.0653099,42.4796982],[27.0684963,42.4785706],[27.0713543,42.4775692],[27.072536,42.4789463],[27.0755654,42.4789444],[27.0784223,42.4771953],[27.0792626,42.4778251],[27.0829606,42.4774443],[27.0873383,42.475946],[27.0900284,42.4769526],[27.087003,42.4798279],[27.0834639,42.4808211],[27.0794391,42.4826972],[27.076412,42.4848247],[27.0722052,42.4875742],[27.0671608,42.4925755],[27.0651449,42.4965753],[27.0619629,42.5030793],[27.0599462,42.5069619],[27.0592796,42.5099612],[27.0588883,42.5103246],[27.0565917,42.5124572],[27.0550732,42.5159612],[27.0503654,42.5202142],[27.0465083,42.5230887],[27.043308,42.5255935],[27.0392789,42.52709],[27.038098,42.5273425],[27.0367595,42.5288379],[27.03424,42.5304688],[27.0300265,42.5295874],[27.0293579,42.531839],[27.0308682,42.5327122],[27.0327199,42.5343417],[27.0327215,42.5373406],[27.0320535,42.5408441],[27.0310436,42.5426005],[27.0323966,42.5448516],[27.0337374,42.5468505],[27.033581,42.5504799],[27.0329017,42.5558565],[27.0339135,42.557108],[27.0349238,42.5557299],[27.0361036,42.5527306],[27.0371012,42.5506049],[27.0369408,42.5472277],[27.0355874,42.5445985],[27.035586,42.5420949],[27.0370942,42.5388433],[27.0379314,42.5337187],[27.0394516,42.5307192]]]]}},{"type":"Feature","id":"BG2G000000Q010","properties":{"OBJECTID":29,"localId":"BG2G000000Q010","nameTxtInt":"POROUS WATERS - QUATERNARY ROPOTAMO RIVER","nameText":"POROUS WATERS - QUATERNARY ROPOTAMO RIVER","horizons":"1","Type":"2","Age":"Q","n":9.0,"cod":"BG2G000000Q010","ime":"Порови води в кватернера  на р. Ропотамо","risk_q":"Не е в риск","risk_ch":"Не е в риск","q_s":"добро","dostoverno":" -","ch_s":"добро","dostover_1":" -","sustoyanie":"добро","sustoyan_1":"добро","Shape_Leng":63749.0275957,"Shape_Area":14036868.8626,"gwb_code":"BG2G000000Q010","gwb_name":"Порови води в кватернера  на р. Ропотамо","basin_district":"BG2"},"geometry":{"type":"Polygon","coordinates":[[[27.598371,42.338525],[27.5997198,42.3381681],[27.6009094,42.3386443],[27.6026538,42.3397753],[27.6032884,42.3397754],[27.6024961,42.338347],[27.6017038,42.3370376],[27.6025769,42.336383],[27.6035298,42.3349548],[27.6051966,42.3335862],[27.6074982,42.3321581],[27.6092447,42.3303134],[27.6109111,42.3296591],[27.6107531,42.3287663],[27.6098807,42.3284092],[27.6099606,42.3275759],[27.6114683,42.3269215],[27.6128965,42.3266241],[27.6132145,42.3255529],[27.6144061,42.323232],[27.6154733,42.3224986],[27.6163109,42.321923],[27.6183745,42.3204354],[27.6194866,42.3184121],[27.6208377,42.3147224],[27.6232193,42.3122826],[27.6252032,42.311539],[27.6286936,42.3114204],[27.6312326,42.3108256],[27.632978,42.3104688],[27.6351996,42.3098739],[27.6369454,42.3091599],[27.6382152,42.3083269],[27.6407556,42.3055896],[27.6444057,42.3041617],[27.6471047,42.3016625],[27.6502794,42.2994014],[27.6532958,42.2966641],[27.6554664,42.2948045],[27.6566296,42.2938079],[27.6607565,42.2913089],[27.6650418,42.289167],[27.6690092,42.2877391],[27.6739288,42.2860733],[27.6782129,42.2854787],[27.6826549,42.2859554],[27.6836159,42.2868831],[27.6837647,42.2870268],[27.6834463,42.2886932],[27.6820172,42.2903594],[27.6826508,42.2917877],[27.6831263,42.292383],[27.6839184,42.2940495],[27.6845522,42.2952398],[27.6843924,42.2969061],[27.6842318,42.2996438],[27.6844718,42.299824],[27.6859761,42.3009533],[27.6881967,42.3016677],[27.6907358,42.3008349],[27.6934334,42.30024],[27.6964478,42.3003595],[27.6985103,42.3004787],[27.7007309,42.3011932],[27.7032692,42.3015506],[27.704856,42.3013128],[27.7086644,42.3003611],[27.7112034,42.2996471],[27.7134245,42.2997665],[27.715487,42.2997667],[27.7177089,42.2986958],[27.7204062,42.2985771],[27.7213575,42.2995294],[27.7210395,42.3004816],[27.7178643,42.3034569],[27.7189745,42.3039332],[27.7211955,42.3042905],[27.7230982,42.3058381],[27.7245239,42.308933],[27.7264252,42.312504],[27.7280094,42.315956],[27.7280085,42.3172654],[27.7302297,42.3171466],[27.7314987,42.3176228],[27.7321323,42.3190513],[27.7321715,42.3191291],[27.7321709,42.3200301],[27.731934,42.3210343],[27.7298069,42.322688],[27.7252391,42.3238098],[27.7238998,42.3248139],[27.7220093,42.325877],[27.7192533,42.3261129],[27.7178357,42.3265262],[27.7187531,42.3289553],[27.7194265,42.3300811],[27.7206043,42.3312069],[27.7228717,42.3312526],[27.7268085,42.3314303],[27.7282251,42.3324347],[27.7283406,42.333335],[27.7295189,42.3352113],[27.7295605,42.3369834],[27.7296424,42.33701],[27.7297309,42.336866],[27.7300157,42.3364041],[27.7304361,42.3357222],[27.7308963,42.3351447],[27.7313943,42.3345195],[27.7316197,42.3342366],[27.7321381,42.3335859],[27.7322094,42.3334957],[27.7322386,42.3334589],[27.7322755,42.3334127],[27.7322987,42.3333909],[27.7324723,42.3332281],[27.7325845,42.3331216],[27.7333884,42.3323591],[27.7347474,42.33107],[27.73497,42.330911],[27.7350108,42.3308803],[27.7352973,42.3306748],[27.7358058,42.3303113],[27.7366259,42.3297251],[27.73702,42.3294974],[27.737375,42.32929],[27.7377682,42.3290603],[27.7378209,42.3290316],[27.7378518,42.3290147],[27.7379234,42.3289737],[27.7384904,42.328808],[27.7386213,42.3287692],[27.7386465,42.3287617],[27.7387819,42.3287215],[27.738928,42.328583],[27.7399186,42.3283511],[27.7390946,42.3275922],[27.7398052,42.324875],[27.7423247,42.3249934],[27.7472849,42.3256439],[27.7484731,42.3265359],[27.7486362,42.3265476],[27.7486825,42.3265509],[27.7488298,42.3265614],[27.7493559,42.3265991],[27.7494068,42.3266027],[27.7494525,42.3266067],[27.7494743,42.3266071],[27.749652,42.326616],[27.7497825,42.3266228],[27.7499798,42.3266305],[27.7500541,42.3266322],[27.7501308,42.326634],[27.7504051,42.3266464],[27.7505664,42.3266537],[27.7507622,42.3266614],[27.752156,42.326936],[27.7533389,42.3274428],[27.7534293,42.3274815],[27.753478,42.3275023],[27.7536093,42.3275586],[27.7543565,42.327698],[27.7544913,42.3279231],[27.7561808,42.3280079],[27.7570478,42.3268265],[27.757206,42.3257632],[27.7561834,42.3242863],[27.755634,42.3219234],[27.7509106,42.3205641],[27.7466582,42.3210952],[27.7429575,42.3210357],[27.7409889,42.3212718],[27.7385487,42.3201491],[27.7365813,42.3186129],[27.7349557,42.3182374],[27.7324514,42.3165517],[27.7324524,42.3151234],[27.7318181,42.3145282],[27.7302327,42.3129807],[27.7291232,42.3113141],[27.7276963,42.3100047],[27.7269056,42.3063147],[27.7267482,42.3045292],[27.7288118,42.3032202],[27.7302404,42.3022682],[27.731986,42.3016733],[27.7313535,42.2986975],[27.731037,42.2973882],[27.7289746,42.2972689],[27.7259597,42.2978637],[27.724215,42.2971492],[27.7234228,42.2957208],[27.7237413,42.2939354],[27.7227908,42.2919119],[27.7210448,42.2929829],[27.7210441,42.2940542],[27.7200927,42.2933399],[27.7178716,42.2931015],[27.7154914,42.2936964],[27.7135875,42.2935771],[27.712159,42.2945291],[27.7099355,42.2977426],[27.7070787,42.2990515],[27.7037467,42.2994082],[27.6997806,42.2989315],[27.6950213,42.2984549],[27.6904199,42.2989304],[27.6880401,42.2989301],[27.6867897,42.2973652],[27.6866134,42.2971445],[27.6882015,42.2950022],[27.6896303,42.2936931],[27.6910595,42.2919078],[27.6916966,42.2884562],[27.6928092,42.2855997],[27.6922082,42.2837922],[27.6920176,42.283219],[27.6885295,42.2800048],[27.6842477,42.2771476],[27.6793299,42.2764329],[27.6756808,42.2764323],[27.6732997,42.2782175],[27.6707612,42.2782172],[27.6683811,42.2785739],[27.6640959,42.2805969],[27.6588589,42.2826197],[27.6540978,42.2845235],[27.6510816,42.2869036],[27.6479062,42.2899979],[27.6458418,42.2926163],[27.6434607,42.2945204],[27.6412373,42.2976149],[27.6411097,42.2981633],[27.6406007,42.3003524],[27.639648,42.3014235],[27.6364738,42.3029704],[27.6334574,42.3057077],[27.6294899,42.3072545],[27.6258404,42.3077302],[27.6258152,42.3077907],[27.6253645,42.3077004],[27.6238575,42.3072836],[27.62132,42.305855],[27.6187024,42.3054975],[27.6164812,42.3056163],[27.6156082,42.3060922],[27.6152566,42.3060922],[27.612673,42.3060919],[27.6088667,42.3041275],[27.6075984,42.3028776],[27.6056149,42.3032344],[27.6039482,42.3043054],[27.6023613,42.3047813],[27.6003785,42.3041859],[27.600062,42.3030551],[27.6000632,42.3014483],[27.6000641,42.3001389],[27.6004624,42.2977585],[27.6002259,42.2956755],[27.5991955,42.294485],[27.5970538,42.2942467],[27.5951502,42.2938894],[27.5934053,42.2934726],[27.5917399,42.2926987],[27.5895987,42.2919247],[27.5861084,42.2915077],[27.5834118,42.2908527],[27.5804768,42.2906142],[27.5786525,42.2903165],[27.5762733,42.2891854],[27.5750835,42.2891258],[27.5733379,42.2896017],[27.5712763,42.2884111],[27.5680251,42.2865062],[27.5646947,42.2846014],[27.5620778,42.2833513],[27.5608082,42.2837677],[27.5597765,42.2844222],[27.5605695,42.2847199],[27.5627108,42.2855534],[27.5650895,42.2872795],[27.5687367,42.2899581],[27.5709577,42.290256],[27.5722264,42.2909703],[27.5749227,42.2921609],[27.5774609,42.2925778],[27.5801583,42.2922211],[27.5834899,42.2924596],[27.5869008,42.2927576],[27.5896767,42.2935911],[27.5922143,42.2950197],[27.5932446,42.2963292],[27.5957827,42.2968056],[27.5978449,42.297282],[27.5987962,42.2982938],[27.5984779,42.2996031],[27.5972874,42.3004362],[27.5967311,42.3019239],[27.5971272,42.3025191],[27.5971266,42.3034713],[27.5967288,42.3051376],[27.5974421,42.3060305],[27.5989489,42.3065663],[27.6002174,42.3076377],[27.6015658,42.3078759],[27.6058504,42.3066862],[27.6087856,42.306627],[27.6116405,42.3078771],[27.6128914,42.3084224],[27.614099,42.3089487],[27.6164782,42.3099012],[27.6171117,42.3113296],[27.6150482,42.3127577],[27.6144916,42.3145431],[27.6150452,42.3169832],[27.6144886,42.3187685],[27.612833,42.3204823],[27.6128214,42.3204942],[27.6105202,42.3214461],[27.6090925,42.3212079],[27.6080617,42.3206126],[27.6068717,42.320791],[27.6057609,42.3209099],[27.6042539,42.3206717],[27.6025089,42.3203738],[27.6019533,42.3209094],[27.601556,42.321802],[27.6023492,42.3218022],[27.6052049,42.3219215],[27.6076637,42.3226361],[27.6082187,42.3230527],[27.6079011,42.3234097],[27.6062341,42.3249569],[27.6059952,42.3261471],[27.6050428,42.3269206],[27.6049621,42.3287061],[27.6035325,42.331265],[27.6035313,42.3329314],[27.6022614,42.3338239],[27.6005948,42.3348355],[27.5983725,42.336323],[27.5971031,42.3365014],[27.5967062,42.3368584],[27.5967847,42.3380486],[27.5955147,42.3391197],[27.5939266,42.3412025],[27.5931323,42.3428093],[27.5942434,42.3420357],[27.5968622,42.3405482],[27.5970214,42.3398341],[27.598371,42.338525]]]}},{"type":"Feature","id":"BG2G000000Q011","properties":{"OBJECTID":30,"localId":"BG2G000000Q011","nameTxtInt":"POROUS WATERS - QUATERNARY DYAVOLSKA RIVER","nameText":"POROUS WATERS - QUATERNARY DYAVOLSKA RIVER","horizons":"1","Type":"2","Age":"Q","n":10.0,"cod":"BG2G000000Q011","ime":"Порови води в кватернера  на р. Дяволска","risk_q":"Не е в риск","risk_ch":"Не е в риск","q_s":"добро","dostoverno":" -","ch_s":"добро","dostover_1":" -","sustoyanie":"добро","sustoyan_1":"добро","Shape_Leng":35846.2406716,"Shape_Area":11776672.7268,"gwb_code":"BG2G000000Q011","gwb_name":"Порови води в кватернера  на р. Дяволска","basin_district":"BG2"},"geometry":{"type":"Polygon","coordinates":[[[27.6229681,42.2779059],[27.6261968,42.2764534],[27.6305012,42.2752433],[27.6365267,42.2745175],[27.6408303,42.2745182],[27.6434126,42.2742763],[27.6479314,42.2741155],[27.6491145,42.2745999],[27.6506202,42.2754879],[27.6512656,42.2757302],[27.6526653,42.2742775],[27.6544951,42.273067],[27.6579388,42.2718567],[27.6607364,42.2714535],[27.6634263,42.2712924],[27.6649323,42.2715347],[27.6666543,42.2708085],[27.6684837,42.2702437],[27.6693441,42.2706474],[27.6731103,42.2698407],[27.6761232,42.2692761],[27.679244,42.2682273],[27.6829028,42.2672591],[27.6854849,42.267098],[27.6882825,42.2669369],[27.690435,42.2658879],[27.6922645,42.265081],[27.6951692,42.2654042],[27.6968903,42.2658888],[27.6991502,42.2651626],[27.7007654,42.2631449],[27.7035636,42.2620152],[27.7039382,42.261935],[27.7051217,42.2622421],[27.7067637,42.2621739],[27.7094056,42.2620641],[27.7118658,42.2605766],[27.7137699,42.2602793],[27.7178157,42.2602203],[27.7193238,42.2590302],[27.7217036,42.25909],[27.7242422,42.2588523],[27.7258284,42.2593881],[27.7303502,42.2592696],[27.7360615,42.2597465],[27.7380435,42.2614131],[27.7410571,42.2626633],[27.7420077,42.2645679],[27.7431173,42.2659963],[27.7442291,42.2642706],[27.743835,42.2606401],[27.7468502,42.2596288],[27.7491507,42.2597482],[27.7503402,42.2602244],[27.7516245,42.2606118],[27.7515688,42.260466],[27.7514561,42.2601713],[27.7514449,42.2601422],[27.7509181,42.2587857],[27.7508326,42.2585634],[27.7507342,42.2581594],[27.7507182,42.2580935],[27.7506537,42.2578282],[27.7504226,42.2568751],[27.7504666,42.2560461],[27.7505144,42.2558658],[27.7505254,42.2558246],[27.7505681,42.2556628],[27.7506364,42.2554081],[27.7506516,42.2553515],[27.7508025,42.2547877],[27.7510946,42.2539887],[27.7512878,42.2532018],[27.751388,42.2527935],[27.7517217,42.2520719],[27.7519331,42.2516147],[27.7520543,42.2513526],[27.7525975,42.2504713],[27.7527537,42.2502177],[27.7528875,42.2500007],[27.7529817,42.2498577],[27.7530913,42.2496912],[27.7531153,42.2496547],[27.7532448,42.249458],[27.7534511,42.2491445],[27.7537895,42.2486303],[27.7540385,42.2482519],[27.7524112,42.2485005],[27.7496342,42.2492143],[27.7486997,42.2490179],[27.7476512,42.2487975],[27.7456689,42.2475474],[27.7439247,42.2461189],[27.7428142,42.2459402],[27.7423378,42.2465948],[27.7437645,42.2482018],[27.7427326,42.249273],[27.7416221,42.2490942],[27.7397987,42.2474872],[27.736627,42.2453443],[27.732741,42.2437964],[27.7291722,42.2425462],[27.7265539,42.243141],[27.7256804,42.2444502],[27.7249654,42.2458784],[27.722982,42.2461757],[27.720285,42.2459373],[27.7185406,42.2448063],[27.7171118,42.2459965],[27.7152067,42.2477221],[27.7148092,42.2490313],[27.7132228,42.2487931],[27.7126681,42.2489564],[27.711881,42.2491883],[27.7110011,42.2494474],[27.7109674,42.249649],[27.7107621,42.2508757],[27.710444,42.251947],[27.70469,42.2530016],[27.7030213,42.2533074],[27.7004516,42.2537447],[27.7004782,42.2538219],[27.6998037,42.2539432],[27.6979746,42.2540237],[27.6958225,42.254427],[27.6933476,42.2549917],[27.6903355,42.2544263],[27.6893664,42.2554755],[27.6887206,42.255879],[27.6867834,42.2567666],[27.6851692,42.2572507],[27.6831245,42.2578962],[27.6797884,42.2591872],[27.676668,42.2595904],[27.6744083,42.2600743],[27.671719,42.259509],[27.6712883,42.260074],[27.6720407,42.2608813],[27.672362,42.2630606],[27.6699941,42.2644324],[27.6660132,42.2644319],[27.6637538,42.264593],[27.6613869,42.2645121],[27.659989,42.2634626],[27.6586978,42.2636239],[27.6581581,42.2661259],[27.6571882,42.2682244],[27.6538529,42.2684661],[27.6512707,42.2684658],[27.6496582,42.2666899],[27.6472923,42.265156],[27.6442807,42.2639448],[27.6418063,42.2637024],[27.6383642,42.262572],[27.6340607,42.2625714],[27.6354587,42.2633788],[27.6395464,42.2644286],[27.6421279,42.2652361],[27.6438489,42.265882],[27.6452465,42.2674157],[27.6462141,42.2684651],[27.6477197,42.2692725],[27.6480416,42.2704833],[27.6464274,42.2709674],[27.6443831,42.2711286],[27.6425541,42.2711283],[27.6388961,42.2711278],[27.6371752,42.2704012],[27.6344857,42.2699972],[27.6317957,42.2705619],[27.630181,42.2716917],[27.6282444,42.2716108],[27.6259844,42.272579],[27.6249071,42.2745161],[27.6225394,42.2756459],[27.6142536,42.2775012],[27.6123176,42.2767746],[27.6099521,42.2745949],[27.606295,42.2733837],[27.6023147,42.2727375],[27.5989802,42.2716878],[27.5961838,42.270396],[27.5958602,42.271526],[27.5966124,42.2727368],[27.6009149,42.2743517],[27.6034966,42.274917],[27.6083371,42.2763705],[27.6103802,42.2779043],[27.6114553,42.278873],[27.6129614,42.2791961],[27.6173729,42.2787931],[27.6229681,42.2779059]]]}},{"type":"Feature","id":"BG2G000000Q012","properties":{"OBJECTID":31,"localId":"BG2G000000Q012","nameTxtInt":"POROUS WATERS - QUATERNARY VELEKA RIVER","nameText":"POROUS WATERS - QUATERNARY VELEKA RIVER","horizons":"1","Type":"2","Age":"Q","n":11.0,"cod":"BG2G000000Q012","ime":"Порови води в кватернера  на р. Велека","risk_q":"Не е в риск","risk_ch":"Не е в риск","q_s":"добро","dostoverno":" -","ch_s":"добро","dostover_1":" -","sustoyanie":"добро","sustoyan_1":"добро","Shape_Leng":90864.1269228,"Shape_Area":17263688.8167,"gwb_code":"BG2G000000Q012","gwb_name":"Порови води в кватернера  на р. Велека","basin_district":"BG2"},"geometry":{"type":"Polygon","coordinates":[[[27.837609,42.0902365],[27.8397619,42.0894294],[27.8411609,42.0896718],[27.8427749,42.0901565],[27.8437433,42.0905603],[27.845358,42.0900761],[27.8483725,42.0885424],[27.850741,42.087493],[27.8522478,42.0874125],[27.8527855,42.0880585],[27.8524613,42.0899155],[27.8532142,42.0905615],[27.853645,42.0900771],[27.8550441,42.0900773],[27.8557975,42.0899966],[27.8553678,42.0890277],[27.8552616,42.0870091],[27.8569842,42.0861212],[27.8590293,42.0857985],[27.8608582,42.0866868],[27.8624728,42.0863642],[27.8640877,42.0855569],[27.8693619,42.0847501],[27.8715147,42.0843467],[27.8749594,42.0832168],[27.8789422,42.0823291],[27.8787285,42.0801491],[27.8789448,42.0785343],[27.8805602,42.0772426],[27.8806687,42.0759508],[27.8809925,42.0745782],[27.8824999,42.0736095],[27.8825012,42.0719139],[27.8825027,42.0696532],[27.8821822,42.0663427],[27.8835146,42.0642692],[27.8842288,42.0640015],[27.8848743,42.0644052],[27.8857342,42.065778],[27.8867013,42.0678774],[27.8876685,42.0699768],[27.8884218,42.0699769],[27.8897137,42.0694926],[27.8906819,42.0699772],[27.891436,42.0690891],[27.8929438,42.0674745],[27.8929459,42.0645678],[27.8929469,42.0631144],[27.8942394,42.061742],[27.8957465,42.061177],[27.8960698,42.0605311],[27.8960708,42.0592392],[27.8959637,42.0584318],[27.8952111,42.0573013],[27.8930594,42.0563321],[27.8915533,42.0553631],[27.8914465,42.0543134],[27.8920926,42.0536675],[27.8942455,42.0530219],[27.8963979,42.0532644],[27.8988728,42.0539106],[27.8999485,42.0545567],[27.9010247,42.0546376],[27.9026396,42.0539111],[27.903931,42.053992],[27.9055457,42.0535886],[27.907053,42.0527813],[27.9093134,42.0522971],[27.9102818,42.052701],[27.9112494,42.0540737],[27.9116798,42.054316],[27.9131862,42.0548006],[27.9146923,42.0556082],[27.914907,42.0563349],[27.9142609,42.0569807],[27.9128614,42.0574651],[27.9133992,42.0578688],[27.9145831,42.057869],[27.9160901,42.0574655],[27.9167357,42.0576271],[27.9187802,42.0581925],[27.9210402,42.0583542],[27.9234083,42.0577893],[27.9262073,42.0567401],[27.9272834,42.056821],[27.9287897,42.0575478],[27.9298655,42.0581131],[27.9325553,42.0593246],[27.934491,42.0613434],[27.9351357,42.0628776],[27.9341664,42.0637656],[27.9323366,42.0640884],[27.929216,42.0635228],[27.9285695,42.0644916],[27.9279231,42.0653796],[27.9264162,42.0657024],[27.9243706,42.066671],[27.9246931,42.0672363],[27.9254465,42.0670749],[27.9282453,42.0663485],[27.9293214,42.0665102],[27.9309359,42.0663489],[27.9334113,42.0662685],[27.9363176,42.0656229],[27.9393315,42.0651389],[27.9411607,42.0655428],[27.9430976,42.066189],[27.9441739,42.0660276],[27.9471878,42.0653821],[27.949307,42.0649372],[27.9493188,42.0651444],[27.9498504,42.0650703],[27.9517785,42.0651172],[27.9530852,42.0643241],[27.9561954,42.0641379],[27.957689,42.0629715],[27.9589329,42.0631583],[27.9605496,42.0637651],[27.9627268,42.0636254],[27.9632239,42.0642321],[27.9634456,42.0653519],[27.9642801,42.0658187],[27.9660214,42.0663323],[27.9668914,42.0674523],[27.9667996,42.0688453],[27.9676392,42.0690397],[27.9691533,42.0676822],[27.9699395,42.0670328],[27.9695048,42.0659128],[27.9686346,42.0651194],[27.9675781,42.0639059],[27.9685122,42.0623662],[27.9675811,42.0597529],[27.9667731,42.0587263],[27.9655294,42.0584928],[27.9644723,42.0580726],[27.9645973,42.0572327],[27.9654066,42.0562529],[27.9646605,42.0556462],[27.9621727,42.0554592],[27.9608633,42.0551297],[27.9593134,42.052799],[27.9558312,42.0514453],[27.9562366,42.0535949],[27.9578188,42.0553186],[27.9590325,42.056825],[27.959061,42.0578853],[27.9573185,42.0590517],[27.9561989,42.0591449],[27.9548931,42.0586781],[27.9525911,42.0595177],[27.9509732,42.0603575],[27.9490424,42.0603159],[27.9490518,42.0604803],[27.9486982,42.0602148],[27.9483758,42.0594881],[27.9482688,42.0586807],[27.9465468,42.0587612],[27.9453621,42.0599721],[27.9441781,42.059972],[27.9419182,42.0598103],[27.9404119,42.0591641],[27.9370765,42.0578719],[27.9352478,42.0566604],[27.9327729,42.0560142],[27.9297609,42.0539146],[27.9282546,42.0531877],[27.9256715,42.0533488],[27.9244882,42.0525413],[27.9233046,42.0522182],[27.9230881,42.0540752],[27.920935,42.0548823],[27.9186754,42.0542361],[27.9178153,42.0529441],[27.9160941,42.0518943],[27.9153419,42.0501179],[27.9144817,42.0490681],[27.9135143,42.0474532],[27.9117925,42.04713],[27.9091021,42.0468067],[27.9061969,42.0459182],[27.903937,42.0455949],[27.9051203,42.0464025],[27.9061956,42.0477753],[27.9053332,42.0496322],[27.9035033,42.0500357],[27.9013511,42.0497124],[27.8998452,42.0485011],[27.8984471,42.0471283],[27.898016,42.0479357],[27.8988761,42.0492276],[27.9000592,42.0503582],[27.8998435,42.0509234],[27.8975834,42.0508423],[27.8962921,42.0505999],[27.8956478,42.0486621],[27.8955403,42.0485006],[27.894894,42.0492271],[27.8931713,42.0503573],[27.8916642,42.0508416],[27.8908031,42.0510029],[27.8889734,42.0510835],[27.8890805,42.0517294],[27.8884337,42.0531827],[27.8872492,42.0542321],[27.8872475,42.0565736],[27.8867086,42.0577847],[27.8858474,42.0579461],[27.8850935,42.0586727],[27.8863845,42.0594802],[27.8873526,42.0600455],[27.8862759,42.0607721],[27.8831366,42.0611754],[27.8817554,42.0611753],[27.8808937,42.062144],[27.8797086,42.0640009],[27.8779849,42.066423],[27.8764772,42.0677146],[27.8766916,42.068845],[27.8759375,42.0698138],[27.8760445,42.070702],[27.8755053,42.0723168],[27.8745353,42.0742544],[27.8739957,42.0763536],[27.8728112,42.0773224],[27.8699042,42.0788561],[27.8665675,42.0794208],[27.8617249,42.0786936],[27.8588194,42.0782088],[27.8570971,42.078693],[27.8549444,42.0790156],[27.8532223,42.0790155],[27.8511777,42.078773],[27.850639,42.0795804],[27.849132,42.0799031],[27.847733,42.0797414],[27.8465486,42.0805487],[27.8447183,42.0815981],[27.8433195,42.0811135],[27.8424595,42.0795793],[27.8427836,42.0778838],[27.8428934,42.0748963],[27.842895,42.0727163],[27.8447266,42.0698906],[27.8451585,42.0678721],[27.8441909,42.0664186],[27.841609,42.064965],[27.8379497,42.0650453],[27.8332135,42.0660943],[27.8283689,42.068193],[27.8253537,42.0706148],[27.8243835,42.0729562],[27.8238445,42.074248],[27.8222295,42.0750552],[27.8206152,42.0748935],[27.819432,42.074086],[27.8192173,42.0731978],[27.8202942,42.0723097],[27.8215863,42.0714218],[27.8211564,42.0706143],[27.8197585,42.0689993],[27.8187918,42.0661732],[27.8154561,42.0652039],[27.8127657,42.0649613],[27.811649,42.064626],[27.8100757,42.0641536],[27.8092158,42.0625386],[27.7985607,42.0630217],[27.7978079,42.0623757],[27.7961971,42.0572888],[27.7952308,42.0539782],[27.7946936,42.0527671],[27.793403,42.051475],[27.7918969,42.0505866],[27.7898526,42.049779],[27.78684,42.0485675],[27.7845799,42.0485672],[27.7829644,42.0501818],[27.7844688,42.0534924],[27.7857587,42.0556726],[27.7859726,42.0576105],[27.7844659,42.0576103],[27.7842509,42.0572065],[27.7829599,42.056399],[27.7819934,42.0534921],[27.7793049,42.0505044],[27.7761842,42.0500195],[27.7740315,42.0502614],[27.7726317,42.0513109],[27.7727377,42.0536524],[27.7729519,42.0550251],[27.7738119,42.0563978],[27.7747801,42.0570438],[27.7746717,42.0581742],[27.774133,42.0589008],[27.7721957,42.059062],[27.7700438,42.0582543],[27.7673541,42.0569622],[27.7641264,42.0555892],[27.7596072,42.0541352],[27.7596794,42.0544433],[27.7587463,42.0538929],[27.7571325,42.0533275],[27.7539042,42.0525196],[27.7503528,42.052277],[27.7484163,42.0512271],[27.7482022,42.049693],[27.7494952,42.0475131],[27.7534787,42.0455758],[27.7554172,42.0437997],[27.7545569,42.0428308],[27.7534819,42.0410543],[27.7504697,42.0391968],[27.7479945,42.0390351],[27.7460579,42.0382274],[27.7445516,42.0375005],[27.743476,42.0367355],[27.7425079,42.0360469],[27.7406797,42.0340282],[27.7406812,42.0318481],[27.7410056,42.0295875],[27.7410073,42.0272459],[27.7387487,42.0252271],[27.7361659,42.0249845],[27.7346585,42.0257918],[27.7336889,42.0273257],[27.7317517,42.027164],[27.7297072,42.0266793],[27.7266927,42.0281322],[27.7280913,42.0287784],[27.731858,42.0291826],[27.7321803,42.0299093],[27.7309959,42.0306358],[27.7276592,42.0311198],[27.7233542,42.0312001],[27.7200181,42.0308766],[27.7177572,42.0320067],[27.7157109,42.0341057],[27.7134495,42.0358817],[27.7109732,42.0370926],[27.7094663,42.0374154],[27.7078539,42.0345892],[27.7066718,42.0321668],[27.7046281,42.0305517],[27.7011843,42.030309],[27.6979552,42.0307931],[27.6946184,42.0314386],[27.691282,42.0315997],[27.6881609,42.0315185],[27.6869782,42.0299036],[27.6851488,42.0295803],[27.6843949,42.0303069],[27.6836408,42.0315179],[27.6847162,42.032487],[27.6855768,42.033133],[27.6870831,42.0336984],[27.6883736,42.0350712],[27.6904184,42.0352329],[27.6932168,42.0349911],[27.6971993,42.0343456],[27.7013967,42.0342654],[27.7030106,42.0349115],[27.7040859,42.0362843],[27.7049462,42.0373341],[27.7060215,42.0385453],[27.7064512,42.0396758],[27.7096798,42.0399183],[27.7121555,42.0394342],[27.7151699,42.0379813],[27.7182922,42.0362861],[27.7219531,42.0339451],[27.7239981,42.0337031],[27.7265807,42.0342686],[27.7305619,42.035561],[27.7316369,42.0371759],[27.7327116,42.0395176],[27.7333581,42.0383873],[27.7344371,42.0344311],[27.7349785,42.0298289],[27.7364863,42.0284565],[27.7373469,42.0290218],[27.7385283,42.0324938],[27.7389574,42.0343509],[27.7388485,42.0362887],[27.7397948,42.0381374],[27.7399231,42.0383881],[27.7413213,42.0397609],[27.7441191,42.0404072],[27.7450876,42.0404881],[27.7476703,42.0409728],[27.7493915,42.0420227],[27.7489597,42.0437989],[27.7476672,42.0452521],[27.7455132,42.0474319],[27.7454042,42.0492889],[27.7455104,42.0513882],[27.74594,42.0526802],[27.7471225,42.0544566],[27.7478751,42.0556678],[27.750458,42.0556682],[27.7518568,42.0562335],[27.7542242,42.0567183],[27.7574529,42.056638],[27.7598206,42.0567189],[27.7607137,42.0571162],[27.7632634,42.058415],[27.7648772,42.0591419],[27.7684279,42.0602727],[27.7714407,42.0613227],[27.7744539,42.0618075],[27.7760683,42.0615656],[27.7774682,42.0604354],[27.7782223,42.0594665],[27.7774706,42.0572056],[27.7763955,42.05551],[27.7759658,42.054541],[27.7762892,42.0537336],[27.7775805,42.053976],[27.7790865,42.0550258],[27.7806999,42.0563179],[27.7824208,42.0578522],[27.7841418,42.059225],[27.785756,42.0595482],[27.7869398,42.0595483],[27.7881245,42.0584181],[27.7887719,42.0560767],[27.788558,42.0542196],[27.787698,42.0528469],[27.7876987,42.051878],[27.78856,42.0513937],[27.7898514,42.0513939],[27.7910345,42.0526051],[27.7924323,42.0543816],[27.7933994,42.0565618],[27.7938285,42.0585803],[27.7936122,42.0599529],[27.7936103,42.0626981],[27.7938238,42.0652011],[27.7947916,42.0663316],[27.7964051,42.0674622],[27.7987722,42.06827],[27.8018933,42.0684318],[27.803831,42.0677054],[27.8068453,42.0664947],[27.8094048,42.0662302],[27.8099666,42.0661721],[27.8130875,42.0664955],[27.8150242,42.0673838],[27.8166374,42.0689182],[27.816636,42.0707752],[27.8155587,42.0723092],[27.8157734,42.0731166],[27.8157722,42.0748929],[27.8180312,42.0762658],[27.8208293,42.0765083],[27.8230901,42.0756205],[27.8273963,42.0738447],[27.829873,42.0719072],[27.8357941,42.0694858],[27.8383775,42.0688402],[27.8396686,42.0694055],[27.8396679,42.0703744],[27.8397743,42.0721507],[27.839665,42.0743307],[27.8383723,42.0761069],[27.8383716,42.0771565],[27.8383704,42.0787714],[27.8371849,42.081032],[27.836107,42.0834541],[27.8348131,42.0868451],[27.8328743,42.0891056],[27.8305055,42.0905587],[27.8308268,42.0927387],[27.8314723,42.0931425],[27.833733,42.0923354],[27.837609,42.0902365]]]}},{"type":"Feature","id":"BG2G000000Q013","properties":{"OBJECTID":32,"localId":"BG2G000000Q013","nameTxtInt":"POROUS WATERS - QUATERNARY REZOVSKA RIVER","nameText":"POROUS WATERS - QUATERNARY REZOVSKA RIVER","horizons":"1","Type":"2","Age":"Q","n":12.0,"cod":"BG2G000000Q013","ime":"Порови води в кватернера  на р. Резовска","risk_q":"Не е в риск","risk_ch":"Не е в риск","q_s":"добро","dostoverno":" -","ch_s":"добро","dostover_1":" -","sustoyanie":"добро","sustoyan_1":"добро","Shape_Leng":41100.3760736,"Shape_Area":2801855.77321,"gwb_code":"BG2G000000Q013","gwb_name":"Порови води в кватернера  на р. Резовска","basin_district":"BG2"},"geometry":{"type":"MultiPolygon","coordinates":[[[[27.9753706,41.9903126],[27.9776152,41.9897837],[27.9771477,41.9896017],[27.9770659,41.9896432],[27.9770493,41.9896469],[27.9769172,41.9896761],[27.9769006,41.9896797],[27.9767268,41.9897181],[27.9767101,41.9897216],[27.9766111,41.9897424],[27.9765944,41.9897459],[27.9765429,41.9897566],[27.9765174,41.9897618],[27.976477,41.9897698],[27.9763609,41.9897321],[27.9763344,41.9897235],[27.97608,41.989868],[27.9760856,41.9896417],[27.9760349,41.989625],[27.975713,41.9891999],[27.9757015,41.9891844],[27.9756885,41.989167],[27.9756429,41.9891059],[27.975431,41.9888285],[27.9753935,41.9887793],[27.9753776,41.988432],[27.9753459,41.9877349],[27.9753437,41.9876899],[27.9753422,41.9876381],[27.9753423,41.9876225],[27.9753604,41.9875077],[27.975371,41.9874441],[27.975417,41.98717],[27.9754257,41.987118],[27.9754622,41.9869009],[27.9755577,41.9863371],[27.9756687,41.9860525],[27.9758782,41.9855188],[27.9759221,41.985407],[27.9760016,41.9852043],[27.9761442,41.9848392],[27.9762077,41.9846765],[27.9762195,41.9841986],[27.9761343,41.9840311],[27.9756978,41.9838546],[27.97568,41.9838534],[27.9736351,41.98371],[27.9736184,41.9837068],[27.9733295,41.983651],[27.9732396,41.9836337],[27.9732228,41.9836304],[27.9731148,41.9836096],[27.9730825,41.9836033],[27.9730658,41.9836001],[27.9730116,41.9835897],[27.9729949,41.9835864],[27.9728004,41.9835489],[27.9726619,41.9835221],[27.9726451,41.9835189],[27.9724063,41.9834728],[27.9715448,41.9828856],[27.971343,41.98268],[27.9713095,41.9826458],[27.9710934,41.9824256],[27.9706827,41.9820058],[27.9704943,41.981884],[27.9700709,41.9816102],[27.9697273,41.9813893],[27.965294,41.9795703],[27.9644743,41.9798528],[27.9643311,41.9799028],[27.9642799,41.9799207],[27.9642625,41.9799229],[27.9629869,41.9800835],[27.9629343,41.9800685],[27.9623807,41.9799109],[27.9621086,41.9798335],[27.9618846,41.9797697],[27.9614727,41.9793705],[27.9613918,41.9792921],[27.9614297,41.9786797],[27.9614347,41.9785981],[27.961453,41.9783097],[27.9614619,41.9781564],[27.961336,41.9779805],[27.9613013,41.9779321],[27.956997,41.976166],[27.956391,41.979761],[27.956458,41.9799229],[27.9564671,41.9800716],[27.95651,41.980783],[27.9562892,41.9810908],[27.956235,41.9811686],[27.9561643,41.9812642],[27.9560998,41.9812844],[27.9558519,41.9813624],[27.9554877,41.981477],[27.9545274,41.981781],[27.95451,41.9817787],[27.9540821,41.9817217],[27.9539572,41.9816376],[27.9535197,41.9813435],[27.9533916,41.9812594],[27.9533437,41.9812279],[27.9529941,41.9810602],[27.9523034,41.9807287],[27.9521629,41.9806613],[27.9519011,41.9805968],[27.9517461,41.9805586],[27.9516677,41.9805393],[27.9511945,41.9804261],[27.9506198,41.9803777],[27.9504648,41.9803646],[27.9501822,41.98034],[27.9497199,41.9802988],[27.9496508,41.9802925],[27.9496155,41.9802894],[27.94917,41.9802493],[27.948946,41.9802278],[27.9486502,41.9801995],[27.9485678,41.9801248],[27.9485026,41.9800656],[27.9484125,41.9799855],[27.9483575,41.9798604],[27.9483517,41.9798473],[27.9483351,41.9798095],[27.9480551,41.9791727],[27.9480079,41.9790655],[27.9479548,41.9790005],[27.9479019,41.9789358],[27.947835,41.9788508],[27.9477559,41.9787532],[27.9476235,41.9785899],[27.9472503,41.9783422],[27.9467502,41.9781932],[27.9467045,41.9781802],[27.9465964,41.9781495],[27.9464696,41.9780885],[27.9437945,41.9772415],[27.9345085,41.9842052],[27.9344953,41.9843551],[27.9344359,41.9844192],[27.9342723,41.9845959],[27.9342264,41.9846455],[27.9341466,41.9846846],[27.9340489,41.9847325],[27.9339974,41.9847586],[27.933951,41.9847821],[27.9338777,41.9848194],[27.9338414,41.9848377],[27.9337622,41.9848285],[27.9336887,41.98482],[27.93359,41.984894],[27.9335571,41.9848036],[27.9333095,41.9847706],[27.9329342,41.9845569],[27.9329081,41.9845416],[27.9328855,41.984527],[27.932801,41.9843975],[27.9326344,41.9841275],[27.9326282,41.9840985],[27.9326143,41.9840346],[27.9325487,41.9837316],[27.932525,41.983622],[27.9325058,41.9835336],[27.9324719,41.9833763],[27.9324864,41.9831311],[27.9325095,41.9827413],[27.932536,41.982293],[27.9325478,41.9820949],[27.932551,41.9820408],[27.9315529,41.9793002],[27.9297886,41.9784729],[27.9292114,41.9786172],[27.9310055,41.9804935],[27.9305559,41.9815037],[27.9292082,41.9831871],[27.9297207,41.9837645],[27.9310028,41.9843419],[27.9322845,41.9853523],[27.9333741,41.9859297],[27.9344,41.9859779],[27.9360041,41.9845349],[27.9370313,41.9828033],[27.9386996,41.9811679],[27.9413296,41.9797733],[27.9427402,41.9798215],[27.9450486,41.9798699],[27.9473561,41.9809285],[27.9488943,41.9819389],[27.9503048,41.9822278],[27.9519721,41.9819874],[27.9534466,41.9823724],[27.9558193,41.9822765],[27.9571662,41.9816994],[27.9569752,41.9797271],[27.9569126,41.9776104],[27.9585799,41.9775145],[27.9599895,41.9789578],[27.9613991,41.9803531],[27.96313,41.9809786],[27.9664641,41.9813157],[27.9688361,41.9819415],[27.9699896,41.9829037],[27.9725535,41.9842991],[27.9730018,41.9850207],[27.9727443,41.9864638],[27.9735131,41.9873779],[27.9745381,41.9887731],[27.9753706,41.9903126]]],[[[28.0257392,41.9815391],[28.0255354,41.9812777],[28.0254194,41.9811289],[28.0254056,41.9811112],[28.0250838,41.9807956],[28.024921,41.980636],[28.0248913,41.9806069],[28.0248745,41.9806038],[28.0246613,41.9805639],[28.0246443,41.9805609],[28.0245168,41.9805382],[28.0244999,41.980535],[28.024205,41.9804796],[28.0241882,41.9804764],[28.0240824,41.9804565],[28.0240645,41.9804571],[28.0221362,41.9805241],[28.0221183,41.980525],[28.0220474,41.9805287],[28.0220298,41.9805308],[28.0216479,41.980576],[28.0216304,41.9805781],[28.0212658,41.9806212],[28.0212482,41.9806234],[28.019677,41.9808155],[28.0196591,41.9808163],[28.0195476,41.9808217],[28.0183458,41.98088],[28.018328,41.9808809],[28.017858,41.9809037],[28.0178401,41.9809045],[28.0176788,41.9809122],[28.0176609,41.980913],[28.0166948,41.980959],[28.0166768,41.980959],[28.0158505,41.9809575],[28.0158326,41.9809574],[28.0156484,41.9809562],[28.0156305,41.9809561],[28.015548,41.9809557],[28.0155301,41.9809546],[28.0151901,41.9809352],[28.0151723,41.9809342],[28.0139094,41.980862],[28.013893,41.9808583],[28.0136507,41.9808024],[28.0136344,41.9807986],[28.012744,41.9805931],[28.0121268,41.9803014],[28.0120843,41.9802815],[28.0120673,41.9802736],[28.0119495,41.9802184],[28.0117772,41.9801378],[28.0114389,41.9799106],[28.0060693,41.9800099],[28.0055304,41.9801297],[28.0055139,41.9801334],[28.0053525,41.9801698],[28.005336,41.9801735],[28.0052395,41.9801953],[28.0052218,41.9801967],[28.0050562,41.9802105],[28.0050384,41.980212],[28.0043911,41.9802657],[28.0043734,41.9802673],[28.0041531,41.9802869],[28.0040536,41.9802957],[28.0040367,41.9802989],[28.0029637,41.9805001],[28.0026036,41.9806247],[28.0022827,41.9807358],[28.0020558,41.9808143],[28.0011297,41.9811318],[28.001113,41.9811352],[28.0009658,41.9811648],[28.0009489,41.981168],[28.0008127,41.9811937],[28.0007892,41.9811981],[28.0007701,41.9812017],[28.0006153,41.9812309],[28.0005974,41.9812301],[28.0004789,41.9812249],[28.000461,41.9812241],[28.0003578,41.9812196],[28.00034,41.9812186],[28.0000822,41.981204],[28.000065,41.9812014],[28.0000308,41.9811961],[28.0000136,41.9811934],[27.9997465,41.9811522],[27.9997229,41.9811489],[27.9997035,41.981146],[27.9991589,41.981065],[27.9991417,41.9810624],[27.9990883,41.9810545],[27.9990711,41.9810519],[27.9984632,41.9809614],[27.9984456,41.9809595],[27.9984079,41.9809555],[27.9967379,41.9807783],[27.9967204,41.9807765],[27.9966988,41.9807743],[27.9966812,41.9807725],[27.9966304,41.9807673],[27.9966129,41.9807655],[27.9963707,41.9807409],[27.9963529,41.98074],[27.9949029,41.9806636],[27.994885,41.9806627],[27.9937538,41.980606],[27.9937358,41.9806059],[27.9931393,41.9806045],[27.9931213,41.9806044],[27.993099,41.9806044],[27.993081,41.9806043],[27.9929465,41.980604],[27.9929285,41.9806041],[27.9929006,41.9806057],[27.9928382,41.9806276],[27.9927097,41.9806729],[27.992659,41.9806905],[27.9925766,41.9807189],[27.9925526,41.980726],[27.9922162,41.9808445],[27.9892,41.9825052],[27.9886606,41.9828025],[27.9884211,41.9829365],[27.9882642,41.9830234],[27.9879089,41.983148],[27.9805024,41.9873556],[27.9804489,41.9874007],[27.9798607,41.9880041],[27.9785128,41.9897838],[27.9796675,41.9891105],[27.9810788,41.9881966],[27.9824902,41.9871386],[27.9851202,41.9857438],[27.9872373,41.9842528],[27.9901877,41.9830025],[27.9937794,41.9819446],[27.9960878,41.9818968],[27.9986525,41.9819934],[28.0011533,41.9819456],[28.0036542,41.9816573],[28.0060271,41.9811765],[28.0076518,41.9810374],[28.007557,41.9812425],[28.0083435,41.9815109],[28.0098387,41.9816357],[28.0108358,41.9813865],[28.0128296,41.9813245],[28.0141585,41.9816363],[28.0159858,41.9819482],[28.0178133,41.982073],[28.0196413,41.9815746],[28.0216351,41.9814502],[28.0219668,41.9823851],[28.0203878,41.9831951],[28.0181437,41.9848152],[28.0173287,41.9860438],[28.01464,41.9870613],[28.0117446,41.9883668],[28.0091685,41.9896753],[28.0070077,41.9908591],[28.005262,41.9925415],[28.0061746,41.994162],[28.0094163,41.9915449],[28.0109952,41.9907349],[28.014734,41.9900499],[28.0174756,41.9898009],[28.0194243,41.9882271],[28.0211902,41.9867242],[28.0224505,41.9861911],[28.0232943,41.9846289],[28.0249566,41.9835073],[28.0265908,41.9826321],[28.0262637,41.9822113],[28.0261458,41.9820592],[28.0259379,41.9817909],[28.0259151,41.9817628],[28.0258763,41.9817149],[28.0257392,41.9815391]]],[[[27.8796967,41.996987],[27.8812997,41.9969391],[27.8828383,41.9974204],[27.8841851,41.9970838],[27.8857881,41.997084],[27.8893793,41.9965553],[27.8910466,41.996315],[27.893099,41.9955937],[27.8966906,41.9944396],[27.9013729,41.9924198],[27.9022722,41.990159],[27.9021458,41.9876575],[27.9015078,41.9831836],[27.9023424,41.9816444],[27.9035616,41.9803938],[27.905935,41.9791433],[27.9073469,41.9774118],[27.9103622,41.9751512],[27.913184,41.9745743],[27.9154279,41.9749594],[27.9163891,41.9758736],[27.9171577,41.9770763],[27.9173491,41.978327],[27.917348,41.9799145],[27.9181172,41.9804437],[27.9193989,41.9814541],[27.9205521,41.9827531],[27.9202324,41.9814542],[27.9199128,41.9800592],[27.9201454,41.9795365],[27.9191833,41.9778232],[27.9190189,41.9778122],[27.9188786,41.9778028],[27.918815,41.9776862],[27.9186468,41.9773723],[27.9186391,41.9773567],[27.918648,41.977171],[27.9186574,41.9770075],[27.9186636,41.9768977],[27.9178902,41.9755205],[27.9178811,41.9755137],[27.9177712,41.9754317],[27.9175712,41.9752824],[27.9175441,41.9752626],[27.9175138,41.9752376],[27.9174298,41.9750932],[27.9172498,41.9747536],[27.9172326,41.9746793],[27.9172248,41.9746457],[27.9171006,41.9741145],[27.916361,41.9727975],[27.9102781,41.9732846],[27.90956,41.9735963],[27.9077274,41.9751743],[27.9077405,41.9754669],[27.9077459,41.9755865],[27.9077495,41.9756667],[27.9075675,41.976132],[27.907513,41.9761659],[27.9074728,41.976191],[27.9073992,41.9762369],[27.9064218,41.976839],[27.905974,41.9772298],[27.9058775,41.9773137],[27.9055976,41.9775571],[27.9049943,41.9782851],[27.9048426,41.9784682],[27.9047078,41.978566],[27.904658,41.9786022],[27.9045416,41.9786867],[27.9043616,41.9788142],[27.9033072,41.9791917],[27.9032094,41.9792479],[27.9025709,41.9796146],[27.9001652,41.9816861],[27.9000779,41.981802],[27.900052,41.9819943],[27.9000334,41.9833088],[27.9000451,41.9833752],[27.9000999,41.9836842],[27.9001772,41.984121],[27.9005091,41.9851536],[27.9006177,41.9854931],[27.9007562,41.9859262],[27.900735,41.9865073],[27.9005689,41.9869274],[27.9005072,41.9870851],[27.9004922,41.9871234],[27.9004487,41.9872346],[27.9001653,41.9879528],[27.9001457,41.9881486],[27.900109,41.9885152],[27.9001067,41.988538],[27.9000985,41.9886198],[27.9002382,41.9892617],[27.9002982,41.9895371],[27.9003773,41.9899004],[27.9005576,41.9907283],[27.9006185,41.9910099],[27.900662,41.9912114],[27.9006669,41.9912337],[27.900681,41.9912991],[27.9004908,41.9915574],[27.900439,41.9916264],[27.9004071,41.991669],[27.9003653,41.991725],[27.9003382,41.9917613],[27.9002662,41.9917778],[27.9002088,41.9917911],[27.9001597,41.9918024],[27.8999455,41.9918507],[27.8999123,41.9918581],[27.899912,41.9918825],[27.8988107,41.9921906],[27.8988096,41.9921916],[27.8987931,41.9922102],[27.8987374,41.9922692],[27.8986618,41.9923479],[27.8982978,41.9927274],[27.8980318,41.9928601],[27.8979659,41.9928923],[27.8979021,41.9929235],[27.8978632,41.9929425],[27.897308,41.9929442],[27.896917,41.9929454],[27.8963028,41.9929457],[27.8958695,41.9930864],[27.8957559,41.9931211],[27.8949244,41.9933932],[27.8944994,41.993479],[27.8939288,41.9935941],[27.8938814,41.9936037],[27.8934486,41.993691],[27.884861,41.996094],[27.8841637,41.9959187],[27.8837157,41.9959434],[27.8835931,41.9959508],[27.8833539,41.9959653],[27.8829496,41.9959898],[27.882829,41.9959952],[27.8826234,41.9959144],[27.8818264,41.9956012],[27.8817674,41.9955781],[27.8807742,41.9951878],[27.8806598,41.9951428],[27.8799249,41.994853],[27.8791373,41.994655],[27.8790164,41.9946791],[27.877441,41.9991738],[27.8778996,41.9992959],[27.878478,41.9974679],[27.8796967,41.996987]]],[[[27.8643649,42.0065099],[27.8665454,42.0058367],[27.8688556,42.0033355],[27.8700108,42.0019406],[27.8723841,42.0009307],[27.8749494,42.0002095],[27.8749293,42.0001385],[27.8747781,42.0000165],[27.87439,41.9997036],[27.869276,41.9993285],[27.864544,42.0060425],[27.8644047,42.0060376],[27.8643105,42.0061744],[27.8642395,42.0062773],[27.8643649,42.0065099]]]]}},{"type":"Feature","id":"BG2G000000Q014","properties":{"OBJECTID":33,"localId":"BG2G000000Q014","nameTxtInt":"POROUS WATERS - QUATERNARY DVOYNITSA RIVER","nameText":"POROUS WATERS - QUATERNARY DVOYNITSA RIVER","horizons":"1","Type":"2","Age":"Q","n":13.0,"cod":"BG2G000000Q014","ime":"Порови води в кватернера  на р. Двойница","risk_q":"В риск","risk_ch":"В риск","q_s":"добро","dostoverno":"Висока","ch_s":"лошо","dostover_1":"Висока","sustoyanie":"лошо","sustoyan_1":"лошо","Shape_Leng":149387.162383,"Shape_Area":26898108.3617,"gwb_code":"BG2G000000Q014","gwb_name":"Порови води в кватернера  на р. Двойница","basin_district":"BG2"},"geometry":{"type":"Polygon","coordinates":[[[27.8185557,42.8981424],[27.8196276,42.8979153],[27.8207094,42.8984344],[27.8207205,42.8992685],[27.8210557,42.9020321],[27.8214953,42.9036534],[27.822089,42.9033857],[27.8221219,42.9013658],[27.8220892,42.8989074],[27.822543,42.8971041],[27.8233725,42.8966151],[27.8239713,42.8967425],[27.8243378,42.8973546],[27.8252446,42.8981822],[27.8261566,42.899405],[27.8274253,42.9004934],[27.8288702,42.9013611],[27.8306669,42.9017432],[27.8323413,42.9019067],[27.8320338,42.9012503],[27.8309519,42.9007313],[27.8292693,42.8999532],[27.827468,42.8992199],[27.826437,42.8980419],[27.8254061,42.8968639],[27.8249115,42.8955943],[27.824778,42.8945415],[27.8251257,42.8937487],[27.8267231,42.8926396],[27.8269543,42.8920671],[27.8281911,42.8907849],[27.8282132,42.8879749],[27.829152,42.8867387],[27.8297496,42.8867783],[27.8302975,42.8875646],[27.8317563,42.8894859],[27.8325359,42.8897436],[27.8325886,42.8892164],[27.832283,42.8886917],[27.8314259,42.8871174],[27.8314159,42.8863711],[27.8309271,42.8855404],[27.8309679,42.8841352],[27.8315443,42.8825943],[27.8332323,42.879377],[27.8349864,42.8766421],[27.8369708,42.8732909],[27.8376143,42.8723202],[27.8394176,42.8688385],[27.8405773,42.8663274],[27.8417953,42.8637281],[27.8432658,42.8621367],[27.8449247,42.8612464],[27.8475354,42.8601294],[27.8507392,42.8587446],[27.8530483,42.8574103],[27.8555327,42.8558112],[27.8572424,42.8543056],[27.858599,42.8531539],[27.8599598,42.8523095],[27.8617406,42.8516375],[27.862814,42.8515855],[27.8638314,42.8517974],[27.8645535,42.852231],[27.8649231,42.8530624],[27.8652331,42.8538943],[27.8659048,42.8549868],[27.866694,42.8559467],[27.8665346,42.8573529],[27.8654796,42.858722],[27.8648969,42.8597362],[27.8646925,42.8621964],[27.8632805,42.8636559],[27.8615718,42.8652494],[27.8588637,42.8679479],[27.8558685,42.8714827],[27.8539364,42.8742193],[27.8508308,42.8784573],[27.8500916,42.881141],[27.850369,42.8839488],[27.851127,42.8869726],[27.8517825,42.8868799],[27.8522456,42.8858228],[27.8522244,42.8842863],[27.8529118,42.8821737],[27.8537221,42.8803237],[27.8544087,42.8781672],[27.8554565,42.8762276],[27.8573246,42.8731841],[27.8584952,42.871507],[27.8599234,42.8711889],[27.8610684,42.8719706],[27.8623426,42.8734538],[27.8628785,42.8733619],[27.8627512,42.8727921],[27.8617822,42.8717896],[27.8617712,42.8709994],[27.8627919,42.8714308],[27.8638748,42.8720373],[27.8645868,42.8717246],[27.8642238,42.8713761],[27.8633193,42.8707243],[27.8623546,42.8700291],[27.8615086,42.8692891],[27.861306,42.868665],[27.8618326,42.8679037],[27.8627579,42.866843],[27.8639937,42.8655824],[27.8646089,42.8647545],[27.8656337,42.8644175],[27.8664883,42.8647074],[27.8669944,42.8656914],[27.8674531,42.8664782],[27.8682639,42.8668343],[27.8680336,42.866375],[27.8678887,42.8656188],[27.8676068,42.864666],[27.8673239,42.8636473],[27.8670397,42.8625299],[27.8674338,42.8619013],[27.8684217,42.8621243],[27.8691452,42.8626456],[27.8695987,42.8630703],[27.8707195,42.8631935],[27.8712981,42.8629586],[27.8710697,42.862631],[27.870032,42.8620462],[27.8693076,42.861459],[27.8686219,42.8604434],[27.8681049,42.8596047],[27.8680922,42.8586918],[27.8686238,42.8572676],[27.8685996,42.8555432],[27.8674711,42.8537258],[27.8686948,42.8524992],[27.8686777,42.851282],[27.8678264,42.8495639],[27.8678037,42.8479409],[27.8694451,42.8470155],[27.8708137,42.846295],[27.8728714,42.8455692],[27.8745084,42.8443393],[27.8762774,42.8427027],[27.8795783,42.8421702],[27.8805475,42.8424671],[27.8808333,42.843175],[27.8811234,42.8441872],[27.8816906,42.8452987],[27.8834757,42.8463856],[27.8834769,42.8463852],[27.883139,42.8452173],[27.882943,42.8445398],[27.8828884,42.8443512],[27.8828521,42.8442251],[27.8821888,42.8414215],[27.8821759,42.841367],[27.8821357,42.8407955],[27.8821227,42.8406101],[27.8820665,42.8398054],[27.8820429,42.8394609],[27.8820385,42.8393959],[27.8819963,42.8387929],[27.8819705,42.8384326],[27.8819718,42.838416],[27.8819846,42.8382436],[27.8820509,42.8373433],[27.8821199,42.8364065],[27.8821449,42.8360676],[27.8821534,42.835953],[27.8821904,42.8354573],[27.8822104,42.8351891],[27.8822386,42.8348062],[27.8823494,42.833878],[27.8824557,42.8329882],[27.8825351,42.8323229],[27.8825864,42.8318948],[27.8826264,42.8315579],[27.8826629,42.8312503],[27.8827082,42.8310474],[27.8833504,42.8277154],[27.8832045,42.8276946],[27.8831624,42.827689],[27.8830945,42.82768],[27.8830685,42.8276766],[27.8829097,42.8276515],[27.8827421,42.8276251],[27.8827038,42.8276209],[27.8826513,42.8276393],[27.8823587,42.827753],[27.8821835,42.8278211],[27.882084,42.8278598],[27.8814437,42.8281041],[27.8813949,42.8281212],[27.8797193,42.827887],[27.8790467,42.8276308],[27.8788711,42.8275639],[27.8780971,42.8272691],[27.8778649,42.8270844],[27.8778055,42.8270372],[27.87747,42.8267693],[27.8774861,42.8266503],[27.8775077,42.8264945],[27.8776225,42.826462],[27.8777198,42.8264345],[27.8778896,42.8263836],[27.8781836,42.8264805],[27.8784773,42.8265773],[27.8787471,42.8266672],[27.879151,42.8268017],[27.8796772,42.8269785],[27.8801076,42.8271231],[27.8805578,42.8272727],[27.8812909,42.8273121],[27.8813876,42.8272525],[27.8815721,42.8271388],[27.8821816,42.8267694],[27.8823593,42.8266009],[27.8823893,42.8265725],[27.8825838,42.8263881],[27.8827059,42.8262701],[27.8827643,42.8262545],[27.8828103,42.8262423],[27.8832697,42.8261217],[27.8833594,42.8260987],[27.8835965,42.8260381],[27.8835966,42.8260375],[27.8835957,42.8260372],[27.8814169,42.8253642],[27.8799259,42.8253756],[27.8763512,42.8256665],[27.8752715,42.8252357],[27.8737799,42.8252032],[27.8719409,42.8259197],[27.8700459,42.8269],[27.8684436,42.8274829],[27.8654737,42.8283835],[27.8624915,42.828406],[27.8596919,42.8286905],[27.8570712,42.8289736],[27.8556934,42.8285449],[27.8541992,42.8283365],[27.8506188,42.8282314],[27.8494193,42.8277574],[27.8485163,42.8271494],[27.846721,42.8267236],[27.843084,42.8268383],[27.8390331,42.8272193],[27.8369432,42.8270589],[27.8362529,42.8268235],[27.8362513,42.826823],[27.8332879,42.8258124],[27.8312543,42.8253881],[27.8299947,42.8248704],[27.828668,42.8237823],[27.8282359,42.8226878],[27.8282183,42.8213708],[27.8290988,42.8203107],[27.8311088,42.818979],[27.8328234,42.8178689],[27.8327585,42.8174742],[27.8314413,42.8170886],[27.8308893,42.8159511],[27.8302322,42.815868],[27.8300013,42.8164405],[27.8299616,42.8179336],[27.8291373,42.8187298],[27.8278288,42.8190027],[27.8266899,42.8185719],[27.826086,42.8180055],[27.8242841,42.8170526],[27.8242356,42.8178871],[27.8234077,42.8184199],[27.8222775,42.8186476],[27.820668,42.818703],[27.8194151,42.8186681],[27.8184493,42.8177969],[27.8179514,42.8162199],[27.8175138,42.8146863],[27.8166807,42.814824],[27.8163304,42.8153972],[27.8161659,42.816496],[27.8156402,42.817334],[27.8139148,42.8176536],[27.8120599,42.8171838],[27.8115094,42.816134],[27.810842,42.8152606],[27.8104693,42.8141217],[27.8087996,42.8141335],[27.8087554,42.8153193],[27.8093626,42.8161492],[27.8089515,42.816635],[27.8074607,42.8166456],[27.8054859,42.8161326],[27.8041717,42.8159662],[27.8025651,42.8162409],[27.8007057,42.8154197],[27.7994534,42.8154285],[27.7972397,42.8148732],[27.7956263,42.8146209],[27.7933603,42.8146367],[27.7912096,42.8143442],[27.7901324,42.8140443],[27.7894664,42.8132586],[27.7889715,42.811857],[27.787274,42.8096735],[27.7871492,42.8092353],[27.7850925,42.8069224],[27.7844829,42.8058728],[27.7840368,42.8035928],[27.7839721,42.8031981],[27.7837556,42.800214],[27.7829673,42.7991657],[27.7824826,42.7985543],[27.7819544,42.7992165],[27.7820289,42.8004014],[27.7823469,42.8019799],[27.7815261,42.8030831],[27.7807615,42.8039225],[27.7808355,42.8050636],[27.7824646,42.8065891],[27.7846438,42.8091646],[27.7850734,42.8101276],[27.7866588,42.8128828],[27.7868538,42.8141547],[27.786258,42.8142027],[27.7841002,42.8133394],[27.7827238,42.8129537],[27.7805738,42.8127049],[27.7791349,42.8121],[27.777271,42.8108833],[27.7760714,42.8103207],[27.7740982,42.809895],[27.7714051,42.8091229],[27.7693019,42.8078199],[27.7647179,42.8035917],[27.7605627,42.8002387],[27.7588235,42.799416],[27.75289,42.7968647],[27.7471485,42.7953657],[27.7441061,42.7952098],[27.7485951,42.7966734],[27.7526116,42.7984911],[27.7566289,42.8003525],[27.7589777,42.8022688],[27.7622273,42.804706],[27.7649422,42.8072783],[27.766209,42.8084553],[27.7667001,42.8095935],[27.766229,42.8100796],[27.7639605,42.8098753],[27.7612821,42.8102883],[27.7558613,42.8107632],[27.7507967,42.8111039],[27.7443114,42.8123317],[27.7423562,42.8133981],[27.7405322,42.8154735],[27.7395394,42.8172361],[27.7388322,42.8179432],[27.7393119,42.8181596],[27.7414456,42.8170482],[27.743868,42.8151445],[27.7454702,42.8144755],[27.7481958,42.8130088],[27.750934,42.8125958],[27.7543904,42.8123974],[27.7563619,42.8126918],[27.7591038,42.8125858],[27.7630968,42.8123836],[27.7678054,42.8121765],[27.771504,42.8122834],[27.774433,42.8128344],[27.7756355,42.8136166],[27.7755835,42.8142316],[27.7703594,42.8161548],[27.7688702,42.8162965],[27.7672666,42.8168341],[27.7627517,42.8182693],[27.7580008,42.8199253],[27.750274,42.8221276],[27.7414108,42.8241172],[27.7353461,42.8257369],[27.7334531,42.8270662],[27.7345278,42.8271471],[27.7387452,42.8256711],[27.7418984,42.8249921],[27.7441585,42.8244506],[27.7487968,42.8232788],[27.7551585,42.8216125],[27.7618186,42.8199878],[27.765213,42.81957],[27.7689473,42.817701],[27.771743,42.8171114],[27.7766231,42.8162881],[27.7823484,42.816293],[27.7880843,42.8171318],[27.7923256,42.8176733],[27.7999695,42.8184544],[27.8080328,42.8193637],[27.8103666,42.8199618],[27.8150396,42.8215532],[27.8185732,42.8226695],[27.821154,42.8238804],[27.8231419,42.8253589],[27.8236944,42.8265404],[27.8235903,42.8276826],[27.8214547,42.8285761],[27.8181841,42.8293459],[27.8156217,42.8295398],[27.810666,42.8291798],[27.8056512,42.828864],[27.8001565,42.8283318],[27.7963399,42.8284023],[27.794555,42.8287659],[27.7908738,42.8301086],[27.7876095,42.8314043],[27.783928,42.8327467],[27.7828543,42.8327541],[27.7792256,42.8335691],[27.7760106,42.8340739],[27.7733345,42.8347506],[27.7710223,42.8359077],[27.7683516,42.8370233],[27.764082,42.8391155],[27.7596229,42.8403745],[27.7560569,42.8414957],[27.7523011,42.84174],[27.7513551,42.8424487],[27.7507623,42.8431607],[27.7507619,42.8431612],[27.750473,42.8435082],[27.7488115,42.8442654],[27.746017,42.845074],[27.7443596,42.8461824],[27.7435333,42.8469342],[27.7415158,42.8478693],[27.7386012,42.8486345],[27.7343199,42.8498914],[27.7323602,42.8506942],[27.7306454,42.8520223],[27.7292309,42.8535241],[27.727749,42.8543677],[27.7260247,42.8549056],[27.7211567,42.8570877],[27.7206289,42.8578813],[27.7183331,42.8606178],[27.7172033,42.8609762],[27.7151238,42.8617795],[27.7135276,42.8631066],[27.7120442,42.8638622],[27.708301,42.8653343],[27.705861,42.865964],[27.7043218,42.8670711],[27.7002329,42.8696866],[27.6939915,42.8720077],[27.6925605,42.8721481],[27.6872507,42.8723996],[27.6816439,42.8727843],[27.6777737,42.8736854],[27.6715177,42.874776],[27.667336,42.8744931],[27.6649508,42.8747265],[27.6611963,42.875319],[27.6567759,42.8750371],[27.6521126,42.8743613],[27.6469764,42.874127],[27.64674,42.8743479],[27.6486579,42.8750834],[27.6515286,42.875594],[27.6533263,42.8762423],[27.6552434,42.8768899],[27.6590046,42.8769123],[27.6631238,42.8769324],[27.6666979,42.8762091],[27.6699208,42.8761464],[27.6754712,42.876026],[27.6808882,42.8746329],[27.6856556,42.8739019],[27.6866747,42.874291],[27.6866811,42.8748617],[27.6850204,42.8758375],[27.681812,42.8772178],[27.6762177,42.8787876],[27.6728299,42.8801686],[27.6669304,42.8811691],[27.6612756,42.8827385],[27.6592566,42.88376],[27.6576587,42.8850863],[27.6555891,42.8869861],[27.6526197,42.8884959],[27.6490434,42.889087],[27.6464256,42.8899799],[27.6424476,42.8921536],[27.6388177,42.8933593],[27.6310752,42.8953341],[27.6287487,42.8955664],[27.6260135,42.8967229],[27.6250055,42.8974309],[27.6234614,42.8982735],[27.6240673,42.8991483],[27.6264453,42.8980816],[27.6284657,42.8971047],[27.6297219,42.8973173],[27.6315753,42.8975266],[27.6334789,42.8968136],[27.6368156,42.8960926],[27.6413432,42.8950575],[27.6448998,42.892535],[27.650075,42.8906617],[27.6556119,42.8891373],[27.6574586,42.8887316],[27.660764,42.8851563],[27.6631474,42.8847034],[27.6647621,42.8849575],[27.6661404,42.8854324],[27.667786,42.8830081],[27.670047,42.8822924],[27.6715399,42.8823275],[27.6770764,42.88089],[27.6827841,42.8787486],[27.6899181,42.8760716],[27.6924799,42.875617],[27.6937887,42.875214],[27.6954497,42.8742819],[27.6990177,42.8730747],[27.6999678,42.8726299],[27.7025259,42.8718678],[27.7035431,42.8720811],[27.7033939,42.8747163],[27.7039898,42.8746248],[27.7051746,42.8738273],[27.7059366,42.8725932],[27.7064532,42.8707899],[27.7059532,42.8688173],[27.7071971,42.8679754],[27.7095804,42.8676094],[27.7123815,42.8672408],[27.7153499,42.8658612],[27.7179673,42.8650985],[27.7188661,42.8654002],[27.7188145,42.866103],[27.7175943,42.8689644],[27.7184885,42.868871],[27.7216557,42.8640654],[27.7248986,42.8606643],[27.7279749,42.8583617],[27.7308731,42.856148],[27.736329,42.8532592],[27.7390492,42.8511781],[27.7457092,42.849247],[27.7539206,42.8473492],[27.7566543,42.8464531],[27.7644355,42.8435914],[27.7695509,42.8423278],[27.7743159,42.841681],[27.775919,42.8410555],[27.7798315,42.8390532],[27.7810355,42.8383918],[27.7810367,42.8383912],[27.7855785,42.8358966],[27.7908612,42.8337967],[27.7955094,42.8334133],[27.7987344,42.8336981],[27.8011874,42.8342518],[27.8041165,42.8347142],[27.8043888,42.8347123],[27.8043918,42.8347123],[27.8062639,42.8346991],[27.8087511,42.8340255],[27.8087552,42.8340244],[27.8087607,42.8340229],[27.8087661,42.8340227],[27.80877,42.8340225],[27.8112648,42.8339174],[27.814128,42.8338971],[27.8157437,42.8342807],[27.816767,42.8349759],[27.8170774,42.8358957],[27.81597,42.8378793],[27.8131406,42.8404899],[27.8077066,42.8446993],[27.8047658,42.847969],[27.801457,42.8504948],[27.7963743,42.8543061],[27.7891995,42.8579121],[27.7817206,42.8611246],[27.7781626,42.8629489],[27.7732389,42.8653532],[27.7683263,42.8686791],[27.7641799,42.8712534],[27.7621608,42.872101],[27.7566884,42.873674],[27.7522981,42.8758982],[27.7492212,42.8781575],[27.7487559,42.8791704],[27.7531471,42.8769902],[27.7564748,42.8757389],[27.7579079,42.8757734],[27.7570065,42.8801698],[27.7577901,42.8807793],[27.7587113,42.8780072],[27.7602407,42.8761531],[27.7655098,42.8726055],[27.7710903,42.8701533],[27.7754806,42.8680162],[27.7821849,42.8648094],[27.7890167,42.8623039],[27.7938799,42.8598994],[27.8006284,42.8556375],[27.805591,42.851783],[27.8123298,42.8469058],[27.8169308,42.8428777],[27.820118,42.8402645],[27.8229629,42.8388391],[27.8250976,42.8378578],[27.8277041,42.8364779],[27.8325525,42.8332377],[27.8342717,42.8324349],[27.8353967,42.831812],[27.8373645,42.8317537],[27.84109,42.8337461],[27.8449851,42.8350345],[27.8480899,42.8352311],[27.8602014,42.8353164],[27.8625916,42.8356057],[27.8643971,42.8367337],[27.8660254,42.8379946],[27.8659854,42.8393999],[27.8639853,42.8414346],[27.8608631,42.844312],[27.8590301,42.8455112],[27.8541719,42.8480062],[27.8484399,42.8520881],[27.8438755,42.8543171],[27.8391979,42.8570297],[27.8352856,42.8589901],[27.8302469,42.8615294],[27.8277599,42.8629962],[27.8250943,42.8645083],[27.8234987,42.8657052],[27.8209488,42.8669528],[27.823134,42.8697032],[27.8218315,42.8705028],[27.8200555,42.8716132],[27.8184695,42.8735563],[27.8164551,42.8747122],[27.8153274,42.8752032],[27.8134984,42.8768407],[27.8124303,42.8773313],[27.8105397,42.8788374],[27.808544,42.8814419],[27.8067117,42.8828598],[27.8035717,42.8847259],[27.8019809,42.8863615],[27.8018069,42.8867579],[27.8008682,42.8880377],[27.8035411,42.8869653],[27.8069211,42.8851853],[27.8086943,42.8838117],[27.8111218,42.8822579],[27.8122474,42.8815913],[27.814189,42.8794262],[27.8169123,42.8776945],[27.8216341,42.8736215],[27.8228063,42.8719886],[27.8260638,42.8700772],[27.8271849,42.8691032],[27.8284295,42.8684356],[27.83074,42.8671456],[27.8328123,42.8659012],[27.8336496,42.8660269],[27.8341347,42.8665941],[27.8337353,42.8679581],[27.8323939,42.8702948],[27.8304134,42.8739533],[27.8284269,42.8771727],[27.827328,42.879815],[27.8269436,42.8823203],[27.8257321,42.8854902],[27.8254055,42.8878634],[27.8252405,42.8889183],[27.8243666,42.8905491],[27.8215978,42.8933789],[27.8186994,42.8954632],[27.8179893,42.8959513],[27.815089,42.8979038],[27.8142187,42.8998418],[27.8122839,42.9025776],[27.811966,42.9056532],[27.8127423,42.9056477],[27.8129656,42.9044607],[27.8136069,42.9032707],[27.8150153,42.9013728],[27.8164873,42.8997817],[27.8185557,42.8981424]]]}},{"type":"Feature","id":"BG2G00000K2030","properties":{"OBJECTID":34,"localId":"BG2G00000K2030","nameTxtInt":"KARST WATERS - UPPER CRETACEOUS-MAASTRICHTIAN SHUMEN PLATEAU","nameText":"KARST WATERS - UPPER CRETACEOUS-MAASTRICHTIAN SHUMEN PLATEAU","horizons":"1","Type":"6","Age":"K2","n":27.0,"cod":"BG2G00000K2030","ime":"Карстови води в  горна креда-мастрихт Шуменско плато","risk_q":"Не е в риск","risk_ch":"Не е в риск","q_s":"добро","dostoverno":" -","ch_s":"добро","dostover_1":" -","sustoyanie":"добро","sustoyan_1":"добро","Shape_Leng":44291.8375433,"Shape_Area":53402515.8704,"gwb_code":"BG2G00000K2030","gwb_name":"Карстови води в  горна креда-мастрихт Шуменско плато","basin_district":"BG2"},"geometry":{"type":"Polygon","coordinates":[[[26.821406,43.324959],[26.825309,43.323561],[26.828684,43.321925],[26.832825,43.320707],[26.838132,43.31929],[26.839906,43.31749],[26.840776,43.315685],[26.841215,43.314235],[26.840308,43.311324],[26.838558,43.309224],[26.83767,43.306693],[26.838814,43.3053],[26.844156,43.305041],[26.849179,43.303886],[26.852283,43.30246],[26.854496,43.301385],[26.857587,43.299603],[26.859705,43.298821],[26.862554,43.298648],[26.865997,43.299339],[26.869083,43.300462],[26.873,43.302795],[26.877154,43.304609],[26.882496,43.305991],[26.889856,43.306683],[26.896384,43.306683],[26.901192,43.306683],[26.90533,43.306482],[26.907661,43.305646],[26.908338,43.304119],[26.906524,43.300522],[26.903823,43.296938],[26.90071,43.294787],[26.896257,43.292014],[26.893773,43.29057],[26.891774,43.288881],[26.8914113,43.2882399],[26.891043,43.287589],[26.890431,43.285634],[26.889533,43.284189],[26.887762,43.282744],[26.885551,43.281655],[26.883141,43.280254],[26.882647,43.27815],[26.884636,43.276607],[26.88726,43.275528],[26.891583,43.274579],[26.896504,43.274439],[26.89958,43.274439],[26.902668,43.274439],[26.907071,43.273893],[26.911316,43.272828],[26.914838,43.271623],[26.917462,43.270181],[26.918972,43.268318],[26.919609,43.266198],[26.919588,43.26404],[26.918693,43.262236],[26.916932,43.260802],[26.912847,43.259448],[26.908677,43.258215],[26.902964,43.256052],[26.897049,43.253467],[26.894231,43.251337],[26.8911,43.250011],[26.888058,43.24915],[26.884537,43.24814],[26.87749,43.246662],[26.872811,43.245336],[26.867813,43.244815],[26.859016,43.243684],[26.852797,43.242017],[26.846534,43.240453],[26.844311,43.239359],[26.842068,43.236455],[26.840695,43.234119],[26.8406402,43.2207875],[26.835667,43.22113],[26.831138,43.222051],[26.824563,43.223795],[26.820563,43.225816],[26.816276,43.228377],[26.814376,43.230265],[26.81283,43.232134],[26.816766,43.234828],[26.816764,43.237356],[26.816317,43.23988],[26.814846,43.24425],[26.816447,43.247275],[26.819297,43.249331],[26.823295,43.25225],[26.825311,43.254515],[26.826748,43.257307],[26.827309,43.26022],[26.826885,43.263015],[26.827587,43.265245],[26.829118,43.267725],[26.830894,43.269183],[26.833118,43.271366],[26.834449,43.273178],[26.836675,43.275718],[26.837575,43.27825],[26.837588,43.282222],[26.837597,43.284757],[26.835819,43.286549],[26.833176,43.2887],[26.82609,43.291902],[26.819017,43.295105],[26.813255,43.297959],[26.806616,43.301521],[26.80264,43.30511],[26.796861,43.309315],[26.788907,43.313611],[26.786255,43.315772],[26.784944,43.318668],[26.785403,43.321209],[26.78739,43.3228433],[26.788513,43.323767],[26.792522,43.324242],[26.797677,43.324187],[26.802453,43.324628],[26.807584,43.325621],[26.81113,43.326372],[26.8169,43.326042],[26.821406,43.324959]]]}},{"type":"Feature","id":"BG2G00000K2031","properties":{"OBJECTID":35,"localId":"BG2G00000K2031","nameTxtInt":"KARST WATERS - UPPER CRETACEOUS-TURONIAN-MAASTRICHTIAN KASPITCHAN","nameText":"KARST WATERS - UPPER CRETACEOUS-TURONIAN-MAASTRICHTIAN KASPITCHAN","horizons":"1,2","Type":"6","Age":"K2","n":28.0,"cod":"BG2G00000K2031","ime":"Карстови води в  горна креда турон-мастрихт Каспичан","risk_q":"Не е в риск","risk_ch":"Не е в риск","q_s":"добро","dostoverno":" -","ch_s":"добро","dostover_1":" -","sustoyanie":"добро","sustoyan_1":"добро","Shape_Leng":22561.9334362,"Shape_Area":38166884.3408,"gwb_code":"BG2G00000K2031","gwb_name":"Карстови води в  горна креда турон-мастрихт Каспичан","basin_district":"BG2"},"geometry":{"type":"Polygon","coordinates":[[[27.1642038,43.2600399],[27.1534791,43.25992],[27.1488224,43.2600435],[27.1444788,43.2601586],[27.1350293,43.2614984],[27.1283441,43.2624462],[27.1262288,43.2631985],[27.1181084,43.2660867],[27.1163521,43.2673151],[27.1112882,43.2708571],[27.1082954,43.2768952],[27.1075762,43.2783463],[27.1083255,43.2828143],[27.1086618,43.2848195],[27.1088314,43.2858308],[27.1085209,43.2858311],[27.110701,43.2894584],[27.1120702,43.2918248],[27.1131932,43.2937658],[27.1191037,43.2989771],[27.1215965,43.3030575],[27.1265739,43.3069083],[27.1411816,43.3107475],[27.1473641,43.312512],[27.1498854,43.3132316],[27.1549294,43.3134044],[27.1626231,43.3136679],[27.1728744,43.3136528],[27.1834288,43.3111412],[27.1880223,43.3100656],[27.1902578,43.3095422],[27.190853,43.3091368],[27.1945972,43.306586],[27.2014156,43.3020375],[27.2073005,43.2972634],[27.207376,43.2960418],[27.2078892,43.2877352],[27.2032021,43.2788969],[27.1987539,43.2748783],[27.1929272,43.2696144],[27.1817325,43.2630544],[27.1731426,43.2605966],[27.1714814,43.2601213],[27.1642038,43.2600399]]]}},{"type":"Feature","id":"BG2G00000K2032","properties":{"OBJECTID":36,"localId":"BG2G00000K2032","nameTxtInt":"KARST WATERS - UPPER CRETACEOUS-TURONIAN-MAASTRICHTIAN PROVADIA SYNCLINE","nameText":"KARST WATERS - UPPER CRETACEOUS-TURONIAN-MAASTRICHTIAN PROVADIA SYNCLINE","horizons":"1,2,3","Type":"7","Age":"K2","n":29.0,"cod":"BG2G00000K2032","ime":"Карстово - пукнатинни  води в  горна креда турон - мастрихт- Провадийска синклинала","risk_q":"Не е в риск","risk_ch":"Не е в риск","q_s":"добро","dostoverno":"Ниска","ch_s":"добро","dostover_1":"Средна","sustoyanie":"добро","sustoyan_1":"лошо","Shape_Leng":202653.396597,"Shape_Area":959922519.782,"gwb_code":"BG2G00000K2032","gwb_name":"Карстово - пукнатинни  води в  горна креда турон - мастрихт- Провадийска синклинала","basin_district":"BG2"},"geometry":{"type":"Polygon","coordinates":[[[27.316898,43.286817],[27.319091,43.285722],[27.321062,43.28463],[27.323034,43.283706],[27.324781,43.282439],[27.327191,43.280979],[27.329606,43.279882],[27.332468,43.279136],[27.334666,43.278573],[27.336419,43.277837],[27.338846,43.277813],[27.342148,43.27778],[27.344357,43.278112],[27.347236,43.278801],[27.349448,43.279319],[27.351659,43.279838],[27.353873,43.280533],[27.356089,43.281406],[27.358524,43.282099],[27.362698,43.282859],[27.366652,43.281747],[27.371054,43.280985],[27.375012,43.280227],[27.378966,43.279115],[27.383368,43.278353],[27.38687,43.276518],[27.390816,43.274688],[27.394326,43.272499],[27.398284,43.271741],[27.399106,43.270344],[27.400402,43.268531],[27.401494,43.267085],[27.402798,43.265822],[27.404099,43.264373],[27.406252,43.26169],[27.407126,43.260249],[27.407778,43.25881],[27.407988,43.257562],[27.407976,43.256306],[27.407521,43.255242],[27.407062,43.253638],[27.406386,43.252567],[27.40528,43.251686],[27.404602,43.250438],[27.404365,43.248832],[27.404796,43.247581],[27.406544,43.245944],[27.407639,43.24451],[27.409898,43.244708],[27.411886,43.24504],[27.412551,43.245033],[27.413439,43.245023],[27.414758,43.245009],[27.416519,43.244813],[27.417833,43.24426],[27.41982,43.243169],[27.42003,43.243167],[27.42113,43.242262],[27.422436,43.240816],[27.424408,43.239539],[27.425507,43.238458],[27.426264,43.236773],[27.426697,43.235521],[27.427354,43.234611],[27.428673,43.234598],[27.430876,43.234222],[27.432642,43.23331],[27.43395,43.23204],[27.434602,43.2306],[27.434599,43.230246],[27.435019,43.228985],[27.435225,43.227195],[27.435217,43.226302],[27.4352141,43.2259827],[27.435204,43.224868],[27.435659,43.22329],[27.436098,43.222755],[27.436313,43.222036],[27.436532,43.221671],[27.436752,43.221492],[27.4371799,43.221169],[27.437878,43.220642],[27.442206,43.209827],[27.444831,43.203931],[27.446423,43.200579],[27.448015,43.196454],[27.450314,43.197486],[27.451375,43.20174],[27.451667,43.206519],[27.451923,43.210278],[27.451945,43.212791],[27.452864,43.216357],[27.453337,43.219582],[27.45416,43.223555],[27.453453,43.22726],[27.452701,43.229354],[27.451609,43.231647],[27.450977,43.233768],[27.450867,43.235812],[27.451153,43.237698],[27.451564,43.239031],[27.453061,43.24095],[27.457773,43.239953],[27.458048,43.241364],[27.458533,43.242995],[27.459242,43.244761],[27.460212,43.246365],[27.461817,43.248023],[27.463832,43.249409],[27.465697,43.250686],[27.468421,43.252018],[27.470847,43.252915],[27.473645,43.253676],[27.476546,43.253995],[27.47852,43.253978],[27.480604,43.25369],[27.484244,43.252809],[27.48689,43.251479],[27.489513,43.250561],[27.491927,43.249999],[27.494343,43.249801],[27.4972,43.250131],[27.499401,43.250943],[27.501817,43.252262],[27.503714,43.254084],[27.505483,43.256126],[27.508174,43.257363],[27.512568,43.257871],[27.517402,43.257842],[27.521352,43.257462],[27.526405,43.255632],[27.529569,43.254],[27.534964,43.250527],[27.539354,43.2487],[27.543082,43.246869],[27.548134,43.24396],[27.552541,43.241282],[27.556912,43.237776],[27.560674,43.233382],[27.563491,43.229439],[27.565962,43.225991],[27.565565,43.219733],[27.564672,43.212145],[27.566376,43.210613],[27.569429,43.207956],[27.570742,43.206163],[27.571823,43.20436],[27.572913,43.201672],[27.573114,43.200057],[27.573108,43.198443],[27.572675,43.197184],[27.57201,43.195925],[27.570255,43.194313],[27.568646,43.193361],[27.566519,43.192526],[27.564549,43.192164],[27.5628,43.191989],[27.561796,43.185272],[27.564968,43.18356],[27.568889,43.179609],[27.571346,43.174791],[27.57184,43.172435],[27.571756,43.170035],[27.571262,43.167645],[27.570237,43.163452],[27.5702278,43.163182],[27.570153,43.160991],[27.570912,43.157976],[27.572093,43.155577],[27.575443,43.15083],[27.577019,43.147939],[27.5780968,43.1461461],[27.5789107,43.1463072],[27.587044,43.1479169],[27.5873781,43.1479831],[27.587477,43.148105],[27.588863,43.149716],[27.590454,43.151626],[27.592354,43.153573],[27.593843,43.155034],[27.596101,43.156382],[27.598257,43.157431],[27.600562,43.158184],[27.6086784,43.1569961],[27.617862,43.155652],[27.61801,43.152878],[27.619297,43.150727],[27.621022,43.148222],[27.621218,43.146075],[27.618792,43.145367],[27.615508,43.14574],[27.612876,43.146278],[27.610461,43.146462],[27.608269,43.146832],[27.606295,43.147014],[27.603434,43.146847],[27.601013,43.146492],[27.598092,43.14548],[27.596106,43.144594],[27.5955331,43.1442293],[27.5925112,43.1423059],[27.5961364,43.1338714],[27.5967612,43.1324177],[27.59771,43.131894],[27.59989,43.130456],[27.602069,43.129018],[27.603819,43.127582],[27.605155,43.1258],[27.606023,43.124043],[27.607527,43.121539],[27.608897,43.119694],[27.610439,43.118087],[27.613264,43.115879],[27.608827,43.11558],[27.609192,43.114024],[27.6091779,43.1128438],[27.609143,43.109917],[27.608663,43.105625],[27.607279,43.10063],[27.605242,43.095451],[27.602084,43.087659],[27.6019788,43.087314],[27.6010828,43.0795088],[27.5962037,43.0742258],[27.5958046,43.0737936],[27.5961458,43.0678614],[27.597018,43.052695],[27.591409,43.052393],[27.5857866,43.0519071],[27.584825,43.051824],[27.579638,43.051302],[27.575962,43.050548],[27.571557,43.049761],[27.568306,43.049954],[27.563738,43.050852],[27.560137,43.052008],[27.557326,43.052521],[27.554691,43.052714],[27.552407,43.052393],[27.549156,43.051687],[27.544995,43.050333],[27.541865,43.049633],[27.538703,43.049504],[27.535277,43.049568],[27.532384,43.049826],[27.527088,43.05027],[27.522674,43.051049],[27.520024,43.051091],[27.517017,43.050554],[27.515222,43.049752],[27.513177,43.048732],[27.510734,43.047493],[27.507692,43.046327],[27.504009,43.045308],[27.500465,43.045015],[27.497376,43.045414],[27.494953,43.045059],[27.491809,43.044722],[27.48811,43.044992],[27.485734,43.046051],[27.4839571,43.0468709],[27.483751,43.046966],[27.480905,43.048604],[27.4801052,43.0490671],[27.478059,43.050252],[27.474325,43.051904],[27.471914,43.05301],[27.470169,43.053776],[27.467952,43.054316],[27.4673902,43.0543616],[27.465452,43.054519],[27.463314,43.054206],[27.460208,43.053547],[27.456874,43.052542],[27.453984,43.05152],[27.450865,43.05006],[27.447446,43.048401],[27.444217,43.047909],[27.43908,43.048026],[27.434606,43.049339],[27.432407,43.050095],[27.428873,43.050866],[27.424552,43.051194],[27.4242285,43.0511747],[27.421334,43.051002],[27.417248,43.051428],[27.4153978,43.0517664],[27.413716,43.052074],[27.409835,43.052265],[27.40363,43.052377],[27.4004423,43.0524345],[27.396981,43.052497],[27.384561,43.052107],[27.377228,43.051348],[27.370114,43.050421],[27.365005,43.049623],[27.361022,43.04917],[27.357898,43.049044],[27.354778,43.048814],[27.351909,43.048804],[27.348585,43.048864],[27.345991,43.04864],[27.343473,43.047891],[27.340784,43.046884],[27.338716,43.046083],[27.334383,43.043729],[27.33044,43.041293],[27.327441,43.038939],[27.32533,43.036828],[27.323997,43.034921],[27.32277,43.032236],[27.328058,43.030727],[27.3317672,43.0293912],[27.331951,43.029325],[27.3316352,43.0292748],[27.3306614,43.0291199],[27.327958,43.02869],[27.325709,43.02797],[27.320617,43.026502],[27.317305,43.024329],[27.294712,43.024919],[27.299976,43.023097],[27.306547,43.019849],[27.312249,43.016959],[27.321437,43.012269],[27.328891,43.008653],[27.320486,43.003543],[27.3187024,43.0038305],[27.3187024,43.0038305],[27.3165151,43.0022372],[27.2884429,42.9991432],[27.2679439,42.9999851],[27.2474729,43.0079517],[27.2323935,43.0159038],[27.2129785,43.0199018],[27.191365,43.0120195],[27.1730212,43.0136328],[27.1557638,43.0184099],[27.1493122,43.0287151],[27.1352808,43.0303166],[27.1212596,43.0374608],[27.1288312,43.0437889],[27.1439475,43.0429788],[27.1623112,43.0453304],[27.1658115,43.0469443],[27.177394,43.0522848],[27.1790016,43.053026],[27.1828574,43.0548039],[27.1905855,43.0556629],[27.190784,43.05706],[27.191842,43.058906],[27.19295,43.060011],[27.19407,43.060706],[27.196508,43.061025],[27.200606,43.061386],[27.205674,43.061518],[27.210106,43.061499],[27.214634,43.061253],[27.21877,43.063509],[27.222564,43.066283],[27.206111,43.073828],[27.191854,43.071542],[27.159195,43.082343],[27.164548,43.085132],[27.1628943,43.0854535],[27.150879,43.087789],[27.1368991,43.0902392],[27.134874,43.090594],[27.132268,43.088778],[27.128756,43.087722],[27.125166,43.086968],[27.121498,43.086666],[27.117787,43.087036],[27.114053,43.088145],[27.112072,43.08853],[27.108758,43.088923],[27.104565,43.08916],[27.101039,43.089379],[27.09913,43.089514],[27.096632,43.090146],[27.094606,43.091511],[27.092932,43.093022],[27.092017,43.094741],[27.091899,43.09653],[27.092516,43.098117],[27.093655,43.099359],[27.095639,43.100389],[27.096965,43.100723],[27.098076,43.10071],[27.100279,43.100331],[27.102069,43.100554],[27.103385,43.10154],[27.105214,43.104715],[27.106622,43.107453],[27.108167,43.110186],[27.110223,43.114431],[27.111363,43.116191],[27.113171,43.118839],[27.114083,43.120251],[27.115454,43.12334],[27.115708,43.125296],[27.115512,43.126897],[27.115245,43.129878],[27.115522,43.13202],[27.116424,43.133267],[27.117314,43.134515],[27.117992,43.135919],[27.117786,43.137012],[27.117143,43.137911],[27.116043,43.138815],[27.113848,43.139914],[27.111202,43.140469],[27.110333,43.141016],[27.109237,43.142282],[27.109261,43.144421],[27.10974,43.147459],[27.109775,43.149968],[27.109535,43.151105],[27.108876,43.151849],[27.107335,43.151907],[27.104235,43.150682],[27.102025,43.149796],[27.099169,43.148506],[27.096531,43.147986],[27.091302,43.14651],[27.089503,43.144978],[27.089203,43.142834],[27.090009,43.140136],[27.090662,43.139051],[27.091698,43.137856],[27.092591,43.136162],[27.092841,43.134911],[27.092805,43.133712],[27.091909,43.132603],[27.090362,43.132078],[27.088584,43.130838],[27.08835,43.129771],[27.087734,43.128918],[27.086342,43.127818],[27.085446,43.12711],[27.08411,43.125699],[27.084094,43.124267],[27.085394,43.12229],[27.085589,43.120606],[27.084221,43.118488],[27.081557,43.117098],[27.080546,43.115916],[27.079284,43.113217],[27.077931,43.112098],[27.07437,43.110071],[27.072588,43.10903],[27.07122,43.106912],[27.070658,43.104693],[27.068745,43.101806],[27.064917,43.10134],[27.062666,43.102346],[27.0618087,43.1035491],[27.060197,43.105811],[27.059317,43.11124],[27.059394,43.115483],[27.059023,43.11939],[27.058749,43.122193],[27.05992,43.124907],[27.062337,43.126811],[27.064562,43.128479],[27.06558,43.131019],[27.06558,43.135066],[27.065138,43.138661],[27.065185,43.141168],[27.066518,43.142592],[27.06829,43.144014],[27.071821,43.146138],[27.07475,43.14853],[27.076274,43.150792],[27.07632,43.153298],[27.076373,43.156166],[27.076438,43.159752],[27.077598,43.162201],[27.079391,43.163975],[27.081792,43.165085],[27.085308,43.166128],[27.092752,43.166786],[27.098894,43.167092],[27.101874,43.168107],[27.10419,43.169919],[27.104243,43.172788],[27.105602,43.174929],[27.108257,43.177059],[27.110025,43.178117],[27.111811,43.179537],[27.112731,43.182399],[27.112816,43.187056],[27.1131166,43.1889911],[27.113316,43.190275],[27.11465,43.191699],[27.117737,43.192746],[27.121673,43.192715],[27.12642,43.192092],[27.1265837,43.1920682],[27.131255,43.191388],[27.13279,43.192967],[27.134356,43.19422],[27.136112,43.194996],[27.137556,43.195524],[27.139093,43.195687],[27.141069,43.195669],[27.143047,43.195828],[27.144489,43.196179],[27.144615,43.197165],[27.144079,43.198148],[27.142877,43.19897],[27.141248,43.199972],[27.139278,43.201088],[27.137356,43.20266],[27.135536,43.20477],[27.133423,43.206874],[27.1332473,43.2069658],[27.129948,43.20869],[27.127101,43.211163],[27.125658,43.213381],[27.12504,43.216454],[27.125762,43.219109],[27.126682,43.221254],[27.128016,43.222678],[27.130683,43.224808],[27.132036,43.226586],[27.13295,43.229094],[27.133436,43.231596],[27.134952,43.234261],[27.1350374,43.2343233],[27.1368561,43.2356489],[27.138386,43.236764],[27.142017,43.237979],[27.145367,43.238311],[27.150603,43.237189],[27.15582,43.235005],[27.1581596,43.2330395],[27.160129,43.231385],[27.162712,43.229576],[27.163926,43.228727],[27.167715,43.230044],[27.171664,43.229831],[27.17407,43.229092],[27.17646,43.228166],[27.179742,43.226888],[27.18236,43.225607],[27.184757,43.224336],[27.186832,43.223784],[27.187395,43.225021],[27.18743,43.227173],[27.187467,43.229502],[27.1874123,43.2319868],[27.187396,43.232726],[27.184608,43.235386],[27.181322,43.238158],[27.175377,43.242602],[27.172764,43.243698],[27.170574,43.243715],[27.167584,43.242508],[27.16544,43.241484],[27.162888,43.240752],[27.159969,43.240617],[27.157347,43.240992],[27.153884,43.242808],[27.151296,43.24498],[27.148196,43.247848],[27.144831,43.250406],[27.142009,43.252297],[27.138327,43.25369],[27.135712,43.254419],[27.131383,43.256968],[27.127946,43.260218],[27.126251,43.263101],[27.1262288,43.2631985],[27.1283441,43.2624462],[27.1350293,43.2614984],[27.1444788,43.2601586],[27.1488224,43.2600435],[27.1534791,43.25992],[27.1642038,43.2600399],[27.1714814,43.2601213],[27.1731426,43.2605966],[27.1817325,43.2630544],[27.1929272,43.2696144],[27.1987539,43.2748783],[27.201142,43.274859],[27.205097,43.275902],[27.206871,43.277514],[27.208203,43.278223],[27.208854,43.278395],[27.210422,43.280177],[27.212848,43.281242],[27.213502,43.281591],[27.213942,43.281588],[27.2157,43.282116],[27.216291,43.283232],[27.218923,43.284118],[27.2210397,43.2845673],[27.22134,43.284631],[27.223981,43.28533],[27.227579,43.286117],[27.231088,43.286086],[27.2345345,43.2867106],[27.234708,43.286742],[27.23668,43.28673],[27.239313,43.286713],[27.241285,43.2867],[27.243037,43.286689],[27.24567,43.286672],[27.24766,43.287429],[27.249418,43.287954],[27.251187,43.289195],[27.2513309,43.2896394],[27.251647,43.290616],[27.253046,43.292578],[27.2530912,43.2929059],[27.253292,43.294364],[27.253545,43.296691],[27.253793,43.298663],[27.254687,43.300443],[27.256035,43.302229],[27.258028,43.303822],[27.260661,43.304693],[27.263736,43.304842],[27.266148,43.304821],[27.2661581,43.3048209],[27.2686205,43.3047985],[27.26878,43.304797],[27.2714,43.304774],[27.274678,43.303673],[27.277297,43.302756],[27.279692,43.302371],[27.281873,43.301635],[27.284047,43.300367],[27.286012,43.299092],[27.288193,43.298356],[27.290357,43.297265],[27.292536,43.296342],[27.295153,43.295248],[27.297332,43.294334],[27.299295,43.293777],[27.301694,43.292861],[27.303758,43.291585],[27.306598,43.290666],[27.307446,43.289783],[27.309869,43.289405],[27.31229,43.28884],[27.314484,43.287922],[27.316898,43.286817]]]}},{"type":"Feature","id":"BG2G00000K2033","properties":{"OBJECTID":37,"localId":"BG2G00000K2033","nameTxtInt":"KARST WATERS - K2T-ST-CP M JT KOTEL KARST BASIN","nameText":"KARST WATERS - K2T-ST-CP M JT KOTEL KARST BASIN","horizons":"1,2,3","Type":"7","Age":"K2","n":30.0,"cod":"BG2G00000K2033","ime":"Карстово- пукнатинни  води в горна креда плюс юра-триас Котелски карстов басейн","risk_q":"Не е в риск","risk_ch":"Не е в риск","q_s":"добро","dostoverno":" -","ch_s":"добро","dostover_1":" -","sustoyanie":"добро","sustoyan_1":"добро","Shape_Leng":249893.053092,"Shape_Area":950952787.698,"gwb_code":"BG2G00000K2033","gwb_name":"Карстово- пукнатинни  води в горна креда плюс юра-триас Котелски карстов басейн","basin_district":"BG2"},"geometry":{"type":"Polygon","coordinates":[[[27.5600124,42.9994434],[27.5827724,42.9752244],[27.5880255,42.9617847],[27.5922903,42.95107],[27.5968508,42.9166409],[27.5665524,42.9106202],[27.5278294,42.900926],[27.4874487,42.8924606],[27.4455249,42.8876917],[27.4085221,42.8791852],[27.3665219,42.8756226],[27.3278974,42.8745048],[27.3278593,42.8745068],[27.279217,42.8771037],[27.234494,42.8969189],[27.1951576,42.8994033],[27.1951259,42.8993993],[27.1394015,42.892253],[27.1139532,42.8922778],[27.1139527,42.8922778],[27.0836681,42.8923073],[27.0410547,42.9019729],[27.0410193,42.9019586],[26.9988055,42.8848538],[26.9987416,42.8848678],[26.9820112,42.8885571],[26.9590839,42.8971518],[26.9230152,42.8995438],[26.8836648,42.9019211],[26.8377343,42.9115076],[26.8376357,42.9115074],[26.811445,42.9114643],[26.7852632,42.9114212],[26.785263,42.9114212],[26.7197184,42.9016372],[26.6706377,42.8822218],[26.6051884,42.8651406],[26.5331509,42.8576378],[26.4873998,42.8429785],[26.4873161,42.8429828],[26.4447942,42.8451904],[26.4447757,42.8451858],[26.4055773,42.8353511],[26.40553,42.8353635],[26.3694516,42.8448003],[26.3431692,42.8518843],[26.3041906,42.8560846],[26.3041232,42.8560919],[26.3056294,42.857136],[26.3067489,42.8589213],[26.3079813,42.8602615],[26.3083721,42.8608848],[26.3086153,42.8612441],[26.3098984,42.8626415],[26.3101704,42.8647054],[26.3107769,42.8692214],[26.309999,42.869099],[26.3086655,42.8690006],[26.3081569,42.8689631],[26.307301,42.8689],[26.305799,42.868801],[26.3025,42.868599],[26.298901,42.868301],[26.298,42.8685],[26.296101,42.868401],[26.2943554,42.8681083],[26.2943,42.868099],[26.2924,42.867298],[26.2896095,42.8660504],[26.289499,42.866001],[26.2885,42.8661],[26.2862,42.865898],[26.283701,42.865898],[26.2831929,42.8659415],[26.282499,42.866001],[26.281,42.866199],[26.277,42.867199],[26.2759,42.867401],[26.2728,42.867298],[26.271099,42.867401],[26.27,42.867599],[26.2689,42.868],[26.2644,42.8699],[26.2617,42.870998],[26.2607,42.871101],[26.258499,42.8708],[26.2575,42.870701],[26.256701,42.870701],[26.255899,42.8708],[26.253599,42.871498],[26.251699,42.8717],[26.2484,42.8717],[26.246901,42.871601],[26.2449,42.8713],[26.2443136,42.871132],[26.2438235,42.8709917],[26.2436178,42.8709327],[26.2436177,42.8709327],[26.2435,42.870899],[26.2422164,42.870259],[26.2421,42.870201],[26.2417659,42.8703497],[26.2413002,42.870557],[26.241199,42.870602],[26.239,42.870998],[26.2369,42.870998],[26.2349,42.871101],[26.233,42.8713],[26.2292,42.872101],[26.225599,42.873199],[26.224501,42.873402],[26.2222,42.873402],[26.2209,42.873402],[26.2195,42.8736],[26.218201,42.873798],[26.215,42.874901],[26.2131,42.875099],[26.2118,42.875],[26.210899,42.874901],[26.2103,42.8745],[26.2099,42.874401],[26.209,42.874401],[26.208099,42.8745],[26.206499,42.8745],[26.2041,42.874298],[26.204901,42.875801],[26.206499,42.875702],[26.2073,42.875702],[26.2106,42.8759],[26.211901,42.8759],[26.2141,42.8759],[26.217699,42.875599],[26.2195,42.875599],[26.220301,42.875702],[26.2213,42.875999],[26.2222,42.876499],[26.223,42.877201],[26.2237,42.877998],[26.224199,42.878899],[26.224501,42.879799],[26.224701,42.881901],[26.224701,42.882702],[26.224501,42.8834],[26.224001,42.8839],[26.2229,42.8843],[26.221399,42.884701],[26.218599,42.884899],[26.216,42.884899],[26.215,42.884899],[26.2129,42.884998],[26.214001,42.8853],[26.215,42.885601],[26.216101,42.8862],[26.2185,42.887402],[26.2169,42.887402],[26.214701,42.887199],[26.2139,42.887001],[26.2129,42.887001],[26.211201,42.886902],[26.2115,42.887402],[26.2118,42.887901],[26.2129,42.8881],[26.2155,42.889],[26.2167,42.889099],[26.217699,42.889099],[26.2192,42.889],[26.219999,42.888699],[26.220526,42.888348],[26.221399,42.889301],[26.222601,42.889198],[26.2248,42.889301],[26.2258,42.889301],[26.2264,42.889198],[26.2272,42.888802],[26.228001,42.888599],[26.229,42.888599],[26.2314,42.889],[26.2328,42.889198],[26.234501,42.889],[26.2362,42.888699],[26.2465,42.885502],[26.2446,42.890099],[26.2456,42.8908],[26.246401,42.891701],[26.246901,42.8922],[26.2474,42.892399],[26.2481,42.8927],[26.2498,42.893101],[26.250401,42.893398],[26.251301,42.8941],[26.252399,42.894798],[26.253401,42.895199],[26.2547,42.895199],[26.2591,42.895199],[26.2628,42.895],[26.2642,42.894699],[26.265388,42.89436],[26.2656,42.894299],[26.267099,42.894001],[26.268999,42.893902],[26.271,42.893902],[26.2724,42.894001],[26.2728,42.894199],[26.2738,42.894699],[26.2754,42.895699],[26.2764,42.8965],[26.277399,42.8969],[26.2803,42.897301],[26.281601,42.897499],[26.283199,42.897499],[26.2885,42.897598],[26.292,42.897598],[26.2932,42.8979],[26.295099,42.898602],[26.2962,42.898899],[26.2966991,42.8989999],[26.297199,42.899101],[26.2985,42.9002],[26.299299,42.900799],[26.3001,42.9007],[26.300501,42.900101],[26.300699,42.899399],[26.3009,42.898899],[26.301399,42.898701],[26.3032,42.898701],[26.3069,42.8993],[26.309401,42.899502],[26.310699,42.899899],[26.3113,42.900398],[26.312099,42.901199],[26.313101,42.901798],[26.314301,42.9021],[26.3151,42.9021],[26.316099,42.901901],[26.316999,42.901798],[26.3181,42.901901],[26.320101,42.902901],[26.3218,42.903702],[26.324499,42.9039],[26.327499,42.904499],[26.328699,42.904499],[26.329264,42.904396],[26.3298,42.904301],[26.3311,42.903999],[26.3325,42.903801],[26.333799,42.903801],[26.3342542,42.903914],[26.334999,42.904099],[26.339199,42.9053],[26.3403,42.905499],[26.341499,42.9053],[26.3418838,42.9051292],[26.3418839,42.9051292],[26.3422583,42.9051099],[26.3424904,42.9049829],[26.3456243,42.9032675],[26.3459313,42.9030995],[26.3478711,42.9031726],[26.3482003,42.903185],[26.3545177,42.9030756],[26.3575956,42.9036709],[26.3595409,42.9040471],[26.3633743,42.9058383],[26.3673213,42.9076826],[26.3720677,42.9099005],[26.3763686,42.910874],[26.3914504,42.9142876],[26.4036186,42.9170418],[26.4036186,42.9170418],[26.4047901,42.917307],[26.4139804,42.9199577],[26.4328184,42.9253912],[26.4473173,42.9295731],[26.4486975,42.9299002],[26.4572604,42.93193],[26.5095281,42.9443199],[26.543697,42.9467387],[26.5816799,42.9494274],[26.6570988,42.9593204],[26.7358555,42.9619398],[26.8146336,42.959684],[26.8835786,42.947722],[26.9590456,42.9550056],[26.9679613,42.955878],[27.0499029,42.9638965],[27.0575077,42.9646407],[27.0887439,42.9686646],[27.1468023,42.9761436],[27.1620299,42.97662],[27.177344,42.9811521],[27.2000392,42.9937875],[27.2183932,42.9969222],[27.2421165,42.9929142],[27.2582712,42.9857504],[27.2852203,42.9809341],[27.3219062,42.9824209],[27.3283142,42.981932],[27.3314875,42.983563],[27.3789635,42.9879595],[27.40779,42.9913792],[27.4496738,42.9963479],[27.4611632,42.997964],[27.4641659,42.9983864],[27.4910674,43.0021705],[27.5304761,43.0092147],[27.5305394,43.009226],[27.5600124,42.9994434]]]}},{"type":"Feature","id":"BG2G000J3K1041","properties":{"OBJECTID":38,"localId":"BG2G000J3K1041","nameTxtInt":"KARST WATERS - MALM-VALANGINIAN","nameText":"KARST WATERS - MALM-VALANGINIAN","horizons":"1,2,3,4","Type":"5","Age":"J3K1","n":38.0,"cod":"BG2G000J3K1041","ime":"Карстови води в малм-валанж","risk_q":"Не е в риск","risk_ch":"Не е в риск","q_s":"добро","dostoverno":" -","ch_s":"добро","dostover_1":" -","sustoyanie":"добро","sustoyan_1":"добро","Shape_Leng":442509.438044,"Shape_Area":2624299138.89,"gwb_code":"BG2G000J3K1041","gwb_name":"Карстови води в малм-валанж","basin_district":"BG2"},"geometry":{"type":"Polygon","coordinates":[[[28.4468681,43.6322871],[28.4503199,43.6289119],[28.4531593,43.6258595],[28.4555698,43.6225064],[28.4569588,43.6194633],[28.4580447,43.6131107],[28.4580294,43.6130713],[28.4580311,43.6130613],[28.4569225,43.6102052],[28.4545671,43.607365],[28.4492987,43.6044106],[28.4436224,43.6017632],[28.4362806,43.5989854],[28.4297743,43.5963478],[28.4238918,43.593702],[28.4180028,43.5907539],[28.4118889,43.5870529],[28.4076315,43.5827244],[28.4033922,43.579151],[28.4008083,43.5752549],[28.3973729,43.5704628],[28.3945158,43.5636996],[28.3928039,43.5608763],[28.3916296,43.5548722],[28.3906892,43.5500484],[28.3910038,43.5459658],[28.3917112,43.5406627],[28.3932635,43.5355115],[28.3952148,43.5304994],[28.3974026,43.5260967],[28.3993935,43.5222906],[28.4019958,43.5181799],[28.4037797,43.5145383],[28.4069751,43.5093577],[28.4091858,43.5060079],[28.4105482,43.5023624],[28.4117374,43.4997816],[28.41207,43.4960047],[28.4121904,43.4926807],[28.4114912,43.4892137],[28.41148,43.4891967],[28.4114737,43.4891657],[28.4076031,43.4833217],[28.402334,43.4797608],[28.3952198,43.4771286],[28.3891881,43.4764467],[28.3860876,43.4769375],[28.3823821,43.4781909],[28.3791085,43.4801944],[28.3759031,43.4852183],[28.3744184,43.4929407],[28.3743412,43.4986823],[28.3726074,43.5045948],[28.368975,43.5091705],[28.3640698,43.5125526],[28.354207,43.5170509],[28.3470005,43.5197042],[28.3393448,43.5208516],[28.3310529,43.5214017],[28.3250995,43.5213632],[28.3173739,43.5204827],[28.3136272,43.5187127],[28.3097776,43.5175341],[28.3057844,43.5177484],[28.3024628,43.5195572],[28.3006192,43.5227406],[28.3006355,43.5261979],[28.2996669,43.5296664],[28.296854,43.5358149],[28.2945353,43.5417621],[28.2952487,43.545984],[28.2952634,43.5459979],[28.2952685,43.5460281],[28.3001462,43.5506549],[28.3108997,43.5584467],[28.3241295,43.5661007],[28.3345769,43.5737857],[28.3412877,43.5815227],[28.3441765,43.5862177],[28.3458232,43.5973768],[28.3418993,43.6099843],[28.3327745,43.6199363],[28.3235424,43.625136],[28.3086647,43.6287023],[28.2965377,43.6298589],[28.2815417,43.6279911],[28.2669925,43.6250979],[28.2505405,43.6205261],[28.2326548,43.61427],[28.2175891,43.6086601],[28.2048887,43.6043812],[28.1936114,43.6011046],[28.183316,43.6001931],[28.1739747,43.6002894],[28.1670016,43.6020583],[28.1596196,43.6068864],[28.1570196,43.6106007],[28.1464945,43.6134196],[28.1174022,43.6167337],[28.0975667,43.6138998],[28.0745023,43.6050409],[28.0616653,43.5975767],[28.0608586,43.5966422],[28.0480124,43.5831808],[28.0380373,43.5734264],[28.0294947,43.5653557],[28.0214384,43.5582985],[28.0129002,43.5502265],[28.0114481,43.5491956],[28.0113743,43.5491432],[28.0025089,43.5428491],[27.9926035,43.536485],[27.986277,43.5334155],[27.9766275,43.5276435],[27.9618595,43.5184068],[27.9593657,43.5086403],[27.9587467,43.5010237],[27.9587389,43.500928],[27.957914,43.4907796],[27.9582025,43.4720532],[27.958239,43.4714243],[27.9592648,43.4537857],[27.9603176,43.4372603],[27.9595121,43.4334643],[27.9597135,43.4332639],[27.9605826,43.4288444],[27.9600273,43.4234105],[27.960014,43.4234007],[27.9600108,43.423369],[27.9463458,43.4132977],[27.9427803,43.411983],[27.9425478,43.4118973],[27.9346365,43.4089804],[27.9224889,43.4063629],[27.8953635,43.3984303],[27.8668195,43.388465],[27.8279535,43.3717774],[27.746016,43.3315998],[27.7198783,43.3216479],[27.6905708,43.3100264],[27.6624286,43.2957999],[27.6473773,43.2886896],[27.6414843,43.2859328],[27.6303507,43.2807246],[27.6172881,43.2747507],[27.6122471,43.2706025],[27.6061663,43.2655986],[27.5966202,43.2561494],[27.592061,43.2458515],[27.5918076,43.2452781],[27.5933088,43.2374993],[27.5952931,43.2331836],[27.5971559,43.2291319],[27.6033783,43.2207519],[27.6135116,43.2109099],[27.6244469,43.2027915],[27.6300772,43.198974],[27.6334312,43.1966999],[27.6341916,43.1959692],[27.6390488,43.1913018],[27.643607,43.1858824],[27.6468136,43.1807316],[27.6465791,43.1771671],[27.6466302,43.1768713],[27.6470893,43.1742106],[27.647068,43.1741721],[27.6470695,43.174163],[27.6456159,43.1715314],[27.6441018,43.1687902],[27.6390865,43.1640554],[27.6365273,43.1630715],[27.6316945,43.1612136],[27.6213954,43.1586379],[27.6133066,43.1582586],[27.6070071,43.1579631],[27.6007747,43.1583299],[27.5939712,43.1587302],[27.592976,43.1587887],[27.590278,43.1593022],[27.5873176,43.1598656],[27.5846603,43.1603713],[27.5760564,43.1620087],[27.5702278,43.163182],[27.5598992,43.1652611],[27.5377007,43.1697298],[27.498634,43.1788362],[27.4872431,43.1819728],[27.4869664,43.182049],[27.4603322,43.1897866],[27.4463776,43.1937485],[27.4435148,43.194459],[27.4334331,43.1969608],[27.4332884,43.1970381],[27.428207,43.199752],[27.4243129,43.2018318],[27.416721,43.2072546],[27.4030531,43.2171632],[27.3919045,43.2238991],[27.3804898,43.2291464],[27.3757252,43.2305771],[27.3710938,43.2319678],[27.366249,43.232777],[27.3540641,43.2348122],[27.3405888,43.2365274],[27.3403202,43.2365532],[27.3314413,43.2374057],[27.3266018,43.2378704],[27.2843619,43.2374251],[27.2543264,43.2347053],[27.23142,43.2327076],[27.2136065,43.2316261],[27.1961772,43.2318087],[27.1922361,43.23185],[27.1874123,43.2319868],[27.1713753,43.2324413],[27.1581596,43.2330395],[27.1459358,43.2335927],[27.1373934,43.2341654],[27.1350374,43.2343233],[27.1176981,43.2354856],[27.0871683,43.2371872],[27.0637608,43.2383188],[27.0557759,43.239172],[27.0497675,43.239814],[27.0472554,43.2401352],[27.0278858,43.2426119],[27.0126186,43.2455911],[26.9988767,43.2489403],[26.9879878,43.2519464],[26.987424,43.2521021],[26.9752062,43.2560067],[26.9571303,43.2630705],[26.9548211,43.263965],[26.9365035,43.2710602],[26.9069549,43.2822017],[26.8914113,43.2882399],[26.887844,43.2896257],[26.8656739,43.2962988],[26.8521682,43.2992586],[26.7951163,43.3192764],[26.78739,43.3228433],[26.7582196,43.3363104],[26.7564594,43.337123],[26.7542629,43.3381371],[26.7378614,43.3457091],[26.7211583,43.3547881],[26.7157558,43.3531678],[26.7152378,43.3528632],[26.7151457,43.3528355],[26.6982344,43.3428873],[26.6839353,43.339824],[26.671293,43.3452411],[26.6636707,43.348506],[26.6636708,43.3485066],[26.6636709,43.348507],[26.6636724,43.348507],[26.6637951,43.3485088],[26.6637547,43.3485261],[26.6637546,43.3485267],[26.6637546,43.348527],[26.6646354,43.3487379],[26.6656511,43.348981],[26.6695149,43.3508472],[26.6706653,43.3512918],[26.6736227,43.3524347],[26.6774464,43.3515453],[26.6789915,43.3513379],[26.6790666,43.351337],[26.6819013,43.351304],[26.6824258,43.3512979],[26.6826998,43.3514345],[26.6863686,43.3532625],[26.6868235,43.3534892],[26.6893125,43.3539631],[26.6898461,43.3540647],[26.6928222,43.3542659],[26.6932445,43.3542945],[26.6932851,43.354321],[26.6935693,43.3545069],[26.6939075,43.3547849],[26.6946631,43.3554058],[26.6960639,43.3558088],[26.6962584,43.3558648],[26.6997073,43.3549734],[26.7023538,43.3550957],[26.7024955,43.3551023],[26.7052725,43.3549879],[26.7062379,43.3550309],[26.7079331,43.3559987],[26.7101799,43.3572786],[26.7142743,43.3577526],[26.7156859,43.3600163],[26.7183724,43.3628458],[26.7219901,43.3636696],[26.725608,43.3644933],[26.7290447,43.365546],[26.7291458,43.3655418],[26.7323746,43.3654097],[26.7329916,43.3654382],[26.7352089,43.3653488],[26.7372916,43.3658984],[26.7383183,43.3660404],[26.740999,43.3664111],[26.7438363,43.3662959],[26.7471615,43.3668211],[26.7525247,43.3675622],[26.7563359,43.3700458],[26.7587764,43.3716362],[26.758777,43.3716366],[26.7613691,43.3722273],[26.7649391,43.3733197],[26.7680746,43.3758924],[26.7696703,43.3769401],[26.7734755,43.3776546],[26.7736375,43.3775727],[26.7736541,43.3775643],[26.7761882,43.3762825],[26.7764723,43.3761387],[26.7771223,43.3758086],[26.777161,43.3757889],[26.7771611,43.3757889],[26.7800731,43.3766778],[26.7800903,43.3766831],[26.781525,43.377121],[26.7816513,43.3771859],[26.7817402,43.3772315],[26.7825318,43.3776381],[26.7835311,43.3781513],[26.7839621,43.3782563],[26.7852822,43.3785778],[26.7884737,43.3767829],[26.7902352,43.3764891],[26.7902364,43.3764889],[26.7902377,43.3764887],[26.7912239,43.3763242],[26.7930798,43.3763332],[26.794161,43.3763384],[26.7956404,43.3776726],[26.7965153,43.3784615],[26.7973928,43.3792528],[26.7983312,43.3822304],[26.7989792,43.3835552],[26.7995545,43.3856452],[26.79769,43.3894058],[26.7968773,43.3913138],[26.7945896,43.3934523],[26.7945569,43.3936302],[26.7943167,43.3949341],[26.7939047,43.3971699],[26.7932645,43.4006445],[26.7932621,43.400658],[26.7945989,43.4011061],[26.7948895,43.4013453],[26.7950458,43.4035044],[26.795142,43.4048345],[26.7951675,43.4051861],[26.7958424,43.407515],[26.795752,43.4085798],[26.7956834,43.4093868],[26.7956764,43.4094687],[26.7960222,43.4097955],[26.7982678,43.411918],[26.7987546,43.412698],[26.7988472,43.4128465],[26.799497,43.413721],[26.7998051,43.4142147],[26.8000764,43.4146495],[26.804539,43.4184931],[26.8054317,43.41926],[26.8043084,43.4215272],[26.8027223,43.422551],[26.801986,43.424817],[26.8018897,43.4251338],[26.800388,43.4271354],[26.8003049,43.4272462],[26.8000749,43.4275528],[26.801143,43.4286712],[26.8022108,43.4297941],[26.8043058,43.4331384],[26.8050256,43.4338934],[26.8063971,43.435332],[26.806838,43.4357945],[26.8070265,43.4361415],[26.807043,43.4368979],[26.8031193,43.4372874],[26.8015817,43.4383612],[26.8001208,43.4393815],[26.7987914,43.4403098],[26.7902285,43.4407807],[26.7892296,43.4438733],[26.7891589,43.4440923],[26.7871792,43.4459433],[26.786583,43.4465007],[26.7866847,43.4477989],[26.786828,43.4496297],[26.7869159,43.4507521],[26.787027,43.4521698],[26.7918311,43.4553122],[26.7925908,43.4571234],[26.7934884,43.4583337],[26.7943651,43.4595137],[26.7943687,43.4595262],[26.7944196,43.4597007],[26.7945367,43.460102],[26.7946609,43.4605276],[26.7948721,43.4612515],[26.7948763,43.4617108],[26.7945598,43.4620259],[26.7937458,43.4628363],[26.7922041,43.4643712],[26.7934865,43.4646392],[26.798389,43.4671646],[26.7991165,43.4684305],[26.7996893,43.469427],[26.8011137,43.4700418],[26.8041171,43.4706728],[26.8048864,43.4731638],[26.8047778,43.4737894],[26.8054235,43.4754518],[26.8087573,43.4782623],[26.8093346,43.4817029],[26.8071411,43.484405],[26.8078621,43.4862611],[26.8085721,43.486878],[26.8086347,43.4869324],[26.8104166,43.4884805],[26.8103966,43.4889622],[26.8096704,43.4896813],[26.8088308,43.4905156],[26.8085183,43.490826],[26.8077614,43.491578],[26.8077063,43.4921317],[26.8079181,43.4923869],[26.8091397,43.493859],[26.8091403,43.4938596],[26.810561,43.4955716],[26.8106629,43.495581],[26.812612,43.4957615],[26.8126177,43.495762],[26.8132173,43.4958176],[26.813432,43.4958374],[26.8147478,43.4957202],[26.8157147,43.4956341],[26.8171102,43.4964512],[26.8179874,43.4981917],[26.8181557,43.4985257],[26.8186952,43.4995962],[26.8201873,43.5002379],[26.8211077,43.5003014],[26.8230568,43.5004359],[26.8236391,43.5001127],[26.831974,43.4997651],[26.8330442,43.4998116],[26.8368947,43.4993927],[26.8395377,43.4991051],[26.8402999,43.4994495],[26.8430082,43.500673],[26.8430863,43.5007083],[26.8454332,43.5012382],[26.845658,43.5012983],[26.8476445,43.5018256],[26.8501712,43.5024962],[26.8537226,43.5026343],[26.8546004,43.5026684],[26.8562817,43.5024545],[26.8573069,43.5020505],[26.8575573,43.5019518],[26.8578306,43.5020437],[26.8591978,43.5025031],[26.8596261,43.5027217],[26.8618507,43.503857],[26.8647621,43.5034373],[26.8669286,43.5000137],[26.8696861,43.4984636],[26.8709587,43.4980419],[26.8716187,43.4977818],[26.8723487,43.4974941],[26.8726353,43.4973699],[26.8741732,43.4967038],[26.8763538,43.4971564],[26.877623,43.4974189],[26.8786612,43.4974425],[26.881247,43.4975082],[26.8826569,43.4975821],[26.8841428,43.49766],[26.8841646,43.4976611],[26.8886977,43.4978984],[26.889038,43.4978224],[26.8919877,43.4971632],[26.8966475,43.4942848],[26.8969218,43.4941153],[26.8991299,43.4937736],[26.9020127,43.4933274],[26.9056526,43.4941499],[26.9083614,43.4955883],[26.9086525,43.4958271],[26.9108682,43.4972695],[26.9112596,43.4977171],[26.9126495,43.4993149],[26.9134307,43.4998236],[26.915661,43.5012756],[26.9212172,43.5007438],[26.9242117,43.5008764],[26.9278717,43.5031446],[26.9279979,43.5032229],[26.9294186,43.5041033],[26.9326689,43.5051893],[26.9333467,43.5054157],[26.9354415,43.5054169],[26.9376142,43.5048488],[26.9377094,43.5048239],[26.9390221,43.5045299],[26.9398952,43.5043344],[26.942253,43.5047271],[26.9436476,43.5044983],[26.9469074,43.505131],[26.9505124,43.5058431],[26.9534834,43.5082621],[26.9555871,43.5116035],[26.9596208,43.5120642],[26.9645607,43.5133579],[26.9725405,43.5138419],[26.9748174,43.512942],[26.976095,43.512516],[26.9796113,43.5104172],[26.9809468,43.5101171],[26.9840158,43.5094274],[26.9856242,43.5086088],[26.9861029,43.5083652],[26.986441,43.5078297],[26.9871912,43.506641],[26.9880001,43.5055606],[26.989665,43.5062181],[26.9902017,43.5063387],[26.9918287,43.5067045],[26.9942868,43.5087081],[26.9956534,43.5095951],[26.9977037,43.5099153],[27.0035065,43.5108213],[27.0046204,43.5109952],[27.0056633,43.5104659],[27.0075918,43.5094868],[27.0104599,43.5088383],[27.0110046,43.508945],[27.0131701,43.5093693],[27.0187725,43.5097917],[27.0205932,43.5102686],[27.0222641,43.5102007],[27.0222533,43.5089616],[27.0222512,43.508722],[27.0222339,43.5067521],[27.0251341,43.5063591],[27.0261938,43.5062155],[27.0274676,43.5054258],[27.0298691,43.5039366],[27.0338,43.5022685],[27.0343388,43.5020399],[27.0396005,43.4986351],[27.0397614,43.498531],[27.0406803,43.498375],[27.0420519,43.4981423],[27.0427392,43.4980257],[27.0434982,43.4978969],[27.0437763,43.4978497],[27.0467712,43.4979788],[27.0496742,43.4981039],[27.0502926,43.4980766],[27.0528136,43.4981835],[27.0527177,43.4993697],[27.0527152,43.4994004],[27.052511,43.5019235],[27.052406,43.5032216],[27.0529363,43.5050224],[27.053485,43.5068858],[27.0541049,43.5072536],[27.0543631,43.5074068],[27.0552791,43.5079502],[27.0570249,43.5089858],[27.0583611,43.5097783],[27.0594731,43.5106827],[27.0614554,43.5111274],[27.0637233,43.5122787],[27.0643057,43.5140942],[27.0647385,43.5154431],[27.0676946,43.5173638],[27.0707421,43.5178752],[27.072657,43.5183737],[27.0738185,43.5183235],[27.0761428,43.518421],[27.0776724,43.5190259],[27.077686,43.519038],[27.0778626,43.5191073],[27.0800072,43.5199491],[27.0820056,43.5191553],[27.0861924,43.5196925],[27.0916107,43.5190895],[27.0920519,43.5191734],[27.0953687,43.5198022],[27.0961919,43.519797],[27.097152,43.5197917],[27.0974459,43.5197915],[27.0998102,43.5182902],[27.1004046,43.5192307],[27.1012691,43.5203824],[27.1046223,43.5225585],[27.1053617,43.5237283],[27.1063625,43.5243757],[27.108877,43.524263],[27.109924,43.5242181],[27.111975,43.5241272],[27.1140705,43.5222533],[27.1168888,43.5197327],[27.1183802,43.5187632],[27.1193936,43.5179338],[27.119747,43.5170963],[27.1203896,43.5155736],[27.1229418,43.5129098],[27.1230321,43.5128155],[27.1290296,43.5130655],[27.1367251,43.5180269],[27.138796,43.5187133],[27.1389614,43.5188481],[27.1390128,43.5188899],[27.1390885,43.5189515],[27.1394202,43.518744],[27.1417292,43.5160489],[27.149311,43.5155801],[27.152877,43.5134233],[27.1564238,43.5122674],[27.1573438,43.5119676],[27.1628787,43.5083581],[27.1641397,43.5087705],[27.1668486,43.510452],[27.1684814,43.5114655],[27.1727394,43.510982],[27.1728613,43.5109681],[27.1745067,43.5107813],[27.1761555,43.510594],[27.1800523,43.5085484],[27.1816951,43.5071547],[27.1835145,43.5060084],[27.1847039,43.505259],[27.1846064,43.5043995],[27.1843031,43.5017254],[27.1844876,43.5015349],[27.1861123,43.4998573],[27.1869145,43.4990289],[27.1875696,43.4963774],[27.1880395,43.4944754],[27.1912639,43.4947717],[27.1937846,43.4943532],[27.1973211,43.4922132],[27.2024333,43.491637],[27.2054899,43.4911453],[27.2080285,43.4912873],[27.2083741,43.4913066],[27.2087887,43.4909526],[27.2110206,43.4890462],[27.211955,43.4882476],[27.2098785,43.4861264],[27.2092074,43.4834849],[27.2068527,43.4814227],[27.2066807,43.4812744],[27.2058978,43.4809832],[27.2058593,43.4809135],[27.2048182,43.4790267],[27.2036759,43.4768495],[27.2031198,43.4757897],[27.202791,43.4751629],[27.2011396,43.474495],[27.2004128,43.474339],[27.2003638,43.4743274],[27.1992377,43.4740841],[27.1980164,43.4737441],[27.1974547,43.4736545],[27.1964805,43.4734991],[27.1957644,43.4728656],[27.1929481,43.4692101],[27.192771,43.468648],[27.1914392,43.4644218],[27.1910835,43.4632928],[27.1886612,43.4612539],[27.187966,43.4606687],[27.185323,43.4590181],[27.1847113,43.458636],[27.1844871,43.4584954],[27.1843983,43.4584405],[27.1810713,43.4563623],[27.1840676,43.451636],[27.1843769,43.451148],[27.1850171,43.4480404],[27.18505,43.4480125],[27.1866735,43.446633],[27.1903932,43.445812],[27.1914836,43.4452441],[27.1922313,43.4448547],[27.1923445,43.4447957],[27.1963593,43.443485],[27.1968549,43.4433232],[27.1970854,43.4432479],[27.1972164,43.4430759],[27.1972772,43.442996],[27.197981,43.4420713],[27.1979297,43.4418298],[27.1976494,43.4405107],[27.1972696,43.4387229],[27.1960245,43.4362714],[27.1952927,43.4333867],[27.1941495,43.4327989],[27.1938684,43.4328255],[27.193037,43.4329043],[27.1928708,43.4328892],[27.1919687,43.432807],[27.1918282,43.432825],[27.1911765,43.4329083],[27.1904341,43.4330032],[27.1903656,43.4329701],[27.1894314,43.4325186],[27.1898287,43.4315455],[27.1898919,43.4303793],[27.1898224,43.4295015],[27.1898125,43.4287221],[27.1898121,43.4286957],[27.1900135,43.4287114],[27.1917944,43.4288499],[27.1936266,43.4294006],[27.1949621,43.4296414],[27.1963656,43.4301253],[27.1987893,43.4302105],[27.1990486,43.4302197],[27.2002352,43.4300609],[27.2009116,43.4299704],[27.2009921,43.4299596],[27.2013293,43.4298552],[27.2040318,43.4290178],[27.2073701,43.4282779],[27.2102094,43.4264899],[27.210474,43.425417],[27.2105715,43.4250217],[27.2105831,43.424975],[27.2109571,43.4234583],[27.2110093,43.4232468],[27.2111887,43.4230092],[27.2112856,43.4228826],[27.2123719,43.421456],[27.2125153,43.4212676],[27.2119224,43.4203045],[27.2114578,43.4195497],[27.2112823,43.4193705],[27.2099922,43.4180531],[27.2099622,43.4180043],[27.2088517,43.4162003],[27.2058813,43.4143463],[27.2085028,43.4119373],[27.2145915,43.4116761],[27.2165309,43.4115928],[27.2168353,43.4115797],[27.2187959,43.4124764],[27.2199025,43.4125879],[27.2201547,43.4126134],[27.2203251,43.4125575],[27.221059,43.4123169],[27.2213702,43.4122148],[27.2219099,43.4120553],[27.225586,43.4109685],[27.227483,43.4105505],[27.2286704,43.4100619],[27.2325188,43.4096264],[27.2338907,43.4084621],[27.2372615,43.4063301],[27.2378967,43.4005884],[27.2381366,43.4002082],[27.2385322,43.3995814],[27.2387797,43.3991891],[27.2389038,43.3989925],[27.2384496,43.3984992],[27.2380281,43.3980413],[27.2375608,43.3975337],[27.2374683,43.3974332],[27.2378835,43.3961447],[27.238241,43.395478],[27.2386692,43.3947082],[27.2387634,43.3945388],[27.2397183,43.3927957],[27.2396237,43.3924507],[27.2391386,43.3906809],[27.2381854,43.3895754],[27.2404556,43.3892554],[27.2418246,43.387123],[27.2433373,43.3861068],[27.2436024,43.3859287],[27.2445478,43.3852935],[27.2449398,43.3850302],[27.2502868,43.3814374],[27.2526408,43.3798555],[27.2545142,43.3794192],[27.25456,43.3793672],[27.2554445,43.3783617],[27.2559628,43.3777726],[27.2583148,43.37705],[27.2583249,43.3770469],[27.260665,43.3770641],[27.2613084,43.3770627],[27.2616399,43.3770619],[27.2642607,43.3770559],[27.2645922,43.3770551],[27.2670017,43.3770495],[27.2673331,43.3770487],[27.2696333,43.3770433],[27.2698387,43.3770428],[27.2699648,43.3770426],[27.2701701,43.3770421],[27.2702819,43.3770418],[27.2703313,43.3770417],[27.2703314,43.3770417],[27.2706134,43.377041],[27.2706627,43.3770409],[27.273809,43.3769415],[27.274055,43.3769338],[27.2788742,43.3773273],[27.2784918,43.3806554],[27.276145,43.3853488],[27.2754511,43.3867363],[27.2740563,43.3886752],[27.2731053,43.389997],[27.2731265,43.3900112],[27.2744761,43.3909166],[27.2797732,43.3944696],[27.280956,43.396907],[27.2797116,43.3995258],[27.2812158,43.4000984],[27.2818936,43.4004118],[27.2819614,43.4004432],[27.2860316,43.3999469],[27.2862586,43.3999399],[27.2863928,43.3999358],[27.2888091,43.3998616],[27.2896349,43.3998363],[27.2908488,43.399799],[27.2911441,43.3997899],[27.2940985,43.400461],[27.2949271,43.4006492],[27.2990491,43.4031732],[27.3022802,43.4038201],[27.3033994,43.4040442],[27.3067315,43.4057056],[27.3085623,43.4060888],[27.3088549,43.4061501],[27.3099421,43.4044183],[27.3118867,43.4037554],[27.3119124,43.4037466],[27.3179469,43.4039011],[27.3182633,43.4039092],[27.32005,43.4028415],[27.3218889,43.4017425],[27.3271198,43.4012045],[27.3271553,43.4012008],[27.3305239,43.39989],[27.3305473,43.3998809],[27.3328383,43.3999414],[27.3330051,43.3999458],[27.3335138,43.3999292],[27.3345162,43.3998965],[27.334824,43.3998865],[27.3362738,43.4004397],[27.3365101,43.4005299],[27.3386183,43.3985111],[27.34039,43.3943714],[27.3408832,43.3932188],[27.3435571,43.3917115],[27.3441672,43.3913675],[27.347087,43.3911039],[27.3496358,43.3908737],[27.3504221,43.3903851],[27.351917,43.3894561],[27.3527795,43.3889201],[27.3536111,43.3884033],[27.3563842,43.3876833],[27.3582583,43.3872452],[27.3591265,43.3867433],[27.3619008,43.3851393],[27.3637778,43.384056],[27.3639888,43.3839904],[27.3684392,43.3826071],[27.3692884,43.382277],[27.3708093,43.3816857],[27.3709032,43.3816492],[27.3716129,43.381755],[27.3753137,43.3823066],[27.3753663,43.3823144],[27.3789769,43.3821989],[27.3790431,43.3821968],[27.3792875,43.382189],[27.3838174,43.3841092],[27.3864324,43.3852176],[27.3868851,43.38552],[27.3888516,43.3868339],[27.3889936,43.3869287],[27.3926254,43.3850884],[27.3961674,43.3841667],[27.3962861,43.3841545],[27.4007709,43.3836912],[27.4066773,43.3830808],[27.4088474,43.3825734],[27.4111566,43.3819725],[27.4115841,43.3818612],[27.4134568,43.3814222],[27.4251912,43.3807728],[27.4254486,43.3807586],[27.4257418,43.3807423],[27.4257859,43.3807596],[27.4266978,43.3811176],[27.4279461,43.3816075],[27.4338487,43.3819217],[27.4378192,43.3821329],[27.4433582,43.3837878],[27.4433984,43.3837998],[27.4447066,43.38374],[27.4450128,43.383726],[27.446444,43.3844462],[27.4502066,43.3863395],[27.4552588,43.38654],[27.4555696,43.3865523],[27.456267,43.3860931],[27.4564088,43.3859997],[27.4569871,43.3855202],[27.4589796,43.3842094],[27.459583,43.3838124],[27.4624417,43.3814507],[27.4641673,43.3813456],[27.4701191,43.3809827],[27.4751246,43.3796487],[27.4752325,43.3796199],[27.4775403,43.3799027],[27.477608,43.379911],[27.4803498,43.3802469],[27.4827792,43.3810146],[27.4858751,43.3819929],[27.489877,43.3825296],[27.4921616,43.3836634],[27.4925969,43.3850122],[27.4926604,43.3850886],[27.4931782,43.385712],[27.4978945,43.3860923],[27.4997256,43.3866468],[27.5010574,43.3870501],[27.5014413,43.3871663],[27.5063893,43.3879643],[27.5065082,43.3881005],[27.507873,43.3896637],[27.5104773,43.3908362],[27.5129538,43.3933193],[27.5137009,43.3934649],[27.5176049,43.3942253],[27.5177882,43.394261],[27.52065,43.3935426],[27.5207999,43.393505],[27.5212952,43.3933806],[27.5245388,43.3920422],[27.5263231,43.3919291],[27.5264974,43.3919181],[27.5266074,43.3919111],[27.5280061,43.3923998],[27.534071,43.3963517],[27.5359228,43.3964513],[27.5362261,43.3964677],[27.5434614,43.3918908],[27.5434668,43.3918899],[27.5435386,43.3918776],[27.5435429,43.3919459],[27.5462235,43.3939183],[27.5467585,43.3933611],[27.5468286,43.3932867],[27.557301,43.3951008],[27.5583417,43.395281],[27.5628153,43.3960559],[27.5639548,43.3962533],[27.5671138,43.3968005],[27.5738599,43.3987734],[27.5822341,43.4012224],[27.592918,43.4101792],[27.5974182,43.4135025],[27.6001364,43.4173097],[27.6029284,43.417571],[27.6036495,43.4181034],[27.622921,43.4220654],[27.6272332,43.4224675],[27.6506338,43.4246497],[27.6602976,43.4291944],[27.6627749,43.4303595],[27.6701263,43.4338167],[27.6866933,43.4416031],[27.699072,43.4501675],[27.7060325,43.4549815],[27.7075501,43.456031],[27.7100647,43.4577689],[27.7213487,43.4655671],[27.7247766,43.4679361],[27.7408196,43.4790233],[27.7591289,43.491665],[27.7715156,43.5002127],[27.8045616,43.5028896],[27.8320524,43.5110701],[27.8390962,43.5131661],[27.8533836,43.5174125],[27.8662163,43.5212265],[27.8938312,43.529425],[27.9147031,43.5416708],[27.9279134,43.5593974],[27.9330771,43.5633766],[27.9431376,43.5768655],[27.9630045,43.5858832],[27.9738831,43.5935356],[27.9883016,43.6052155],[27.9983106,43.6157403],[28.0079203,43.6349022],[28.0081575,43.6365421],[28.0080658,43.6586971],[28.0098172,43.6608091],[28.0258896,43.680191],[28.0389956,43.6830952],[28.0602239,43.6877993],[28.0708895,43.6996036],[28.0755318,43.7047416],[28.0780801,43.7166769],[28.0785612,43.7189303],[28.0837912,43.728008],[28.0922083,43.7339156],[28.0994461,43.7387091],[28.1093536,43.7446245],[28.1189712,43.7483561],[28.1320456,43.7487738],[28.1432847,43.7471354],[28.1583442,43.7443207],[28.1672894,43.7438632],[28.1757911,43.7434277],[28.1812969,43.741516],[28.1887269,43.7389357],[28.1973422,43.7376654],[28.2108307,43.735889],[28.2146391,43.7351875],[28.2244288,43.7333835],[28.2432388,43.7308809],[28.2681175,43.7288055],[28.2887757,43.7283327],[28.3146107,43.7259785],[28.3356729,43.7230426],[28.354487,43.7217859],[28.375027,43.7213953],[28.3926297,43.7200832],[28.4454306,43.7145897],[28.4454306,43.7145893],[28.4454311,43.7145751],[28.4454316,43.7145624],[28.4461904,43.6934142],[28.4379673,43.6603386],[28.4376592,43.6562637],[28.4381509,43.650369],[28.4384483,43.6456832],[28.4394138,43.6425017],[28.4405827,43.6390114],[28.4427944,43.6361113],[28.4468681,43.6322871]]]}},{"type":"Feature","id":"BG2G000K1HB036","properties":{"OBJECTID":39,"localId":"BG2G000K1HB036","nameTxtInt":"FRACTURED WATERS - HAUTERIVIAN-BAREMIAN-APTIAN KASPICHAN-TERVEL-KRUSHARI","nameText":"FRACTURED WATERS - HAUTERIVIAN-BAREMIAN-APTIAN KASPICHAN-TERVEL-KRUSHARI","horizons":"1,2,3","Type":"8","Age":"K1HB","n":33.0,"cod":"BG2G000K1HB036","ime":"Пукнатинни води в хотрив - барем - апт Каспичан, Тервел, Крушари","risk_q":"Не е в риск","risk_ch":"В риск","q_s":"добро","dostoverno":"Ниска","ch_s":"лошо","dostover_1":"Средна","sustoyanie":"лошо","sustoyan_1":"лошо","Shape_Leng":268683.404899,"Shape_Area":1230587692.14,"gwb_code":"BG2G000K1HB036","gwb_name":"Пукнатинни води в хотрив - барем - апт Каспичан, Тервел, Крушари","basin_district":"BG2"},"geometry":{"type":"Polygon","coordinates":[[[27.1183802,43.5187632],[27.1193936,43.5179338],[27.119747,43.5170963],[27.1203896,43.5155736],[27.1229418,43.5129098],[27.1230321,43.5128155],[27.1290296,43.5130655],[27.1367251,43.5180269],[27.138796,43.5187133],[27.1389614,43.5188481],[27.1390128,43.5188899],[27.1390885,43.5189515],[27.1394202,43.518744],[27.1417292,43.5160489],[27.149311,43.5155801],[27.152877,43.5134233],[27.1564238,43.5122674],[27.1573438,43.5119676],[27.1628787,43.5083581],[27.1641397,43.5087705],[27.1668486,43.510452],[27.1684814,43.5114655],[27.1727394,43.510982],[27.1728613,43.5109681],[27.1745067,43.5107813],[27.1761555,43.510594],[27.1800523,43.5085484],[27.1816951,43.5071547],[27.1835145,43.5060084],[27.1847039,43.505259],[27.1846064,43.5043995],[27.1843031,43.5017254],[27.1844876,43.5015349],[27.1861123,43.4998573],[27.1869145,43.4990289],[27.1875696,43.4963774],[27.1880395,43.4944754],[27.1912639,43.4947717],[27.1937846,43.4943532],[27.1973211,43.4922132],[27.2024333,43.491637],[27.2054899,43.4911453],[27.2080285,43.4912873],[27.2083741,43.4913066],[27.2087887,43.4909526],[27.2110206,43.4890462],[27.211955,43.4882476],[27.2098785,43.4861264],[27.2092074,43.4834849],[27.2068527,43.4814227],[27.2066807,43.4812744],[27.2058978,43.4809832],[27.2058593,43.4809135],[27.2048182,43.4790267],[27.2036759,43.4768495],[27.2031198,43.4757897],[27.202791,43.4751629],[27.2011396,43.474495],[27.2004128,43.474339],[27.2003638,43.4743274],[27.1992377,43.4740841],[27.1980164,43.4737441],[27.1974547,43.4736545],[27.1964805,43.4734991],[27.1957644,43.4728656],[27.1929481,43.4692101],[27.192771,43.468648],[27.1914392,43.4644218],[27.1910835,43.4632928],[27.1886612,43.4612539],[27.187966,43.4606687],[27.185323,43.4590181],[27.1847113,43.458636],[27.1844871,43.4584954],[27.1843983,43.4584405],[27.1810713,43.4563623],[27.1840676,43.451636],[27.1843769,43.451148],[27.1850171,43.4480404],[27.18505,43.4480125],[27.1866735,43.446633],[27.1903932,43.445812],[27.1914836,43.4452441],[27.1922313,43.4448547],[27.1923445,43.4447957],[27.1963593,43.443485],[27.1968549,43.4433232],[27.1970854,43.4432479],[27.1972164,43.4430759],[27.1972772,43.442996],[27.197981,43.4420713],[27.1979297,43.4418298],[27.1976494,43.4405107],[27.1972696,43.4387229],[27.1960245,43.4362714],[27.1952927,43.4333867],[27.1941495,43.4327989],[27.1938684,43.4328255],[27.193037,43.4329043],[27.1928708,43.4328892],[27.1919687,43.432807],[27.1918282,43.432825],[27.1911765,43.4329083],[27.1904341,43.4330032],[27.1903656,43.4329701],[27.1894314,43.4325186],[27.1898287,43.4315455],[27.1898919,43.4303793],[27.1898224,43.4295015],[27.1898125,43.4287221],[27.1898121,43.4286957],[27.1900135,43.4287114],[27.1917944,43.4288499],[27.1936266,43.4294006],[27.1949621,43.4296414],[27.1963656,43.4301253],[27.1987893,43.4302105],[27.1990486,43.4302197],[27.2002352,43.4300609],[27.2009116,43.4299704],[27.2009921,43.4299596],[27.2013293,43.4298552],[27.2040318,43.4290178],[27.2073701,43.4282779],[27.2102094,43.4264899],[27.210474,43.425417],[27.2105715,43.4250217],[27.2105831,43.424975],[27.2109571,43.4234583],[27.2110093,43.4232468],[27.2111887,43.4230092],[27.2112856,43.4228826],[27.2123719,43.421456],[27.2125153,43.4212676],[27.2119224,43.4203045],[27.2114578,43.4195497],[27.2112823,43.4193705],[27.2099922,43.4180531],[27.2099622,43.4180043],[27.2088517,43.4162003],[27.2058813,43.4143463],[27.2085028,43.4119373],[27.2145915,43.4116761],[27.2165309,43.4115928],[27.2168353,43.4115797],[27.2187959,43.4124764],[27.2199025,43.4125879],[27.2201547,43.4126134],[27.2203251,43.4125575],[27.221059,43.4123169],[27.2213702,43.4122148],[27.2219099,43.4120553],[27.225586,43.4109685],[27.227483,43.4105505],[27.2286704,43.4100619],[27.2325188,43.4096264],[27.2338907,43.4084621],[27.2372615,43.4063301],[27.2378967,43.4005884],[27.2381366,43.4002082],[27.2385322,43.3995814],[27.2387797,43.3991891],[27.2389038,43.3989925],[27.2384496,43.3984992],[27.2380281,43.3980413],[27.2375608,43.3975337],[27.2374683,43.3974332],[27.2378835,43.3961447],[27.238241,43.395478],[27.2386692,43.3947082],[27.2387634,43.3945388],[27.2397183,43.3927957],[27.2396237,43.3924507],[27.2391386,43.3906809],[27.2381854,43.3895754],[27.2404556,43.3892554],[27.2418246,43.387123],[27.2433373,43.3861068],[27.2436024,43.3859287],[27.2445478,43.3852935],[27.2449398,43.3850302],[27.2502868,43.3814374],[27.2526408,43.3798555],[27.2545142,43.3794192],[27.25456,43.3793672],[27.2554445,43.3783617],[27.2559628,43.3777726],[27.2583148,43.37705],[27.2583249,43.3770469],[27.260665,43.3770641],[27.2613084,43.3770627],[27.2616399,43.3770619],[27.2642607,43.3770559],[27.2645922,43.3770551],[27.2670017,43.3770495],[27.2673331,43.3770487],[27.2696333,43.3770433],[27.2698387,43.3770428],[27.2699648,43.3770426],[27.2701701,43.3770421],[27.2702819,43.3770418],[27.2703313,43.3770417],[27.2703314,43.3770417],[27.2706134,43.377041],[27.2706627,43.3770409],[27.273809,43.3769415],[27.274055,43.3769338],[27.2788742,43.3773273],[27.2784918,43.3806554],[27.276145,43.3853488],[27.2754511,43.3867363],[27.2740563,43.3886752],[27.2731053,43.389997],[27.2731265,43.3900112],[27.2744761,43.3909166],[27.2797732,43.3944696],[27.280956,43.396907],[27.2797116,43.3995258],[27.2812158,43.4000984],[27.2818936,43.4004118],[27.2819614,43.4004432],[27.2860316,43.3999469],[27.2862586,43.3999399],[27.2863928,43.3999358],[27.2888091,43.3998616],[27.2896349,43.3998363],[27.2908488,43.399799],[27.2911441,43.3997899],[27.2940985,43.400461],[27.2949271,43.4006492],[27.2990491,43.4031732],[27.3022802,43.4038201],[27.3033994,43.4040442],[27.3067315,43.4057056],[27.3085623,43.4060888],[27.3088549,43.4061501],[27.3099421,43.4044183],[27.3118867,43.4037554],[27.3119124,43.4037466],[27.3179469,43.4039011],[27.3182633,43.4039092],[27.32005,43.4028415],[27.3218889,43.4017425],[27.3271198,43.4012045],[27.3271553,43.4012008],[27.3305239,43.39989],[27.3305473,43.3998809],[27.3328383,43.3999414],[27.3330051,43.3999458],[27.3335138,43.3999292],[27.3345162,43.3998965],[27.334824,43.3998865],[27.3362738,43.4004397],[27.3365101,43.4005299],[27.3386183,43.3985111],[27.34039,43.3943714],[27.3408832,43.3932188],[27.3435571,43.3917115],[27.3441672,43.3913675],[27.347087,43.3911039],[27.3496358,43.3908737],[27.3504221,43.3903851],[27.351917,43.3894561],[27.3527795,43.3889201],[27.3536111,43.3884033],[27.3563842,43.3876833],[27.3582583,43.3872452],[27.3591265,43.3867433],[27.3619008,43.3851393],[27.3637778,43.384056],[27.3639888,43.3839904],[27.3684392,43.3826071],[27.3692884,43.382277],[27.3708093,43.3816857],[27.3709032,43.3816492],[27.3716129,43.381755],[27.3753137,43.3823066],[27.3753663,43.3823144],[27.3789769,43.3821989],[27.3790431,43.3821968],[27.3792875,43.382189],[27.3838174,43.3841092],[27.3864324,43.3852176],[27.3868851,43.38552],[27.3888516,43.3868339],[27.3889936,43.3869287],[27.3926254,43.3850884],[27.3961674,43.3841667],[27.3962861,43.3841545],[27.4007709,43.3836912],[27.4066773,43.3830808],[27.4088474,43.3825734],[27.4111566,43.3819725],[27.4115841,43.3818612],[27.4134568,43.3814222],[27.4251912,43.3807728],[27.4254486,43.3807586],[27.4257418,43.3807423],[27.4257859,43.3807596],[27.4266978,43.3811176],[27.4279461,43.3816075],[27.4338487,43.3819217],[27.4378192,43.3821329],[27.4433582,43.3837878],[27.4433984,43.3837998],[27.4447066,43.38374],[27.4450128,43.383726],[27.446444,43.3844462],[27.4502066,43.3863395],[27.4552588,43.38654],[27.4555696,43.3865523],[27.456267,43.3860931],[27.4564088,43.3859997],[27.4569871,43.3855202],[27.4589796,43.3842094],[27.459583,43.3838124],[27.4624417,43.3814507],[27.4641673,43.3813456],[27.4701191,43.3809827],[27.4751246,43.3796487],[27.4752325,43.3796199],[27.4775403,43.3799027],[27.477608,43.379911],[27.4803498,43.3802469],[27.4827792,43.3810146],[27.4858751,43.3819929],[27.489877,43.3825296],[27.4921616,43.3836634],[27.4925969,43.3850122],[27.4926604,43.3850886],[27.4931782,43.385712],[27.4978945,43.3860923],[27.4997256,43.3866468],[27.5010574,43.3870501],[27.5014413,43.3871663],[27.5063893,43.3879643],[27.5065082,43.3881005],[27.507873,43.3896637],[27.5104773,43.3908362],[27.5129538,43.3933193],[27.5137009,43.3934649],[27.5176049,43.3942253],[27.5177882,43.394261],[27.52065,43.3935426],[27.5207999,43.393505],[27.5212952,43.3933806],[27.5245388,43.3920422],[27.5263231,43.3919291],[27.5264974,43.3919181],[27.5266074,43.3919111],[27.5280061,43.3923998],[27.534071,43.3963517],[27.5359228,43.3964513],[27.5362261,43.3964677],[27.5434614,43.3918908],[27.5434668,43.3918899],[27.5435386,43.3918776],[27.5435853,43.3918697],[27.5437964,43.3918337],[27.5468286,43.3913165],[27.5473636,43.3907593],[27.547815,43.390281],[27.5478597,43.390235],[27.5479719,43.3901196],[27.5484265,43.389652],[27.5491269,43.3879108],[27.554618,43.3831801],[27.5581343,43.3801503],[27.5584526,43.3801664],[27.5601727,43.380253],[27.5610008,43.3802948],[27.5636084,43.3804261],[27.5656274,43.3805277],[27.5668928,43.3812411],[27.5693261,43.3826126],[27.5695067,43.3827144],[27.5702116,43.3831117],[27.5705767,43.382797],[27.5705779,43.382796],[27.5734601,43.3803114],[27.5752125,43.3788006],[27.5760432,43.3783591],[27.5767855,43.3779647],[27.5785395,43.3770324],[27.5794893,43.3754512],[27.5797578,43.3750025],[27.5810518,43.3728461],[27.5821644,43.3718905],[27.5833419,43.3711417],[27.5842768,43.3705471],[27.5852577,43.3678587],[27.5853873,43.3672576],[27.5857813,43.3654292],[27.5870743,43.3642476],[27.587819,43.3630057],[27.5901334,43.3615305],[27.5914796,43.360371],[27.5931544,43.359678],[27.5950476,43.3592539],[27.5957622,43.3590582],[27.5978944,43.3584742],[27.5988441,43.358214],[27.5993083,43.3580869],[27.6000745,43.357877],[27.6007741,43.3579332],[27.6049104,43.3582657],[27.6067073,43.3587364],[27.6082797,43.3591483],[27.6095634,43.3588022],[27.6106643,43.3585053],[27.6124745,43.3554862],[27.6125789,43.3553119],[27.6128981,43.3550357],[27.6150646,43.3531608],[27.6152362,43.3530122],[27.6169355,43.3515415],[27.6171226,43.3513796],[27.6196225,43.3487682],[27.6202326,43.3472428],[27.6205505,43.3464536],[27.6206362,43.346364],[27.6219346,43.3450095],[27.622661,43.3442495],[27.6229193,43.3436049],[27.6231381,43.3430589],[27.6234602,43.3422551],[27.6245025,43.3414018],[27.6263516,43.3398879],[27.6291291,43.3376138],[27.6298187,43.3358946],[27.6302168,43.3349019],[27.6307256,43.3346907],[27.6324125,43.3339904],[27.6327777,43.3338388],[27.6341027,43.3336109],[27.6358334,43.3333131],[27.6359962,43.3332851],[27.6384718,43.3322406],[27.6380418,43.3313824],[27.6347836,43.3270997],[27.629392,43.3236107],[27.622926,43.3197363],[27.619138,43.315847],[27.6142837,43.3123543],[27.6128992,43.3116652],[27.6072884,43.3088728],[27.6028485,43.306638],[27.6019077,43.3061644],[27.5959959,43.3038494],[27.5879434,43.3015452],[27.5820251,43.2984476],[27.5723643,43.2957595],[27.5616411,43.2938577],[27.5530559,43.2915536],[27.5439362,43.2892514],[27.5332115,43.286956],[27.5241066,43.2862161],[27.5107107,43.2843218],[27.500442,43.2866387],[27.4912892,43.2888164],[27.4844737,43.2905559],[27.4782422,43.2921501],[27.4704525,43.2941779],[27.4642192,43.2956287],[27.4550658,43.2980886],[27.4468822,43.2998313],[27.4402615,43.3018525],[27.4318829,43.3037374],[27.4249874,43.3056311],[27.4128055,43.3089167],[27.3950797,43.3130305],[27.3795733,43.3175394],[27.3676443,43.3200672],[27.3589245,43.3220734],[27.3496007,43.323861],[27.3411661,43.3232269],[27.3366459,43.3225808],[27.3315237,43.3219363],[27.3254982,43.3212941],[27.3185685,43.3204343],[27.3116401,43.3197938],[27.3044097,43.318934],[27.2932623,43.3174243],[27.2854303,43.3165647],[27.2785027,43.3159223],[27.2712761,43.3157198],[27.2643506,43.3155162],[27.2592307,43.3150883],[27.2523053,43.3148839],[27.2438729,43.3142427],[27.2402585,43.3138107],[27.2354416,43.3138207],[27.2288167,43.3133945],[27.2233961,43.3129655],[27.2195535,43.3125989],[27.2182629,43.3124757],[27.2143614,43.3121035],[27.2117888,43.3119691],[27.2062316,43.3116788],[27.2052395,43.3116537],[27.1981026,43.3114733],[27.1905757,43.3112662],[27.1880223,43.3100656],[27.1854517,43.308857],[27.1854506,43.3088565],[27.179718,43.3044689],[27.1792165,43.3041564],[27.1776071,43.3031532],[27.1718799,43.3003041],[27.1682656,43.2994301],[27.1628455,43.2985586],[27.1559195,43.2972493],[27.1501966,43.2954983],[27.1432712,43.2941881],[27.1357428,43.2922188],[27.1270101,43.2898106],[27.11858,43.2878412],[27.1101392,43.2852696],[27.1086618,43.2848195],[27.1056331,43.2838968],[27.10502,43.2837262],[27.0953976,43.2810479],[27.0892598,43.2825878],[27.0621823,43.2868455],[27.0506632,43.2890945],[27.0389259,43.2913862],[27.033167,43.2925106],[27.0041463,43.2967551],[26.9615729,43.3066414],[26.9422144,43.3136995],[26.9357979,43.3151367],[26.9257662,43.3173838],[26.9170465,43.319337],[26.8744462,43.3277776],[26.8415258,43.3319764],[26.8171081,43.3344838],[26.8146232,43.3347389],[26.8008564,43.3361526],[26.7601815,43.3403142],[26.7542629,43.3381371],[26.7509749,43.3369276],[26.7476923,43.3357201],[26.7176564,43.3246715],[26.6867501,43.3118719],[26.6654772,43.3089852],[26.6422711,43.3060885],[26.6367802,43.3057621],[26.6239439,43.3049992],[26.6171233,43.3045938],[26.5919391,43.3087465],[26.5686967,43.3114877],[26.551248,43.3156603],[26.5318416,43.3249938],[26.5279356,43.3268723],[26.5266162,43.3275383],[26.5084983,43.3366831],[26.4909911,43.3464992],[26.4734661,43.3577257],[26.4507089,43.3680523],[26.4335912,43.3939131],[26.4335907,43.3939125],[26.4318701,43.3965119],[26.4316218,43.3969044],[26.4316217,43.3969047],[26.4316955,43.3969132],[26.4344931,43.3972361],[26.4346623,43.397657],[26.434765,43.3979124],[26.4352131,43.3990268],[26.4352131,43.399027],[26.4354895,43.3992033],[26.4358392,43.3994263],[26.4359572,43.4002255],[26.4360168,43.4006293],[26.4364643,43.4010637],[26.4373756,43.4013788],[26.4382725,43.4011634],[26.4384628,43.4011177],[26.4401495,43.4007126],[26.4408903,43.4007834],[26.4436228,43.4010447],[26.4465285,43.400887],[26.4465681,43.4008848],[26.4465919,43.4008835],[26.4470387,43.4013179],[26.4473988,43.4015668],[26.4475503,43.4016715],[26.4475825,43.4022075],[26.4475649,43.4023547],[26.4474688,43.4031599],[26.4473845,43.4038662],[26.4473808,43.4038964],[26.44733,43.4043222],[26.4472368,43.4051026],[26.4472183,43.4052582],[26.4473154,43.4054191],[26.4475085,43.4057392],[26.4475112,43.4057436],[26.4482968,43.4070457],[26.4483367,43.4071207],[26.4484892,43.4073746],[26.4493577,43.4088208],[26.4517244,43.4103253],[26.4517256,43.410326],[26.4536682,43.4115609],[26.4537323,43.4116016],[26.4534837,43.4136871],[26.4534728,43.4137789],[26.4533358,43.4149282],[26.453305,43.4151861],[26.4532647,43.4155339],[26.4532602,43.4155625],[26.4532594,43.4155678],[26.4532595,43.4155679],[26.4537271,43.416518],[26.4539368,43.4169431],[26.4550009,43.4190993],[26.453824,43.4200823],[26.4535919,43.4202763],[26.4535914,43.4202767],[26.4506658,43.421235],[26.4516405,43.4247019],[26.4516405,43.424702],[26.4541166,43.426136],[26.4547603,43.4265088],[26.4569074,43.4268027],[26.4583659,43.4267008],[26.4597453,43.4266045],[26.4631041,43.4258857],[26.4648808,43.4255055],[26.4659005,43.4252873],[26.4682179,43.4250414],[26.4713301,43.4247137],[26.4715734,43.4246024],[26.4719538,43.4244284],[26.4774623,43.4218983],[26.4786502,43.4213527],[26.4817977,43.4202549],[26.482264,43.4195659],[26.4825515,43.4191411],[26.483444,43.4178222],[26.4850306,43.4172693],[26.4863396,43.4168132],[26.4875667,43.4163595],[26.4906703,43.4159321],[26.4937539,43.4150364],[26.4956223,43.4146034],[26.4975369,43.4141346],[26.4981993,43.4141475],[26.5040831,43.4142622],[26.505499,43.4137371],[26.5091029,43.4133253],[26.50922,43.4133119],[26.509439,43.413272],[26.5116819,43.4128632],[26.5172555,43.4124457],[26.5187557,43.4116251],[26.520727,43.4105468],[26.5207279,43.4105466],[26.5230058,43.4100193],[26.5240698,43.4097729],[26.5243648,43.4095513],[26.5243975,43.4095267],[26.5244774,43.4094667],[26.5244775,43.4094666],[26.5245013,43.4094487],[26.5246836,43.4093117],[26.5246837,43.4093118],[26.5246841,43.409312],[26.5247751,43.4093534],[26.5248586,43.4093913],[26.525313,43.409598],[26.527756,43.4106886],[26.5289996,43.411135],[26.5301992,43.4115917],[26.5313188,43.4120179],[26.5340299,43.4125363],[26.5360325,43.4129192],[26.5361308,43.412938],[26.5394809,43.4134288],[26.5407714,43.4139202],[26.5431829,43.4138938],[26.5436567,43.4147836],[26.5441086,43.4156324],[26.5448116,43.4169526],[26.5448117,43.4169528],[26.5476687,43.4183807],[26.5477357,43.4184142],[26.5520616,43.4180247],[26.5531506,43.4179267],[26.5531512,43.4179262],[26.5533657,43.417765],[26.5541059,43.4172085],[26.5545686,43.4168607],[26.5550198,43.4165484],[26.5558828,43.415951],[26.5561274,43.4157817],[26.5564151,43.4151466],[26.5567544,43.4143975],[26.5598625,43.4116226],[26.5598624,43.4116224],[26.559741,43.4111762],[26.5592726,43.4094548],[26.5586899,43.4090427],[26.5574609,43.4081737],[26.5572662,43.4078766],[26.5568189,43.4071942],[26.5559007,43.405876],[26.5560263,43.4055087],[26.5568392,43.4031327],[26.5568913,43.4029804],[26.5577025,43.4024893],[26.5602354,43.4009562],[26.5610172,43.4004829],[26.562752,43.3994327],[26.5627528,43.3994324],[26.5627532,43.3994323],[26.5629092,43.3993778],[26.5642541,43.3989084],[26.5655332,43.3984618],[26.5673719,43.3977799],[26.5690572,43.3976147],[26.5725885,43.3972683],[26.5728988,43.3969385],[26.5732721,43.3965416],[26.5738809,43.3958945],[26.5747241,43.3949981],[26.5751719,43.3933648],[26.5752834,43.3929583],[26.575435,43.3924036],[26.5755528,43.3919803],[26.5755528,43.3919802],[26.5761329,43.3922013],[26.5763398,43.3922802],[26.5777949,43.3928349],[26.5779006,43.3928783],[26.5785972,43.3931242],[26.5789669,43.3932553],[26.5792816,43.3933669],[26.5792998,43.3933743],[26.5793206,43.3933828],[26.5794041,43.3934126],[26.5837345,43.3956761],[26.5841287,43.3958815],[26.5853776,43.3965337],[26.585451,43.3965717],[26.5867983,43.3976076],[26.5879319,43.3984775],[26.5879963,43.3985269],[26.5882951,43.398769],[26.5916974,43.4015252],[26.5956955,43.4011297],[26.5970977,43.4020759],[26.5997431,43.4038609],[26.6007906,43.4045676],[26.601471,43.4050267],[26.6021305,43.4054744],[26.6021408,43.4054782],[26.6021509,43.4054819],[26.6050249,43.4074238],[26.6051121,43.4074831],[26.6055074,43.4077522],[26.6059754,43.4078076],[26.6077452,43.4080232],[26.6089283,43.4081666],[26.6099254,43.4082874],[26.6102318,43.4083041],[26.6114385,43.4083698],[26.6127205,43.4082297],[26.6157036,43.4079035],[26.6157259,43.4079007],[26.6157462,43.4078988],[26.6159122,43.4078807],[26.6169863,43.4078672],[26.617244,43.4078631],[26.6173265,43.4078618],[26.617399,43.4078633],[26.6176194,43.4078679],[26.618597,43.4078848],[26.619581,43.4079017],[26.6195888,43.407901],[26.6195997,43.4079],[26.6200405,43.4078245],[26.6206571,43.4077186],[26.6227726,43.4073514],[26.6230363,43.4073056],[26.6238554,43.4067372],[26.627124,43.4044691],[26.6271557,43.404422],[26.6280975,43.4030218],[26.6280997,43.4030186],[26.6281877,43.4028878],[26.6281877,43.4028878],[26.6282579,43.402889],[26.6321555,43.4029596],[26.6345409,43.4030028],[26.6358902,43.4025298],[26.6371159,43.4020745],[26.6406614,43.4008341],[26.6411331,43.4005069],[26.6411339,43.4005064],[26.6421153,43.3998257],[26.6421304,43.3997898],[26.6421782,43.3996765],[26.6425499,43.3987946],[26.6426642,43.3985235],[26.6427446,43.3983329],[26.6436195,43.3975882],[26.643644,43.397554],[26.6441372,43.3968638],[26.6444429,43.396436],[26.644496,43.3963617],[26.644621,43.3961867],[26.6445069,43.3910222],[26.6460481,43.3887305],[26.6460638,43.3887073],[26.6460647,43.3887059],[26.6460923,43.3886649],[26.6464467,43.3881378],[26.646581,43.3880445],[26.6495361,43.3859908],[26.6495515,43.3859566],[26.6498184,43.3853651],[26.6510653,43.3826008],[26.6512211,43.3824835],[26.652084,43.381834],[26.6567528,43.3802003],[26.6567522,43.3802001],[26.6566401,43.3801601],[26.6539407,43.3791968],[26.6533111,43.3773715],[26.6532749,43.3769693],[26.6531171,43.3752173],[26.6530893,43.3749085],[26.6527401,43.3710306],[26.6502768,43.3683577],[26.649704,43.3677144],[26.6485768,43.3664481],[26.6457141,43.3650661],[26.6446392,43.3642429],[26.6418891,43.3621367],[26.6376004,43.3596334],[26.6377698,43.3594992],[26.6408621,43.3571797],[26.6408622,43.3571796],[26.64095,43.3571137],[26.643172,43.3563341],[26.6433127,43.3562847],[26.6435445,43.3562034],[26.6435901,43.3561074],[26.6441555,43.3549184],[26.6441565,43.3549162],[26.6441965,43.3548322],[26.6441966,43.3548319],[26.6441966,43.3548317],[26.6451746,43.3519583],[26.6452936,43.351893],[26.6452937,43.351893],[26.645319,43.3518791],[26.6497685,43.3494377],[26.6522507,43.3490041],[26.6527094,43.3488336],[26.6527776,43.3488083],[26.6539428,43.3483753],[26.6545463,43.3481511],[26.6560327,43.3481335],[26.657213,43.3481195],[26.6618238,43.3480648],[26.6636709,43.348507],[26.6637546,43.348527],[26.6646354,43.3487379],[26.6656511,43.348981],[26.6695149,43.3508472],[26.6706653,43.3512918],[26.6736227,43.3524347],[26.6774464,43.3515453],[26.6789915,43.3513379],[26.6790666,43.351337],[26.6819013,43.351304],[26.6824258,43.3512979],[26.6826998,43.3514345],[26.6863686,43.3532625],[26.6868235,43.3534892],[26.6893125,43.3539631],[26.6898461,43.3540647],[26.6928222,43.3542659],[26.6932445,43.3542945],[26.6932851,43.354321],[26.6935693,43.3545069],[26.6939075,43.3547849],[26.6946631,43.3554058],[26.6960639,43.3558088],[26.6962584,43.3558648],[26.6997073,43.3549734],[26.7023538,43.3550957],[26.7024955,43.3551023],[26.7052725,43.3549879],[26.7062379,43.3550309],[26.7079331,43.3559987],[26.7101799,43.3572786],[26.7142743,43.3577526],[26.7156859,43.3600163],[26.7183724,43.3628458],[26.7219901,43.3636696],[26.725608,43.3644933],[26.7290447,43.365546],[26.7291458,43.3655418],[26.7323746,43.3654097],[26.7329916,43.3654382],[26.7352089,43.3653488],[26.7372916,43.3658984],[26.7383183,43.3660404],[26.740999,43.3664111],[26.7438363,43.3662959],[26.7471615,43.3668211],[26.7525247,43.3675622],[26.7563359,43.3700458],[26.7587764,43.3716362],[26.758777,43.3716366],[26.7613691,43.3722273],[26.7649391,43.3733197],[26.7680746,43.3758924],[26.7696703,43.3769401],[26.7734755,43.3776546],[26.7736375,43.3775727],[26.7736541,43.3775643],[26.7761882,43.3762825],[26.7764723,43.3761387],[26.7771223,43.3758086],[26.777161,43.3757889],[26.7771611,43.3757889],[26.7800731,43.3766778],[26.7800903,43.3766831],[26.781525,43.377121],[26.7816513,43.3771859],[26.7817402,43.3772315],[26.7825318,43.3776381],[26.7835311,43.3781513],[26.7839621,43.3782563],[26.7852822,43.3785778],[26.7884737,43.3767829],[26.7902352,43.3764891],[26.7902364,43.3764889],[26.7902377,43.3764887],[26.7912239,43.3763242],[26.7930798,43.3763332],[26.794161,43.3763384],[26.7956404,43.3776726],[26.7965153,43.3784615],[26.7973928,43.3792528],[26.7983312,43.3822304],[26.7989792,43.3835552],[26.7995545,43.3856452],[26.79769,43.3894058],[26.7968773,43.3913138],[26.7945896,43.3934523],[26.7945569,43.3936302],[26.7943167,43.3949341],[26.7939047,43.3971699],[26.7932645,43.4006445],[26.7932621,43.400658],[26.7945989,43.4011061],[26.7948895,43.4013453],[26.7950458,43.4035044],[26.795142,43.4048345],[26.7951675,43.4051861],[26.7958424,43.407515],[26.795752,43.4085798],[26.7956834,43.4093868],[26.7956764,43.4094687],[26.7960222,43.4097955],[26.7982678,43.411918],[26.7987546,43.412698],[26.7988472,43.4128465],[26.799497,43.413721],[26.7998051,43.4142147],[26.8000764,43.4146495],[26.804539,43.4184931],[26.8054317,43.41926],[26.8043084,43.4215272],[26.8027223,43.422551],[26.801986,43.424817],[26.8018897,43.4251338],[26.800388,43.4271354],[26.8003049,43.4272462],[26.8000749,43.4275528],[26.801143,43.4286712],[26.8022108,43.4297941],[26.8043058,43.4331384],[26.8050256,43.4338934],[26.8063971,43.435332],[26.806838,43.4357945],[26.8070265,43.4361415],[26.807043,43.4368979],[26.8031193,43.4372874],[26.8015817,43.4383612],[26.8001208,43.4393815],[26.7987914,43.4403098],[26.7902285,43.4407807],[26.7892296,43.4438733],[26.7891589,43.4440923],[26.7871792,43.4459433],[26.786583,43.4465007],[26.7866847,43.4477989],[26.786828,43.4496297],[26.7869159,43.4507521],[26.787027,43.4521698],[26.7918311,43.4553122],[26.7925908,43.4571234],[26.7934884,43.4583337],[26.7943651,43.4595137],[26.7943687,43.4595262],[26.7944196,43.4597007],[26.7945367,43.460102],[26.7946609,43.4605276],[26.7948721,43.4612515],[26.7948763,43.4617108],[26.7945598,43.4620259],[26.7937458,43.4628363],[26.7922041,43.4643712],[26.7934865,43.4646392],[26.798389,43.4671646],[26.7991165,43.4684305],[26.7996893,43.469427],[26.8011137,43.4700418],[26.8041171,43.4706728],[26.8048864,43.4731638],[26.8047778,43.4737894],[26.8054235,43.4754518],[26.8087573,43.4782623],[26.8093346,43.4817029],[26.8071411,43.484405],[26.8078621,43.4862611],[26.8085721,43.486878],[26.8086347,43.4869324],[26.8104166,43.4884805],[26.8103966,43.4889622],[26.8096704,43.4896813],[26.8088308,43.4905156],[26.8085183,43.490826],[26.8077614,43.491578],[26.8077063,43.4921317],[26.8079181,43.4923869],[26.8091397,43.493859],[26.8091403,43.4938596],[26.810561,43.4955716],[26.8106629,43.495581],[26.812612,43.4957615],[26.8126177,43.495762],[26.8132173,43.4958176],[26.813432,43.4958374],[26.8147478,43.4957202],[26.8157147,43.4956341],[26.8171102,43.4964512],[26.8179874,43.4981917],[26.8181557,43.4985257],[26.8186952,43.4995962],[26.8201873,43.5002379],[26.8211077,43.5003014],[26.8230568,43.5004359],[26.8236391,43.5001127],[26.831974,43.4997651],[26.8330442,43.4998116],[26.8368947,43.4993927],[26.8395377,43.4991051],[26.8402999,43.4994495],[26.8430082,43.500673],[26.8430863,43.5007083],[26.8454332,43.5012382],[26.845658,43.5012983],[26.8476445,43.5018256],[26.8501712,43.5024962],[26.8537226,43.5026343],[26.8546004,43.5026684],[26.8562817,43.5024545],[26.8573069,43.5020505],[26.8575573,43.5019518],[26.8578306,43.5020437],[26.8591978,43.5025031],[26.8596261,43.5027217],[26.8618507,43.503857],[26.8647621,43.5034373],[26.8669286,43.5000137],[26.8696861,43.4984636],[26.8709587,43.4980419],[26.8716187,43.4977818],[26.8723487,43.4974941],[26.8726353,43.4973699],[26.8741732,43.4967038],[26.8763538,43.4971564],[26.877623,43.4974189],[26.8786612,43.4974425],[26.881247,43.4975082],[26.8826569,43.4975821],[26.8841428,43.49766],[26.8841646,43.4976611],[26.8886977,43.4978984],[26.889038,43.4978224],[26.8919877,43.4971632],[26.8966475,43.4942848],[26.8969218,43.4941153],[26.8991299,43.4937736],[26.9020127,43.4933274],[26.9056526,43.4941499],[26.9083614,43.4955883],[26.9086525,43.4958271],[26.9108682,43.4972695],[26.9112596,43.4977171],[26.9126495,43.4993149],[26.9134307,43.4998236],[26.915661,43.5012756],[26.9212172,43.5007438],[26.9242117,43.5008764],[26.9278717,43.5031446],[26.9279979,43.5032229],[26.9294186,43.5041033],[26.9326689,43.5051893],[26.9333467,43.5054157],[26.9354415,43.5054169],[26.9376142,43.5048488],[26.9377094,43.5048239],[26.9390221,43.5045299],[26.9398952,43.5043344],[26.942253,43.5047271],[26.9436476,43.5044983],[26.9469074,43.505131],[26.9505124,43.5058431],[26.9534834,43.5082621],[26.9555871,43.5116035],[26.9596208,43.5120642],[26.9645607,43.5133579],[26.9725405,43.5138419],[26.9748174,43.512942],[26.976095,43.512516],[26.9796113,43.5104172],[26.9809468,43.5101171],[26.9840158,43.5094274],[26.9856242,43.5086088],[26.9861029,43.5083652],[26.986441,43.5078297],[26.9871912,43.506641],[26.9880001,43.5055606],[26.989665,43.5062181],[26.9902017,43.5063387],[26.9918287,43.5067045],[26.9942868,43.5087081],[26.9956534,43.5095951],[26.9977037,43.5099153],[27.0035065,43.5108213],[27.0046204,43.5109952],[27.0056633,43.5104659],[27.0075918,43.5094868],[27.0104599,43.5088383],[27.0110046,43.508945],[27.0131701,43.5093693],[27.0187725,43.5097917],[27.0205932,43.5102686],[27.0222641,43.5102007],[27.0222533,43.5089616],[27.0222512,43.508722],[27.0222339,43.5067521],[27.0251341,43.5063591],[27.0261938,43.5062155],[27.0274676,43.5054258],[27.0298691,43.5039366],[27.0338,43.5022685],[27.0343388,43.5020399],[27.0396005,43.4986351],[27.0397614,43.498531],[27.0406803,43.498375],[27.0420519,43.4981423],[27.0427392,43.4980257],[27.0434982,43.4978969],[27.0437763,43.4978497],[27.0467712,43.4979788],[27.0496742,43.4981039],[27.0502926,43.4980766],[27.0528136,43.4981835],[27.0527177,43.4993697],[27.0527152,43.4994004],[27.052511,43.5019235],[27.052406,43.5032216],[27.0529363,43.5050224],[27.053485,43.5068858],[27.0541049,43.5072536],[27.0543631,43.5074068],[27.0552791,43.5079502],[27.0570249,43.5089858],[27.0583611,43.5097783],[27.0594731,43.5106827],[27.0614554,43.5111274],[27.0637233,43.5122787],[27.0643057,43.5140942],[27.0647385,43.5154431],[27.0676946,43.5173638],[27.0707421,43.5178752],[27.072657,43.5183737],[27.0738185,43.5183235],[27.0761428,43.518421],[27.0776724,43.5190259],[27.077686,43.519038],[27.0778626,43.5191073],[27.0800072,43.5199491],[27.0820056,43.5191553],[27.0861924,43.5196925],[27.0916107,43.5190895],[27.0920519,43.5191734],[27.0953687,43.5198022],[27.0961919,43.519797],[27.097152,43.5197917],[27.0974459,43.5197915],[27.0998102,43.5182902],[27.1004046,43.5192307],[27.1012691,43.5203824],[27.1046223,43.5225585],[27.1053617,43.5237283],[27.1063625,43.5243757],[27.108877,43.524263],[27.109924,43.5242181],[27.111975,43.5241272],[27.1140705,43.5222533],[27.1168888,43.5197327],[27.1183802,43.5187632]]]}},{"type":"Feature","id":"BG2G000K1HB039","properties":{"OBJECTID":40,"localId":"BG2G000K1HB039","nameTxtInt":"FRACTURED WATERS - BOLKAN VALANGIAN-HAUTERIVIAN RISH","nameText":"FRACTURED WATERS - BOLKAN VALANGIAN-HAUTERIVIAN RISH","horizons":"1,2","Type":"8","Age":"K1HB","n":36.0,"cod":"BG2G000K1HB039","ime":"Пукнатинни води в Предбалкан -Валанж- Хотрив-Риш","risk_q":"Не е в риск","risk_ch":"Не е в риск","q_s":"добро","dostoverno":" -","ch_s":"добро","dostover_1":" -","sustoyanie":"добро","sustoyan_1":"добро","Shape_Leng":83779.4706476,"Shape_Area":231253888.494,"gwb_code":"BG2G000K1HB039","gwb_name":"Пукнатинни води в Предбалкан -Валанж- Хотрив-Риш","basin_district":"BG2"},"geometry":{"type":"Polygon","coordinates":[[[26.9681489,43.0030231],[26.9775376,42.9956502],[26.9782177,42.9803956],[26.9735271,42.9646447],[26.9679613,42.955878],[26.9664988,42.9535745],[26.9641555,42.9498827],[26.947189,42.929721],[26.9325266,42.9280806],[26.8914671,42.9285062],[26.882199,42.931434],[26.869447,42.936235],[26.861389,42.939912],[26.854406,42.942882],[26.848363,42.944977],[26.839018,42.947054],[26.827892,42.948677],[26.819744,42.949794],[26.813563,42.950615],[26.807957,42.951243],[26.801578,42.951509],[26.796022,42.951428],[26.791315,42.951359],[26.781053,42.950856],[26.763928,42.950123],[26.75371,42.949513],[26.746801,42.949053],[26.736882,42.947845],[26.721203,42.946589],[26.708666,42.946147],[26.69344,42.945421],[26.67646,42.94423],[26.662145,42.94381],[26.647849,42.942828],[26.635209,42.942944],[26.628054,42.943554],[26.6243175,42.9297295],[26.5594919,42.9300106],[26.5388028,42.9303092],[26.5422488,42.9430747],[26.543094,42.9452131],[26.543697,42.9467387],[26.544512,42.9488006],[26.5475078,42.9563782],[26.552173,42.9620901],[26.5587986,42.9702001],[26.5747696,42.9855062],[26.5861047,42.9944088],[26.6108843,42.9984309],[26.6316513,42.9989949],[26.6584779,42.9976012],[26.6812596,42.997667],[26.727508,42.9982727],[26.7576659,43.0008079],[26.8099448,43.0043466],[26.8508354,43.005884],[26.9031148,43.007417],[26.9346241,43.0079347],[26.9681489,43.0030231]]]}}]}