{
  "type": "FeatureCollection",
  "metadata": {
    "title": "BDDR quantitative groundwater monitoring points",
    "source": "Pril_4212_final.xls",
    "planning_period": "2022-2027",
    "feature_count": 159
  },
  "features": [
    {
      "type": "Feature",
      "geometry": {
        "type": "Point",
        "coordinates": [
          22.82389,
          43.91842
        ]
      },
      "properties": {
        "point_code": "BG1G0000QALMP008",
        "gwb_code": "BG1G0000QAL002",
        "gwb_name": "Порови води в Кватернера - Видинска низина",
        "settlement": "Дунавци",
        "point_name": "Дунавци,  шахтов кладенец",
        "municipality": "Видин",
        "district": "Видин",
        "depth_from_ground_m": 6.3,
        "water_level_frequency": "ежедневно",
        "discharge_frequency": null,
        "executor": "НИМХ",
        "source": "Pril_4212_final.xls"
      }
    },
    {
      "type": "Feature",
      "geometry": {
        "type": "Point",
        "coordinates": [
          22.990553,
          43.776192
        ]
      },
      "properties": {
        "point_code": "BG1G0000QALMP010",
        "gwb_code": "BG1G0000QAL003",
        "gwb_name": "Порови води в Кватернера - Арчар-Орсойска низина",
        "settlement": "Арчар",
        "point_name": "Добри дол, тръбен кладенец",
        "municipality": "Димово",
        "district": "Видин",
        "depth_from_ground_m": 7.3,
        "water_level_frequency": "4",
        "discharge_frequency": null,
        "executor": "НИМХ",
        "source": "Pril_4212_final.xls"
      }
    },
    {
      "type": "Feature",
      "geometry": {
        "type": "Point",
        "coordinates": [
          22.996054,
          43.779781
        ]
      },
      "properties": {
        "point_code": "BG1G0000QALMP011",
        "gwb_code": "BG1G0000QAL003",
        "gwb_name": "Порови води в Кватернера - Арчар-Орсойска низина",
        "settlement": "Арчар",
        "point_name": "Добри дол,  тръбен кладенец",
        "municipality": "Димово",
        "district": "Видин",
        "depth_from_ground_m": 9.23,
        "water_level_frequency": "ежедневно",
        "discharge_frequency": null,
        "executor": "НИМХ",
        "source": "Pril_4212_final.xls"
      }
    },
    {
      "type": "Feature",
      "geometry": {
        "type": "Point",
        "coordinates": [
          23.8291,
          43.7363
        ]
      },
      "properties": {
        "point_code": "BG1G0000QALMP024",
        "gwb_code": "BG1G0000QAL005",
        "gwb_name": "Порови води в Кватернера - Козлодуйска низина",
        "settlement": "Козлодуй",
        "point_name": "Козлодуй, тръбен кладенец",
        "municipality": "Козлодуй",
        "district": "Враца",
        "depth_from_ground_m": 10.23,
        "water_level_frequency": "12",
        "discharge_frequency": null,
        "executor": "НИМХ",
        "source": "Pril_4212_final.xls"
      }
    },
    {
      "type": "Feature",
      "geometry": {
        "type": "Point",
        "coordinates": [
          23.8272,
          43.7563
        ]
      },
      "properties": {
        "point_code": "BG1G0000QALMP025",
        "gwb_code": "BG1G0000QAL005",
        "gwb_name": "Порови води в Кватернера - Козлодуйска низина",
        "settlement": "Козлодуй",
        "point_name": "Козлодуй, тръбен кладенец",
        "municipality": "Козлодуй",
        "district": "Враца",
        "depth_from_ground_m": 8.5,
        "water_level_frequency": "ежедневно",
        "discharge_frequency": null,
        "executor": "НИМХ",
        "source": "Pril_4212_final.xls"
      }
    },
    {
      "type": "Feature",
      "geometry": {
        "type": "Point",
        "coordinates": [
          23.8353,
          43.7453
        ]
      },
      "properties": {
        "point_code": "BG1G0000QALMP026",
        "gwb_code": "BG1G0000QAL005",
        "gwb_name": "Порови води в Кватернера - Козлодуйска низина",
        "settlement": "Козлодуй",
        "point_name": "Козлодуй, тръбен кладенец",
        "municipality": "Козлодуй",
        "district": "Враца",
        "depth_from_ground_m": 6.6,
        "water_level_frequency": "12",
        "discharge_frequency": null,
        "executor": "НИМХ",
        "source": "Pril_4212_final.xls"
      }
    },
    {
      "type": "Feature",
      "geometry": {
        "type": "Point",
        "coordinates": [
          24.0916,
          43.663
        ]
      },
      "properties": {
        "point_code": "BG1G0000QALMP028",
        "gwb_code": "BG1G0000QAL006",
        "gwb_name": "Порови води в Кватернера - Островска низина",
        "settlement": "Остров",
        "point_name": "Остров, шахтов кладенец",
        "municipality": "Оряхово",
        "district": "Враца",
        "depth_from_ground_m": 12.5,
        "water_level_frequency": "4",
        "discharge_frequency": null,
        "executor": "НИМХ",
        "source": "Pril_4212_final.xls"
      }
    },
    {
      "type": "Feature",
      "geometry": {
        "type": "Point",
        "coordinates": [
          24.1392,
          43.6844
        ]
      },
      "properties": {
        "point_code": "BG1G0000QALMP029",
        "gwb_code": "BG1G0000QAL006",
        "gwb_name": "Порови води в Кватернера - Островска низина",
        "settlement": "Остров",
        "point_name": "Остров, тръбен  кладенец",
        "municipality": "Оряхово",
        "district": "Враца",
        "depth_from_ground_m": 11.5,
        "water_level_frequency": "ежедневно",
        "discharge_frequency": null,
        "executor": "НИМХ",
        "source": "Pril_4212_final.xls"
      }
    },
    {
      "type": "Feature",
      "geometry": {
        "type": "Point",
        "coordinates": [
          24.63063,
          43.72911
        ]
      },
      "properties": {
        "point_code": "BG1G0000QALMP031",
        "gwb_code": "BG1G0000QAL007",
        "gwb_name": "Порови води в Кватернера - Карабоазка низина",
        "settlement": "Дъбован",
        "point_name": "Дъбован, тръбен кладенец",
        "municipality": "Гулянци",
        "district": "Плевен",
        "depth_from_ground_m": 19.2,
        "water_level_frequency": "ежедневно",
        "discharge_frequency": null,
        "executor": "НИМХ",
        "source": "Pril_4212_final.xls"
      }
    },
    {
      "type": "Feature",
      "geometry": {
        "type": "Point",
        "coordinates": [
          24.54307,
          43.74656
        ]
      },
      "properties": {
        "point_code": "BG1G0000QALMP034",
        "gwb_code": "BG1G0000QAL007",
        "gwb_name": "Порови води в Кватернера - Карабоазка низина",
        "settlement": "Загражден",
        "point_name": "Загражден, тръбен кладенец",
        "municipality": "Гулянци",
        "district": "Плевен",
        "depth_from_ground_m": 11.5,
        "water_level_frequency": "ежедневно",
        "discharge_frequency": null,
        "executor": "НИМХ",
        "source": "Pril_4212_final.xls"
      }
    },
    {
      "type": "Feature",
      "geometry": {
        "type": "Point",
        "coordinates": [
          24.51177,
          43.72826
        ]
      },
      "properties": {
        "point_code": "BG1G0000QALMP036",
        "gwb_code": "BG1G0000QAL007",
        "gwb_name": "Порови води в Кватернера - Карабоазка низина",
        "settlement": "Загражден",
        "point_name": "Загражден, тръбен кладенец",
        "municipality": "Гулянци",
        "district": "Плевен",
        "depth_from_ground_m": 3.8,
        "water_level_frequency": "4",
        "discharge_frequency": null,
        "executor": "НИМХ",
        "source": "Pril_4212_final.xls"
      }
    },
    {
      "type": "Feature",
      "geometry": {
        "type": "Point",
        "coordinates": [
          24.61538,
          43.63616
        ]
      },
      "properties": {
        "point_code": "BG1G0000QALMP039",
        "gwb_code": "BG1G0000QAL007",
        "gwb_name": "Порови води в Кватернера - Карабоазка низина",
        "settlement": "Брест",
        "point_name": "Брест, шахтов кладенец",
        "municipality": "Гулянци",
        "district": "Плевен",
        "depth_from_ground_m": 4.5,
        "water_level_frequency": "4",
        "discharge_frequency": null,
        "executor": "НИМХ",
        "source": "Pril_4212_final.xls"
      }
    },
    {
      "type": "Feature",
      "geometry": {
        "type": "Point",
        "coordinates": [
          24.6099,
          43.67325
        ]
      },
      "properties": {
        "point_code": "BG1G0000QALMP040",
        "gwb_code": "BG1G0000QAL007",
        "gwb_name": "Порови води в Кватернера - Карабоазка низина",
        "settlement": "Брест",
        "point_name": "Брест, тръбен кладенец",
        "municipality": "Гулянци",
        "district": "Плевен",
        "depth_from_ground_m": 4.2,
        "water_level_frequency": "4",
        "discharge_frequency": null,
        "executor": "НИМХ",
        "source": "Pril_4212_final.xls"
      }
    },
    {
      "type": "Feature",
      "geometry": {
        "type": "Point",
        "coordinates": [
          25.20855,
          43.63306
        ]
      },
      "properties": {
        "point_code": "BG1G0000QALMP042",
        "gwb_code": "BG1G0000QAL008",
        "gwb_name": "Порови води в Кватернера - Беленско-Свищовска низина",
        "settlement": "Белене",
        "point_name": "Белене, тръбен кладенец",
        "municipality": "Белене",
        "district": "Плевен",
        "depth_from_ground_m": 12.5,
        "water_level_frequency": "12",
        "discharge_frequency": null,
        "executor": "НИМХ",
        "source": "Pril_4212_final.xls"
      }
    },
    {
      "type": "Feature",
      "geometry": {
        "type": "Point",
        "coordinates": [
          25.20829,
          43.62915
        ]
      },
      "properties": {
        "point_code": "BG1G0000QALMP043",
        "gwb_code": "BG1G0000QAL008",
        "gwb_name": "Порови води в Кватернера - Беленско-Свищовска низина",
        "settlement": "Белене",
        "point_name": "Белене, тръбен кладенец",
        "municipality": "Белене",
        "district": "Плевен",
        "depth_from_ground_m": 12.5,
        "water_level_frequency": "ежедневно",
        "discharge_frequency": null,
        "executor": "НИМХ",
        "source": "Pril_4212_final.xls"
      }
    },
    {
      "type": "Feature",
      "geometry": {
        "type": "Point",
        "coordinates": [
          25.2078,
          43.6223
        ]
      },
      "properties": {
        "point_code": "BG1G0000QALMP044",
        "gwb_code": "BG1G0000QAL008",
        "gwb_name": "Порови води в Кватернера - Беленско-Свищовска низина",
        "settlement": "Белене",
        "point_name": "Белене, тръбен кладенец",
        "municipality": "Белене",
        "district": "Плевен",
        "depth_from_ground_m": 14.9,
        "water_level_frequency": "12",
        "discharge_frequency": null,
        "executor": "НИМХ",
        "source": "Pril_4212_final.xls"
      }
    },
    {
      "type": "Feature",
      "geometry": {
        "type": "Point",
        "coordinates": [
          26.11106,
          43.9385
        ]
      },
      "properties": {
        "point_code": "BG1G0000QALMP050",
        "gwb_code": "BG1G0000QAL010",
        "gwb_name": "Порови води в Кватернера - Бръшлянска низина",
        "settlement": "Сандрово",
        "point_name": "Сандрово, шахтов кладенец",
        "municipality": "Русе",
        "district": "Русе",
        "depth_from_ground_m": 27.0,
        "water_level_frequency": "ежедневно",
        "discharge_frequency": null,
        "executor": "НИМХ",
        "source": "Pril_4212_final.xls"
      }
    },
    {
      "type": "Feature",
      "geometry": {
        "type": "Point",
        "coordinates": [
          26.11504046,
          43.93006839
        ]
      },
      "properties": {
        "point_code": "BG1G0000QALMP051",
        "gwb_code": "BG1G0000QAL010",
        "gwb_name": "Порови води в Кватернера - Бръшлянска низина",
        "settlement": "Сандрово",
        "point_name": "Сандрово, шахтов кладенец",
        "municipality": "Русе",
        "district": "Русе",
        "depth_from_ground_m": 9.5,
        "water_level_frequency": "12",
        "discharge_frequency": null,
        "executor": "НИМХ",
        "source": "Pril_4212_final.xls"
      }
    },
    {
      "type": "Feature",
      "geometry": {
        "type": "Point",
        "coordinates": [
          26.1122,
          43.93427
        ]
      },
      "properties": {
        "point_code": "BG1G0000QALMP052",
        "gwb_code": "BG1G0000QAL010",
        "gwb_name": "Порови води в Кватернера - Бръшлянска низина",
        "settlement": "Сандрово",
        "point_name": "Сандрово, шахтов кладенец",
        "municipality": "Русе",
        "district": "Русе",
        "depth_from_ground_m": 27.5,
        "water_level_frequency": "12",
        "discharge_frequency": null,
        "executor": "НИМХ",
        "source": "Pril_4212_final.xls"
      }
    },
    {
      "type": "Feature",
      "geometry": {
        "type": "Point",
        "coordinates": [
          26.90917,
          44.07542
        ]
      },
      "properties": {
        "point_code": "BG1G0000QALMP055",
        "gwb_code": "BG1G0000QAL011",
        "gwb_name": "Порови води в Кватернера - Попинско-Гарванска низина",
        "settlement": "Гарван",
        "point_name": "Гарван, шахтов кладенец",
        "municipality": "Ситово",
        "district": "Силистра",
        "depth_from_ground_m": 8.0,
        "water_level_frequency": "4",
        "discharge_frequency": null,
        "executor": "НИМХ",
        "source": "Pril_4212_final.xls"
      }
    },
    {
      "type": "Feature",
      "geometry": {
        "type": "Point",
        "coordinates": [
          27.18414,
          44.09889
        ]
      },
      "properties": {
        "point_code": "BG1G0000QALMP058",
        "gwb_code": "BG1G0000QAL012",
        "gwb_name": "Порови води в Кватернера - Айдемирска низина",
        "settlement": "Силистра",
        "point_name": "Силистра, тръбен кладенец",
        "municipality": "Силистра",
        "district": "Силистра",
        "depth_from_ground_m": 9.75,
        "water_level_frequency": "ежедневно",
        "discharge_frequency": null,
        "executor": "НИМХ",
        "source": "Pril_4212_final.xls"
      }
    },
    {
      "type": "Feature",
      "geometry": {
        "type": "Point",
        "coordinates": [
          27.17078,
          44.09764
        ]
      },
      "properties": {
        "point_code": "BG1G0000QALMP059",
        "gwb_code": "BG1G0000QAL012",
        "gwb_name": "Порови води в Кватернера - Айдемирска низина",
        "settlement": "Силистра",
        "point_name": "Силистра, тръбен кладенец",
        "municipality": "Силистра",
        "district": "Силистра",
        "depth_from_ground_m": 13.65,
        "water_level_frequency": "4",
        "discharge_frequency": null,
        "executor": "НИМХ",
        "source": "Pril_4212_final.xls"
      }
    },
    {
      "type": "Feature",
      "geometry": {
        "type": "Point",
        "coordinates": [
          23.07898,
          43.69848
        ]
      },
      "properties": {
        "point_code": "BG1G0000QALMP064",
        "gwb_code": "BG1G0000QAL013",
        "gwb_name": "Порови води в Кватернера - р. Лом",
        "settlement": "Крива бара",
        "point_name": "Крива бара, тръбен кладенец",
        "municipality": "Брусарци",
        "district": "Монтана",
        "depth_from_ground_m": 4.97,
        "water_level_frequency": "ежедневно",
        "discharge_frequency": null,
        "executor": "НИМХ",
        "source": "Pril_4212_final.xls"
      }
    },
    {
      "type": "Feature",
      "geometry": {
        "type": "Point",
        "coordinates": [
          23.49778,
          43.78494
        ]
      },
      "properties": {
        "point_code": "BG1G0000QALMP068",
        "gwb_code": "BG1G0000QAL014",
        "gwb_name": "Порови води в Кватернера - р. Цибрица",
        "settlement": "Игнатово",
        "point_name": "Игнатово, шахтов кладенец",
        "municipality": "Вълчедръм",
        "district": "Монтана",
        "depth_from_ground_m": 5.3,
        "water_level_frequency": "4",
        "discharge_frequency": null,
        "executor": "НИМХ",
        "source": "Pril_4212_final.xls"
      }
    },
    {
      "type": "Feature",
      "geometry": {
        "type": "Point",
        "coordinates": [
          23.39275,
          43.5288
        ]
      },
      "properties": {
        "point_code": "BG1G0000QALMP071",
        "gwb_code": "BG1G0000QAL015",
        "gwb_name": "Порови води в Кватернера - р. Огоста",
        "settlement": "Владимирово",
        "point_name": "Владимирово, шахтов кладенец",
        "municipality": "Бойчиновци",
        "district": "Монтана",
        "depth_from_ground_m": 10.35,
        "water_level_frequency": "ежедневно",
        "discharge_frequency": null,
        "executor": "НИМХ",
        "source": "Pril_4212_final.xls"
      }
    },
    {
      "type": "Feature",
      "geometry": {
        "type": "Point",
        "coordinates": [
          23.65475,
          43.59916
        ]
      },
      "properties": {
        "point_code": "BG1G0000QALMP074",
        "gwb_code": "BG1G0000QAL015",
        "gwb_name": "Порови води в Кватернера - р. Огоста",
        "settlement": "Хайредин",
        "point_name": "Хайредин, шахтов кладенец",
        "municipality": "Хайредин",
        "district": "Враца",
        "depth_from_ground_m": 5.82,
        "water_level_frequency": "ежедневно",
        "discharge_frequency": null,
        "executor": "НИМХ",
        "source": "Pril_4212_final.xls"
      }
    },
    {
      "type": "Feature",
      "geometry": {
        "type": "Point",
        "coordinates": [
          23.86214,
          43.56776
        ]
      },
      "properties": {
        "point_code": "BG1G0000QALMP076",
        "gwb_code": "BG1G0000QAL016",
        "gwb_name": "Порови води в Кватернера - р. Скът",
        "settlement": "Мизия",
        "point_name": "Мизия, шахтов кладенец",
        "municipality": "Мизия",
        "district": "Враца",
        "depth_from_ground_m": 3.86,
        "water_level_frequency": "4",
        "discharge_frequency": null,
        "executor": "НИМХ",
        "source": "Pril_4212_final.xls"
      }
    },
    {
      "type": "Feature",
      "geometry": {
        "type": "Point",
        "coordinates": [
          23.85358,
          43.69102
        ]
      },
      "properties": {
        "point_code": "BG1G0000QALMP077",
        "gwb_code": "BG1G0000QAL016",
        "gwb_name": "Порови води в Кватернера - р. Скът",
        "settlement": "Мизия",
        "point_name": "Мизия, шахтов кладенец",
        "municipality": "Мизия",
        "district": "Враца",
        "depth_from_ground_m": 5.39,
        "water_level_frequency": "ежедневно",
        "discharge_frequency": null,
        "executor": "НИМХ",
        "source": "Pril_4212_final.xls"
      }
    },
    {
      "type": "Feature",
      "geometry": {
        "type": "Point",
        "coordinates": [
          23.94089,
          43.46689
        ]
      },
      "properties": {
        "point_code": "BG1G0000QALMP078",
        "gwb_code": "BG1G0000QAL016",
        "gwb_name": "Порови води в Кватернера - р. Скът",
        "settlement": "Бяла Слатина",
        "point_name": "Бяла Слатина, шахтов кладенец",
        "municipality": "Бяла Слатина",
        "district": "Враца",
        "depth_from_ground_m": 8.03,
        "water_level_frequency": "4",
        "discharge_frequency": null,
        "executor": "НИМХ",
        "source": "Pril_4212_final.xls"
      }
    },
    {
      "type": "Feature",
      "geometry": {
        "type": "Point",
        "coordinates": [
          24.35387,
          43.59236
        ]
      },
      "properties": {
        "point_code": "BG1G0000QALMP080",
        "gwb_code": "BG1G0000QAL017",
        "gwb_name": "Порови води в Кватернера - р. Искър",
        "settlement": "Ореховица",
        "point_name": "Ореховица, тръбен кладенец",
        "municipality": "Д. Митрополия",
        "district": "Плевен",
        "depth_from_ground_m": 6.4,
        "water_level_frequency": "4",
        "discharge_frequency": null,
        "executor": "НИМХ",
        "source": "Pril_4212_final.xls"
      }
    },
    {
      "type": "Feature",
      "geometry": {
        "type": "Point",
        "coordinates": [
          24.35043,
          43.59856
        ]
      },
      "properties": {
        "point_code": "BG1G0000QALMP081",
        "gwb_code": "BG1G0000QAL017",
        "gwb_name": "Порови води в Кватернера - р. Искър",
        "settlement": "Ореховица",
        "point_name": "Ореховица, тръбен кладенец",
        "municipality": "Д. Митрополия",
        "district": "Плевен",
        "depth_from_ground_m": 6.5,
        "water_level_frequency": "ежедневно",
        "discharge_frequency": null,
        "executor": "НИМХ",
        "source": "Pril_4212_final.xls"
      }
    },
    {
      "type": "Feature",
      "geometry": {
        "type": "Point",
        "coordinates": [
          24.25428,
          43.45338
        ]
      },
      "properties": {
        "point_code": "BG1G0000QALMP082",
        "gwb_code": "BG1G0000QAL017",
        "gwb_name": "Порови води в Кватернера - р. Искър",
        "settlement": "Искър",
        "point_name": "Искър,  тръбен кладенец",
        "municipality": "Искър",
        "district": "Плевен",
        "depth_from_ground_m": 4.0,
        "water_level_frequency": "4",
        "discharge_frequency": null,
        "executor": "НИМХ",
        "source": "Pril_4212_final.xls"
      }
    },
    {
      "type": "Feature",
      "geometry": {
        "type": "Point",
        "coordinates": [
          24.25458,
          43.45338
        ]
      },
      "properties": {
        "point_code": "BG1G0000QALMP083",
        "gwb_code": "BG1G0000QAL017",
        "gwb_name": "Порови води в Кватернера - р. Искър",
        "settlement": "Искър",
        "point_name": "Искър,  тръбен кладенец",
        "municipality": "Искър",
        "district": "Плевен",
        "depth_from_ground_m": 11.5,
        "water_level_frequency": "4",
        "discharge_frequency": null,
        "executor": "НИМХ",
        "source": "Pril_4212_final.xls"
      }
    },
    {
      "type": "Feature",
      "geometry": {
        "type": "Point",
        "coordinates": [
          24.20085,
          43.46048
        ]
      },
      "properties": {
        "point_code": "BG1G0000QALMP085",
        "gwb_code": "BG1G0000QAL017",
        "gwb_name": "Порови води в Кватернера - р. Искър",
        "settlement": "Искър",
        "point_name": "Искър,  тръбен кладенец",
        "municipality": "Искър",
        "district": "Плевен",
        "depth_from_ground_m": 11.2,
        "water_level_frequency": "4",
        "discharge_frequency": null,
        "executor": "НИМХ",
        "source": "Pril_4212_final.xls"
      }
    },
    {
      "type": "Feature",
      "geometry": {
        "type": "Point",
        "coordinates": [
          24.50572,
          43.40669
        ]
      },
      "properties": {
        "point_code": "BG1G0000QALMP089",
        "gwb_code": "BG1G0000QAL018",
        "gwb_name": "Порови води в Кватернера - р. Вит",
        "settlement": "Дисевица",
        "point_name": "Дисевица, шахтов  кладенец",
        "municipality": "Плевен",
        "district": "Плевен",
        "depth_from_ground_m": 4.0,
        "water_level_frequency": "12",
        "discharge_frequency": null,
        "executor": "НИМХ",
        "source": "Pril_4212_final.xls"
      }
    },
    {
      "type": "Feature",
      "geometry": {
        "type": "Point",
        "coordinates": [
          24.47713,
          43.40034444
        ]
      },
      "properties": {
        "point_code": "BG1G0000QALMP420",
        "gwb_code": "BG1G0000QAL018",
        "gwb_name": "Порови води в Кватернера - р. Вит",
        "settlement": "Дисевица",
        "point_name": "Дисевица, тръбен кладенец",
        "municipality": "Плевен",
        "district": "Плевен",
        "depth_from_ground_m": 9.25,
        "water_level_frequency": "12",
        "discharge_frequency": null,
        "executor": "НИМХ",
        "source": "Pril_4212_final.xls"
      }
    },
    {
      "type": "Feature",
      "geometry": {
        "type": "Point",
        "coordinates": [
          24.49983,
          43.40775
        ]
      },
      "properties": {
        "point_code": "BG1G0000QALMP091",
        "gwb_code": "BG1G0000QAL018",
        "gwb_name": "Порови води в Кватернера - р. Вит",
        "settlement": "Дисевица",
        "point_name": "Дисевица, С 0 МП",
        "municipality": "Плевен",
        "district": "Плевен",
        "depth_from_ground_m": 4.76,
        "water_level_frequency": "12",
        "discharge_frequency": null,
        "executor": "НИМХ",
        "source": "Pril_4212_final.xls"
      }
    },
    {
      "type": "Feature",
      "geometry": {
        "type": "Point",
        "coordinates": [
          25.15239,
          43.36025
        ]
      },
      "properties": {
        "point_code": "BG1G0000QALMP094",
        "gwb_code": "BG1G0000QAL019",
        "gwb_name": "Порови води в Кватернера - р. Осъм",
        "settlement": "Левски",
        "point_name": "Левски, шахтов кладенец",
        "municipality": "Левски",
        "district": "Плевен",
        "depth_from_ground_m": 6.8,
        "water_level_frequency": "ежедневно",
        "discharge_frequency": null,
        "executor": "НИМХ",
        "source": "Pril_4212_final.xls"
      }
    },
    {
      "type": "Feature",
      "geometry": {
        "type": "Point",
        "coordinates": [
          25.88483,
          43.1875
        ]
      },
      "properties": {
        "point_code": "BG1G0000QALMP101",
        "gwb_code": "BG1G0000QAL020",
        "gwb_name": "Порови води в Кватернера - р. Янтра",
        "settlement": "Бряговица",
        "point_name": "Бряговица, тръбен кладенец",
        "municipality": "Стражица",
        "district": "В. Търново",
        "depth_from_ground_m": 9.1,
        "water_level_frequency": "4",
        "discharge_frequency": null,
        "executor": "НИМХ",
        "source": "Pril_4212_final.xls"
      }
    },
    {
      "type": "Feature",
      "geometry": {
        "type": "Point",
        "coordinates": [
          25.63433,
          43.21006
        ]
      },
      "properties": {
        "point_code": "BG1G0000QALMP102",
        "gwb_code": "BG1G0000QAL020",
        "gwb_name": "Порови води в Кватернера - р. Янтра",
        "settlement": "Поликраище",
        "point_name": "Поликраище, тръбен кладенец",
        "municipality": "Г. Оряховица",
        "district": "В. Търново",
        "depth_from_ground_m": 5.84,
        "water_level_frequency": "ежедневно",
        "discharge_frequency": null,
        "executor": "НИМХ",
        "source": "Pril_4212_final.xls"
      }
    },
    {
      "type": "Feature",
      "geometry": {
        "type": "Point",
        "coordinates": [
          25.87294,
          43.16208
        ]
      },
      "properties": {
        "point_code": "BG1G0000QALMP104",
        "gwb_code": "BG1G0000QAL020",
        "gwb_name": "Порови води в Кватернера - р. Янтра",
        "settlement": "Джулюница",
        "point_name": "Джулюница, ШК-1",
        "municipality": "Лясковец",
        "district": "В.Търново",
        "depth_from_ground_m": 7.5,
        "water_level_frequency": "12",
        "discharge_frequency": null,
        "executor": "НИМХ",
        "source": "Pril_4212_final.xls"
      }
    },
    {
      "type": "Feature",
      "geometry": {
        "type": "Point",
        "coordinates": [
          25.87556,
          43.1625
        ]
      },
      "properties": {
        "point_code": "BG1G0000QALMP105",
        "gwb_code": "BG1G0000QAL020",
        "gwb_name": "Порови води в Кватернера - р. Янтра",
        "settlement": "Джулюница",
        "point_name": "Джулюница, ШК-2",
        "municipality": "Лясковец",
        "district": "В.Търново",
        "depth_from_ground_m": 8.5,
        "water_level_frequency": "12",
        "discharge_frequency": null,
        "executor": "НИМХ",
        "source": "Pril_4212_final.xls"
      }
    },
    {
      "type": "Feature",
      "geometry": {
        "type": "Point",
        "coordinates": [
          25.82904,
          43.17542
        ]
      },
      "properties": {
        "point_code": "BG1G0000QALMP106",
        "gwb_code": "BG1G0000QAL020",
        "gwb_name": "Порови води в Кватернера - р. Янтра",
        "settlement": "Върбица",
        "point_name": "Върбица, ШК-2",
        "municipality": "Г. Оряховица",
        "district": "В.Търново",
        "depth_from_ground_m": 10.0,
        "water_level_frequency": "12",
        "discharge_frequency": null,
        "executor": "НИМХ",
        "source": "Pril_4212_final.xls"
      }
    },
    {
      "type": "Feature",
      "geometry": {
        "type": "Point",
        "coordinates": [
          25.6381,
          43.3688
        ]
      },
      "properties": {
        "point_code": "BG1G0000QALMP453",
        "gwb_code": "BG1G0000QAL020",
        "gwb_name": "Порови води в Кватернера - р. Янтра",
        "settlement": "Полски Тръмбеш",
        "point_name": "Полски Тръмбеш, шахтов кладенец",
        "municipality": "Полски Тръмбеш",
        "district": "В.Търново",
        "depth_from_ground_m": 6.25,
        "water_level_frequency": "ежедневно",
        "discharge_frequency": null,
        "executor": "НИМХ",
        "source": "Pril_4212_final.xls"
      }
    },
    {
      "type": "Feature",
      "geometry": {
        "type": "Point",
        "coordinates": [
          26.26208,
          43.353194
        ]
      },
      "properties": {
        "point_code": "BG1G0000QALMP110",
        "gwb_code": "BG1G0000QAL021",
        "gwb_name": "Порови води в Кватернера - р. Русенски Лом и притоците м",
        "settlement": "Попово",
        "point_name": "Попово, тръбен кладенец",
        "municipality": "Попово",
        "district": "Търговище",
        "depth_from_ground_m": 5.3,
        "water_level_frequency": "ежедневно",
        "discharge_frequency": null,
        "executor": "НИМХ",
        "source": "Pril_4212_final.xls"
      }
    },
    {
      "type": "Feature",
      "geometry": {
        "type": "Point",
        "coordinates": [
          26.27403,
          43.36252
        ]
      },
      "properties": {
        "point_code": "BG1G0000QALMP111",
        "gwb_code": "BG1G0000QAL021",
        "gwb_name": "Порови води в Кватернера - р. Русенски Лом и притоците м",
        "settlement": "Кардам",
        "point_name": "Кардам, шахтов кладенец",
        "municipality": "Попово",
        "district": "Търговище",
        "depth_from_ground_m": 5.0,
        "water_level_frequency": "4",
        "discharge_frequency": null,
        "executor": "НИМХ",
        "source": "Pril_4212_final.xls"
      }
    },
    {
      "type": "Feature",
      "geometry": {
        "type": "Point",
        "coordinates": [
          26.27392,
          43.36263
        ]
      },
      "properties": {
        "point_code": "BG1G0000QALMP112",
        "gwb_code": "BG1G0000QAL021",
        "gwb_name": "Порови води в Кватернера - р. Русенски Лом и притоците м",
        "settlement": "Кардам",
        "point_name": "Кардам, шахтов кладенец",
        "municipality": "Попово",
        "district": "Търговище",
        "depth_from_ground_m": 6.0,
        "water_level_frequency": "4",
        "discharge_frequency": null,
        "executor": "НИМХ",
        "source": "Pril_4212_final.xls"
      }
    },
    {
      "type": "Feature",
      "geometry": {
        "type": "Point",
        "coordinates": [
          26.61167,
          43.50508
        ]
      },
      "properties": {
        "point_code": "BG1G0000QALMP114",
        "gwb_code": "BG1G0000QAL021",
        "gwb_name": "Порови води в Кватернера - р. Русенски Лом и притоците м",
        "settlement": "Ушинци",
        "point_name": "Ушинци, шахтов кладенец",
        "municipality": "Разград",
        "district": "Разград",
        "depth_from_ground_m": 14.8,
        "water_level_frequency": "4",
        "discharge_frequency": null,
        "executor": "НИМХ",
        "source": "Pril_4212_final.xls"
      }
    },
    {
      "type": "Feature",
      "geometry": {
        "type": "Point",
        "coordinates": [
          25.10357,
          43.02014
        ]
      },
      "properties": {
        "point_code": "BG1G0000QALMP116",
        "gwb_code": "BG1G0000QAL022",
        "gwb_name": "Порови води в Кватернера - р. Росица в Севлиевската кот",
        "settlement": "Севлиево",
        "point_name": "Севлиево, шахтов кладенец",
        "municipality": "Севлиево",
        "district": "Габрово",
        "depth_from_ground_m": 6.55,
        "water_level_frequency": "4",
        "discharge_frequency": null,
        "executor": "НИМХ",
        "source": "Pril_4212_final.xls"
      }
    },
    {
      "type": "Feature",
      "geometry": {
        "type": "Point",
        "coordinates": [
          24.97314,
          42.96519
        ]
      },
      "properties": {
        "point_code": "BG1G0000QALMP118",
        "gwb_code": "BG1G0000QAL022",
        "gwb_name": "Порови води в Кватернера - р. Росица в Севлиевската кот",
        "settlement": "Градница",
        "point_name": "Градница, С-МП 1",
        "municipality": "Севлиево",
        "district": "Габрово",
        "depth_from_ground_m": 8.0,
        "water_level_frequency": "12",
        "discharge_frequency": null,
        "executor": "НИМХ",
        "source": "Pril_4212_final.xls"
      }
    },
    {
      "type": "Feature",
      "geometry": {
        "type": "Point",
        "coordinates": [
          24.97411,
          42.96425
        ]
      },
      "properties": {
        "point_code": "BG1G0000QALMP119",
        "gwb_code": "BG1G0000QAL022",
        "gwb_name": "Порови води в Кватернера - р. Росица в Севлиевската кот",
        "settlement": "Градница",
        "point_name": "Градница, С-МП 2",
        "municipality": "Севлиево",
        "district": "Габрово",
        "depth_from_ground_m": 8.0,
        "water_level_frequency": "12",
        "discharge_frequency": null,
        "executor": "НИМХ",
        "source": "Pril_4212_final.xls"
      }
    },
    {
      "type": "Feature",
      "geometry": {
        "type": "Point",
        "coordinates": [
          24.97425,
          42.96581
        ]
      },
      "properties": {
        "point_code": "BG1G0000QALMP120",
        "gwb_code": "BG1G0000QAL022",
        "gwb_name": "Порови води в Кватернера - р. Росица в Севлиевската кот",
        "settlement": "Градница",
        "point_name": "Градница, С-МП 3",
        "municipality": "Севлиево",
        "district": "Габрово",
        "depth_from_ground_m": 8.0,
        "water_level_frequency": "12",
        "discharge_frequency": null,
        "executor": "НИМХ",
        "source": "Pril_4212_final.xls"
      }
    },
    {
      "type": "Feature",
      "geometry": {
        "type": "Point",
        "coordinates": [
          23.64469,
          43.60277
        ]
      },
      "properties": {
        "point_code": "BG1G0000QPLMP121",
        "gwb_code": "BG1G0000QPL023",
        "gwb_name": "Порови води в Кватернера - между реките Лом и Искър",
        "settlement": "Хайредин",
        "point_name": "Хайредин, шахтов кладенец",
        "municipality": "Хайредин",
        "district": "Враца",
        "depth_from_ground_m": 10.62,
        "water_level_frequency": "4",
        "discharge_frequency": null,
        "executor": "НИМХ",
        "source": "Pril_4212_final.xls"
      }
    },
    {
      "type": "Feature",
      "geometry": {
        "type": "Point",
        "coordinates": [
          24.09983,
          43.4865
        ]
      },
      "properties": {
        "point_code": "BG1G0000QPLMP287",
        "gwb_code": "BG1G0000QPL023",
        "gwb_name": "Порови води в Кватернера - между реките Лом и Искър",
        "settlement": "Кнежа",
        "point_name": "Кнежа, ШК - Петрол-ДИ-93-Димитър Гърков",
        "municipality": "Кнежа",
        "district": "Плевен",
        "depth_from_ground_m": null,
        "water_level_frequency": "4",
        "discharge_frequency": null,
        "executor": "НИМХ",
        "source": "Pril_4212_final.xls"
      }
    },
    {
      "type": "Feature",
      "geometry": {
        "type": "Point",
        "coordinates": [
          24.42848,
          43.56311
        ]
      },
      "properties": {
        "point_code": "BG1G0000QPLMP123",
        "gwb_code": "BG1G0000QPL024",
        "gwb_name": "Порови води в Кватернера - между реките Искър и Вит",
        "settlement": "Ореховица",
        "point_name": "Ореховица, тръбен кладенец",
        "municipality": "Д. Митрополия",
        "district": "Плевен",
        "depth_from_ground_m": 34.2,
        "water_level_frequency": "4",
        "discharge_frequency": null,
        "executor": "НИМХ",
        "source": "Pril_4212_final.xls"
      }
    },
    {
      "type": "Feature",
      "geometry": {
        "type": "Point",
        "coordinates": [
          25.17042,
          43.356138
        ]
      },
      "properties": {
        "point_code": "BG1G0000QPLMP125",
        "gwb_code": "BG1G0000QPL025",
        "gwb_name": "Порови води в Кватернера - между реките Вит и Осъм",
        "settlement": "Левски",
        "point_name": "Левски, тръбен кладенец",
        "municipality": "Левски",
        "district": "Плевен",
        "depth_from_ground_m": 11.7,
        "water_level_frequency": "4",
        "discharge_frequency": null,
        "executor": "НИМХ",
        "source": "Pril_4212_final.xls"
      }
    },
    {
      "type": "Feature",
      "geometry": {
        "type": "Point",
        "coordinates": [
          23.56977,
          43.207266
        ]
      },
      "properties": {
        "point_code": "BG1G00000QPMP135",
        "gwb_code": "BG1G00000QP027",
        "gwb_name": "Порови води в Кватернера - Врачански пороен конус",
        "settlement": "Враца",
        "point_name": "Враца, ТК\"Нафтекс - петрол\"",
        "municipality": "Враца",
        "district": "Враца",
        "depth_from_ground_m": 60.0,
        "water_level_frequency": "12",
        "discharge_frequency": null,
        "executor": "НИМХ",
        "source": "Pril_4212_final.xls"
      }
    },
    {
      "type": "Feature",
      "geometry": {
        "type": "Point",
        "coordinates": [
          23.56561,
          43.214219
        ]
      },
      "properties": {
        "point_code": "BG1G00000QPMP136",
        "gwb_code": "BG1G00000QP027",
        "gwb_name": "Порови води в Кватернера - Врачански пороен конус",
        "settlement": "Враца",
        "point_name": "Враца, ТК \"ТЦ градска\"",
        "municipality": "Враца",
        "district": "Враца",
        "depth_from_ground_m": 72.0,
        "water_level_frequency": "12",
        "discharge_frequency": null,
        "executor": "НИМХ",
        "source": "Pril_4212_final.xls"
      }
    },
    {
      "type": "Feature",
      "geometry": {
        "type": "Point",
        "coordinates": [
          23.49269,
          42.706305
        ]
      },
      "properties": {
        "point_code": "BG1G00000NQMP141",
        "gwb_code": "BG1G00000NQ030",
        "gwb_name": "Порови води в Неоген-Кватернера - Софийска долина",
        "settlement": "Долни Богров",
        "point_name": "Долни Богров, шахтов кладенец",
        "municipality": "Кремиковци",
        "district": "София",
        "depth_from_ground_m": 5.5,
        "water_level_frequency": "4",
        "discharge_frequency": null,
        "executor": "НИМХ",
        "source": "Pril_4212_final.xls"
      }
    },
    {
      "type": "Feature",
      "geometry": {
        "type": "Point",
        "coordinates": [
          23.43951,
          42.77147
        ]
      },
      "properties": {
        "point_code": "BG1G00000NQMP144",
        "gwb_code": "BG1G00000NQ030",
        "gwb_name": "Порови води в Неоген-Кватернера - Софийска долина",
        "settlement": "Локорско",
        "point_name": "Локорско, тръбен кладенец",
        "municipality": "Нови Искър",
        "district": "София",
        "depth_from_ground_m": 8.99,
        "water_level_frequency": "ежедневно",
        "discharge_frequency": null,
        "executor": "НИМХ",
        "source": "Pril_4212_final.xls"
      }
    },
    {
      "type": "Feature",
      "geometry": {
        "type": "Point",
        "coordinates": [
          23.31599,
          42.77613
        ]
      },
      "properties": {
        "point_code": "BG1G00000NQMP147",
        "gwb_code": "BG1G00000NQ030",
        "gwb_name": "Порови води в Неоген-Кватернера - Софийска долина",
        "settlement": "Требич",
        "point_name": "Требич, тръбен кладенец",
        "municipality": "Нови Искър",
        "district": "София",
        "depth_from_ground_m": 5.59,
        "water_level_frequency": "ежедневно",
        "discharge_frequency": null,
        "executor": "НИМХ",
        "source": "Pril_4212_final.xls"
      }
    },
    {
      "type": "Feature",
      "geometry": {
        "type": "Point",
        "coordinates": [
          23.2751,
          42.76706
        ]
      },
      "properties": {
        "point_code": "BG1G00000NQMP148",
        "gwb_code": "BG1G00000NQ030",
        "gwb_name": "Порови води в Неоген-Кватернера - Софийска долина",
        "settlement": "Мрамор",
        "point_name": "Мрамор, тръбен кладенец",
        "municipality": "Нови Искър",
        "district": "София",
        "depth_from_ground_m": 9.51,
        "water_level_frequency": "ежедневно",
        "discharge_frequency": null,
        "executor": "НИМХ",
        "source": "Pril_4212_final.xls"
      }
    },
    {
      "type": "Feature",
      "geometry": {
        "type": "Point",
        "coordinates": [
          23.22679,
          42.801402
        ]
      },
      "properties": {
        "point_code": "BG1G00000NQMP149",
        "gwb_code": "BG1G00000NQ030",
        "gwb_name": "Порови води в Неоген-Кватернера - Софийска долина",
        "settlement": "Костинброд",
        "point_name": "Костинброд, тръбен кладенец",
        "municipality": "Костинброд",
        "district": "София",
        "depth_from_ground_m": 16.0,
        "water_level_frequency": "4",
        "discharge_frequency": null,
        "executor": "НИМХ",
        "source": "Pril_4212_final.xls"
      }
    },
    {
      "type": "Feature",
      "geometry": {
        "type": "Point",
        "coordinates": [
          23.45947,
          42.6309
        ]
      },
      "properties": {
        "point_code": "BG1G00000NQMP150",
        "gwb_code": "BG1G00000NQ030",
        "gwb_name": "Порови води в Неоген-Кватернера - Софийска долина",
        "settlement": "Лозен",
        "point_name": "Лозен, тръбен кладенец",
        "municipality": "Панчарево",
        "district": "София",
        "depth_from_ground_m": 13.11,
        "water_level_frequency": "ежедневно",
        "discharge_frequency": null,
        "executor": "НИМХ",
        "source": "Pril_4212_final.xls"
      }
    },
    {
      "type": "Feature",
      "geometry": {
        "type": "Point",
        "coordinates": [
          23.50054,
          42.6265
        ]
      },
      "properties": {
        "point_code": "BG1G00000NQMP151",
        "gwb_code": "BG1G00000NQ030",
        "gwb_name": "Порови води в Неоген-Кватернера - Софийска долина",
        "settlement": "маг.Тракия",
        "point_name": "Лозен, маг.Тракия, тръбен кладенец",
        "municipality": "Панчарево",
        "district": "София",
        "depth_from_ground_m": 8.0,
        "water_level_frequency": "4",
        "discharge_frequency": null,
        "executor": "НИМХ",
        "source": "Pril_4212_final.xls"
      }
    },
    {
      "type": "Feature",
      "geometry": {
        "type": "Point",
        "coordinates": [
          23.5525,
          42.6889
        ]
      },
      "properties": {
        "point_code": "BG1G00000NQMP152",
        "gwb_code": "BG1G00000NQ030",
        "gwb_name": "Порови води в Неоген-Кватернера - Софийска долина",
        "settlement": "Мусачево",
        "point_name": "Мусачево, тръбен кладенец",
        "municipality": "Елин Пелин",
        "district": "София",
        "depth_from_ground_m": 10.0,
        "water_level_frequency": "4",
        "discharge_frequency": null,
        "executor": "НИМХ",
        "source": "Pril_4212_final.xls"
      }
    },
    {
      "type": "Feature",
      "geometry": {
        "type": "Point",
        "coordinates": [
          23.5537,
          42.69
        ]
      },
      "properties": {
        "point_code": "BG1G00000NQMP153",
        "gwb_code": "BG1G00000NQ030",
        "gwb_name": "Порови води в Неоген-Кватернера - Софийска долина",
        "settlement": "Мусачево",
        "point_name": "Мусачево, тръбен кладенец",
        "municipality": "Елин Пелин",
        "district": "София",
        "depth_from_ground_m": 8.0,
        "water_level_frequency": "4",
        "discharge_frequency": null,
        "executor": "НИМХ",
        "source": "Pril_4212_final.xls"
      }
    },
    {
      "type": "Feature",
      "geometry": {
        "type": "Point",
        "coordinates": [
          23.6668,
          42.63644
        ]
      },
      "properties": {
        "point_code": "BG1G00000NQMP155",
        "gwb_code": "BG1G00000NQ030",
        "gwb_name": "Порови води в Неоген-Кватернера - Софийска долина",
        "settlement": "Лесново",
        "point_name": "Лесново, тръбен кладенец",
        "municipality": "Елин Пелин",
        "district": "София",
        "depth_from_ground_m": 5.59,
        "water_level_frequency": "ежедневно",
        "discharge_frequency": null,
        "executor": "НИМХ",
        "source": "Pril_4212_final.xls"
      }
    },
    {
      "type": "Feature",
      "geometry": {
        "type": "Point",
        "coordinates": [
          23.45522,
          42.64547
        ]
      },
      "properties": {
        "point_code": "BG1G00000NQMP158",
        "gwb_code": "BG1G00000NQ030",
        "gwb_name": "Порови води в Неоген-Кватернера - Софийска долина",
        "settlement": "Казичане",
        "point_name": "Казичане, тръбен кладенец",
        "municipality": "Панчарево",
        "district": "София",
        "depth_from_ground_m": 6.83,
        "water_level_frequency": "ежедневно",
        "discharge_frequency": null,
        "executor": "НИМХ",
        "source": "Pril_4212_final.xls"
      }
    },
    {
      "type": "Feature",
      "geometry": {
        "type": "Point",
        "coordinates": [
          23.46072,
          42.64497
        ]
      },
      "properties": {
        "point_code": "BG1G00000NQMP159",
        "gwb_code": "BG1G00000NQ030",
        "gwb_name": "Порови води в Неоген-Кватернера - Софийска долина",
        "settlement": "Казичане",
        "point_name": "Казичане, тръбен кладенец",
        "municipality": "Панчарево",
        "district": "София",
        "depth_from_ground_m": 52.0,
        "water_level_frequency": "4",
        "discharge_frequency": null,
        "executor": "НИМХ",
        "source": "Pril_4212_final.xls"
      }
    },
    {
      "type": "Feature",
      "geometry": {
        "type": "Point",
        "coordinates": [
          23.44222,
          42.75269
        ]
      },
      "properties": {
        "point_code": "BG1G00000NQMP162",
        "gwb_code": "BG1G00000NQ030",
        "gwb_name": "Порови води в Неоген-Кватернера - Софийска долина",
        "settlement": "Чепинци",
        "point_name": "Чепинци, тръбен кладенец",
        "municipality": "Нови Искър",
        "district": "София",
        "depth_from_ground_m": 12.0,
        "water_level_frequency": "4",
        "discharge_frequency": null,
        "executor": "НИМХ",
        "source": "Pril_4212_final.xls"
      }
    },
    {
      "type": "Feature",
      "geometry": {
        "type": "Point",
        "coordinates": [
          23.35616,
          42.76471
        ]
      },
      "properties": {
        "point_code": "BG1G00000NQMP285",
        "gwb_code": "BG1G00000NQ030",
        "gwb_name": "Порови води в Неоген-Кватернера - Софийска долина",
        "settlement": "Кубратово",
        "point_name": "Кубратово, ТК - ГПСОВ",
        "municipality": "София",
        "district": "София",
        "depth_from_ground_m": 70.0,
        "water_level_frequency": "4",
        "discharge_frequency": null,
        "executor": "НИМХ",
        "source": "Pril_4212_final.xls"
      }
    },
    {
      "type": "Feature",
      "geometry": {
        "type": "Point",
        "coordinates": [
          23.5344,
          42.7184
        ]
      },
      "properties": {
        "point_code": "BG1G00000NQMP454",
        "gwb_code": "BG1G00000NQ030",
        "gwb_name": "Порови води в Неоген-Кватернера - Софийска долина",
        "settlement": "Горни Богров",
        "point_name": "Горни Богров, тръбен кладенец",
        "municipality": "София",
        "district": "София",
        "depth_from_ground_m": 9.25,
        "water_level_frequency": "ежедневно",
        "discharge_frequency": null,
        "executor": "НИМХ",
        "source": "Pril_4212_final.xls"
      }
    },
    {
      "type": "Feature",
      "geometry": {
        "type": "Point",
        "coordinates": [
          23.66146,
          42.6379
        ]
      },
      "properties": {
        "point_code": "BG1G000000NMP169",
        "gwb_code": "BG1G000000N033",
        "gwb_name": "Порови води в Неогена - Софийска котловина",
        "settlement": "Лесново",
        "point_name": "Лесново, тръбен кладенец",
        "municipality": "Елин Пелин",
        "district": "София",
        "depth_from_ground_m": 72.0,
        "water_level_frequency": "4",
        "discharge_frequency": null,
        "executor": "НИМХ",
        "source": "Pril_4212_final.xls"
      }
    },
    {
      "type": "Feature",
      "geometry": {
        "type": "Point",
        "coordinates": [
          23.52896,
          42.6585
        ]
      },
      "properties": {
        "point_code": "BG1G000000NMP172",
        "gwb_code": "BG1G000000N033",
        "gwb_name": "Порови води в Неогена - Софийска котловина",
        "settlement": "Равно поле",
        "point_name": "Равно поле, тръбен кладенец",
        "municipality": "Елин Пелин",
        "district": "София",
        "depth_from_ground_m": 300.0,
        "water_level_frequency": "4",
        "discharge_frequency": null,
        "executor": "НИМХ",
        "source": "Pril_4212_final.xls"
      }
    },
    {
      "type": "Feature",
      "geometry": {
        "type": "Point",
        "coordinates": [
          23.3523,
          42.6545
        ]
      },
      "properties": {
        "point_code": "BG1G000000NMP175",
        "gwb_code": "BG1G000000N033",
        "gwb_name": "Порови води в Неогена - Софийска котловина",
        "settlement": "София-НИМХ",
        "point_name": "София, (Атомен център) НИМХ, тръбен кладенец",
        "municipality": "София",
        "district": "София",
        "depth_from_ground_m": 120.0,
        "water_level_frequency": "4",
        "discharge_frequency": null,
        "executor": "НИМХ",
        "source": "Pril_4212_final.xls"
      }
    },
    {
      "type": "Feature",
      "geometry": {
        "type": "Point",
        "coordinates": [
          23.15386,
          43.71511
        ]
      },
      "properties": {
        "point_code": "BG1G00000N2MP181",
        "gwb_code": "BG1G00000N2034",
        "gwb_name": "Порови води в Неогена - Ломско-Плевенска депресия",
        "settlement": "Василовци",
        "point_name": "Василовци, арт.кл.№3",
        "municipality": "Брусарци",
        "district": "Монтана",
        "depth_from_ground_m": 70.0,
        "water_level_frequency": null,
        "discharge_frequency": "4",
        "executor": "НИМХ",
        "source": "Pril_4212_final.xls"
      }
    },
    {
      "type": "Feature",
      "geometry": {
        "type": "Point",
        "coordinates": [
          23.31956,
          43.71703
        ]
      },
      "properties": {
        "point_code": "BG1G00000N2MP182",
        "gwb_code": "BG1G00000N2034",
        "gwb_name": "Порови води в Неогена - Ломско-Плевенска депресия",
        "settlement": "Комощица",
        "point_name": "Комощица, С 1 МП49",
        "municipality": "Якимово",
        "district": "Монтана",
        "depth_from_ground_m": 220.0,
        "water_level_frequency": "12",
        "discharge_frequency": null,
        "executor": "НИМХ",
        "source": "Pril_4212_final.xls"
      }
    },
    {
      "type": "Feature",
      "geometry": {
        "type": "Point",
        "coordinates": [
          23.32363,
          43.7173
        ]
      },
      "properties": {
        "point_code": "BG1G00000N2MP183",
        "gwb_code": "BG1G00000N2034",
        "gwb_name": "Порови води в Неогена - Ломско-Плевенска депресия",
        "settlement": "Комощица",
        "point_name": "Комощица, С 3 МП36",
        "municipality": "Якимово",
        "district": "Монтана",
        "depth_from_ground_m": 120.0,
        "water_level_frequency": "12",
        "discharge_frequency": null,
        "executor": "НИМХ",
        "source": "Pril_4212_final.xls"
      }
    },
    {
      "type": "Feature",
      "geometry": {
        "type": "Point",
        "coordinates": [
          23.41525,
          43.65639
        ]
      },
      "properties": {
        "point_code": "BG1G00000N2MP184",
        "gwb_code": "BG1G00000N2034",
        "gwb_name": "Порови води в Неогена - Ломско-Плевенска депресия",
        "settlement": "Черни връх",
        "point_name": "Черни връх, С 6 МП3а",
        "municipality": "Вълчедръм",
        "district": "Монтана",
        "depth_from_ground_m": 120.0,
        "water_level_frequency": null,
        "discharge_frequency": "12",
        "executor": "НИМХ",
        "source": "Pril_4212_final.xls"
      }
    },
    {
      "type": "Feature",
      "geometry": {
        "type": "Point",
        "coordinates": [
          23.1277,
          43.72349
        ]
      },
      "properties": {
        "point_code": "BG1G00000N2MP187",
        "gwb_code": "BG1G00000N2034",
        "gwb_name": "Порови води в Неогена - Ломско-Плевенска депресия",
        "settlement": "Василовци",
        "point_name": "Василовци, ТК 3хг",
        "municipality": "Брусарци",
        "district": "Монтана",
        "depth_from_ground_m": 115.0,
        "water_level_frequency": "12",
        "discharge_frequency": null,
        "executor": "НИМХ",
        "source": "Pril_4212_final.xls"
      }
    },
    {
      "type": "Feature",
      "geometry": {
        "type": "Point",
        "coordinates": [
          27.061194,
          44.088111
        ]
      },
      "properties": {
        "point_code": "BG1G00000N1MP192",
        "gwb_code": "BG1G00000N1035",
        "gwb_name": "Порови води в Неогена - район Русе - Силистра",
        "settlement": "Сребърна",
        "point_name": "Сребърна, МП 44",
        "municipality": "Силистра",
        "district": "Силистра",
        "depth_from_ground_m": null,
        "water_level_frequency": null,
        "discharge_frequency": "12",
        "executor": "НИМХ",
        "source": "Pril_4212_final.xls"
      }
    },
    {
      "type": "Feature",
      "geometry": {
        "type": "Point",
        "coordinates": [
          27.166,
          44.04463
        ]
      },
      "properties": {
        "point_code": "BG1G00000N1MP193",
        "gwb_code": "BG1G00000N1035",
        "gwb_name": "Порови води в Неогена - район Русе - Силистра",
        "settlement": "П-к Ламбриново",
        "point_name": "Полоковник Ламбриново, Др.МП 45",
        "municipality": "Силистра",
        "district": "Силистра",
        "depth_from_ground_m": null,
        "water_level_frequency": null,
        "discharge_frequency": "12",
        "executor": "НИМХ",
        "source": "Pril_4212_final.xls"
      }
    },
    {
      "type": "Feature",
      "geometry": {
        "type": "Point",
        "coordinates": [
          23.8665,
          43.42719
        ]
      },
      "properties": {
        "point_code": "BG1G000N1BPMP196",
        "gwb_code": "BG1G00N1BP0036",
        "gwb_name": "Карстови води в Ломско-Плевенската депресия",
        "settlement": "Соколаре",
        "point_name": "Соколаре, С 209 хг",
        "municipality": "Бяла Слатина",
        "district": "Враца",
        "depth_from_ground_m": 245.0,
        "water_level_frequency": "12",
        "discharge_frequency": null,
        "executor": "НИМХ",
        "source": "Pril_4212_final.xls"
      }
    },
    {
      "type": "Feature",
      "geometry": {
        "type": "Point",
        "coordinates": [
          22.48114,
          43.85503
        ]
      },
      "properties": {
        "point_code": "BG1G000N1BPMP199",
        "gwb_code": "BG1G00N1BP0036",
        "gwb_name": "Карстови води в Ломско-Плевенската депресия",
        "settlement": "Грамада",
        "point_name": "Грамада, група КИ",
        "municipality": "Грамада",
        "district": "Видин",
        "depth_from_ground_m": null,
        "water_level_frequency": null,
        "discharge_frequency": "12",
        "executor": "НИМХ",
        "source": "Pril_4212_final.xls"
      }
    },
    {
      "type": "Feature",
      "geometry": {
        "type": "Point",
        "coordinates": [
          23.14553,
          43.50805
        ]
      },
      "properties": {
        "point_code": "BG1G000N1BPMP200",
        "gwb_code": "BG1G00N1BP0036",
        "gwb_name": "Карстови води в Ломско-Плевенската депресия",
        "settlement": "Д-р Йосифово",
        "point_name": "Доктор Йосифово, ШК",
        "municipality": "Монтана",
        "district": "Монтана",
        "depth_from_ground_m": 10.6,
        "water_level_frequency": "4",
        "discharge_frequency": null,
        "executor": "НИМХ",
        "source": "Pril_4212_final.xls"
      }
    },
    {
      "type": "Feature",
      "geometry": {
        "type": "Point",
        "coordinates": [
          23.45572,
          43.51417
        ]
      },
      "properties": {
        "point_code": "BG1G0000K2SMP203",
        "gwb_code": "BG1G0000K2S037",
        "gwb_name": "Карстови води в Предбалкана",
        "settlement": "Кобиляк",
        "point_name": "Кобиляк, КИ \"Кобиляк\"",
        "municipality": "Бойчиновци",
        "district": "Монтана",
        "depth_from_ground_m": null,
        "water_level_frequency": null,
        "discharge_frequency": "12",
        "executor": "НИМХ",
        "source": "Pril_4212_final.xls"
      }
    },
    {
      "type": "Feature",
      "geometry": {
        "type": "Point",
        "coordinates": [
          23.91816,
          43.2992
        ]
      },
      "properties": {
        "point_code": "BG1G0000K2SMP204",
        "gwb_code": "BG1G0000K2S037",
        "gwb_name": "Карстови води в Предбалкана",
        "settlement": "Габаре",
        "point_name": "Габаре, извор \"Езерото\"",
        "municipality": "Бяла Слатина",
        "district": "Враца",
        "depth_from_ground_m": null,
        "water_level_frequency": null,
        "discharge_frequency": "12",
        "executor": "НИМХ",
        "source": "Pril_4212_final.xls"
      }
    },
    {
      "type": "Feature",
      "geometry": {
        "type": "Point",
        "coordinates": [
          24.31754,
          43.16678
        ]
      },
      "properties": {
        "point_code": "BG1G0000K2SMP205",
        "gwb_code": "BG1G0000K2S037",
        "gwb_name": "Карстови води в Предбалкана",
        "settlement": "Дерманци",
        "point_name": "Дерманци, КИ \"Батово езеро\"",
        "municipality": "Луковит",
        "district": "Ловеч",
        "depth_from_ground_m": null,
        "water_level_frequency": null,
        "discharge_frequency": "12",
        "executor": "НИМХ",
        "source": "Pril_4212_final.xls"
      }
    },
    {
      "type": "Feature",
      "geometry": {
        "type": "Point",
        "coordinates": [
          23.9457,
          43.2244
        ]
      },
      "properties": {
        "point_code": "BG1G0000K2SMP206",
        "gwb_code": "BG1G0000K2S037",
        "gwb_name": "Карстови води в Предбалкана",
        "settlement": "Камено поле",
        "point_name": "Камено поле, КИ",
        "municipality": null,
        "district": null,
        "depth_from_ground_m": null,
        "water_level_frequency": null,
        "discharge_frequency": "12",
        "executor": "НИМХ",
        "source": "Pril_4212_final.xls"
      }
    },
    {
      "type": "Feature",
      "geometry": {
        "type": "Point",
        "coordinates": [
          24.45106,
          43.10439
        ]
      },
      "properties": {
        "point_code": "BG1G0000K2SMP207",
        "gwb_code": "BG1G0000K2S037",
        "gwb_name": "Карстови води в Предбалкана",
        "settlement": "Угърчин",
        "point_name": "Угърчин, КИ",
        "municipality": "Угърчин",
        "district": "Ловеч",
        "depth_from_ground_m": null,
        "water_level_frequency": null,
        "discharge_frequency": "12",
        "executor": "НИМХ",
        "source": "Pril_4212_final.xls"
      }
    },
    {
      "type": "Feature",
      "geometry": {
        "type": "Point",
        "coordinates": [
          24.05917,
          43.19305
        ]
      },
      "properties": {
        "point_code": "BG1G0000K2SMP208",
        "gwb_code": "BG1G0000K2S037",
        "gwb_name": "Карстови води в Предбалкана",
        "settlement": "Карлуково",
        "point_name": "Карлуково, КИ",
        "municipality": "Луковит",
        "district": "Ловеч",
        "depth_from_ground_m": null,
        "water_level_frequency": null,
        "discharge_frequency": "12",
        "executor": "НИМХ",
        "source": "Pril_4212_final.xls"
      }
    },
    {
      "type": "Feature",
      "geometry": {
        "type": "Point",
        "coordinates": [
          23.29178,
          42.58044
        ]
      },
      "properties": {
        "point_code": "BG1G00000K2MP210",
        "gwb_code": "BG1G00000K2038",
        "gwb_name": "Пукнатинни води в района на р.Ерма и р.Искър",
        "settlement": "Витоша",
        "point_name": "Витоша, КИ-1 \"Алеко Щастливеца\"",
        "municipality": "Витоша",
        "district": "София",
        "depth_from_ground_m": null,
        "water_level_frequency": null,
        "discharge_frequency": "12",
        "executor": "НИМХ",
        "source": "Pril_4212_final.xls"
      }
    },
    {
      "type": "Feature",
      "geometry": {
        "type": "Point",
        "coordinates": [
          25.03404,
          43.24879
        ]
      },
      "properties": {
        "point_code": "BG1G00000K1MP212",
        "gwb_code": "BG1G00000K1040",
        "gwb_name": "Карстови води в Ловеч-Търново",
        "settlement": "Крушуна",
        "point_name": "Крушуна, КИ \"Марата\"",
        "municipality": "Летница",
        "district": "Ловеч",
        "depth_from_ground_m": null,
        "water_level_frequency": null,
        "discharge_frequency": "12",
        "executor": "НИМХ",
        "source": "Pril_4212_final.xls"
      }
    },
    {
      "type": "Feature",
      "geometry": {
        "type": "Point",
        "coordinates": [
          25.54267,
          43.15389
        ]
      },
      "properties": {
        "point_code": "BG1G00000K1MP213",
        "gwb_code": "BG1G0000TJK045",
        "gwb_name": "Карстови води в Централния Балкан",
        "settlement": "Хотница",
        "point_name": "Хотница, КИ \"Бохот\"",
        "municipality": "В. Търново",
        "district": "В. Търново",
        "depth_from_ground_m": null,
        "water_level_frequency": null,
        "discharge_frequency": "12",
        "executor": "НИМХ",
        "source": "Pril_4212_final.xls"
      }
    },
    {
      "type": "Feature",
      "geometry": {
        "type": "Point",
        "coordinates": [
          25.43289,
          43.15381
        ]
      },
      "properties": {
        "point_code": "BG1G00000K1MP214",
        "gwb_code": "BG1G00000K1040",
        "gwb_name": "Карстови води в Ловеч-Търново",
        "settlement": "Мусина",
        "point_name": "Мусина, КИ \"Пещерата\"",
        "municipality": "В. Търново",
        "district": "В. Търново",
        "depth_from_ground_m": null,
        "water_level_frequency": null,
        "discharge_frequency": "12",
        "executor": "НИМХ",
        "source": "Pril_4212_final.xls"
      }
    },
    {
      "type": "Feature",
      "geometry": {
        "type": "Point",
        "coordinates": [
          25.60614,
          43.14125
        ]
      },
      "properties": {
        "point_code": "BG1G00000K1MP215",
        "gwb_code": "BG1G0000TJK045",
        "gwb_name": "Карстови води в Централния Балкан",
        "settlement": "Сaмоводене",
        "point_name": "Сaмоводене, КИ\"Крайната чешма\"",
        "municipality": "В. Търново",
        "district": "В. Търново",
        "depth_from_ground_m": null,
        "water_level_frequency": null,
        "discharge_frequency": "12",
        "executor": "НИМХ",
        "source": "Pril_4212_final.xls"
      }
    },
    {
      "type": "Feature",
      "geometry": {
        "type": "Point",
        "coordinates": [
          26.55156,
          43.67256
        ]
      },
      "properties": {
        "point_code": "BG1G0000K1BMP218",
        "gwb_code": "BG1G0000K1B041",
        "gwb_name": "Карстови води в Русенската формация",
        "settlement": "Побит Камък",
        "point_name": "Побит Камък, ТК",
        "municipality": "Разград",
        "district": "Разград",
        "depth_from_ground_m": 69.0,
        "water_level_frequency": "4",
        "discharge_frequency": null,
        "executor": "НИМХ",
        "source": "Pril_4212_final.xls"
      }
    },
    {
      "type": "Feature",
      "geometry": {
        "type": "Point",
        "coordinates": [
          26.55264,
          43.67311
        ]
      },
      "properties": {
        "point_code": "BG1G0000K1BMP219",
        "gwb_code": "BG1G0000K1B041",
        "gwb_name": "Карстови води в Русенската формация",
        "settlement": "Побит Камък",
        "point_name": "Побит Камък, ТК",
        "municipality": "Разград",
        "district": "Разград",
        "depth_from_ground_m": 24.5,
        "water_level_frequency": "4",
        "discharge_frequency": null,
        "executor": "НИМХ",
        "source": "Pril_4212_final.xls"
      }
    },
    {
      "type": "Feature",
      "geometry": {
        "type": "Point",
        "coordinates": [
          25.9518,
          43.7711
        ]
      },
      "properties": {
        "point_code": "BG1G0000K1BMP221",
        "gwb_code": "BG1G0000K1B041",
        "gwb_name": "Карстови води в Русенската формация",
        "settlement": "Басарбово",
        "point_name": "Басарбово, ШК",
        "municipality": "Русе",
        "district": "Русе",
        "depth_from_ground_m": 17.12,
        "water_level_frequency": "ежедневно",
        "discharge_frequency": null,
        "executor": "НИМХ",
        "source": "Pril_4212_final.xls"
      }
    },
    {
      "type": "Feature",
      "geometry": {
        "type": "Point",
        "coordinates": [
          27.26906,
          44.1237
        ]
      },
      "properties": {
        "point_code": "BG1G0000K1BMP222",
        "gwb_code": "BG1G0000K1B041",
        "gwb_name": "Карстови води в Русенската формация",
        "settlement": "Силистра",
        "point_name": "Силистра, тръбен кладенец",
        "municipality": "Силистра",
        "district": "Силистра",
        "depth_from_ground_m": 22.37,
        "water_level_frequency": "ежедневно",
        "discharge_frequency": null,
        "executor": "НИМХ",
        "source": "Pril_4212_final.xls"
      }
    },
    {
      "type": "Feature",
      "geometry": {
        "type": "Point",
        "coordinates": [
          27.26792,
          44.11797
        ]
      },
      "properties": {
        "point_code": "BG1G0000K1BMP223",
        "gwb_code": "BG1G0000K1B041",
        "gwb_name": "Карстови води в Русенската формация",
        "settlement": "Силистра",
        "point_name": "Силистра, тръбен кладенец",
        "municipality": "Силистра",
        "district": "Силистра",
        "depth_from_ground_m": 22.85,
        "water_level_frequency": "12",
        "discharge_frequency": null,
        "executor": "НИМХ",
        "source": "Pril_4212_final.xls"
      }
    },
    {
      "type": "Feature",
      "geometry": {
        "type": "Point",
        "coordinates": [
          27.26892,
          44.12369
        ]
      },
      "properties": {
        "point_code": "BG1G0000K1BMP225",
        "gwb_code": "BG1G0000K1B041",
        "gwb_name": "Карстови води в Русенската формация",
        "settlement": "Силистра",
        "point_name": "Силистра, тръбен кладенец",
        "municipality": "Силистра",
        "district": "Силистра",
        "depth_from_ground_m": 42.1,
        "water_level_frequency": "4",
        "discharge_frequency": null,
        "executor": "НИМХ",
        "source": "Pril_4212_final.xls"
      }
    },
    {
      "type": "Feature",
      "geometry": {
        "type": "Point",
        "coordinates": [
          27.0776,
          44.08783
        ]
      },
      "properties": {
        "point_code": "BG1G0000K1BMP226",
        "gwb_code": "BG1G0000K1B041",
        "gwb_name": "Карстови води в Русенската формация",
        "settlement": "Сребърна",
        "point_name": "Сребърна,  С-МП 17",
        "municipality": "Силистра",
        "district": "Силистра",
        "depth_from_ground_m": 60.0,
        "water_level_frequency": "4",
        "discharge_frequency": null,
        "executor": "НИМХ",
        "source": "Pril_4212_final.xls"
      }
    },
    {
      "type": "Feature",
      "geometry": {
        "type": "Point",
        "coordinates": [
          25.9072,
          43.7927
        ]
      },
      "properties": {
        "point_code": "BG1G0000K1BMP217",
        "gwb_code": "BG1G0000K1B041",
        "gwb_name": "Карстови води в Русенската формация",
        "settlement": "Русе",
        "point_name": "Русе, ТК",
        "municipality": "Русе",
        "district": "Русе",
        "depth_from_ground_m": 13.85,
        "water_level_frequency": "ежедневно",
        "discharge_frequency": null,
        "executor": "НИМХ",
        "source": "Pril_4212_final.xls"
      }
    },
    {
      "type": "Feature",
      "geometry": {
        "type": "Point",
        "coordinates": [
          23.64981,
          43.3115
        ]
      },
      "properties": {
        "point_code": "BG1G000K1APMP233",
        "gwb_code": "BG1G000K1AP043",
        "gwb_name": "Карстови води в Мраморенск",
        "settlement": "Мраморен",
        "point_name": "Мраморен, КИ \"Езерото\"",
        "municipality": "Враца",
        "district": "Враца",
        "depth_from_ground_m": null,
        "water_level_frequency": null,
        "discharge_frequency": "12",
        "executor": "НИМХ",
        "source": "Pril_4212_final.xls"
      }
    },
    {
      "type": "Feature",
      "geometry": {
        "type": "Point",
        "coordinates": [
          23.65644,
          43.13797
        ]
      },
      "properties": {
        "point_code": "BG1G0000TJKMP235",
        "gwb_code": "BG1G0000TJK044",
        "gwb_name": "Карстови води в Западния Балкан",
        "settlement": "Моравица",
        "point_name": "Моравица, КИ",
        "municipality": "Мездра",
        "district": "Враца",
        "depth_from_ground_m": null,
        "water_level_frequency": null,
        "discharge_frequency": "12",
        "executor": "НИМХ",
        "source": "Pril_4212_final.xls"
      }
    },
    {
      "type": "Feature",
      "geometry": {
        "type": "Point",
        "coordinates": [
          23.64506,
          43.19439
        ]
      },
      "properties": {
        "point_code": "BG1G0000TJKMP236",
        "gwb_code": "BG1G0000TJK044",
        "gwb_name": "Карстови води в Западния Балкан",
        "settlement": "Крапец",
        "point_name": "Крапец, КИ",
        "municipality": "Мездра",
        "district": "Враца",
        "depth_from_ground_m": null,
        "water_level_frequency": null,
        "discharge_frequency": "12",
        "executor": "НИМХ",
        "source": "Pril_4212_final.xls"
      }
    },
    {
      "type": "Feature",
      "geometry": {
        "type": "Point",
        "coordinates": [
          23.73036,
          43.1883
        ]
      },
      "properties": {
        "point_code": "BG1G0000TJKMP237",
        "gwb_code": "BG1G0000TJK044",
        "gwb_name": "Карстови води в Западния Балкан",
        "settlement": "Горна Кремена",
        "point_name": "Горна Кремена, карстов извор",
        "municipality": "Мездра",
        "district": "Враца",
        "depth_from_ground_m": null,
        "water_level_frequency": null,
        "discharge_frequency": "12",
        "executor": "НИМХ",
        "source": "Pril_4212_final.xls"
      }
    },
    {
      "type": "Feature",
      "geometry": {
        "type": "Point",
        "coordinates": [
          23.68058,
          43.20378
        ]
      },
      "properties": {
        "point_code": "BG1G0000TJKMP238",
        "gwb_code": "BG1G0000TJK044",
        "gwb_name": "Карстови води в Западния Балкан",
        "settlement": "Върбешница",
        "point_name": "Върбешница, КИ",
        "municipality": "Мездра",
        "district": "Враца",
        "depth_from_ground_m": null,
        "water_level_frequency": null,
        "discharge_frequency": "12",
        "executor": "НИМХ",
        "source": "Pril_4212_final.xls"
      }
    },
    {
      "type": "Feature",
      "geometry": {
        "type": "Point",
        "coordinates": [
          22.78203,
          43.50322
        ]
      },
      "properties": {
        "point_code": "BG1G0000TJKMP239",
        "gwb_code": "BG1G0000TJK044",
        "gwb_name": "Карстови води в Западния Балкан",
        "settlement": "Долни Лом",
        "point_name": "Долни Лом, КИ\"Водни печ\"",
        "municipality": "Чупрене",
        "district": "Видин",
        "depth_from_ground_m": null,
        "water_level_frequency": null,
        "discharge_frequency": "12",
        "executor": "НИМХ",
        "source": "Pril_4212_final.xls"
      }
    },
    {
      "type": "Feature",
      "geometry": {
        "type": "Point",
        "coordinates": [
          22.7073889,
          43.5310556
        ]
      },
      "properties": {
        "point_code": "BG1G0000TJKMP241",
        "gwb_code": "BG1G0000TJK044",
        "gwb_name": "Карстови води в Западния Балкан",
        "settlement": "Търговище",
        "point_name": "Търговище, КИ\"Търговище\"",
        "municipality": "Чупрене",
        "district": "Видин",
        "depth_from_ground_m": null,
        "water_level_frequency": null,
        "discharge_frequency": "12",
        "executor": "НИМХ",
        "source": "Pril_4212_final.xls"
      }
    },
    {
      "type": "Feature",
      "geometry": {
        "type": "Point",
        "coordinates": [
          22.57506,
          43.51694
        ]
      },
      "properties": {
        "point_code": "BG1G0000TJKMP243",
        "gwb_code": "BG1G0000TJK044",
        "gwb_name": "Карстови води в Западния Балкан",
        "settlement": "Крачимир",
        "point_name": "Крачимир, КИ\"Врелото\"",
        "municipality": "Белоградчик",
        "district": "Видин",
        "depth_from_ground_m": null,
        "water_level_frequency": null,
        "discharge_frequency": "12",
        "executor": "НИМХ",
        "source": "Pril_4212_final.xls"
      }
    },
    {
      "type": "Feature",
      "geometry": {
        "type": "Point",
        "coordinates": [
          23.38681,
          43.43672
        ]
      },
      "properties": {
        "point_code": "BG1G0000TJKMP246",
        "gwb_code": "BG1G0000TJK044",
        "gwb_name": "Карстови води в Западния Балкан",
        "settlement": "Пали лула",
        "point_name": "Пали лула, КИ\"Пали лула\"",
        "municipality": "Бойчиновци",
        "district": "Монтана",
        "depth_from_ground_m": null,
        "water_level_frequency": null,
        "discharge_frequency": "ежедневно",
        "executor": "НИМХ",
        "source": "Pril_4212_final.xls"
      }
    },
    {
      "type": "Feature",
      "geometry": {
        "type": "Point",
        "coordinates": [
          23.34803,
          43.26478
        ]
      },
      "properties": {
        "point_code": "BG1G0000TJKMP247",
        "gwb_code": "BG1G0000TJK044",
        "gwb_name": "Карстови води в Западния Балкан",
        "settlement": "Стояново",
        "point_name": "Стояново, КИ\"Мътница\"",
        "municipality": "Вършец",
        "district": "Монтана",
        "depth_from_ground_m": null,
        "water_level_frequency": null,
        "discharge_frequency": "ежедневно",
        "executor": "НИМХ",
        "source": "Pril_4212_final.xls"
      }
    },
    {
      "type": "Feature",
      "geometry": {
        "type": "Point",
        "coordinates": [
          23.46333,
          43.27103
        ]
      },
      "properties": {
        "point_code": "BG1G0000TJKMP248",
        "gwb_code": "BG1G0000TJK044",
        "gwb_name": "Карстови води в Западния Балкан",
        "settlement": "Бели Извор",
        "point_name": "Бели Извор, КИ",
        "municipality": "Враца",
        "district": "Враца",
        "depth_from_ground_m": null,
        "water_level_frequency": null,
        "discharge_frequency": "12",
        "executor": "НИМХ",
        "source": "Pril_4212_final.xls"
      }
    },
    {
      "type": "Feature",
      "geometry": {
        "type": "Point",
        "coordinates": [
          23.51193,
          43.22068
        ]
      },
      "properties": {
        "point_code": "BG1G0000TJKMP250",
        "gwb_code": "BG1G0000TJK044",
        "gwb_name": "Карстови води в Западния Балкан",
        "settlement": "Бистрец",
        "point_name": "Враца, КИ \"Бистрец\"",
        "municipality": "Враца",
        "district": "Враца",
        "depth_from_ground_m": null,
        "water_level_frequency": null,
        "discharge_frequency": "ежедневно",
        "executor": "НИМХ",
        "source": "Pril_4212_final.xls"
      }
    },
    {
      "type": "Feature",
      "geometry": {
        "type": "Point",
        "coordinates": [
          23.03256,
          43.25628
        ]
      },
      "properties": {
        "point_code": "BG1G0000TJKMP251",
        "gwb_code": "BG1G0000TJK044",
        "gwb_name": "Карстови води в Западния Балкан",
        "settlement": "Черешовица",
        "point_name": "Черешовица, КИ\"Бъркочица\"",
        "municipality": "Берковица",
        "district": "Монтана",
        "depth_from_ground_m": null,
        "water_level_frequency": null,
        "discharge_frequency": "12",
        "executor": "НИМХ",
        "source": "Pril_4212_final.xls"
      }
    },
    {
      "type": "Feature",
      "geometry": {
        "type": "Point",
        "coordinates": [
          22.78564,
          43.602166
        ]
      },
      "properties": {
        "point_code": "BG1G0000TJKMP252",
        "gwb_code": "BG1G0000TJK044",
        "gwb_name": "Карстови води в Западния Балкан",
        "settlement": "Ружинци",
        "point_name": "Ружинци, КИ",
        "municipality": "Ружинци",
        "district": "Видин",
        "depth_from_ground_m": null,
        "water_level_frequency": null,
        "discharge_frequency": "12",
        "executor": "НИМХ",
        "source": "Pril_4212_final.xls"
      }
    },
    {
      "type": "Feature",
      "geometry": {
        "type": "Point",
        "coordinates": [
          22.709,
          43.69397
        ]
      },
      "properties": {
        "point_code": "BG1G0000TJKMP253",
        "gwb_code": "BG1G0000TJK044",
        "gwb_name": "Карстови води в Западния Балкан",
        "settlement": "Бела",
        "point_name": "Бела, КИ",
        "municipality": "Димово",
        "district": "Видин",
        "depth_from_ground_m": null,
        "water_level_frequency": null,
        "discharge_frequency": "ежедневно",
        "executor": "НИМХ",
        "source": "Pril_4212_final.xls"
      }
    },
    {
      "type": "Feature",
      "geometry": {
        "type": "Point",
        "coordinates": [
          25.08783,
          42.84308
        ]
      },
      "properties": {
        "point_code": "BG1G0000TJKMP257",
        "gwb_code": "BG1G0000TJK045",
        "gwb_name": "Карстови води в Централния Балкан",
        "settlement": "Етрополе",
        "point_name": "Етрополе, Каптиран карстов извор \"Света Троица\"",
        "municipality": "Етрополе",
        "district": "София",
        "depth_from_ground_m": null,
        "water_level_frequency": null,
        "discharge_frequency": "ежедневно",
        "executor": "НИМХ",
        "source": "Pril_4212_final.xls"
      }
    },
    {
      "type": "Feature",
      "geometry": {
        "type": "Point",
        "coordinates": [
          24.16119,
          43.08978
        ]
      },
      "properties": {
        "point_code": "BG1G0000TJKMP258",
        "gwb_code": "BG1G0000TJK045",
        "gwb_name": "Карстови води в Централния Балкан",
        "settlement": "Златна Панега",
        "point_name": "Златна Панега, КИ \"Глава Панега\"",
        "municipality": "Луковит",
        "district": "Ловеч",
        "depth_from_ground_m": null,
        "water_level_frequency": null,
        "discharge_frequency": "ежедневно",
        "executor": "НИМХ",
        "source": "Pril_4212_final.xls"
      }
    },
    {
      "type": "Feature",
      "geometry": {
        "type": "Point",
        "coordinates": [
          24.19683,
          42.97126
        ]
      },
      "properties": {
        "point_code": "BG1G0000TJKMP259",
        "gwb_code": "BG1G0000TJK045",
        "gwb_name": "Карстови води в Централния Балкан",
        "settlement": "Гложене",
        "point_name": "Гложене, КИ\"Голяма видра\"",
        "municipality": "Тетевен",
        "district": "Ловеч",
        "depth_from_ground_m": null,
        "water_level_frequency": null,
        "discharge_frequency": "12",
        "executor": "НИМХ",
        "source": "Pril_4212_final.xls"
      }
    },
    {
      "type": "Feature",
      "geometry": {
        "type": "Point",
        "coordinates": [
          24.19989,
          42.97511
        ]
      },
      "properties": {
        "point_code": "BG1G0000TJKMP260",
        "gwb_code": "BG1G0000TJK045",
        "gwb_name": "Карстови води в Централния Балкан",
        "settlement": "Гложене",
        "point_name": "Гложене, КИ\"Малка видра\"",
        "municipality": "Тетевен",
        "district": "Ловеч",
        "depth_from_ground_m": null,
        "water_level_frequency": null,
        "discharge_frequency": "12",
        "executor": "НИМХ",
        "source": "Pril_4212_final.xls"
      }
    },
    {
      "type": "Feature",
      "geometry": {
        "type": "Point",
        "coordinates": [
          24.28311,
          43.03142
        ]
      },
      "properties": {
        "point_code": "BG1G0000TJKMP262",
        "gwb_code": "BG1G0000TJK045",
        "gwb_name": "Карстови води в Централния Балкан",
        "settlement": "Български извор",
        "point_name": "Български извор, КИ\"Голям извор\"",
        "municipality": "Тетевен",
        "district": "Ловеч",
        "depth_from_ground_m": null,
        "water_level_frequency": null,
        "discharge_frequency": "12",
        "executor": "НИМХ",
        "source": "Pril_4212_final.xls"
      }
    },
    {
      "type": "Feature",
      "geometry": {
        "type": "Point",
        "coordinates": [
          24.26566,
          42.91549
        ]
      },
      "properties": {
        "point_code": "BG1G0000TJKMP263",
        "gwb_code": "BG1G0000TJK045",
        "gwb_name": "Карстови води в Централния Балкан",
        "settlement": "Тетевен",
        "point_name": "Тетевен, арт.кл.№1243a",
        "municipality": "Тетевен",
        "district": "Ловеч",
        "depth_from_ground_m": null,
        "water_level_frequency": null,
        "discharge_frequency": "4",
        "executor": "НИМХ",
        "source": "Pril_4212_final.xls"
      }
    },
    {
      "type": "Feature",
      "geometry": {
        "type": "Point",
        "coordinates": [
          24.28061,
          42.91404
        ]
      },
      "properties": {
        "point_code": "BG1G0000TJKMP264",
        "gwb_code": "BG1G0000TJK045",
        "gwb_name": "Карстови води в Централния Балкан",
        "settlement": "Тетевен",
        "point_name": "Тетевен, КИ\"Ключ\"",
        "municipality": "Тетевен",
        "district": "Ловеч",
        "depth_from_ground_m": null,
        "water_level_frequency": null,
        "discharge_frequency": "12",
        "executor": "НИМХ",
        "source": "Pril_4212_final.xls"
      }
    },
    {
      "type": "Feature",
      "geometry": {
        "type": "Point",
        "coordinates": [
          24.48722,
          42.94833
        ]
      },
      "properties": {
        "point_code": "BG1G0000TJKMP266",
        "gwb_code": "BG1G0000TJK045",
        "gwb_name": "Карстови води в Централния Балкан",
        "settlement": "Голяма Железна",
        "point_name": "Голяма Железна, КИ Топля",
        "municipality": "Троян",
        "district": "Ловеч",
        "depth_from_ground_m": null,
        "water_level_frequency": null,
        "discharge_frequency": "12",
        "executor": "НИМХ",
        "source": "Pril_4212_final.xls"
      }
    },
    {
      "type": "Feature",
      "geometry": {
        "type": "Point",
        "coordinates": [
          24.48722,
          42.94722
        ]
      },
      "properties": {
        "point_code": "BG1G0000TJKMP267",
        "gwb_code": "BG1G0000TJK045",
        "gwb_name": "Карстови води в Централния Балкан",
        "settlement": "Голяма Железна",
        "point_name": "Голяма Железна, КИ Топля-пещерата",
        "municipality": "Троян",
        "district": "Ловеч",
        "depth_from_ground_m": null,
        "water_level_frequency": null,
        "discharge_frequency": "12",
        "executor": "НИМХ",
        "source": "Pril_4212_final.xls"
      }
    },
    {
      "type": "Feature",
      "geometry": {
        "type": "Point",
        "coordinates": [
          24.64987,
          42.96351
        ]
      },
      "properties": {
        "point_code": "BG1G0000TJKMP268",
        "gwb_code": "BG1G0000TJK045",
        "gwb_name": "Карстови води в Централния Балкан",
        "settlement": "Дълбок Дол",
        "point_name": "Дълбок Дол, КИ",
        "municipality": "Троян",
        "district": "Ловеч",
        "depth_from_ground_m": null,
        "water_level_frequency": null,
        "discharge_frequency": "12",
        "executor": "НИМХ",
        "source": "Pril_4212_final.xls"
      }
    },
    {
      "type": "Feature",
      "geometry": {
        "type": "Point",
        "coordinates": [
          25.57597,
          43.11867
        ]
      },
      "properties": {
        "point_code": "BG1G00000K1MP269",
        "gwb_code": "BG1G00000K1040",
        "gwb_name": "Карстови води в Ловеч-Търново",
        "settlement": "Беляковец",
        "point_name": "Беляковец, КИ \"Главата\"",
        "municipality": "В. Търново",
        "district": "В. Търново",
        "depth_from_ground_m": null,
        "water_level_frequency": null,
        "discharge_frequency": "12",
        "executor": "НИМХ",
        "source": "Pril_4212_final.xls"
      }
    },
    {
      "type": "Feature",
      "geometry": {
        "type": "Point",
        "coordinates": [
          22.88725,
          43.004944
        ]
      },
      "properties": {
        "point_code": "BG1G0000TJKMP270",
        "gwb_code": "BG1G00000TJ046",
        "gwb_name": "Карстови води в Годечкия ма",
        "settlement": "Беренде",
        "point_name": "Беренде извор",
        "municipality": "Драгоман",
        "district": "София",
        "depth_from_ground_m": null,
        "water_level_frequency": null,
        "discharge_frequency": "ежедневно",
        "executor": "НИМХ",
        "source": "Pril_4212_final.xls"
      }
    },
    {
      "type": "Feature",
      "geometry": {
        "type": "Point",
        "coordinates": [
          23.23639,
          42.99658
        ]
      },
      "properties": {
        "point_code": "BG1G0000TJKMP271",
        "gwb_code": "BG1G00000TJ046",
        "gwb_name": "Карстови води в Годечкия ма",
        "settlement": "Искрец",
        "point_name": "Искрец, КИ \"Пеща\"",
        "municipality": "Своге",
        "district": "София",
        "depth_from_ground_m": null,
        "water_level_frequency": null,
        "discharge_frequency": "ежедневно",
        "executor": "НИМХ",
        "source": "Pril_4212_final.xls"
      }
    },
    {
      "type": "Feature",
      "geometry": {
        "type": "Point",
        "coordinates": [
          23.38372,
          43.088305
        ]
      },
      "properties": {
        "point_code": "BG1G0000TJKMP272",
        "gwb_code": "BG1G00000TJ046",
        "gwb_name": "Карстови води в Годечкия ма",
        "settlement": "Лъкатник",
        "point_name": "Лъкатник, КИ \"Жителюб\"",
        "municipality": "Своге",
        "district": "София",
        "depth_from_ground_m": null,
        "water_level_frequency": null,
        "discharge_frequency": "ежедневно",
        "executor": "НИМХ",
        "source": "Pril_4212_final.xls"
      }
    },
    {
      "type": "Feature",
      "geometry": {
        "type": "Point",
        "coordinates": [
          24.43953,
          43.26884
        ]
      },
      "properties": {
        "point_code": "BG1G0000K2MMP275",
        "gwb_code": "BG1G0000K2M047",
        "gwb_name": "Карстови води в Ломско-Плевеския басейн",
        "settlement": "Бъркач",
        "point_name": "Бъркач, КИ\"Селски дол\"",
        "municipality": "Д. Дъбник",
        "district": "Плевен",
        "depth_from_ground_m": null,
        "water_level_frequency": null,
        "discharge_frequency": "12",
        "executor": "НИМХ",
        "source": "Pril_4212_final.xls"
      }
    },
    {
      "type": "Feature",
      "geometry": {
        "type": "Point",
        "coordinates": [
          24.63683,
          43.51853
        ]
      },
      "properties": {
        "point_code": "BG1G0000K2MMP276",
        "gwb_code": "BG1G0000K2M047",
        "gwb_name": "Карстови води в Ломско-Плевеския басейн",
        "settlement": "Рибен",
        "point_name": "Рибен, КИ\"Езерото\"",
        "municipality": "Д. Митрополия",
        "district": "Плевен",
        "depth_from_ground_m": null,
        "water_level_frequency": null,
        "discharge_frequency": "12",
        "executor": "НИМХ",
        "source": "Pril_4212_final.xls"
      }
    },
    {
      "type": "Feature",
      "geometry": {
        "type": "Point",
        "coordinates": [
          24.4495,
          43.39927
        ]
      },
      "properties": {
        "point_code": "BG1G0000K2MMP277",
        "gwb_code": "BG1G0000K2M047",
        "gwb_name": "Карстови води в Ломско-Плевеския басейн",
        "settlement": "Д.Дъбник",
        "point_name": "Д.Дъбник, С 5хг",
        "municipality": "Д.Дъбник",
        "district": "Плевен",
        "depth_from_ground_m": 250.0,
        "water_level_frequency": "4",
        "discharge_frequency": null,
        "executor": "НИМХ",
        "source": "Pril_4212_final.xls"
      }
    },
    {
      "type": "Feature",
      "geometry": {
        "type": "Point",
        "coordinates": [
          24.60553,
          43.40617
        ]
      },
      "properties": {
        "point_code": "BG1G0000K2MMP279",
        "gwb_code": "BG1G0000K2M047",
        "gwb_name": "Карстови води в Ломско-Плевеския басейн",
        "settlement": "Плевен",
        "point_name": "Плевен, ТК\"ИФК\"",
        "municipality": "Плевен",
        "district": "Плевен",
        "depth_from_ground_m": 100.0,
        "water_level_frequency": "4",
        "discharge_frequency": null,
        "executor": "НИМХ",
        "source": "Pril_4212_final.xls"
      }
    },
    {
      "type": "Feature",
      "geometry": {
        "type": "Point",
        "coordinates": [
          24.61875,
          43.40083
        ]
      },
      "properties": {
        "point_code": "BG1G0000K2MMP280",
        "gwb_code": "BG1G0000K2M047",
        "gwb_name": "Карстови води в Ломско-Плевеския басейн",
        "settlement": "Плевен",
        "point_name": "Плевен, КИ \"Балаклия\"",
        "municipality": "Плевен",
        "district": "Плевен",
        "depth_from_ground_m": null,
        "water_level_frequency": null,
        "discharge_frequency": "4",
        "executor": "НИМХ",
        "source": "Pril_4212_final.xls"
      }
    },
    {
      "type": "Feature",
      "geometry": {
        "type": "Point",
        "coordinates": [
          27.7975,
          43.88944
        ]
      },
      "properties": {
        "point_code": "BG1G000000NMP298",
        "gwb_code": "BG1G000000N049",
        "gwb_name": "Карстово-порови води в Неоген - Сармат - Добруджа",
        "settlement": "Абрит",
        "point_name": "Абрит, 148 капт. карстов извор",
        "municipality": "Крушари",
        "district": "Добрич",
        "depth_from_ground_m": null,
        "water_level_frequency": null,
        "discharge_frequency": "4",
        "executor": "НИМХ",
        "source": "Pril_4212_final.xls"
      }
    },
    {
      "type": "Feature",
      "geometry": {
        "type": "Point",
        "coordinates": [
          26.68722,
          43.68639
        ]
      },
      "properties": {
        "point_code": "BG1G0000K1BMP229",
        "gwb_code": "BG1G000K1HB050",
        "gwb_name": "Карстови води в Разградска формация",
        "settlement": "Воден",
        "point_name": "Воден, КИ",
        "municipality": "Исперих",
        "district": "Разград",
        "depth_from_ground_m": null,
        "water_level_frequency": null,
        "discharge_frequency": "ежедневно",
        "executor": "НИМХ",
        "source": "Pril_4212_final.xls"
      }
    },
    {
      "type": "Feature",
      "geometry": {
        "type": "Point",
        "coordinates": [
          25.96611,
          43.8422
        ]
      },
      "properties": {
        "point_code": "BG1G0000K1BMP282",
        "gwb_code": "BG1G0000K1B041",
        "gwb_name": "Карстови води в Русенската формация",
        "settlement": "Русе",
        "point_name": "Русе, ТК",
        "municipality": "Русе",
        "district": "Русе",
        "depth_from_ground_m": 350.0,
        "water_level_frequency": "4",
        "discharge_frequency": null,
        "executor": "НИМХ",
        "source": "Pril_4212_final.xls"
      }
    },
    {
      "type": "Feature",
      "geometry": {
        "type": "Point",
        "coordinates": [
          27.02761,
          43.8249
        ]
      },
      "properties": {
        "point_code": "BG1G0000J3KMP283",
        "gwb_code": "BG1G0000J3K051",
        "gwb_name": "Карстови води в Малм-Валанжския басейн",
        "settlement": "Руйно",
        "point_name": "Руйно, ТК МП 2",
        "municipality": "Дулово",
        "district": "Силистра",
        "depth_from_ground_m": 618.0,
        "water_level_frequency": "4",
        "discharge_frequency": null,
        "executor": "НИМХ",
        "source": "Pril_4212_final.xls"
      }
    },
    {
      "type": "Feature",
      "geometry": {
        "type": "Point",
        "coordinates": [
          27.71278,
          43.47736
        ]
      },
      "properties": {
        "point_code": "BG1G0000J3KMP311",
        "gwb_code": "BG1G0000J3K051",
        "gwb_name": "Карстови води в Малм-Валанжския басейн",
        "settlement": "Ново Ботево",
        "point_name": "Ново Ботево, ТК - С-96ХГ/80",
        "municipality": "Добрич",
        "district": "Добрич",
        "depth_from_ground_m": null,
        "water_level_frequency": "4",
        "discharge_frequency": null,
        "executor": "НИМХ",
        "source": "Pril_4212_final.xls"
      }
    },
    {
      "type": "Feature",
      "geometry": {
        "type": "Point",
        "coordinates": [
          27.927,
          43.6698
        ]
      },
      "properties": {
        "point_code": "BG1G0000J3KMP313",
        "gwb_code": "BG1G0000J3K051",
        "gwb_name": "Карстови води в Малм-Валанжския басейн",
        "settlement": "Царевец",
        "point_name": "Царевец, ТК -ЕС 1",
        "municipality": "Добрич",
        "district": "Добрич",
        "depth_from_ground_m": null,
        "water_level_frequency": "4",
        "discharge_frequency": null,
        "executor": "НИМХ",
        "source": "Pril_4212_final.xls"
      }
    },
    {
      "type": "Feature",
      "geometry": {
        "type": "Point",
        "coordinates": [
          27.98389,
          43.61861
        ]
      },
      "properties": {
        "point_code": "BG1G0000J3KMP314",
        "gwb_code": "BG1G0000J3K051",
        "gwb_name": "Карстови води в Малм-Валанжския басейн",
        "settlement": "Методиево",
        "point_name": "Методиево, ТК - ВиК Добрич",
        "municipality": "Добрич",
        "district": "Добрич",
        "depth_from_ground_m": null,
        "water_level_frequency": "4",
        "discharge_frequency": null,
        "executor": "НИМХ",
        "source": "Pril_4212_final.xls"
      }
    },
    {
      "type": "Feature",
      "geometry": {
        "type": "Point",
        "coordinates": [
          27.69444,
          43.55306
        ]
      },
      "properties": {
        "point_code": "BG1G0000J3KMP316",
        "gwb_code": "BG1G0000J3K051",
        "gwb_name": "Карстови води в Малм-Валанжския басейн",
        "settlement": "Долина",
        "point_name": "Долина, ТК -  ПЕС 1",
        "municipality": "Добрич",
        "district": "Добрич",
        "depth_from_ground_m": 648.0,
        "water_level_frequency": "ежедневно",
        "discharge_frequency": null,
        "executor": "НИМХ",
        "source": "Pril_4212_final.xls"
      }
    },
    {
      "type": "Feature",
      "geometry": {
        "type": "Point",
        "coordinates": [
          27.47361,
          43.68
        ]
      },
      "properties": {
        "point_code": "BG1G0000J3KMP318",
        "gwb_code": "BG1G0000J3K051",
        "gwb_name": "Карстови води в Малм-Валанжския басейн",
        "settlement": "Кочмар",
        "point_name": "Кочмар,  ТК",
        "municipality": "Тервел",
        "district": "Добрич",
        "depth_from_ground_m": 564.0,
        "water_level_frequency": "ежедневно",
        "discharge_frequency": null,
        "executor": "НИМХ",
        "source": "Pril_4212_final.xls"
      }
    },
    {
      "type": "Feature",
      "geometry": {
        "type": "Point",
        "coordinates": [
          27.65028,
          43.65194
        ]
      },
      "properties": {
        "point_code": "BG1G0000J3KMP319",
        "gwb_code": "BG1G0000J3K051",
        "gwb_name": "Карстови води в Малм-Валанжския басейн",
        "settlement": "Ловчанци",
        "point_name": "Ловчанци, ТК ЕС 1/78 -  \"ВиК -Добрич\"",
        "municipality": "Добрич",
        "district": "Добрич",
        "depth_from_ground_m": null,
        "water_level_frequency": "4",
        "discharge_frequency": null,
        "executor": "НИМХ",
        "source": "Pril_4212_final.xls"
      }
    },
    {
      "type": "Feature",
      "geometry": {
        "type": "Point",
        "coordinates": [
          27.78056,
          43.58444
        ]
      },
      "properties": {
        "point_code": "BG1G0000J3KMP321",
        "gwb_code": "BG1G0000J3K051",
        "gwb_name": "Карстови води в Малм-Валанжския басейн",
        "settlement": "Добрич",
        "point_name": "Добрич, ТК ПЕС 1/85 - ПС Рилци",
        "municipality": "Добрич",
        "district": "Добрич",
        "depth_from_ground_m": 600.0,
        "water_level_frequency": "ежедневно",
        "discharge_frequency": null,
        "executor": "НИМХ",
        "source": "Pril_4212_final.xls"
      }
    },
    {
      "type": "Feature",
      "geometry": {
        "type": "Point",
        "coordinates": [
          27.82711,
          43.5593
        ]
      },
      "properties": {
        "point_code": "BG1G000000NMP294",
        "gwb_code": "BG1G000000N049",
        "gwb_name": "Карстово-порови води в Неоген - Сармат - Добруджа",
        "settlement": "Добрич",
        "point_name": "Добрич, ТК 9ХГ - Парк - Добрич",
        "municipality": "Добрич",
        "district": "Добрич",
        "depth_from_ground_m": 32.75,
        "water_level_frequency": "ежедневно",
        "discharge_frequency": null,
        "executor": "НИМХ",
        "source": "Pril_4212_final.xls"
      }
    },
    {
      "type": "Feature",
      "geometry": {
        "type": "Point",
        "coordinates": [
          27.68194,
          43.55722
        ]
      },
      "properties": {
        "point_code": "BG1G0000QALMP286",
        "gwb_code": "BG1G0000QAL052",
        "gwb_name": "Порови води в Кватернера - р. Суха",
        "settlement": "Долина",
        "point_name": "Долина ,Кладенец № 2",
        "municipality": "Добрич",
        "district": "Добрич",
        "depth_from_ground_m": null,
        "water_level_frequency": "12",
        "discharge_frequency": null,
        "executor": "НИМХ",
        "source": "Pril_4212_final.xls"
      }
    },
    {
      "type": "Feature",
      "geometry": {
        "type": "Point",
        "coordinates": [
          27.90785,
          43.77139
        ]
      },
      "properties": {
        "point_code": "BG1G000000NMP310",
        "gwb_code": "BG1G000000N049",
        "gwb_name": "Карстово-порови води в Неоген - Сармат - Добруджа",
        "settlement": "Узово",
        "point_name": "Узово, ТК - \"ВиК -Добрич\"",
        "municipality": "Генерал Тошево",
        "district": "Добрич",
        "depth_from_ground_m": null,
        "water_level_frequency": "4",
        "discharge_frequency": null,
        "executor": "НИМХ",
        "source": "Pril_4212_final.xls"
      }
    },
    {
      "type": "Feature",
      "geometry": {
        "type": "Point",
        "coordinates": [
          27.7886,
          43.84638
        ]
      },
      "properties": {
        "point_code": "BG1G000000NMP297",
        "gwb_code": "BG1G000000N049",
        "gwb_name": "Карстово-порови води в Неоген - Сармат - Добруджа",
        "settlement": "Полковник Дяково",
        "point_name": "Полковник Дяково, Кладенец",
        "municipality": "Крушари",
        "district": "Добрич",
        "depth_from_ground_m": null,
        "water_level_frequency": "12",
        "discharge_frequency": null,
        "executor": "НИМХ",
        "source": "Pril_4212_final.xls"
      }
    },
    {
      "type": "Feature",
      "geometry": {
        "type": "Point",
        "coordinates": [
          27.45511,
          43.69108
        ]
      },
      "properties": {
        "point_code": "BG1G000000NMP299",
        "gwb_code": "BG1G000000N049",
        "gwb_name": "Карстово-порови води в Неоген - Сармат - Добруджа",
        "settlement": "Кочмар",
        "point_name": "Кочмар,  7 ШК",
        "municipality": "Тервел",
        "district": "Добрич",
        "depth_from_ground_m": null,
        "water_level_frequency": "4",
        "discharge_frequency": null,
        "executor": "НИМХ",
        "source": "Pril_4212_final.xls"
      }
    },
    {
      "type": "Feature",
      "geometry": {
        "type": "Point",
        "coordinates": [
          25.946778,
          43.56075
        ]
      },
      "properties": {
        "point_code": "BG1G0000K1BMP425",
        "gwb_code": "BG1G0000K1B041",
        "gwb_name": "Карстови води в Русенската формация",
        "settlement": "Широково",
        "point_name": "Широково, ШК",
        "municipality": "Русе",
        "district": "Русе",
        "depth_from_ground_m": 14.94,
        "water_level_frequency": "ежедневно",
        "discharge_frequency": null,
        "executor": "НИМХ",
        "source": "Pril_4212_final.xls"
      }
    },
    {
      "type": "Feature",
      "geometry": {
        "type": "Point",
        "coordinates": [
          25.944722,
          43.556028
        ]
      },
      "properties": {
        "point_code": "BG1G0000K1BMP426",
        "gwb_code": "BG1G0000K1B041",
        "gwb_name": "Карстови води в Русенската формация",
        "settlement": "Широково",
        "point_name": "Широково, ШК",
        "municipality": "Русе",
        "district": "Русе",
        "depth_from_ground_m": 8.9,
        "water_level_frequency": "4",
        "discharge_frequency": null,
        "executor": "НИМХ",
        "source": "Pril_4212_final.xls"
      }
    },
    {
      "type": "Feature",
      "geometry": {
        "type": "Point",
        "coordinates": [
          26.570556,
          43.4875
        ]
      },
      "properties": {
        "point_code": "BG1G000K1HBMP428",
        "gwb_code": "BG1G000K1HB050",
        "gwb_name": "Карстови води в Разградска формация",
        "settlement": "Пороище",
        "point_name": "Разград (кв.Поройще), КИ1",
        "municipality": "Разград",
        "district": "Разград",
        "depth_from_ground_m": null,
        "water_level_frequency": null,
        "discharge_frequency": "4",
        "executor": "НИМХ",
        "source": "Pril_4212_final.xls"
      }
    },
    {
      "type": "Feature",
      "geometry": {
        "type": "Point",
        "coordinates": [
          26.573056,
          43.488611
        ]
      },
      "properties": {
        "point_code": "BG1G000K1HBMP429",
        "gwb_code": "BG1G000K1HB050",
        "gwb_name": "Карстови води в Разградска формация",
        "settlement": "Пороище",
        "point_name": "Разград, КИ2",
        "municipality": "Разград",
        "district": "Разград",
        "depth_from_ground_m": null,
        "water_level_frequency": null,
        "discharge_frequency": "4",
        "executor": "НИМХ",
        "source": "Pril_4212_final.xls"
      }
    }
  ]
}
