{
  "type": "FeatureCollection",
  "name": "BDZBR active groundwater abstraction facilities 2026-08-04",
  "metadata": {
    "basin": "Western Aegean / BDZBR",
    "reference_date": "2026-08-04",
    "source_file": "groundwater-active-facilities-2026-08-04.csv",
    "source_record_count": 906,
    "mapped_feature_count": 897,
    "unlocated_record_count": 9,
    "groundwater_body_count_with_mapped_facilities": 36,
    "coordinate_policy": "Only source-derived validated coordinates are mapped. Records without coordinates are preserved in quality_report and are not spatially inferred.",
    "generated_at_utc": "2026-08-23T16:16:31.703169+00:00"
  },
  "features": [
    {
      "type": "Feature",
      "geometry": {
        "type": "Point",
        "coordinates": [
          23.18338333,
          41.42284167
        ]
      },
      "properties": {
        "permit_number_date": "1285/06.11.2002",
        "permit_number": 1285.0,
        "canonical_code": "BG4G000000Q001",
        "holder": "В и К ЕООД Петрич",
        "facility_name": "ТК-1",
        "facility_registration": "112/06.11.2002",
        "water_use_purpose": "питейно-битови цели",
        "mean_discharge_lps": 17.428,
        "max_discharge_lps": 220.0,
        "daily_authorized_volume_m3": 1632.653,
        "annual_authorized_volume_m3": 550000.0,
        "hydraulic_conductivity_m_day": null,
        "transmissivity_m2_day": null,
        "aquifer_thickness_m": null,
        "coordinate_method": "official_local",
        "national_register_row": null,
        "latitude_raw": "41° 25' 22,230\"",
        "longitude_raw": "23° 11' 0,180\"",
        "coordinate_note": null,
        "status": "active",
        "reference_date": "2026-08-04"
      }
    },
    {
      "type": "Feature",
      "geometry": {
        "type": "Point",
        "coordinates": [
          23.18199722,
          41.42225944
        ]
      },
      "properties": {
        "permit_number_date": "1285/06.11.2002",
        "permit_number": 1285.0,
        "canonical_code": "BG4G000000Q001",
        "holder": "В и К ЕООД Петрич",
        "facility_name": "ТК-2",
        "facility_registration": "113/06.11.2002",
        "water_use_purpose": "питейно-битови цели",
        "mean_discharge_lps": null,
        "max_discharge_lps": null,
        "daily_authorized_volume_m3": null,
        "annual_authorized_volume_m3": null,
        "hydraulic_conductivity_m_day": null,
        "transmissivity_m2_day": null,
        "aquifer_thickness_m": null,
        "coordinate_method": "official_local",
        "national_register_row": null,
        "latitude_raw": "41° 25' 20,134\"",
        "longitude_raw": "23° 10' 55,190\"",
        "coordinate_note": null,
        "status": "active",
        "reference_date": "2026-08-04"
      }
    },
    {
      "type": "Feature",
      "geometry": {
        "type": "Point",
        "coordinates": [
          23.17979111,
          41.42158861
        ]
      },
      "properties": {
        "permit_number_date": "1285/06.11.2002",
        "permit_number": 1285.0,
        "canonical_code": "BG4G000000Q001",
        "holder": "В и К ЕООД Петрич",
        "facility_name": "ТК-3",
        "facility_registration": "114/06.11.2002",
        "water_use_purpose": "питейно-битови цели",
        "mean_discharge_lps": null,
        "max_discharge_lps": null,
        "daily_authorized_volume_m3": null,
        "annual_authorized_volume_m3": null,
        "hydraulic_conductivity_m_day": null,
        "transmissivity_m2_day": null,
        "aquifer_thickness_m": null,
        "coordinate_method": "official_local",
        "national_register_row": null,
        "latitude_raw": "41° 25' 17,719\"",
        "longitude_raw": "23° 10' 47,248\"",
        "coordinate_note": null,
        "status": "active",
        "reference_date": "2026-08-04"
      }
    },
    {
      "type": "Feature",
      "geometry": {
        "type": "Point",
        "coordinates": [
          23.17728889,
          41.42129917
        ]
      },
      "properties": {
        "permit_number_date": "1285/06.11.2002",
        "permit_number": 1285.0,
        "canonical_code": "BG4G000000Q001",
        "holder": "В и К ЕООД Петрич",
        "facility_name": "ТК-4",
        "facility_registration": "115/06.11.2002",
        "water_use_purpose": "питейно-битови цели",
        "mean_discharge_lps": null,
        "max_discharge_lps": null,
        "daily_authorized_volume_m3": null,
        "annual_authorized_volume_m3": null,
        "hydraulic_conductivity_m_day": null,
        "transmissivity_m2_day": null,
        "aquifer_thickness_m": null,
        "coordinate_method": "official_local",
        "national_register_row": null,
        "latitude_raw": "41° 25' 16,677\"",
        "longitude_raw": "23° 10' 38,240\"",
        "coordinate_note": null,
        "status": "active",
        "reference_date": "2026-08-04"
      }
    },
    {
      "type": "Feature",
      "geometry": {
        "type": "Point",
        "coordinates": [
          23.17348438,
          41.43443596
        ]
      },
      "properties": {
        "permit_number_date": "1676/12.09.2003",
        "permit_number": 1676.0,
        "canonical_code": "BG4G000000Q001",
        "holder": "Община Петрич",
        "facility_name": "СК-1",
        "facility_registration": "158/12.09.2003",
        "water_use_purpose": "питейно-битови",
        "mean_discharge_lps": 12.68,
        "max_discharge_lps": 14.0,
        "daily_authorized_volume_m3": 1096.0,
        "annual_authorized_volume_m3": 400000.0,
        "hydraulic_conductivity_m_day": null,
        "transmissivity_m2_day": null,
        "aquifer_thickness_m": null,
        "coordinate_method": "official_local",
        "national_register_row": null,
        "latitude_raw": "41°26'03.96946\"",
        "longitude_raw": "23°10'24.54377\"",
        "coordinate_note": null,
        "status": "active",
        "reference_date": "2026-08-04"
      }
    },
    {
      "type": "Feature",
      "geometry": {
        "type": "Point",
        "coordinates": [
          23.17285185,
          41.43401308
        ]
      },
      "properties": {
        "permit_number_date": "1676/12.09.2003",
        "permit_number": 1676.0,
        "canonical_code": "BG4G000000Q001",
        "holder": "Община Петрич",
        "facility_name": "СК-2",
        "facility_registration": "159/12.09.2003",
        "water_use_purpose": "питейно-битови",
        "mean_discharge_lps": null,
        "max_discharge_lps": null,
        "daily_authorized_volume_m3": null,
        "annual_authorized_volume_m3": null,
        "hydraulic_conductivity_m_day": null,
        "transmissivity_m2_day": null,
        "aquifer_thickness_m": null,
        "coordinate_method": "official_local",
        "national_register_row": null,
        "latitude_raw": "41°26'02.447076\"",
        "longitude_raw": "23°10'22.26666\"",
        "coordinate_note": null,
        "status": "active",
        "reference_date": "2026-08-04"
      }
    },
    {
      "type": "Feature",
      "geometry": {
        "type": "Point",
        "coordinates": [
          23.20419306,
          41.43199694
        ]
      },
      "properties": {
        "permit_number_date": "400601/15.11.2006",
        "permit_number": 400601.0,
        "canonical_code": "BG4G000000Q001",
        "holder": "В и К ЕООД Петрич",
        "facility_name": "ТК-1",
        "facility_registration": "360/15.11.2006",
        "water_use_purpose": "питейно-битови цели",
        "mean_discharge_lps": 0.58,
        "max_discharge_lps": 25.0,
        "daily_authorized_volume_m3": 50.0,
        "annual_authorized_volume_m3": 18250.0,
        "hydraulic_conductivity_m_day": null,
        "transmissivity_m2_day": null,
        "aquifer_thickness_m": null,
        "coordinate_method": "official_local",
        "national_register_row": null,
        "latitude_raw": "41° 25' 55,189\"",
        "longitude_raw": "23° 12' 15,095\"",
        "coordinate_note": null,
        "status": "active",
        "reference_date": "2026-08-04"
      }
    },
    {
      "type": "Feature",
      "geometry": {
        "type": "Point",
        "coordinates": [
          23.23997667,
          41.43874111
        ]
      },
      "properties": {
        "permit_number_date": "400602/15.11.2006",
        "permit_number": 400602.0,
        "canonical_code": "BG4G000000Q001",
        "holder": "В и К ЕООД Петрич",
        "facility_name": "ТК-Рупите 1",
        "facility_registration": "361/15.11.2006",
        "water_use_purpose": "питейно-битови цели",
        "mean_discharge_lps": 0.5787,
        "max_discharge_lps": 12.0,
        "daily_authorized_volume_m3": 50.0,
        "annual_authorized_volume_m3": 18250.0,
        "hydraulic_conductivity_m_day": null,
        "transmissivity_m2_day": null,
        "aquifer_thickness_m": null,
        "coordinate_method": "official_local",
        "national_register_row": null,
        "latitude_raw": "41° 26' 19,468\"",
        "longitude_raw": "23° 14' 23,916\"",
        "coordinate_note": null,
        "status": "active",
        "reference_date": "2026-08-04"
      }
    },
    {
      "type": "Feature",
      "geometry": {
        "type": "Point",
        "coordinates": [
          23.23972361,
          41.43847889
        ]
      },
      "properties": {
        "permit_number_date": "400602/15.11.2006",
        "permit_number": 400602.0,
        "canonical_code": "BG4G000000Q001",
        "holder": "В и К ЕООД Петрич",
        "facility_name": "ТК-Рупите 2",
        "facility_registration": "362/15.11.2006",
        "water_use_purpose": "питейно-битови цели",
        "mean_discharge_lps": 0.5787,
        "max_discharge_lps": 12.0,
        "daily_authorized_volume_m3": null,
        "annual_authorized_volume_m3": null,
        "hydraulic_conductivity_m_day": null,
        "transmissivity_m2_day": null,
        "aquifer_thickness_m": null,
        "coordinate_method": "official_local",
        "national_register_row": null,
        "latitude_raw": "41° 26' 18,524\"",
        "longitude_raw": "23° 14' 23,005\"",
        "coordinate_note": null,
        "status": "active",
        "reference_date": "2026-08-04"
      }
    },
    {
      "type": "Feature",
      "geometry": {
        "type": "Point",
        "coordinates": [
          23.21606778,
          41.44319333
        ]
      },
      "properties": {
        "permit_number_date": "41530002/13.07.2007",
        "permit_number": 41530002.0,
        "canonical_code": "BG4G000000Q001",
        "holder": "Растер-Юг ООД",
        "facility_name": "ШТК-1",
        "facility_registration": "524/13.07.2007",
        "water_use_purpose": "промишлени и други цели",
        "mean_discharge_lps": 0.046,
        "max_discharge_lps": 1.5,
        "daily_authorized_volume_m3": 5.8,
        "annual_authorized_volume_m3": 1570.0,
        "hydraulic_conductivity_m_day": 2.64,
        "transmissivity_m2_day": 79.1,
        "aquifer_thickness_m": null,
        "coordinate_method": "official_local",
        "national_register_row": null,
        "latitude_raw": "41° 26' 35,496\"",
        "longitude_raw": "23° 12' 57,844\"",
        "coordinate_note": null,
        "status": "active",
        "reference_date": "2026-08-04"
      }
    },
    {
      "type": "Feature",
      "geometry": {
        "type": "Point",
        "coordinates": [
          23.21469389,
          41.42219722
        ]
      },
      "properties": {
        "permit_number_date": "41590057/18.03.2009",
        "permit_number": 41590057.0,
        "canonical_code": "BG4G000000Q001",
        "holder": "Еко Елда България ЕАД;нов титуляр \"Еко България\"ЕАД",
        "facility_name": "СК",
        "facility_registration": "163/12.11.2003",
        "water_use_purpose": "други цели",
        "mean_discharge_lps": 0.103,
        "max_discharge_lps": 1.5,
        "daily_authorized_volume_m3": 10.4,
        "annual_authorized_volume_m3": 3250.0,
        "hydraulic_conductivity_m_day": null,
        "transmissivity_m2_day": null,
        "aquifer_thickness_m": null,
        "coordinate_method": "official_local",
        "national_register_row": null,
        "latitude_raw": "41° 25' 19,910\"",
        "longitude_raw": "23° 12' 52,898\"",
        "coordinate_note": null,
        "status": "active",
        "reference_date": "2026-08-04"
      }
    },
    {
      "type": "Feature",
      "geometry": {
        "type": "Point",
        "coordinates": [
          23.13533389,
          41.37561583
        ]
      },
      "properties": {
        "permit_number_date": "41510269/08.09.2009",
        "permit_number": 41510269.0,
        "canonical_code": "BG4G000000Q001",
        "holder": "Румен Георгиев Динев",
        "facility_name": "СК-1",
        "facility_registration": "564/04.07.2007",
        "water_use_purpose": "питейно-битови и риборазвъждане",
        "mean_discharge_lps": 0.1,
        "max_discharge_lps": 1.8,
        "daily_authorized_volume_m3": 8.5,
        "annual_authorized_volume_m3": 3103.0,
        "hydraulic_conductivity_m_day": null,
        "transmissivity_m2_day": null,
        "aquifer_thickness_m": null,
        "coordinate_method": "official_local",
        "national_register_row": null,
        "latitude_raw": "41° 22' 32,217\"",
        "longitude_raw": "23° 8' 7,202\"",
        "coordinate_note": null,
        "status": "active",
        "reference_date": "2026-08-04"
      }
    },
    {
      "type": "Feature",
      "geometry": {
        "type": "Point",
        "coordinates": [
          23.20244111,
          41.40576722
        ]
      },
      "properties": {
        "permit_number_date": "41590078/07.04.2010",
        "permit_number": 41590078.0,
        "canonical_code": "BG4G000000Q001",
        "holder": "Мес-ко ЕООД",
        "facility_name": "СК-1",
        "facility_registration": "105/18.10.2002",
        "water_use_purpose": "хигиенни нужди и охлаждане",
        "mean_discharge_lps": 0.19,
        "max_discharge_lps": 1.2,
        "daily_authorized_volume_m3": 23.0,
        "annual_authorized_volume_m3": 6000.0,
        "hydraulic_conductivity_m_day": null,
        "transmissivity_m2_day": null,
        "aquifer_thickness_m": null,
        "coordinate_method": "official_local",
        "national_register_row": null,
        "latitude_raw": "41° 24' 20,762\"",
        "longitude_raw": "23° 12' 8,788\"",
        "coordinate_note": null,
        "status": "active",
        "reference_date": "2026-08-04"
      }
    },
    {
      "type": "Feature",
      "geometry": {
        "type": "Point",
        "coordinates": [
          23.20198333,
          41.42090806
        ]
      },
      "properties": {
        "permit_number_date": "41520021/01.08.2011",
        "permit_number": 41520021.0,
        "canonical_code": "BG4G000000Q001",
        "holder": "ВГД ОЙЛ ООД",
        "facility_name": "ТК-7",
        "facility_registration": null,
        "water_use_purpose": "земеделски цели",
        "mean_discharge_lps": 2.0,
        "max_discharge_lps": 8.0,
        "daily_authorized_volume_m3": 172.8,
        "annual_authorized_volume_m3": 63072.0,
        "hydraulic_conductivity_m_day": null,
        "transmissivity_m2_day": null,
        "aquifer_thickness_m": null,
        "coordinate_method": "official_local",
        "national_register_row": null,
        "latitude_raw": "41° 25' 15,269\"",
        "longitude_raw": "23° 12' 7,140\"",
        "coordinate_note": null,
        "status": "active",
        "reference_date": "2026-08-04"
      }
    },
    {
      "type": "Feature",
      "geometry": {
        "type": "Point",
        "coordinates": [
          23.20174722,
          41.42097472
        ]
      },
      "properties": {
        "permit_number_date": "41520021/01.08.2011",
        "permit_number": 41520021.0,
        "canonical_code": "BG4G000000Q001",
        "holder": "ВГД ОЙЛ ООД",
        "facility_name": "ТК-7а",
        "facility_registration": null,
        "water_use_purpose": "земеделски цели",
        "mean_discharge_lps": null,
        "max_discharge_lps": null,
        "daily_authorized_volume_m3": null,
        "annual_authorized_volume_m3": null,
        "hydraulic_conductivity_m_day": null,
        "transmissivity_m2_day": null,
        "aquifer_thickness_m": null,
        "coordinate_method": "official_local",
        "national_register_row": null,
        "latitude_raw": "41° 25' 15,509\"",
        "longitude_raw": "23° 12' 6,290\"",
        "coordinate_note": null,
        "status": "active",
        "reference_date": "2026-08-04"
      }
    },
    {
      "type": "Feature",
      "geometry": {
        "type": "Point",
        "coordinates": [
          23.21123611,
          41.42127778
        ]
      },
      "properties": {
        "permit_number_date": "41520024/01.08.2011",
        "permit_number": 41520024.0,
        "canonical_code": "BG4G000000Q001",
        "holder": "Газ Трейдинг 2002 ЕООД",
        "facility_name": "ТК-3",
        "facility_registration": null,
        "water_use_purpose": "земеделски цели",
        "mean_discharge_lps": 2.0,
        "max_discharge_lps": 8.0,
        "daily_authorized_volume_m3": 172.8,
        "annual_authorized_volume_m3": 63072.0,
        "hydraulic_conductivity_m_day": null,
        "transmissivity_m2_day": null,
        "aquifer_thickness_m": null,
        "coordinate_method": "official_local",
        "national_register_row": null,
        "latitude_raw": "41°25'16.6\"",
        "longitude_raw": "23°12'40.45\"",
        "coordinate_note": null,
        "status": "active",
        "reference_date": "2026-08-04"
      }
    },
    {
      "type": "Feature",
      "geometry": {
        "type": "Point",
        "coordinates": [
          23.20994444,
          41.42143056
        ]
      },
      "properties": {
        "permit_number_date": "41520024/01.08.2011",
        "permit_number": 41520024.0,
        "canonical_code": "BG4G000000Q001",
        "holder": "Газ Трейдинг 2002 ЕООД",
        "facility_name": "ТК-3а",
        "facility_registration": null,
        "water_use_purpose": "земеделски цели",
        "mean_discharge_lps": null,
        "max_discharge_lps": null,
        "daily_authorized_volume_m3": null,
        "annual_authorized_volume_m3": null,
        "hydraulic_conductivity_m_day": null,
        "transmissivity_m2_day": null,
        "aquifer_thickness_m": null,
        "coordinate_method": "official_local",
        "national_register_row": null,
        "latitude_raw": "41°25'17.15\"",
        "longitude_raw": "23°12'35.8\"",
        "coordinate_note": null,
        "status": "active",
        "reference_date": "2026-08-04"
      }
    },
    {
      "type": "Feature",
      "geometry": {
        "type": "Point",
        "coordinates": [
          23.21033889,
          41.42325278
        ]
      },
      "properties": {
        "permit_number_date": "41520025/02.08.2011",
        "permit_number": 41520025.0,
        "canonical_code": "BG4G000000Q001",
        "holder": "ЕТ Георги Станков",
        "facility_name": "ТК-2",
        "facility_registration": null,
        "water_use_purpose": "земеделски цели",
        "mean_discharge_lps": 2.0,
        "max_discharge_lps": 8.0,
        "daily_authorized_volume_m3": 172.8,
        "annual_authorized_volume_m3": 63072.0,
        "hydraulic_conductivity_m_day": null,
        "transmissivity_m2_day": null,
        "aquifer_thickness_m": null,
        "coordinate_method": "official_local",
        "national_register_row": null,
        "latitude_raw": "41° 25' 23,710\"",
        "longitude_raw": "23° 12' 37,220\"",
        "coordinate_note": null,
        "status": "active",
        "reference_date": "2026-08-04"
      }
    },
    {
      "type": "Feature",
      "geometry": {
        "type": "Point",
        "coordinates": [
          23.21155556,
          41.42313056
        ]
      },
      "properties": {
        "permit_number_date": "41520025/02.08.2011",
        "permit_number": 41520025.0,
        "canonical_code": "BG4G000000Q001",
        "holder": "ЕТ Георги Станков",
        "facility_name": "ТК-2а",
        "facility_registration": null,
        "water_use_purpose": "земеделски цели",
        "mean_discharge_lps": null,
        "max_discharge_lps": null,
        "daily_authorized_volume_m3": null,
        "annual_authorized_volume_m3": null,
        "hydraulic_conductivity_m_day": null,
        "transmissivity_m2_day": null,
        "aquifer_thickness_m": null,
        "coordinate_method": "official_local",
        "national_register_row": null,
        "latitude_raw": "41° 25' 23,270\"",
        "longitude_raw": "23° 12' 41,600\"",
        "coordinate_note": null,
        "status": "active",
        "reference_date": "2026-08-04"
      }
    },
    {
      "type": "Feature",
      "geometry": {
        "type": "Point",
        "coordinates": [
          23.20674167,
          41.42194722
        ]
      },
      "properties": {
        "permit_number_date": "41520026/02.08.2011",
        "permit_number": 41520026.0,
        "canonical_code": "BG4G000000Q001",
        "holder": "Агро ин 2001 ЕООД",
        "facility_name": "ТК-6",
        "facility_registration": null,
        "water_use_purpose": "земеделски цели",
        "mean_discharge_lps": 2.0,
        "max_discharge_lps": 8.0,
        "daily_authorized_volume_m3": 172.8,
        "annual_authorized_volume_m3": 63072.0,
        "hydraulic_conductivity_m_day": null,
        "transmissivity_m2_day": null,
        "aquifer_thickness_m": null,
        "coordinate_method": "official_local",
        "national_register_row": null,
        "latitude_raw": "41° 25' 19,010\"",
        "longitude_raw": "23° 12' 24,270\"",
        "coordinate_note": null,
        "status": "active",
        "reference_date": "2026-08-04"
      }
    },
    {
      "type": "Feature",
      "geometry": {
        "type": "Point",
        "coordinates": [
          23.20933778,
          41.41951556
        ]
      },
      "properties": {
        "permit_number_date": "41520026/02.08.2011",
        "permit_number": 41520026.0,
        "canonical_code": "BG4G000000Q001",
        "holder": "Агро ин 2001 ЕООД",
        "facility_name": "ТК-6а",
        "facility_registration": null,
        "water_use_purpose": "земеделски цели",
        "mean_discharge_lps": null,
        "max_discharge_lps": null,
        "daily_authorized_volume_m3": null,
        "annual_authorized_volume_m3": null,
        "hydraulic_conductivity_m_day": null,
        "transmissivity_m2_day": null,
        "aquifer_thickness_m": null,
        "coordinate_method": "official_local",
        "national_register_row": null,
        "latitude_raw": "41° 25' 10,256\"",
        "longitude_raw": "23° 12' 33,616\"",
        "coordinate_note": null,
        "status": "active",
        "reference_date": "2026-08-04"
      }
    },
    {
      "type": "Feature",
      "geometry": {
        "type": "Point",
        "coordinates": [
          23.24152778,
          41.40223889
        ]
      },
      "properties": {
        "permit_number_date": "41590093/26.03.2012",
        "permit_number": 41590093.0,
        "canonical_code": "BG4G000000Q001",
        "holder": "Линдън ЕООД",
        "facility_name": "СК",
        "facility_registration": "341/07.08.2006",
        "water_use_purpose": "други цели",
        "mean_discharge_lps": 0.57,
        "max_discharge_lps": 1.7,
        "daily_authorized_volume_m3": 48.96,
        "annual_authorized_volume_m3": 17870.4,
        "hydraulic_conductivity_m_day": 1.46,
        "transmissivity_m2_day": 50.0,
        "aquifer_thickness_m": null,
        "coordinate_method": "official_local",
        "national_register_row": null,
        "latitude_raw": "41°24'08,06\"",
        "longitude_raw": "23°14'29,5\"",
        "coordinate_note": null,
        "status": "active",
        "reference_date": "2026-08-04"
      }
    },
    {
      "type": "Feature",
      "geometry": {
        "type": "Point",
        "coordinates": [
          23.23076111,
          41.45350556
        ]
      },
      "properties": {
        "permit_number_date": "41590113/02.11.2012",
        "permit_number": 41590113.0,
        "canonical_code": "BG4G000000Q001",
        "holder": "Актив фрукт къмпани ЕООД",
        "facility_name": "СК",
        "facility_registration": "849/15.08.2011",
        "water_use_purpose": "други цели",
        "mean_discharge_lps": 0.5,
        "max_discharge_lps": 1.5,
        "daily_authorized_volume_m3": 43.2,
        "annual_authorized_volume_m3": 15780.0,
        "hydraulic_conductivity_m_day": 2.3,
        "transmissivity_m2_day": 67.8,
        "aquifer_thickness_m": 30.0,
        "coordinate_method": "official_local",
        "national_register_row": null,
        "latitude_raw": "41°27'12.62\"",
        "longitude_raw": "23°13'50.74\"",
        "coordinate_note": null,
        "status": "active",
        "reference_date": "2026-08-04"
      }
    },
    {
      "type": "Feature",
      "geometry": {
        "type": "Point",
        "coordinates": [
          23.22697222,
          42.45311111
        ]
      },
      "properties": {
        "permit_number_date": "41590112/01.11.2012",
        "permit_number": 41590112.0,
        "canonical_code": "BG4G000000Q001",
        "holder": "Експрес мод ООД",
        "facility_name": "ТК-1",
        "facility_registration": "18/07.06.2001",
        "water_use_purpose": "други цели",
        "mean_discharge_lps": 0.349,
        "max_discharge_lps": 0.5,
        "daily_authorized_volume_m3": 30.0,
        "annual_authorized_volume_m3": 11000.0,
        "hydraulic_conductivity_m_day": 4.2,
        "transmissivity_m2_day": 50.0,
        "aquifer_thickness_m": 12.0,
        "coordinate_method": "official_local",
        "national_register_row": null,
        "latitude_raw": "42°27'11.2\"",
        "longitude_raw": "23°13'37.1\"",
        "coordinate_note": null,
        "status": "active",
        "reference_date": "2026-08-04"
      }
    },
    {
      "type": "Feature",
      "geometry": {
        "type": "Point",
        "coordinates": [
          23.23302778,
          41.45575
        ]
      },
      "properties": {
        "permit_number_date": "41510381/18.12.2012",
        "permit_number": 41510381.0,
        "canonical_code": "BG4G000000Q001",
        "holder": "ХКС ЕООД",
        "facility_name": "СК",
        "facility_registration": "327/08.05.2006",
        "water_use_purpose": "други цели/хитиенно-битови нужди/",
        "mean_discharge_lps": 0.56,
        "max_discharge_lps": 1.0,
        "daily_authorized_volume_m3": 0.56,
        "annual_authorized_volume_m3": 17617.5,
        "hydraulic_conductivity_m_day": 7.4,
        "transmissivity_m2_day": 122.0,
        "aquifer_thickness_m": 30.0,
        "coordinate_method": "official_local",
        "national_register_row": null,
        "latitude_raw": "41°27'20.7\"",
        "longitude_raw": "23°13'58.9\"",
        "coordinate_note": null,
        "status": "active",
        "reference_date": "2026-08-04"
      }
    },
    {
      "type": "Feature",
      "geometry": {
        "type": "Point",
        "coordinates": [
          23.20675,
          41.39883333
        ]
      },
      "properties": {
        "permit_number_date": "41530076/28.05.2013",
        "permit_number": 41530076.0,
        "canonical_code": "BG4G000000Q001",
        "holder": "Белла стил АД",
        "facility_name": "ТК",
        "facility_registration": "162/10.10.2003",
        "water_use_purpose": "промишлени цели",
        "mean_discharge_lps": 0.4,
        "max_discharge_lps": null,
        "daily_authorized_volume_m3": null,
        "annual_authorized_volume_m3": 13000.0,
        "hydraulic_conductivity_m_day": 1.19,
        "transmissivity_m2_day": 48.0,
        "aquifer_thickness_m": 40.0,
        "coordinate_method": "official_local",
        "national_register_row": null,
        "latitude_raw": "41° 23' 55,800\"",
        "longitude_raw": "23° 12' 24,300\"",
        "coordinate_note": null,
        "status": "active",
        "reference_date": "2026-08-04"
      }
    },
    {
      "type": "Feature",
      "geometry": {
        "type": "Point",
        "coordinates": [
          23.20429167,
          41.40500556
        ]
      },
      "properties": {
        "permit_number_date": "41590143/11.08.2014",
        "permit_number": 41590143.0,
        "canonical_code": "BG4G000000Q001",
        "holder": "Сакса ООД",
        "facility_name": "ТК-1",
        "facility_registration": "885/18.12.2012",
        "water_use_purpose": "други цели",
        "mean_discharge_lps": 0.052,
        "max_discharge_lps": 0.13,
        "daily_authorized_volume_m3": 4.5,
        "annual_authorized_volume_m3": 1643.0,
        "hydraulic_conductivity_m_day": 50.0,
        "transmissivity_m2_day": 678.0,
        "aquifer_thickness_m": 57.0,
        "coordinate_method": "official_local",
        "national_register_row": null,
        "latitude_raw": "41° 24' 18,020\"",
        "longitude_raw": "23° 12' 15,450\"",
        "coordinate_note": null,
        "status": "active",
        "reference_date": "2026-08-04"
      }
    },
    {
      "type": "Feature",
      "geometry": {
        "type": "Point",
        "coordinates": [
          23.20933778,
          41.41951556
        ]
      },
      "properties": {
        "permit_number_date": "41520061/15.03.2016г.",
        "permit_number": 41520061.0,
        "canonical_code": "BG4G000000Q001",
        "holder": "Земеделска кооперация Цар Самуил",
        "facility_name": "ТК- 4",
        "facility_registration": "48/07.11.2001",
        "water_use_purpose": "напояване на земеделски култури",
        "mean_discharge_lps": 2.0,
        "max_discharge_lps": 8.0,
        "daily_authorized_volume_m3": 172.8,
        "annual_authorized_volume_m3": 126144.0,
        "hydraulic_conductivity_m_day": null,
        "transmissivity_m2_day": null,
        "aquifer_thickness_m": null,
        "coordinate_method": "official_local",
        "national_register_row": null,
        "latitude_raw": "41° 25' 10,256\"",
        "longitude_raw": "23° 12' 33,616\"",
        "coordinate_note": null,
        "status": "active",
        "reference_date": "2026-08-04"
      }
    },
    {
      "type": "Feature",
      "geometry": {
        "type": "Point",
        "coordinates": [
          23.21114083,
          41.41934639
        ]
      },
      "properties": {
        "permit_number_date": "41520061/15.03.2016г.",
        "permit_number": 41520061.0,
        "canonical_code": "BG4G000000Q001",
        "holder": "Земеделска кооперация Цар Самуил",
        "facility_name": "ТК-4\"а\"",
        "facility_registration": "42/07.11.2001",
        "water_use_purpose": "напояване на земеделски култури",
        "mean_discharge_lps": null,
        "max_discharge_lps": 8.0,
        "daily_authorized_volume_m3": null,
        "annual_authorized_volume_m3": 126144.0,
        "hydraulic_conductivity_m_day": null,
        "transmissivity_m2_day": null,
        "aquifer_thickness_m": null,
        "coordinate_method": "official_local",
        "national_register_row": null,
        "latitude_raw": "41° 25' 9,647\"",
        "longitude_raw": "23° 12' 40,107\"",
        "coordinate_note": null,
        "status": "active",
        "reference_date": "2026-08-04"
      }
    },
    {
      "type": "Feature",
      "geometry": {
        "type": "Point",
        "coordinates": [
          23.21079778,
          41.41910611
        ]
      },
      "properties": {
        "permit_number_date": "41520061/15.03.2016г.",
        "permit_number": 41520061.0,
        "canonical_code": "BG4G000000Q001",
        "holder": "Земеделска кооперация Цар Самуил",
        "facility_name": "ТК- 5",
        "facility_registration": "37/07.11.2001",
        "water_use_purpose": "напояване на земеделски култури",
        "mean_discharge_lps": 2.0,
        "max_discharge_lps": 8.0,
        "daily_authorized_volume_m3": 172.8,
        "annual_authorized_volume_m3": 126144.0,
        "hydraulic_conductivity_m_day": null,
        "transmissivity_m2_day": null,
        "aquifer_thickness_m": null,
        "coordinate_method": "official_local",
        "national_register_row": null,
        "latitude_raw": "41° 25' 8,782\"",
        "longitude_raw": "23° 12' 38,872\"",
        "coordinate_note": null,
        "status": "active",
        "reference_date": "2026-08-04"
      }
    },
    {
      "type": "Feature",
      "geometry": {
        "type": "Point",
        "coordinates": [
          23.20583333,
          41.42010556
        ]
      },
      "properties": {
        "permit_number_date": "41520061/15.03.2016г.",
        "permit_number": 41520061.0,
        "canonical_code": "BG4G000000Q001",
        "holder": "Земеделска кооперация Цар Самуил",
        "facility_name": "ТК - 5\"а\"",
        "facility_registration": "43/07.11.2001",
        "water_use_purpose": "напояване на земеделски култури",
        "mean_discharge_lps": null,
        "max_discharge_lps": 8.0,
        "daily_authorized_volume_m3": null,
        "annual_authorized_volume_m3": 126144.0,
        "hydraulic_conductivity_m_day": null,
        "transmissivity_m2_day": null,
        "aquifer_thickness_m": null,
        "coordinate_method": "official_local",
        "national_register_row": null,
        "latitude_raw": "41° 25' 12,380\"",
        "longitude_raw": "23° 12' 21,000\"",
        "coordinate_note": null,
        "status": "active",
        "reference_date": "2026-08-04"
      }
    },
    {
      "type": "Feature",
      "geometry": {
        "type": "Point",
        "coordinates": [
          23.20086944,
          41.40515833
        ]
      },
      "properties": {
        "permit_number_date": "41530109/17.10.2016",
        "permit_number": 41530109.0,
        "canonical_code": "BG4G000000Q001",
        "holder": "Беласица АД",
        "facility_name": "СК-1",
        "facility_registration": "56/07.12.2001",
        "water_use_purpose": "За промишлени цели",
        "mean_discharge_lps": 0.579,
        "max_discharge_lps": 3.0,
        "daily_authorized_volume_m3": 50.0,
        "annual_authorized_volume_m3": 13000.0,
        "hydraulic_conductivity_m_day": 1.29,
        "transmissivity_m2_day": 34.35,
        "aquifer_thickness_m": null,
        "coordinate_method": "official_local",
        "national_register_row": null,
        "latitude_raw": "41° 24' 18,570\"",
        "longitude_raw": "23° 12' 3,130\"",
        "coordinate_note": null,
        "status": "active",
        "reference_date": "2026-08-04"
      }
    },
    {
      "type": "Feature",
      "geometry": {
        "type": "Point",
        "coordinates": [
          23.14513889,
          41.39994444
        ]
      },
      "properties": {
        "permit_number_date": "41560004/23.06.2017",
        "permit_number": 41560004.0,
        "canonical_code": "BG4G000000Q001",
        "holder": "Първострой-Г ООД",
        "facility_name": "ШК-1",
        "facility_registration": "203/14.01.2005",
        "water_use_purpose": "За аквакултури и за промишлени цели",
        "mean_discharge_lps": 0.095,
        "max_discharge_lps": 1.0,
        "daily_authorized_volume_m3": 8.2,
        "annual_authorized_volume_m3": 3000.0,
        "hydraulic_conductivity_m_day": null,
        "transmissivity_m2_day": null,
        "aquifer_thickness_m": null,
        "coordinate_method": "official_local",
        "national_register_row": null,
        "latitude_raw": "41°23'59.8\"",
        "longitude_raw": "23°8'42,5\"",
        "coordinate_note": null,
        "status": "active",
        "reference_date": "2026-08-04"
      }
    },
    {
      "type": "Feature",
      "geometry": {
        "type": "Point",
        "coordinates": [
          23.21722222,
          41.44527778
        ]
      },
      "properties": {
        "permit_number_date": "41590216/15.10.2018",
        "permit_number": 41590216.0,
        "canonical_code": "BG4G000000Q001",
        "holder": "СТОФ ЕАД",
        "facility_name": "ТК-1",
        "facility_registration": "169/09.01.2004",
        "water_use_purpose": "За други цели- поливане на тревни площи,хигиенни нужди,противопожарни нужди",
        "mean_discharge_lps": 0.077,
        "max_discharge_lps": 3.33,
        "daily_authorized_volume_m3": null,
        "annual_authorized_volume_m3": 2377.7,
        "hydraulic_conductivity_m_day": null,
        "transmissivity_m2_day": null,
        "aquifer_thickness_m": null,
        "coordinate_method": "official_local",
        "national_register_row": null,
        "latitude_raw": "41°26'43.'03\"",
        "longitude_raw": "23°13'2.'91\"",
        "coordinate_note": null,
        "status": "active",
        "reference_date": "2026-08-04"
      }
    },
    {
      "type": "Feature",
      "geometry": {
        "type": "Point",
        "coordinates": [
          23.19958058,
          41.40612857
        ]
      },
      "properties": {
        "permit_number_date": "41590225/29.05.2019",
        "permit_number": 41590225.0,
        "canonical_code": "BG4G000000Q001",
        "holder": "Иса Евро Комерс АД",
        "facility_name": "ТК",
        "facility_registration": "1261/23.02.2023",
        "water_use_purpose": "За други цели-противопожарни цели",
        "mean_discharge_lps": 0.24,
        "max_discharge_lps": 2.0,
        "daily_authorized_volume_m3": null,
        "annual_authorized_volume_m3": 3836.25,
        "hydraulic_conductivity_m_day": null,
        "transmissivity_m2_day": null,
        "aquifer_thickness_m": null,
        "coordinate_method": "official_local",
        "national_register_row": null,
        "latitude_raw": "41°24'22.06284\"",
        "longitude_raw": "23°11'58.49008\"",
        "coordinate_note": null,
        "status": "active",
        "reference_date": "2026-08-04"
      }
    },
    {
      "type": "Feature",
      "geometry": {
        "type": "Point",
        "coordinates": [
          23.21975278,
          41.448525
        ]
      },
      "properties": {
        "permit_number_date": "41520119/02.06.2021",
        "permit_number": 41520119.0,
        "canonical_code": "BG4G000000Q001",
        "holder": "АГРО ТЕР 2016 ООД",
        "facility_name": "ТК-1",
        "facility_registration": "1119/28.4.2021",
        "water_use_purpose": "напояване на земеделски култури",
        "mean_discharge_lps": 0.066,
        "max_discharge_lps": 1.25,
        "daily_authorized_volume_m3": null,
        "annual_authorized_volume_m3": 1038.0,
        "hydraulic_conductivity_m_day": null,
        "transmissivity_m2_day": null,
        "aquifer_thickness_m": null,
        "coordinate_method": "official_local",
        "national_register_row": null,
        "latitude_raw": "41°26'54.69\"",
        "longitude_raw": "23°13'11.11\"",
        "coordinate_note": null,
        "status": "active",
        "reference_date": "2026-08-04"
      }
    },
    {
      "type": "Feature",
      "geometry": {
        "type": "Point",
        "coordinates": [
          23.14129222,
          41.40005417
        ]
      },
      "properties": {
        "permit_number_date": "41590257/29.07.2021",
        "permit_number": 41590257.0,
        "canonical_code": "BG4G000000Q001",
        "holder": "ОКИ-КОНСУЛТ ЕООД",
        "facility_name": "ТК-1",
        "facility_registration": "1092/12.01.2021",
        "water_use_purpose": "други цели-водоснабдяване на автомивка",
        "mean_discharge_lps": 0.074,
        "max_discharge_lps": 1.166,
        "daily_authorized_volume_m3": null,
        "annual_authorized_volume_m3": 1600.0,
        "hydraulic_conductivity_m_day": null,
        "transmissivity_m2_day": null,
        "aquifer_thickness_m": null,
        "coordinate_method": "official_local",
        "national_register_row": null,
        "latitude_raw": "41°24'0.195\"",
        "longitude_raw": "23°8'28.652\"",
        "coordinate_note": null,
        "status": "active",
        "reference_date": "2026-08-04"
      }
    },
    {
      "type": "Feature",
      "geometry": {
        "type": "Point",
        "coordinates": [
          22.99121389,
          41.37338611
        ]
      },
      "properties": {
        "permit_number_date": "41520121/03.09.2021",
        "permit_number": 41520121.0,
        "canonical_code": "BG4G000000Q001",
        "holder": "НЮ ФРУТ АД",
        "facility_name": "ТК-1",
        "facility_registration": "1097/05.02.2021",
        "water_use_purpose": "напояване на земеделски култури",
        "mean_discharge_lps": 0.6,
        "max_discharge_lps": 0.694,
        "daily_authorized_volume_m3": null,
        "annual_authorized_volume_m3": 18911.0,
        "hydraulic_conductivity_m_day": null,
        "transmissivity_m2_day": null,
        "aquifer_thickness_m": null,
        "coordinate_method": "official_local",
        "national_register_row": null,
        "latitude_raw": "41°22'24.19\"",
        "longitude_raw": "22°59'28.37\"",
        "coordinate_note": null,
        "status": "active",
        "reference_date": "2026-08-04"
      }
    },
    {
      "type": "Feature",
      "geometry": {
        "type": "Point",
        "coordinates": [
          23.21592222,
          41.43024722
        ]
      },
      "properties": {
        "permit_number_date": "41590263/07.02.2022",
        "permit_number": 41590263.0,
        "canonical_code": "BG4G000000Q001",
        "holder": "АТ КОНСУЛТИНГ ООД",
        "facility_name": "ТК-1",
        "facility_registration": "532/04.07.2007",
        "water_use_purpose": "други цели",
        "mean_discharge_lps": 0.16,
        "max_discharge_lps": 1.0,
        "daily_authorized_volume_m3": null,
        "annual_authorized_volume_m3": 5092.0,
        "hydraulic_conductivity_m_day": null,
        "transmissivity_m2_day": null,
        "aquifer_thickness_m": null,
        "coordinate_method": "official_local",
        "national_register_row": null,
        "latitude_raw": "41°25'48.89\"",
        "longitude_raw": "23°12'57.32\"",
        "coordinate_note": null,
        "status": "active",
        "reference_date": "2026-08-04"
      }
    },
    {
      "type": "Feature",
      "geometry": {
        "type": "Point",
        "coordinates": [
          23.17348438,
          41.43443596
        ]
      },
      "properties": {
        "permit_number_date": "41510596/24.07.2023",
        "permit_number": 41510596.0,
        "canonical_code": "BG4G000000Q001",
        "holder": "Община Петрич",
        "facility_name": "TK-1",
        "facility_registration": "158/12.09.2003",
        "water_use_purpose": "питейно-битови",
        "mean_discharge_lps": 3.2,
        "max_discharge_lps": 7.0,
        "daily_authorized_volume_m3": null,
        "annual_authorized_volume_m3": 100000.0,
        "hydraulic_conductivity_m_day": null,
        "transmissivity_m2_day": null,
        "aquifer_thickness_m": null,
        "coordinate_method": "official_local",
        "national_register_row": null,
        "latitude_raw": "41°26'03.96946\"",
        "longitude_raw": "23°10'24.54377\"",
        "coordinate_note": null,
        "status": "active",
        "reference_date": "2026-08-04"
      }
    },
    {
      "type": "Feature",
      "geometry": {
        "type": "Point",
        "coordinates": [
          23.17285185,
          41.43401308
        ]
      },
      "properties": {
        "permit_number_date": "41510596/24.07.2023",
        "permit_number": 41510596.0,
        "canonical_code": "BG4G000000Q001",
        "holder": "Община Петрич",
        "facility_name": "ТК-2",
        "facility_registration": "159/12.09.2003",
        "water_use_purpose": "питейно-битови",
        "mean_discharge_lps": null,
        "max_discharge_lps": 7.0,
        "daily_authorized_volume_m3": null,
        "annual_authorized_volume_m3": null,
        "hydraulic_conductivity_m_day": null,
        "transmissivity_m2_day": null,
        "aquifer_thickness_m": null,
        "coordinate_method": "official_local",
        "national_register_row": null,
        "latitude_raw": "41°26'02.447076\"",
        "longitude_raw": "23°10'22.26666\"",
        "coordinate_note": null,
        "status": "active",
        "reference_date": "2026-08-04"
      }
    },
    {
      "type": "Feature",
      "geometry": {
        "type": "Point",
        "coordinates": [
          23.05899444,
          41.99968333
        ]
      },
      "properties": {
        "permit_number_date": "41590277/14.08.2023",
        "permit_number": 41590277.0,
        "canonical_code": "BG4G000000Q004",
        "holder": "Делвино ЕООД",
        "facility_name": "ТК-1",
        "facility_registration": "1101/04.03.2021",
        "water_use_purpose": "други цели-поливане на зелени и тревни площи, оросяване на бетонови площадки, хигиенни и противопожарни нужди",
        "mean_discharge_lps": 0.025,
        "max_discharge_lps": 0.7,
        "daily_authorized_volume_m3": null,
        "annual_authorized_volume_m3": 600.0,
        "hydraulic_conductivity_m_day": null,
        "transmissivity_m2_day": null,
        "aquifer_thickness_m": null,
        "coordinate_method": "official_local",
        "national_register_row": null,
        "latitude_raw": "41°59'58.86\"",
        "longitude_raw": "23°3'32.38\"",
        "coordinate_note": null,
        "status": "active",
        "reference_date": "2026-08-04"
      }
    },
    {
      "type": "Feature",
      "geometry": {
        "type": "Point",
        "coordinates": [
          23.19040556,
          41.42360278
        ]
      },
      "properties": {
        "permit_number_date": "41510597/18.08.2023",
        "permit_number": 41510597.0,
        "canonical_code": "BG4G000000Q001",
        "holder": "В и К ЕООД Петрич",
        "facility_name": "СК-1",
        "facility_registration": "1285/23.02.2023",
        "water_use_purpose": "допълнително питейно битово водоснабдяване",
        "mean_discharge_lps": 5.88,
        "max_discharge_lps": 10.0,
        "daily_authorized_volume_m3": null,
        "annual_authorized_volume_m3": 60900.0,
        "hydraulic_conductivity_m_day": null,
        "transmissivity_m2_day": null,
        "aquifer_thickness_m": null,
        "coordinate_method": "official_local",
        "national_register_row": null,
        "latitude_raw": "41°25'24.97\"",
        "longitude_raw": "23°11'25.46\"",
        "coordinate_note": null,
        "status": "active",
        "reference_date": "2026-08-04"
      }
    },
    {
      "type": "Feature",
      "geometry": {
        "type": "Point",
        "coordinates": [
          23.18965,
          41.42349722
        ]
      },
      "properties": {
        "permit_number_date": "41510597/18.08.2023",
        "permit_number": 41510597.0,
        "canonical_code": "BG4G000000Q001",
        "holder": "В и К ЕООД Петрич",
        "facility_name": "СК-2",
        "facility_registration": "1286/23.02.2023",
        "water_use_purpose": "допълнително питейно битово водоснабдяване",
        "mean_discharge_lps": 5.88,
        "max_discharge_lps": 10.0,
        "daily_authorized_volume_m3": null,
        "annual_authorized_volume_m3": 60900.0,
        "hydraulic_conductivity_m_day": null,
        "transmissivity_m2_day": null,
        "aquifer_thickness_m": null,
        "coordinate_method": "official_local",
        "national_register_row": null,
        "latitude_raw": "41°25'24.59\"",
        "longitude_raw": "23°11'22.74\"",
        "coordinate_note": null,
        "status": "active",
        "reference_date": "2026-08-04"
      }
    },
    {
      "type": "Feature",
      "geometry": {
        "type": "Point",
        "coordinates": [
          23.20211389,
          41.39765
        ]
      },
      "properties": {
        "permit_number_date": "41590282/14.09.2023",
        "permit_number": 41590282.0,
        "canonical_code": "BG4G000000Q001",
        "holder": "Община Петрич",
        "facility_name": "ТК-1",
        "facility_registration": null,
        "water_use_purpose": "за други цели",
        "mean_discharge_lps": 1.73,
        "max_discharge_lps": 4.6,
        "daily_authorized_volume_m3": null,
        "annual_authorized_volume_m3": 54538.0,
        "hydraulic_conductivity_m_day": null,
        "transmissivity_m2_day": null,
        "aquifer_thickness_m": null,
        "coordinate_method": "official_local",
        "national_register_row": null,
        "latitude_raw": "41°23'51.54\"",
        "longitude_raw": "23°12'7.61\"",
        "coordinate_note": null,
        "status": "active",
        "reference_date": "2026-08-04"
      }
    },
    {
      "type": "Feature",
      "geometry": {
        "type": "Point",
        "coordinates": [
          23.19842778,
          41.4044
        ]
      },
      "properties": {
        "permit_number_date": "41530135/14.01.2025",
        "permit_number": 41530135.0,
        "canonical_code": "BG4G000000Q001",
        "holder": "ЗИНО-П АД",
        "facility_name": "ТК",
        "facility_registration": "852/17.08.2011",
        "water_use_purpose": "охлаждане",
        "mean_discharge_lps": 0.79,
        "max_discharge_lps": 2.0,
        "daily_authorized_volume_m3": null,
        "annual_authorized_volume_m3": 25025.0,
        "hydraulic_conductivity_m_day": null,
        "transmissivity_m2_day": null,
        "aquifer_thickness_m": null,
        "coordinate_method": "official_local",
        "national_register_row": null,
        "latitude_raw": "41°24'15.84\"",
        "longitude_raw": "23°11'54.34\"",
        "coordinate_note": null,
        "status": "active",
        "reference_date": "2026-08-04"
      }
    },
    {
      "type": "Feature",
      "geometry": {
        "type": "Point",
        "coordinates": [
          23.26410278,
          41.44702222
        ]
      },
      "properties": {
        "permit_number_date": "41520144/11.12.2025",
        "permit_number": 41520144.0,
        "canonical_code": "BG4G000000Q001",
        "holder": "Агроинвест-97 ООД",
        "facility_name": "ТК-1",
        "facility_registration": "1156/17.05.2022",
        "water_use_purpose": "самостоятелно водоснабдяване за напояване на земеделски култури",
        "mean_discharge_lps": 0.29,
        "max_discharge_lps": 2.833,
        "daily_authorized_volume_m3": null,
        "annual_authorized_volume_m3": 9152.0,
        "hydraulic_conductivity_m_day": null,
        "transmissivity_m2_day": null,
        "aquifer_thickness_m": null,
        "coordinate_method": "official_local",
        "national_register_row": null,
        "latitude_raw": "41°26'49.28\"",
        "longitude_raw": "23°15'50.77\"",
        "coordinate_note": null,
        "status": "active",
        "reference_date": "2026-08-04"
      }
    },
    {
      "type": "Feature",
      "geometry": {
        "type": "Point",
        "coordinates": [
          23.173295,
          41.43371722
        ]
      },
      "properties": {
        "permit_number_date": "41520146/20.04.2026",
        "permit_number": 41520146.0,
        "canonical_code": "BG4G000000Q001",
        "holder": "К. Д. ЗП",
        "facility_name": "ТК \"Дуев\"",
        "facility_registration": "1386/19.03.2024",
        "water_use_purpose": "Самостоятелно напояване на земеделски култури",
        "mean_discharge_lps": 0.57,
        "max_discharge_lps": 5.0,
        "daily_authorized_volume_m3": null,
        "annual_authorized_volume_m3": 18034.0,
        "hydraulic_conductivity_m_day": null,
        "transmissivity_m2_day": null,
        "aquifer_thickness_m": null,
        "coordinate_method": "official_local",
        "national_register_row": null,
        "latitude_raw": "41°26'01,382''",
        "longitude_raw": "23°10'23.862''",
        "coordinate_note": null,
        "status": "active",
        "reference_date": "2026-08-04"
      }
    },
    {
      "type": "Feature",
      "geometry": {
        "type": "Point",
        "coordinates": [
          23.25852083,
          41.48897694
        ]
      },
      "properties": {
        "permit_number_date": "400599/15.11.2006",
        "permit_number": 400599.0,
        "canonical_code": "BG4G000000Q002",
        "holder": "В и К ЕООД Петрич",
        "facility_name": "СК-1",
        "facility_registration": "357/15.11.2006",
        "water_use_purpose": "питейно-битови цели",
        "mean_discharge_lps": 0.2315,
        "max_discharge_lps": 7.0,
        "daily_authorized_volume_m3": 20.0,
        "annual_authorized_volume_m3": 7300.0,
        "hydraulic_conductivity_m_day": null,
        "transmissivity_m2_day": null,
        "aquifer_thickness_m": null,
        "coordinate_method": "official_local",
        "national_register_row": null,
        "latitude_raw": "41° 29' 20,317\"",
        "longitude_raw": "23° 15' 30,675\"",
        "coordinate_note": null,
        "status": "active",
        "reference_date": "2026-08-04"
      }
    },
    {
      "type": "Feature",
      "geometry": {
        "type": "Point",
        "coordinates": [
          23.29248472,
          41.45216583
        ]
      },
      "properties": {
        "permit_number_date": "400600/15.11.2006",
        "permit_number": 400600.0,
        "canonical_code": "BG4G000000Q002",
        "holder": "В и К ЕООД Петрич",
        "facility_name": "ТК-Генерал Тодоров 1",
        "facility_registration": "358/15.11.2006",
        "water_use_purpose": "питейно-битови цели",
        "mean_discharge_lps": 0.755,
        "max_discharge_lps": 7.0,
        "daily_authorized_volume_m3": 65.0,
        "annual_authorized_volume_m3": 23800.0,
        "hydraulic_conductivity_m_day": null,
        "transmissivity_m2_day": null,
        "aquifer_thickness_m": null,
        "coordinate_method": "official_local",
        "national_register_row": null,
        "latitude_raw": "41° 27' 7,797\"",
        "longitude_raw": "23° 17' 32,945\"",
        "coordinate_note": null,
        "status": "active",
        "reference_date": "2026-08-04"
      }
    },
    {
      "type": "Feature",
      "geometry": {
        "type": "Point",
        "coordinates": [
          23.29166972,
          41.45330056
        ]
      },
      "properties": {
        "permit_number_date": "400600/15.11.2006",
        "permit_number": 400600.0,
        "canonical_code": "BG4G000000Q002",
        "holder": "В и К ЕООД Петрич",
        "facility_name": "ТК-Генерал Тодоров 2",
        "facility_registration": "359/15.11.2006",
        "water_use_purpose": "питейно-битови цели",
        "mean_discharge_lps": 0.755,
        "max_discharge_lps": 7.0,
        "daily_authorized_volume_m3": null,
        "annual_authorized_volume_m3": null,
        "hydraulic_conductivity_m_day": null,
        "transmissivity_m2_day": null,
        "aquifer_thickness_m": null,
        "coordinate_method": "official_local",
        "national_register_row": null,
        "latitude_raw": "41° 27' 11,882\"",
        "longitude_raw": "23° 17' 30,011\"",
        "coordinate_note": null,
        "status": "active",
        "reference_date": "2026-08-04"
      }
    },
    {
      "type": "Feature",
      "geometry": {
        "type": "Point",
        "coordinates": [
          23.22704583,
          41.57573667
        ]
      },
      "properties": {
        "permit_number_date": "400632/21.12.2006",
        "permit_number": 400632.0,
        "canonical_code": "BG4G000000Q002",
        "holder": "Увекс ЕООД Сандански",
        "facility_name": "ШК-1 Вълково",
        "facility_registration": "380/21.12.2006",
        "water_use_purpose": "питейно-битови",
        "mean_discharge_lps": 0.76,
        "max_discharge_lps": 5.0,
        "daily_authorized_volume_m3": 66.0,
        "annual_authorized_volume_m3": 24090.0,
        "hydraulic_conductivity_m_day": null,
        "transmissivity_m2_day": null,
        "aquifer_thickness_m": null,
        "coordinate_method": "official_local",
        "national_register_row": null,
        "latitude_raw": "41° 34' 32,652\"",
        "longitude_raw": "23° 13' 37,365\"",
        "coordinate_note": null,
        "status": "active",
        "reference_date": "2026-08-04"
      }
    },
    {
      "type": "Feature",
      "geometry": {
        "type": "Point",
        "coordinates": [
          23.18380556,
          41.66375
        ]
      },
      "properties": {
        "permit_number_date": "41590043/30.06.2008",
        "permit_number": 41590043.0,
        "canonical_code": "BG4G000000Q002",
        "holder": "Бумар АД",
        "facility_name": "ТК-1",
        "facility_registration": "65/11.03.2002",
        "water_use_purpose": "охлаждане",
        "mean_discharge_lps": 2.06,
        "max_discharge_lps": 2.5,
        "daily_authorized_volume_m3": 144.0,
        "annual_authorized_volume_m3": 36000.0,
        "hydraulic_conductivity_m_day": null,
        "transmissivity_m2_day": 95.0,
        "aquifer_thickness_m": null,
        "coordinate_method": "official_local",
        "national_register_row": null,
        "latitude_raw": "41° 39' 49,500\"",
        "longitude_raw": "23° 11' 1,700\"",
        "coordinate_note": null,
        "status": "active",
        "reference_date": "2026-08-04"
      }
    },
    {
      "type": "Feature",
      "geometry": {
        "type": "Point",
        "coordinates": [
          23.18625417,
          41.65
        ]
      },
      "properties": {
        "permit_number_date": "41590043/30.06.2008",
        "permit_number": 41590043.0,
        "canonical_code": "BG4G000000Q002",
        "holder": "Бумар АД",
        "facility_name": "ТК-2",
        "facility_registration": "66/11.03.2002",
        "water_use_purpose": "охлаждане",
        "mean_discharge_lps": null,
        "max_discharge_lps": 1.8,
        "daily_authorized_volume_m3": 104.0,
        "annual_authorized_volume_m3": 29000.0,
        "hydraulic_conductivity_m_day": null,
        "transmissivity_m2_day": 75.0,
        "aquifer_thickness_m": null,
        "coordinate_method": "official_local",
        "national_register_row": null,
        "latitude_raw": "41° 39' 0,000\"",
        "longitude_raw": "23° 11' 10,515\"",
        "coordinate_note": null,
        "status": "active",
        "reference_date": "2026-08-04"
      }
    },
    {
      "type": "Feature",
      "geometry": {
        "type": "Point",
        "coordinates": [
          23.16283333,
          41.71433333
        ]
      },
      "properties": {
        "permit_number_date": "41590055/11.12.2008",
        "permit_number": 41590055.0,
        "canonical_code": "BG4G000000Q002",
        "holder": "Енергоремонт Кресна АД",
        "facility_name": "СК-1",
        "facility_registration": "59/06.03.2002",
        "water_use_purpose": "охлаждане",
        "mean_discharge_lps": 3.17,
        "max_discharge_lps": 4.45,
        "daily_authorized_volume_m3": 274.0,
        "annual_authorized_volume_m3": 100000.0,
        "hydraulic_conductivity_m_day": null,
        "transmissivity_m2_day": null,
        "aquifer_thickness_m": null,
        "coordinate_method": "official_local",
        "national_register_row": null,
        "latitude_raw": "41° 42' 51,600\"",
        "longitude_raw": "23° 9' 46,200\"",
        "coordinate_note": null,
        "status": "active",
        "reference_date": "2026-08-04"
      }
    },
    {
      "type": "Feature",
      "geometry": {
        "type": "Point",
        "coordinates": [
          23.35966667,
          41.39081944
        ]
      },
      "properties": {
        "permit_number_date": "41590061/01.04.2009",
        "permit_number": 41590061.0,
        "canonical_code": "BG4G000000Q002",
        "holder": "Шел България АД",
        "facility_name": "СК-1",
        "facility_registration": "812/01.04.2009",
        "water_use_purpose": "други цели",
        "mean_discharge_lps": 0.086,
        "max_discharge_lps": 1.5,
        "daily_authorized_volume_m3": 7.44,
        "annual_authorized_volume_m3": 2716.0,
        "hydraulic_conductivity_m_day": null,
        "transmissivity_m2_day": null,
        "aquifer_thickness_m": null,
        "coordinate_method": "official_local",
        "national_register_row": null,
        "latitude_raw": "41° 23' 26,950\"",
        "longitude_raw": "23° 21' 34,800\"",
        "coordinate_note": null,
        "status": "active",
        "reference_date": "2026-08-04"
      }
    },
    {
      "type": "Feature",
      "geometry": {
        "type": "Point",
        "coordinates": [
          23.18575611,
          41.66862111
        ]
      },
      "properties": {
        "permit_number_date": "41530046/08.03.2011",
        "permit_number": 41530046.0,
        "canonical_code": "BG4G000000Q002",
        "holder": "Гръцки мрамор ЕООД",
        "facility_name": "ТК-1",
        "facility_registration": "20/26.06.2001",
        "water_use_purpose": "промишлени цели",
        "mean_discharge_lps": 1.8,
        "max_discharge_lps": 2.4,
        "daily_authorized_volume_m3": 152.0,
        "annual_authorized_volume_m3": 55800.0,
        "hydraulic_conductivity_m_day": 10.0,
        "transmissivity_m2_day": 126.49,
        "aquifer_thickness_m": "20-25",
        "coordinate_method": "official_local",
        "national_register_row": null,
        "latitude_raw": "41° 40' 7,036\"",
        "longitude_raw": "23° 11' 8,722\"",
        "coordinate_note": null,
        "status": "active",
        "reference_date": "2026-08-04"
      }
    },
    {
      "type": "Feature",
      "geometry": {
        "type": "Point",
        "coordinates": [
          23.11355556,
          41.74763889
        ]
      },
      "properties": {
        "permit_number_date": "41510332/19.08.2011",
        "permit_number": 41510332.0,
        "canonical_code": "BG4G000000Q002",
        "holder": "В и К Кресна ЕООД",
        "facility_name": "ВС\"Мандрата\"",
        "facility_registration": "353/31.08.2006",
        "water_use_purpose": "питейно-битови цели",
        "mean_discharge_lps": 1.0,
        "max_discharge_lps": null,
        "daily_authorized_volume_m3": 86.4,
        "annual_authorized_volume_m3": 31536.0,
        "hydraulic_conductivity_m_day": 0.5,
        "transmissivity_m2_day": 20.0,
        "aquifer_thickness_m": null,
        "coordinate_method": "official_local",
        "national_register_row": null,
        "latitude_raw": "41° 44' 51,500\"",
        "longitude_raw": "23° 6' 48,800\"",
        "coordinate_note": null,
        "status": "active",
        "reference_date": "2026-08-04"
      }
    },
    {
      "type": "Feature",
      "geometry": {
        "type": "Point",
        "coordinates": [
          23.25691667,
          41.50613889
        ]
      },
      "properties": {
        "permit_number_date": "41530056/02.09.2011",
        "permit_number": 41530056.0,
        "canonical_code": "BG4G000000Q002",
        "holder": "Дамяница АД",
        "facility_name": "ТК-1",
        "facility_registration": "12/28.05.2001",
        "water_use_purpose": "промишлени цели",
        "mean_discharge_lps": 0.343,
        "max_discharge_lps": 0.6,
        "daily_authorized_volume_m3": 334.0,
        "annual_authorized_volume_m3": 72000.0,
        "hydraulic_conductivity_m_day": null,
        "transmissivity_m2_day": null,
        "aquifer_thickness_m": null,
        "coordinate_method": "official_local",
        "national_register_row": null,
        "latitude_raw": "41°30'22,1\"",
        "longitude_raw": "23°15'24,9\"",
        "coordinate_note": null,
        "status": "active",
        "reference_date": "2026-08-04"
      }
    },
    {
      "type": "Feature",
      "geometry": {
        "type": "Point",
        "coordinates": [
          23.25747222,
          41.50686111
        ]
      },
      "properties": {
        "permit_number_date": "41530056/02.09.2011",
        "permit_number": 41530056.0,
        "canonical_code": "BG4G000000Q002",
        "holder": "Дамяница АД",
        "facility_name": "ТК-2",
        "facility_registration": "13/28.05.2001",
        "water_use_purpose": "промишлени цели",
        "mean_discharge_lps": 0.799,
        "max_discharge_lps": 1.4,
        "daily_authorized_volume_m3": null,
        "annual_authorized_volume_m3": null,
        "hydraulic_conductivity_m_day": null,
        "transmissivity_m2_day": null,
        "aquifer_thickness_m": null,
        "coordinate_method": "official_local",
        "national_register_row": null,
        "latitude_raw": "41°30'24,7\"",
        "longitude_raw": "23°15'26,9\"",
        "coordinate_note": null,
        "status": "active",
        "reference_date": "2026-08-04"
      }
    },
    {
      "type": "Feature",
      "geometry": {
        "type": "Point",
        "coordinates": [
          23.25863889,
          41.50841667
        ]
      },
      "properties": {
        "permit_number_date": "41530056/02.09.2011",
        "permit_number": 41530056.0,
        "canonical_code": "BG4G000000Q002",
        "holder": "Дамяница АД",
        "facility_name": "ТК-3",
        "facility_registration": "14/28.05.2001",
        "water_use_purpose": "промишлени цели",
        "mean_discharge_lps": 1.142,
        "max_discharge_lps": 2.0,
        "daily_authorized_volume_m3": null,
        "annual_authorized_volume_m3": null,
        "hydraulic_conductivity_m_day": null,
        "transmissivity_m2_day": null,
        "aquifer_thickness_m": null,
        "coordinate_method": "official_local",
        "national_register_row": null,
        "latitude_raw": "41°30'30,3\"",
        "longitude_raw": "23°15'31,1\"",
        "coordinate_note": null,
        "status": "active",
        "reference_date": "2026-08-04"
      }
    },
    {
      "type": "Feature",
      "geometry": {
        "type": "Point",
        "coordinates": [
          23.3575,
          41.45218333
        ]
      },
      "properties": {
        "permit_number_date": "41520030/23.04.2012",
        "permit_number": 41520030.0,
        "canonical_code": "BG4G000000Q002",
        "holder": "Биоагроинвест ООД",
        "facility_name": "ТК-1",
        "facility_registration": "833/09.02.2011",
        "water_use_purpose": "земеделски цели",
        "mean_discharge_lps": 0.5,
        "max_discharge_lps": 3.0,
        "daily_authorized_volume_m3": null,
        "annual_authorized_volume_m3": 15330.0,
        "hydraulic_conductivity_m_day": 100.0,
        "transmissivity_m2_day": 124.83,
        "aquifer_thickness_m": 20.0,
        "coordinate_method": "official_local",
        "national_register_row": null,
        "latitude_raw": "41°27'7,86\"",
        "longitude_raw": "23°21'27\"",
        "coordinate_note": null,
        "status": "active",
        "reference_date": "2026-08-04"
      }
    },
    {
      "type": "Feature",
      "geometry": {
        "type": "Point",
        "coordinates": [
          23.26970556,
          41.4999
        ]
      },
      "properties": {
        "permit_number_date": "41530066/25.09.2012",
        "permit_number": 41530066.0,
        "canonical_code": "BG4G000000Q002",
        "holder": "Девня цимент АД",
        "facility_name": "ШК",
        "facility_registration": "188/12.05.2004",
        "water_use_purpose": "други цели ;промишлени цели",
        "mean_discharge_lps": 0.5,
        "max_discharge_lps": 4.2,
        "daily_authorized_volume_m3": 43.28,
        "annual_authorized_volume_m3": 15895.0,
        "hydraulic_conductivity_m_day": 40.2,
        "transmissivity_m2_day": 603.7,
        "aquifer_thickness_m": 15.0,
        "coordinate_method": "official_local",
        "national_register_row": null,
        "latitude_raw": "41°29'59.64\"",
        "longitude_raw": "23°16'10.94\"",
        "coordinate_note": null,
        "status": "active",
        "reference_date": "2026-08-04"
      }
    },
    {
      "type": "Feature",
      "geometry": {
        "type": "Point",
        "coordinates": [
          23.27721389,
          41.49983889
        ]
      },
      "properties": {
        "permit_number_date": "41520044/29.01.2014",
        "permit_number": 41520044.0,
        "canonical_code": "BG4G000000Q002",
        "holder": "А Б Кафтанови ООД",
        "facility_name": "ШК",
        "facility_registration": "408/12.03.2007",
        "water_use_purpose": "земеделски цели",
        "mean_discharge_lps": 0.285,
        "max_discharge_lps": 2.5,
        "daily_authorized_volume_m3": 24.6,
        "annual_authorized_volume_m3": 9000.0,
        "hydraulic_conductivity_m_day": 10.5,
        "transmissivity_m2_day": 158.1,
        "aquifer_thickness_m": 15.0,
        "coordinate_method": "official_local",
        "national_register_row": null,
        "latitude_raw": "41°29'59.42\"",
        "longitude_raw": "23°16'37.97\"",
        "coordinate_note": null,
        "status": "active",
        "reference_date": "2026-08-04"
      }
    },
    {
      "type": "Feature",
      "geometry": {
        "type": "Point",
        "coordinates": [
          23.19465556,
          41.632975
        ]
      },
      "properties": {
        "permit_number_date": "41520052/05.03.2015",
        "permit_number": 41520052.0,
        "canonical_code": "BG4G000000Q002",
        "holder": "ЮЗДП ДП ТП ДГС Струмяни",
        "facility_name": "ШК-1",
        "facility_registration": null,
        "water_use_purpose": "напояване",
        "mean_discharge_lps": 0.58,
        "max_discharge_lps": 20.0,
        "daily_authorized_volume_m3": null,
        "annual_authorized_volume_m3": 18340.0,
        "hydraulic_conductivity_m_day": null,
        "transmissivity_m2_day": 1976.4,
        "aquifer_thickness_m": 20.0,
        "coordinate_method": "official_local",
        "national_register_row": null,
        "latitude_raw": "41° 37' 58,710\"",
        "longitude_raw": "23° 11' 40,760\"",
        "coordinate_note": null,
        "status": "active",
        "reference_date": "2026-08-04"
      }
    },
    {
      "type": "Feature",
      "geometry": {
        "type": "Point",
        "coordinates": [
          23.311,
          41.50720556
        ]
      },
      "properties": {
        "permit_number_date": "41520055/17.06.2015",
        "permit_number": 41520055.0,
        "canonical_code": "BG4G000000Q002",
        "holder": "Доса плод ООД",
        "facility_name": "ТК-2",
        "facility_registration": "937/13.11.2006",
        "water_use_purpose": "напояване",
        "mean_discharge_lps": 1.78,
        "max_discharge_lps": 5.5,
        "daily_authorized_volume_m3": null,
        "annual_authorized_volume_m3": 56260.0,
        "hydraulic_conductivity_m_day": 8.75,
        "transmissivity_m2_day": 290.0,
        "aquifer_thickness_m": 36.0,
        "coordinate_method": "official_local",
        "national_register_row": null,
        "latitude_raw": "41° 30' 25,940\"",
        "longitude_raw": "23° 18' 39,600\"",
        "coordinate_note": null,
        "status": "active",
        "reference_date": "2026-08-04"
      }
    },
    {
      "type": "Feature",
      "geometry": {
        "type": "Point",
        "coordinates": [
          23.31215833,
          41.50882778
        ]
      },
      "properties": {
        "permit_number_date": "41520055/17.06.2015",
        "permit_number": 41520055.0,
        "canonical_code": "BG4G000000Q002",
        "holder": "Доса плод ООД",
        "facility_name": "ТК-3",
        "facility_registration": "938/13.11.2006",
        "water_use_purpose": "напояване",
        "mean_discharge_lps": 1.78,
        "max_discharge_lps": 5.5,
        "daily_authorized_volume_m3": null,
        "annual_authorized_volume_m3": 56260.0,
        "hydraulic_conductivity_m_day": 8.75,
        "transmissivity_m2_day": 235.0,
        "aquifer_thickness_m": 36.0,
        "coordinate_method": "official_local",
        "national_register_row": null,
        "latitude_raw": "41° 30' 31,780\"",
        "longitude_raw": "23° 18' 43,770\"",
        "coordinate_note": null,
        "status": "active",
        "reference_date": "2026-08-04"
      }
    },
    {
      "type": "Feature",
      "geometry": {
        "type": "Point",
        "coordinates": [
          23.25355528,
          41.53722111
        ]
      },
      "properties": {
        "permit_number_date": "41520064/08.06.2016",
        "permit_number": 41520064.0,
        "canonical_code": "BG4G000000Q002",
        "holder": "СОФКОМ ГРУП ЕООД",
        "facility_name": "ТК-1",
        "facility_registration": "1250/23.02.2023",
        "water_use_purpose": "За напояване на земеделски култури",
        "mean_discharge_lps": 0.2,
        "max_discharge_lps": 1.0,
        "daily_authorized_volume_m3": 17.0,
        "annual_authorized_volume_m3": 6200.0,
        "hydraulic_conductivity_m_day": 113.0,
        "transmissivity_m2_day": 113.0,
        "aquifer_thickness_m": null,
        "coordinate_method": "official_local",
        "national_register_row": null,
        "latitude_raw": "41°32'13,996\"",
        "longitude_raw": "23°15'12,799\"",
        "coordinate_note": null,
        "status": "active",
        "reference_date": "2026-08-04"
      }
    },
    {
      "type": "Feature",
      "geometry": {
        "type": "Point",
        "coordinates": [
          23.24093056,
          41.52950556
        ]
      },
      "properties": {
        "permit_number_date": "41520073/08.12.2016",
        "permit_number": 41520073.0,
        "canonical_code": "BG4G000000Q002",
        "holder": "Атанас Стоянов Панчев",
        "facility_name": "ТК-1(Тръбен кладенец)",
        "facility_registration": "1288/23.02.2023",
        "water_use_purpose": "За напояване на земеделски култури",
        "mean_discharge_lps": 0.06,
        "max_discharge_lps": 1.0,
        "daily_authorized_volume_m3": null,
        "annual_authorized_volume_m3": 1890.0,
        "hydraulic_conductivity_m_day": null,
        "transmissivity_m2_day": null,
        "aquifer_thickness_m": null,
        "coordinate_method": "official_local",
        "national_register_row": null,
        "latitude_raw": "41° 31' 46,220\"",
        "longitude_raw": "23° 14' 27,350\"",
        "coordinate_note": null,
        "status": "active",
        "reference_date": "2026-08-04"
      }
    },
    {
      "type": "Feature",
      "geometry": {
        "type": "Point",
        "coordinates": [
          23.19861111,
          41.62938889
        ]
      },
      "properties": {
        "permit_number_date": "41530111/14.02.2017",
        "permit_number": 41530111.0,
        "canonical_code": "BG4G000000Q002",
        "holder": "ДГ Строй ООД",
        "facility_name": "СК-1",
        "facility_registration": "605/07.05.2008",
        "water_use_purpose": "За промишлени цели",
        "mean_discharge_lps": 1.14,
        "max_discharge_lps": 5.0,
        "daily_authorized_volume_m3": null,
        "annual_authorized_volume_m3": 36000.0,
        "hydraulic_conductivity_m_day": null,
        "transmissivity_m2_day": null,
        "aquifer_thickness_m": null,
        "coordinate_method": "official_local",
        "national_register_row": null,
        "latitude_raw": "41°37'45.8\"",
        "longitude_raw": "23°11'55\"",
        "coordinate_note": null,
        "status": "active",
        "reference_date": "2026-08-04"
      }
    },
    {
      "type": "Feature",
      "geometry": {
        "type": "Point",
        "coordinates": [
          23.35637222,
          41.396625
        ]
      },
      "properties": {
        "permit_number_date": "41590200/02.06.2017",
        "permit_number": 41590200.0,
        "canonical_code": "BG4G000000Q002",
        "holder": "ОМВ България ООД",
        "facility_name": "TK-1",
        "facility_registration": "1257/23.02.2023",
        "water_use_purpose": "За други цели-напояване на тревни площи и измиване на бетонови площадки",
        "mean_discharge_lps": 0.127,
        "max_discharge_lps": 1.0,
        "daily_authorized_volume_m3": 10.69,
        "annual_authorized_volume_m3": 4000.0,
        "hydraulic_conductivity_m_day": null,
        "transmissivity_m2_day": null,
        "aquifer_thickness_m": null,
        "coordinate_method": "official_local",
        "national_register_row": null,
        "latitude_raw": "41°23'47.85\"",
        "longitude_raw": "23°21'22,94\"",
        "coordinate_note": null,
        "status": "active",
        "reference_date": "2026-08-04"
      }
    },
    {
      "type": "Feature",
      "geometry": {
        "type": "Point",
        "coordinates": [
          23.36861111,
          41.46388889
        ]
      },
      "properties": {
        "permit_number_date": "41520098/17.04.2018",
        "permit_number": 41520098.0,
        "canonical_code": "BG4G000000Q002",
        "holder": "Бела фрукт АД",
        "facility_name": "ТК-1",
        "facility_registration": "1310/30.03.2023",
        "water_use_purpose": "За напояване на земеделски култури",
        "mean_discharge_lps": 0.63,
        "max_discharge_lps": 5.0,
        "daily_authorized_volume_m3": 54.8,
        "annual_authorized_volume_m3": 20000.0,
        "hydraulic_conductivity_m_day": null,
        "transmissivity_m2_day": 500.0,
        "aquifer_thickness_m": null,
        "coordinate_method": "official_local",
        "national_register_row": null,
        "latitude_raw": "41°27'50.'1\"",
        "longitude_raw": "23°22'7.'6\"",
        "coordinate_note": null,
        "status": "active",
        "reference_date": "2026-08-04"
      }
    },
    {
      "type": "Feature",
      "geometry": {
        "type": "Point",
        "coordinates": [
          23.17277778,
          41.68027778
        ]
      },
      "properties": {
        "permit_number_date": "41520101/16.07.2018",
        "permit_number": 41520101.0,
        "canonical_code": "BG4G000000Q002",
        "holder": "Росен Руменов Маринов ЗП",
        "facility_name": "ТК-1",
        "facility_registration": null,
        "water_use_purpose": "За напояване на земеделски култури",
        "mean_discharge_lps": 0.1,
        "max_discharge_lps": 1.1,
        "daily_authorized_volume_m3": 86.4,
        "annual_authorized_volume_m3": 2901.0,
        "hydraulic_conductivity_m_day": null,
        "transmissivity_m2_day": null,
        "aquifer_thickness_m": null,
        "coordinate_method": "official_local",
        "national_register_row": null,
        "latitude_raw": "41°40'49.'07\"",
        "longitude_raw": "23°10'22.'14\"",
        "coordinate_note": null,
        "status": "active",
        "reference_date": "2026-08-04"
      }
    },
    {
      "type": "Feature",
      "geometry": {
        "type": "Point",
        "coordinates": [
          23.24472222,
          41.52481667
        ]
      },
      "properties": {
        "permit_number_date": "41510567/21.12.2018",
        "permit_number": 41510567.0,
        "canonical_code": "BG4G000000Q002",
        "holder": "Увекс ЕООД Сандански",
        "facility_name": "ШК",
        "facility_registration": null,
        "water_use_purpose": "За питейно-битово водоснабдяване",
        "mean_discharge_lps": 2.53,
        "max_discharge_lps": 6.0,
        "daily_authorized_volume_m3": null,
        "annual_authorized_volume_m3": 82490.0,
        "hydraulic_conductivity_m_day": null,
        "transmissivity_m2_day": null,
        "aquifer_thickness_m": null,
        "coordinate_method": "official_local",
        "national_register_row": null,
        "latitude_raw": "41°31'29.34\"",
        "longitude_raw": "23°14'41.'7\"",
        "coordinate_note": null,
        "status": "active",
        "reference_date": "2026-08-04"
      }
    },
    {
      "type": "Feature",
      "geometry": {
        "type": "Point",
        "coordinates": [
          23.36072778,
          41.38706667
        ]
      },
      "properties": {
        "permit_number_date": "41590231/10.01.2020",
        "permit_number": 41590231.0,
        "canonical_code": "BG4G000000Q002",
        "holder": "Агенция Митници",
        "facility_name": "ТК",
        "facility_registration": "86/19.06.2002",
        "water_use_purpose": "За други цели",
        "mean_discharge_lps": 0.14,
        "max_discharge_lps": 1.0,
        "daily_authorized_volume_m3": null,
        "annual_authorized_volume_m3": 4500.0,
        "hydraulic_conductivity_m_day": null,
        "transmissivity_m2_day": null,
        "aquifer_thickness_m": null,
        "coordinate_method": "official_local",
        "national_register_row": null,
        "latitude_raw": "41°23'13.44\"",
        "longitude_raw": "23°21'38.62\"",
        "coordinate_note": null,
        "status": "active",
        "reference_date": "2026-08-04"
      }
    },
    {
      "type": "Feature",
      "geometry": {
        "type": "Point",
        "coordinates": [
          23.16841667,
          41.70883333
        ]
      },
      "properties": {
        "permit_number_date": "41520111/09.10.2020",
        "permit_number": 41520111.0,
        "canonical_code": "BG4G000000Q002",
        "holder": "Алт Ко ЕООД",
        "facility_name": "ТК-1",
        "facility_registration": "145/08.07.2003",
        "water_use_purpose": "напояване на земеделски култури",
        "mean_discharge_lps": 3.5,
        "max_discharge_lps": 14.3,
        "daily_authorized_volume_m3": null,
        "annual_authorized_volume_m3": 110000.0,
        "hydraulic_conductivity_m_day": null,
        "transmissivity_m2_day": null,
        "aquifer_thickness_m": null,
        "coordinate_method": "official_local",
        "national_register_row": null,
        "latitude_raw": "41°42'31.8\"",
        "longitude_raw": "23°10'6.3\"",
        "coordinate_note": null,
        "status": "active",
        "reference_date": "2026-08-04"
      }
    },
    {
      "type": "Feature",
      "geometry": {
        "type": "Point",
        "coordinates": [
          23.1695,
          41.70741667
        ]
      },
      "properties": {
        "permit_number_date": "41520111/09.10.2020",
        "permit_number": 41520111.0,
        "canonical_code": "BG4G000000Q002",
        "holder": "Алт Ко ЕООД",
        "facility_name": "ТК-2",
        "facility_registration": "146/08.07.2003",
        "water_use_purpose": "напояване на земеделски култури",
        "mean_discharge_lps": null,
        "max_discharge_lps": null,
        "daily_authorized_volume_m3": null,
        "annual_authorized_volume_m3": 110000.0,
        "hydraulic_conductivity_m_day": null,
        "transmissivity_m2_day": null,
        "aquifer_thickness_m": null,
        "coordinate_method": "official_local",
        "national_register_row": null,
        "latitude_raw": "41°42'26.7\"",
        "longitude_raw": "23°10'10.2\"",
        "coordinate_note": "SONDI-derived correction: latitude degree corrected 42->41 based on same-permit facility cluster (TK-1/TK-2/TK-3), official GWB assignment BG4G000000Q002, and spatial validation.",
        "status": "active",
        "reference_date": "2026-08-04"
      }
    },
    {
      "type": "Feature",
      "geometry": {
        "type": "Point",
        "coordinates": [
          23.16911111,
          41.70813889
        ]
      },
      "properties": {
        "permit_number_date": "41520111/09.10.2020",
        "permit_number": 41520111.0,
        "canonical_code": "BG4G000000Q002",
        "holder": "Алт Ко ЕООД",
        "facility_name": "ТК-3-резервен",
        "facility_registration": "721/02.09.2008",
        "water_use_purpose": "напояване на земеделски култури",
        "mean_discharge_lps": null,
        "max_discharge_lps": null,
        "daily_authorized_volume_m3": null,
        "annual_authorized_volume_m3": 110000.0,
        "hydraulic_conductivity_m_day": null,
        "transmissivity_m2_day": null,
        "aquifer_thickness_m": null,
        "coordinate_method": "official_local",
        "national_register_row": null,
        "latitude_raw": "41°42'29.3\"",
        "longitude_raw": "23°10'8.8\"",
        "coordinate_note": null,
        "status": "active",
        "reference_date": "2026-08-04"
      }
    },
    {
      "type": "Feature",
      "geometry": {
        "type": "Point",
        "coordinates": [
          23.27085278,
          41.49610556
        ]
      },
      "properties": {
        "permit_number_date": "41590243/26.10.2020",
        "permit_number": 41590243.0,
        "canonical_code": "BG4G000000Q002",
        "holder": "ЛИДИЯ МАРКЕТ ЕООД",
        "facility_name": "ТК",
        "facility_registration": "1076/16.07.2020",
        "water_use_purpose": "други цели поливане на зелени площи, за измиване на автомобили и хигиенни нужди",
        "mean_discharge_lps": 0.09,
        "max_discharge_lps": 1.666,
        "daily_authorized_volume_m3": null,
        "annual_authorized_volume_m3": 2427.6,
        "hydraulic_conductivity_m_day": null,
        "transmissivity_m2_day": null,
        "aquifer_thickness_m": null,
        "coordinate_method": "official_local",
        "national_register_row": null,
        "latitude_raw": "41°29'45.98\"",
        "longitude_raw": "23°16'15.07\"",
        "coordinate_note": null,
        "status": "active",
        "reference_date": "2026-08-04"
      }
    },
    {
      "type": "Feature",
      "geometry": {
        "type": "Point",
        "coordinates": [
          23.35455278,
          41.39665556
        ]
      },
      "properties": {
        "permit_number_date": "41590292/12.02.2024",
        "permit_number": 41590292.0,
        "canonical_code": "BG4G000000Q002",
        "holder": "Карелия 2011 ООД",
        "facility_name": "ТК-1",
        "facility_registration": "1093/14.01.2021",
        "water_use_purpose": "други цели",
        "mean_discharge_lps": 0.03,
        "max_discharge_lps": 5.5,
        "daily_authorized_volume_m3": null,
        "annual_authorized_volume_m3": 804.2,
        "hydraulic_conductivity_m_day": null,
        "transmissivity_m2_day": null,
        "aquifer_thickness_m": null,
        "coordinate_method": "official_local",
        "national_register_row": null,
        "latitude_raw": "41°23'47.96\"",
        "longitude_raw": "23°21'16.39\"",
        "coordinate_note": null,
        "status": "active",
        "reference_date": "2026-08-04"
      }
    },
    {
      "type": "Feature",
      "geometry": {
        "type": "Point",
        "coordinates": [
          23.16988611,
          41.70822222
        ]
      },
      "properties": {
        "permit_number_date": "41530130/04.07.202124",
        "permit_number": 41530130.0,
        "canonical_code": "BG4G000000Q002",
        "holder": "Раймар ЕООД",
        "facility_name": "ТК-1",
        "facility_registration": "1145/30.03.2022",
        "water_use_purpose": "прпомишлено водоснабдяване",
        "mean_discharge_lps": 0.96,
        "max_discharge_lps": 5.0,
        "daily_authorized_volume_m3": null,
        "annual_authorized_volume_m3": 30300.0,
        "hydraulic_conductivity_m_day": null,
        "transmissivity_m2_day": null,
        "aquifer_thickness_m": null,
        "coordinate_method": "official_local",
        "national_register_row": null,
        "latitude_raw": "41°42'29,60\"",
        "longitude_raw": "23°10'11,59\"",
        "coordinate_note": null,
        "status": "active",
        "reference_date": "2026-08-04"
      }
    },
    {
      "type": "Feature",
      "geometry": {
        "type": "Point",
        "coordinates": [
          23.17221944,
          41.71053056
        ]
      },
      "properties": {
        "permit_number_date": "41590296/23.07.2024",
        "permit_number": 41590296.0,
        "canonical_code": "BG4G000000Q002",
        "holder": "Интернационал ЕООД",
        "facility_name": "ТК-1",
        "facility_registration": "1344/20.06.2023",
        "water_use_purpose": "за други цели",
        "mean_discharge_lps": 0.16,
        "max_discharge_lps": 2.08,
        "daily_authorized_volume_m3": null,
        "annual_authorized_volume_m3": 5034.0,
        "hydraulic_conductivity_m_day": null,
        "transmissivity_m2_day": null,
        "aquifer_thickness_m": null,
        "coordinate_method": "official_local",
        "national_register_row": null,
        "latitude_raw": "41°42'37.91\"",
        "longitude_raw": "23°10'19.99\"",
        "coordinate_note": null,
        "status": "active",
        "reference_date": "2026-08-04"
      }
    },
    {
      "type": "Feature",
      "geometry": {
        "type": "Point",
        "coordinates": [
          23.264975,
          41.53960278
        ]
      },
      "properties": {
        "permit_number_date": "41590297/22.08.2024",
        "permit_number": 41590297.0,
        "canonical_code": "BG4G000000Q002",
        "holder": "Пирос ООД",
        "facility_name": "ТК-1",
        "facility_registration": "1346/21.06.2023",
        "water_use_purpose": "за други цели",
        "mean_discharge_lps": 0.26,
        "max_discharge_lps": 1.666,
        "daily_authorized_volume_m3": null,
        "annual_authorized_volume_m3": 8088.0,
        "hydraulic_conductivity_m_day": null,
        "transmissivity_m2_day": null,
        "aquifer_thickness_m": null,
        "coordinate_method": "official_local",
        "national_register_row": null,
        "latitude_raw": "41°32'22.57\"",
        "longitude_raw": "23°15'53.91\"",
        "coordinate_note": null,
        "status": "active",
        "reference_date": "2026-08-04"
      }
    },
    {
      "type": "Feature",
      "geometry": {
        "type": "Point",
        "coordinates": [
          23.29455278,
          41.50239167
        ]
      },
      "properties": {
        "permit_number_date": "41520136/04.11.2024",
        "permit_number": 41520136.0,
        "canonical_code": "BG4G000000Q002",
        "holder": "В. Р. ЗП",
        "facility_name": "ТК-1",
        "facility_registration": "1341/20.06.2023",
        "water_use_purpose": "самодстоятелно водоснабдяване за напояване на земеделски култури",
        "mean_discharge_lps": 0.1,
        "max_discharge_lps": 4.3,
        "daily_authorized_volume_m3": null,
        "annual_authorized_volume_m3": 3154.0,
        "hydraulic_conductivity_m_day": null,
        "transmissivity_m2_day": null,
        "aquifer_thickness_m": null,
        "coordinate_method": "official_local",
        "national_register_row": null,
        "latitude_raw": "41°30'8.61\"",
        "longitude_raw": "23°17'40.39\"",
        "coordinate_note": null,
        "status": "active",
        "reference_date": "2026-08-04"
      }
    },
    {
      "type": "Feature",
      "geometry": {
        "type": "Point",
        "coordinates": [
          23.20083333,
          41.63272222
        ]
      },
      "properties": {
        "permit_number_date": "41530137/12.05.2025",
        "permit_number": 41530137.0,
        "canonical_code": "BG4G000000Q002",
        "holder": "Черкезов ООД",
        "facility_name": "ТК",
        "facility_registration": "129/07.02.2003",
        "water_use_purpose": "промишлено водоснабдяване",
        "mean_discharge_lps": 0.16,
        "max_discharge_lps": 2.5,
        "daily_authorized_volume_m3": null,
        "annual_authorized_volume_m3": 5000.0,
        "hydraulic_conductivity_m_day": null,
        "transmissivity_m2_day": null,
        "aquifer_thickness_m": null,
        "coordinate_method": "official_local",
        "national_register_row": null,
        "latitude_raw": "41°37'57.8\"",
        "longitude_raw": "23°12'3\"",
        "coordinate_note": null,
        "status": "active",
        "reference_date": "2026-08-04"
      }
    },
    {
      "type": "Feature",
      "geometry": {
        "type": "Point",
        "coordinates": [
          23.31683611,
          41.51714722
        ]
      },
      "properties": {
        "permit_number_date": "41520141/09.06.2025",
        "permit_number": 41520141.0,
        "canonical_code": "BG4G000000Q002",
        "holder": "Я. М.М. ЗП",
        "facility_name": "ТК",
        "facility_registration": "1411/17.09.2024",
        "water_use_purpose": "самостоятелно водоснабдяване за напояване на земеделски култури",
        "mean_discharge_lps": 0.1,
        "max_discharge_lps": 6.6,
        "daily_authorized_volume_m3": null,
        "annual_authorized_volume_m3": 1590.0,
        "hydraulic_conductivity_m_day": null,
        "transmissivity_m2_day": null,
        "aquifer_thickness_m": null,
        "coordinate_method": "official_local",
        "national_register_row": null,
        "latitude_raw": "41°31'01.73\"",
        "longitude_raw": "23°19'00.61\"",
        "coordinate_note": null,
        "status": "active",
        "reference_date": "2026-08-04"
      }
    },
    {
      "type": "Feature",
      "geometry": {
        "type": "Point",
        "coordinates": [
          23.26246111,
          41.46029444
        ]
      },
      "properties": {
        "permit_number_date": "41590322/23.09.2025",
        "permit_number": 41590322.0,
        "canonical_code": "BG4G000000Q002",
        "holder": "Рая Костова ЕООД",
        "facility_name": "ТК-1",
        "facility_registration": "1202/01.2022",
        "water_use_purpose": "други цели",
        "mean_discharge_lps": 0.151,
        "max_discharge_lps": 0.883,
        "daily_authorized_volume_m3": null,
        "annual_authorized_volume_m3": 4775.0,
        "hydraulic_conductivity_m_day": null,
        "transmissivity_m2_day": null,
        "aquifer_thickness_m": null,
        "coordinate_method": "official_local",
        "national_register_row": null,
        "latitude_raw": "41°27'37.06\"",
        "longitude_raw": "23°15'44.86\"",
        "coordinate_note": null,
        "status": "active",
        "reference_date": "2026-08-04"
      }
    },
    {
      "type": "Feature",
      "geometry": {
        "type": "Point",
        "coordinates": [
          23.24035,
          41.53169444
        ]
      },
      "properties": {
        "permit_number_date": "41520147/20.04.2026",
        "permit_number": 41520147.0,
        "canonical_code": "BG4G000000Q002",
        "holder": "Б. Ц. ЗП",
        "facility_name": "ТК \"Цветков\"",
        "facility_registration": "1388/19.03.2024",
        "water_use_purpose": "Самостоятелно напояване на земеделски култури",
        "mean_discharge_lps": 0.04,
        "max_discharge_lps": 1.0,
        "daily_authorized_volume_m3": null,
        "annual_authorized_volume_m3": 1266.0,
        "hydraulic_conductivity_m_day": null,
        "transmissivity_m2_day": null,
        "aquifer_thickness_m": null,
        "coordinate_method": "official_local",
        "national_register_row": null,
        "latitude_raw": "41°31'54,1''",
        "longitude_raw": "23°14'25.26''",
        "coordinate_note": null,
        "status": "active",
        "reference_date": "2026-08-04"
      }
    },
    {
      "type": "Feature",
      "geometry": {
        "type": "Point",
        "coordinates": [
          23.2338,
          41.562525
        ]
      },
      "properties": {
        "permit_number_date": "41520148/18.05.2026",
        "permit_number": 41520148.0,
        "canonical_code": "BG4G000000Q002",
        "holder": "АГРО ЕКСПЕРТ ПЛЮС ЕООД",
        "facility_name": "ТК",
        "facility_registration": "1436/07.05.2025",
        "water_use_purpose": "Самостоятелно напояване на земеделски култури",
        "mean_discharge_lps": 0.1,
        "max_discharge_lps": 11.6,
        "daily_authorized_volume_m3": null,
        "annual_authorized_volume_m3": null,
        "hydraulic_conductivity_m_day": null,
        "transmissivity_m2_day": null,
        "aquifer_thickness_m": null,
        "coordinate_method": "official_local",
        "national_register_row": null,
        "latitude_raw": "41°33'45.09\"",
        "longitude_raw": "23°14'01.68\"",
        "coordinate_note": null,
        "status": "active",
        "reference_date": "2026-08-04"
      }
    },
    {
      "type": "Feature",
      "geometry": {
        "type": "Point",
        "coordinates": [
          23.26114806,
          41.52286056
        ]
      },
      "properties": {
        "permit_number_date": "41520152/05.06.2026",
        "permit_number": 41520152.0,
        "canonical_code": "BG4G000000Q002",
        "holder": "Никола Ванеса-2018 ЕООД",
        "facility_name": "ТК-1",
        "facility_registration": "1482/02.03.2026",
        "water_use_purpose": "самостоятелно водоснабдяване за напояване на земеделски култури",
        "mean_discharge_lps": 0.84,
        "max_discharge_lps": 6.666,
        "daily_authorized_volume_m3": null,
        "annual_authorized_volume_m3": 26400.0,
        "hydraulic_conductivity_m_day": null,
        "transmissivity_m2_day": null,
        "aquifer_thickness_m": null,
        "coordinate_method": "official_local",
        "national_register_row": null,
        "latitude_raw": "41°31'22.298\"",
        "longitude_raw": "23°15'40.133\"",
        "coordinate_note": null,
        "status": "active",
        "reference_date": "2026-08-04"
      }
    },
    {
      "type": "Feature",
      "geometry": {
        "type": "Point",
        "coordinates": [
          23.14263889,
          41.85025
        ]
      },
      "properties": {
        "permit_number_date": "41510074/30.03.2007",
        "permit_number": 41510074.0,
        "canonical_code": "BG4G000000Q003",
        "holder": "В и К ЕООД Благоевград",
        "facility_name": "ВС\"Полето\"",
        "facility_registration": "481/30.03.2007",
        "water_use_purpose": "питейно-битови",
        "mean_discharge_lps": null,
        "max_discharge_lps": null,
        "daily_authorized_volume_m3": 38.3,
        "annual_authorized_volume_m3": 31500.0,
        "hydraulic_conductivity_m_day": null,
        "transmissivity_m2_day": null,
        "aquifer_thickness_m": null,
        "coordinate_method": "official_local",
        "national_register_row": null,
        "latitude_raw": "41°51'0,9\"",
        "longitude_raw": "23°8'33,5\"",
        "coordinate_note": null,
        "status": "active",
        "reference_date": "2026-08-04"
      }
    },
    {
      "type": "Feature",
      "geometry": {
        "type": "Point",
        "coordinates": [
          23.11722222,
          41.87416667
        ]
      },
      "properties": {
        "permit_number_date": "41520029/18.04.2012",
        "permit_number": 41520029.0,
        "canonical_code": "BG4G000000Q003",
        "holder": "ДГС\"Симитли\"",
        "facility_name": "ТК",
        "facility_registration": "881/18.04.2012",
        "water_use_purpose": "земеделски цели",
        "mean_discharge_lps": 0.67,
        "max_discharge_lps": 1.95,
        "daily_authorized_volume_m3": 176.0,
        "annual_authorized_volume_m3": 21120.0,
        "hydraulic_conductivity_m_day": 158.11,
        "transmissivity_m2_day": 118.85,
        "aquifer_thickness_m": 20.0,
        "coordinate_method": "official_local",
        "national_register_row": null,
        "latitude_raw": "41° 52' 27,000\"",
        "longitude_raw": "23° 7' 2,000\"",
        "coordinate_note": null,
        "status": "active",
        "reference_date": "2026-08-04"
      }
    },
    {
      "type": "Feature",
      "geometry": {
        "type": "Point",
        "coordinates": [
          23.11001361,
          41.8885475
        ]
      },
      "properties": {
        "permit_number_date": "41520031/14.05.2012",
        "permit_number": 41520031.0,
        "canonical_code": "BG4G000000Q003",
        "holder": "Росела АД",
        "facility_name": "ТК-1",
        "facility_registration": "126/23.01.2003",
        "water_use_purpose": "земеделски цели",
        "mean_discharge_lps": 2.2,
        "max_discharge_lps": null,
        "daily_authorized_volume_m3": null,
        "annual_authorized_volume_m3": null,
        "hydraulic_conductivity_m_day": null,
        "transmissivity_m2_day": null,
        "aquifer_thickness_m": null,
        "coordinate_method": "official_local",
        "national_register_row": null,
        "latitude_raw": "41° 53' 18,771\"",
        "longitude_raw": "23° 6' 36,049\"",
        "coordinate_note": null,
        "status": "active",
        "reference_date": "2026-08-04"
      }
    },
    {
      "type": "Feature",
      "geometry": {
        "type": "Point",
        "coordinates": [
          23.10910806,
          41.88726972
        ]
      },
      "properties": {
        "permit_number_date": "41520031/14.05.2012",
        "permit_number": 41520031.0,
        "canonical_code": "BG4G000000Q003",
        "holder": "Росела АД",
        "facility_name": "ТК-2",
        "facility_registration": "127/23.01.2003",
        "water_use_purpose": "земеделски цели",
        "mean_discharge_lps": null,
        "max_discharge_lps": 1.95,
        "daily_authorized_volume_m3": 192.0,
        "annual_authorized_volume_m3": 70080.0,
        "hydraulic_conductivity_m_day": 100.0,
        "transmissivity_m2_day": 88.4,
        "aquifer_thickness_m": 20.0,
        "coordinate_method": "official_local",
        "national_register_row": null,
        "latitude_raw": "41° 53' 14,171\"",
        "longitude_raw": "23° 6' 32,789\"",
        "coordinate_note": null,
        "status": "active",
        "reference_date": "2026-08-04"
      }
    },
    {
      "type": "Feature",
      "geometry": {
        "type": "Point",
        "coordinates": [
          23.10942806,
          41.88750528
        ]
      },
      "properties": {
        "permit_number_date": "41520031/14.05.2012",
        "permit_number": 41520031.0,
        "canonical_code": "BG4G000000Q003",
        "holder": "Росела АД",
        "facility_name": "ТК-3",
        "facility_registration": "128/23.01.2003",
        "water_use_purpose": "земеделски цели",
        "mean_discharge_lps": null,
        "max_discharge_lps": 4.85,
        "daily_authorized_volume_m3": null,
        "annual_authorized_volume_m3": null,
        "hydraulic_conductivity_m_day": 100.0,
        "transmissivity_m2_day": 191.0,
        "aquifer_thickness_m": 20.0,
        "coordinate_method": "official_local",
        "national_register_row": null,
        "latitude_raw": "41° 53' 15,019\"",
        "longitude_raw": "23° 6' 33,941\"",
        "coordinate_note": null,
        "status": "active",
        "reference_date": "2026-08-04"
      }
    },
    {
      "type": "Feature",
      "geometry": {
        "type": "Point",
        "coordinates": [
          23.14113889,
          41.84866667
        ]
      },
      "properties": {
        "permit_number_date": "41590141/02.06.2014",
        "permit_number": 41590141.0,
        "canonical_code": "BG4G000000Q003",
        "holder": "Енемона екогаз ООД",
        "facility_name": "ШК",
        "facility_registration": "879/01.08.2011",
        "water_use_purpose": "други цели",
        "mean_discharge_lps": 0.58,
        "max_discharge_lps": 0.15,
        "daily_authorized_volume_m3": 50.112,
        "annual_authorized_volume_m3": 18302.0,
        "hydraulic_conductivity_m_day": 233.0,
        "transmissivity_m2_day": 349.0,
        "aquifer_thickness_m": 1.5,
        "coordinate_method": "official_local",
        "national_register_row": null,
        "latitude_raw": "41°50'55.2\"",
        "longitude_raw": "23°08'28.1\"",
        "coordinate_note": null,
        "status": "active",
        "reference_date": "2026-08-04"
      }
    },
    {
      "type": "Feature",
      "geometry": {
        "type": "Point",
        "coordinates": [
          23.13537874,
          41.86155339
        ]
      },
      "properties": {
        "permit_number_date": "41530096/03.09.2015",
        "permit_number": 41530096.0,
        "canonical_code": "BG4G000000Q003",
        "holder": "Оникс 2014 ЕООД",
        "facility_name": "ШК-1",
        "facility_registration": "724/26.09.2008",
        "water_use_purpose": "промишлени цели - водоснабдяване на промишлена база - промиване на инертни материали и происводство на бетон",
        "mean_discharge_lps": 5.6,
        "max_discharge_lps": 24.0,
        "daily_authorized_volume_m3": null,
        "annual_authorized_volume_m3": 176000.0,
        "hydraulic_conductivity_m_day": 41.0,
        "transmissivity_m2_day": 759.0,
        "aquifer_thickness_m": 18.5,
        "coordinate_method": "official_local",
        "national_register_row": null,
        "latitude_raw": "41°51'41.592195\"",
        "longitude_raw": "23°08'07.36345\"",
        "coordinate_note": null,
        "status": "active",
        "reference_date": "2026-08-04"
      }
    },
    {
      "type": "Feature",
      "geometry": {
        "type": "Point",
        "coordinates": [
          23.10864167,
          41.88555278
        ]
      },
      "properties": {
        "permit_number_date": "41590189/01.09.2016",
        "permit_number": 41590189.0,
        "canonical_code": "BG4G000000Q003",
        "holder": "Община Симитли",
        "facility_name": "ТК-1",
        "facility_registration": null,
        "water_use_purpose": "За други цели -поливане на зелени площи и измиване на алеи",
        "mean_discharge_lps": 0.29,
        "max_discharge_lps": 2.0,
        "daily_authorized_volume_m3": 25.1,
        "annual_authorized_volume_m3": 9145.44,
        "hydraulic_conductivity_m_day": null,
        "transmissivity_m2_day": 100.0,
        "aquifer_thickness_m": null,
        "coordinate_method": "official_local",
        "national_register_row": null,
        "latitude_raw": "41° 53' 7,990\"",
        "longitude_raw": "23° 6' 31,110\"",
        "coordinate_note": null,
        "status": "active",
        "reference_date": "2026-08-04"
      }
    },
    {
      "type": "Feature",
      "geometry": {
        "type": "Point",
        "coordinates": [
          23.11638889,
          41.89065556
        ]
      },
      "properties": {
        "permit_number_date": "41510565/26.11.2018",
        "permit_number": 41510565.0,
        "canonical_code": "BG4G000000Q003",
        "holder": "В и К ЕООД Благоевград",
        "facility_name": "ШК-1",
        "facility_registration": "88/21.06.2002",
        "water_use_purpose": "За питейно-битово водоснабдяване",
        "mean_discharge_lps": 9.6,
        "max_discharge_lps": 48.0,
        "daily_authorized_volume_m3": null,
        "annual_authorized_volume_m3": 300000.0,
        "hydraulic_conductivity_m_day": null,
        "transmissivity_m2_day": null,
        "aquifer_thickness_m": null,
        "coordinate_method": "official_local",
        "national_register_row": null,
        "latitude_raw": "41°53'26.36\"",
        "longitude_raw": "23°6'59.'14\"",
        "coordinate_note": null,
        "status": "active",
        "reference_date": "2026-08-04"
      }
    },
    {
      "type": "Feature",
      "geometry": {
        "type": "Point",
        "coordinates": [
          23.1218,
          41.8715
        ]
      },
      "properties": {
        "permit_number_date": "41530128/11.03.2024",
        "permit_number": 41530128.0,
        "canonical_code": "BG4G000000Q003",
        "holder": "Ликовци ООД",
        "facility_name": "ШК",
        "facility_registration": "873/17.11.2011",
        "water_use_purpose": "Охлаждане",
        "mean_discharge_lps": 0.08,
        "max_discharge_lps": 4.16,
        "daily_authorized_volume_m3": null,
        "annual_authorized_volume_m3": 1948.0,
        "hydraulic_conductivity_m_day": null,
        "transmissivity_m2_day": null,
        "aquifer_thickness_m": null,
        "coordinate_method": "official_local",
        "national_register_row": null,
        "latitude_raw": "41°52'17.4\"",
        "longitude_raw": "23°7'18.48\"",
        "coordinate_note": null,
        "status": "active",
        "reference_date": "2026-08-04"
      }
    },
    {
      "type": "Feature",
      "geometry": {
        "type": "Point",
        "coordinates": [
          23.141855,
          41.84829583
        ]
      },
      "properties": {
        "permit_number_date": "41590305/06.01.2025",
        "permit_number": 41590305.0,
        "canonical_code": "BG4G000000Q003",
        "holder": "Х КЛУБ КОНСУЛТ ЕООД",
        "facility_name": "ШК",
        "facility_registration": "1383/01.03.2024",
        "water_use_purpose": "други цели",
        "mean_discharge_lps": 0.05,
        "max_discharge_lps": 0.5,
        "daily_authorized_volume_m3": null,
        "annual_authorized_volume_m3": 1580.0,
        "hydraulic_conductivity_m_day": null,
        "transmissivity_m2_day": null,
        "aquifer_thickness_m": null,
        "coordinate_method": "official_local",
        "national_register_row": null,
        "latitude_raw": "41°50'53.865\"",
        "longitude_raw": "23°08'30.678\"",
        "coordinate_note": null,
        "status": "active",
        "reference_date": "2026-08-04"
      }
    },
    {
      "type": "Feature",
      "geometry": {
        "type": "Point",
        "coordinates": [
          23.11556667,
          41.88909722
        ]
      },
      "properties": {
        "permit_number_date": "41590333/07.04.2026",
        "permit_number": 41590333.0,
        "canonical_code": "BG4G000000Q003",
        "holder": "Снап КАР ООД",
        "facility_name": "ТК \"СНАП КАР\"",
        "facility_registration": "1413/17.09.2024",
        "water_use_purpose": "за други цели",
        "mean_discharge_lps": 0.26,
        "max_discharge_lps": 2.0,
        "daily_authorized_volume_m3": null,
        "annual_authorized_volume_m3": 8054.0,
        "hydraulic_conductivity_m_day": null,
        "transmissivity_m2_day": null,
        "aquifer_thickness_m": null,
        "coordinate_method": "official_local",
        "national_register_row": null,
        "latitude_raw": "41°53'20,75''",
        "longitude_raw": "23°06'56.04''",
        "coordinate_note": "SONDI-derived correction: one-degree coordinate correction validated by official GWB assignment and unique +/-1 degree spatial match.",
        "status": "active",
        "reference_date": "2026-08-04"
      }
    },
    {
      "type": "Feature",
      "geometry": {
        "type": "Point",
        "coordinates": [
          23.13285833,
          41.86520833
        ]
      },
      "properties": {
        "permit_number_date": "41590339/28.07.2026",
        "permit_number": 41590339.0,
        "canonical_code": "BG4G000000Q003",
        "holder": "ГЕОРЕСУРС ЕООД",
        "facility_name": "ТК-1",
        "facility_registration": "1450/18.07.2025",
        "water_use_purpose": "за други цели",
        "mean_discharge_lps": 0.158,
        "max_discharge_lps": 10.0,
        "daily_authorized_volume_m3": null,
        "annual_authorized_volume_m3": 4992.0,
        "hydraulic_conductivity_m_day": null,
        "transmissivity_m2_day": null,
        "aquifer_thickness_m": null,
        "coordinate_method": "official_local",
        "national_register_row": null,
        "latitude_raw": "41°51'54,75''",
        "longitude_raw": "23°07'58.29''",
        "coordinate_note": null,
        "status": "active",
        "reference_date": "2026-08-04"
      }
    },
    {
      "type": "Feature",
      "geometry": {
        "type": "Point",
        "coordinates": [
          23.13288333,
          41.86625833
        ]
      },
      "properties": {
        "permit_number_date": "41590339/28.07.2026",
        "permit_number": 41590339.0,
        "canonical_code": "BG4G000000Q003",
        "holder": "ГЕОРЕСУРС ЕООД",
        "facility_name": "ТК-2",
        "facility_registration": "1451/18.07.2025",
        "water_use_purpose": "за други цели",
        "mean_discharge_lps": 0.072,
        "max_discharge_lps": 2.67,
        "daily_authorized_volume_m3": null,
        "annual_authorized_volume_m3": 2268.0,
        "hydraulic_conductivity_m_day": null,
        "transmissivity_m2_day": null,
        "aquifer_thickness_m": null,
        "coordinate_method": "official_local",
        "national_register_row": null,
        "latitude_raw": "41°51'58,53''",
        "longitude_raw": "23°07'58.38''",
        "coordinate_note": null,
        "status": "active",
        "reference_date": "2026-08-04"
      }
    },
    {
      "type": "Feature",
      "geometry": {
        "type": "Point",
        "coordinates": [
          23.05173583,
          42.01849556
        ]
      },
      "properties": {
        "permit_number_date": "41510028/13.03.2007",
        "permit_number": 41510028.0,
        "canonical_code": "BG4G000000Q004",
        "holder": "В и К ЕООД Благоевград",
        "facility_name": "ШК-1",
        "facility_registration": "414/13.03.2007",
        "water_use_purpose": "питейно-битови",
        "mean_discharge_lps": 9.57,
        "max_discharge_lps": 160.0,
        "daily_authorized_volume_m3": "3350-6700",
        "annual_authorized_volume_m3": 300000.0,
        "hydraulic_conductivity_m_day": null,
        "transmissivity_m2_day": null,
        "aquifer_thickness_m": null,
        "coordinate_method": "official_local",
        "national_register_row": null,
        "latitude_raw": "42° 1' 6,584\"",
        "longitude_raw": "23° 3' 6,249\"",
        "coordinate_note": null,
        "status": "active",
        "reference_date": "2026-08-04"
      }
    },
    {
      "type": "Feature",
      "geometry": {
        "type": "Point",
        "coordinates": [
          23.05038,
          42.02171639
        ]
      },
      "properties": {
        "permit_number_date": "41510028/13.03.2007",
        "permit_number": 41510028.0,
        "canonical_code": "BG4G000000Q004",
        "holder": "В и К ЕООД Благоевград",
        "facility_name": "ШК-2",
        "facility_registration": "415/13.03.2007",
        "water_use_purpose": "питейно-битови",
        "mean_discharge_lps": null,
        "max_discharge_lps": null,
        "daily_authorized_volume_m3": null,
        "annual_authorized_volume_m3": null,
        "hydraulic_conductivity_m_day": null,
        "transmissivity_m2_day": null,
        "aquifer_thickness_m": null,
        "coordinate_method": "official_local",
        "national_register_row": null,
        "latitude_raw": "42° 1' 18,179\"",
        "longitude_raw": "23° 3' 1,368\"",
        "coordinate_note": null,
        "status": "active",
        "reference_date": "2026-08-04"
      }
    },
    {
      "type": "Feature",
      "geometry": {
        "type": "Point",
        "coordinates": [
          23.05229722,
          42.0161275
        ]
      },
      "properties": {
        "permit_number_date": "41510028/13.03.2007",
        "permit_number": 41510028.0,
        "canonical_code": "BG4G000000Q004",
        "holder": "В и К ЕООД Благоевград",
        "facility_name": "ШК-3",
        "facility_registration": "416/13.03.2007",
        "water_use_purpose": "питейно-битови",
        "mean_discharge_lps": null,
        "max_discharge_lps": null,
        "daily_authorized_volume_m3": null,
        "annual_authorized_volume_m3": null,
        "hydraulic_conductivity_m_day": null,
        "transmissivity_m2_day": null,
        "aquifer_thickness_m": null,
        "coordinate_method": "official_local",
        "national_register_row": null,
        "latitude_raw": "42° 0' 58,059\"",
        "longitude_raw": "23° 3' 8,270\"",
        "coordinate_note": null,
        "status": "active",
        "reference_date": "2026-08-04"
      }
    },
    {
      "type": "Feature",
      "geometry": {
        "type": "Point",
        "coordinates": [
          23.05198028,
          42.01723361
        ]
      },
      "properties": {
        "permit_number_date": "41510028/13.03.2007",
        "permit_number": 41510028.0,
        "canonical_code": "BG4G000000Q004",
        "holder": "В и К ЕООД Благоевград",
        "facility_name": "ШК-4",
        "facility_registration": "417/13.03.2007",
        "water_use_purpose": "питейно-битови",
        "mean_discharge_lps": null,
        "max_discharge_lps": null,
        "daily_authorized_volume_m3": null,
        "annual_authorized_volume_m3": null,
        "hydraulic_conductivity_m_day": null,
        "transmissivity_m2_day": null,
        "aquifer_thickness_m": null,
        "coordinate_method": "official_local",
        "national_register_row": null,
        "latitude_raw": "42° 1' 2,041\"",
        "longitude_raw": "23° 3' 7,129\"",
        "coordinate_note": null,
        "status": "active",
        "reference_date": "2026-08-04"
      }
    },
    {
      "type": "Feature",
      "geometry": {
        "type": "Point",
        "coordinates": [
          23.05302611,
          42.01515111
        ]
      },
      "properties": {
        "permit_number_date": "41510028/13.03.2007",
        "permit_number": 41510028.0,
        "canonical_code": "BG4G000000Q004",
        "holder": "В и К ЕООД Благоевград",
        "facility_name": "ШК-5",
        "facility_registration": "418/13.03.2007",
        "water_use_purpose": "питейно-битови",
        "mean_discharge_lps": null,
        "max_discharge_lps": null,
        "daily_authorized_volume_m3": null,
        "annual_authorized_volume_m3": null,
        "hydraulic_conductivity_m_day": null,
        "transmissivity_m2_day": null,
        "aquifer_thickness_m": null,
        "coordinate_method": "official_local",
        "national_register_row": null,
        "latitude_raw": "42° 0' 54,544\"",
        "longitude_raw": "23° 3' 10,894\"",
        "coordinate_note": null,
        "status": "active",
        "reference_date": "2026-08-04"
      }
    },
    {
      "type": "Feature",
      "geometry": {
        "type": "Point",
        "coordinates": [
          23.05450306,
          42.01319861
        ]
      },
      "properties": {
        "permit_number_date": "41510028/13.03.2007",
        "permit_number": 41510028.0,
        "canonical_code": "BG4G000000Q004",
        "holder": "В и К ЕООД Благоевград",
        "facility_name": "ШК-6",
        "facility_registration": "419/13.03.2007",
        "water_use_purpose": "питейно-битови",
        "mean_discharge_lps": null,
        "max_discharge_lps": null,
        "daily_authorized_volume_m3": null,
        "annual_authorized_volume_m3": null,
        "hydraulic_conductivity_m_day": null,
        "transmissivity_m2_day": null,
        "aquifer_thickness_m": null,
        "coordinate_method": "official_local",
        "national_register_row": null,
        "latitude_raw": "42° 0' 47,515\"",
        "longitude_raw": "23° 3' 16,211\"",
        "coordinate_note": null,
        "status": "active",
        "reference_date": "2026-08-04"
      }
    },
    {
      "type": "Feature",
      "geometry": {
        "type": "Point",
        "coordinates": [
          23.05110722,
          42.01965056
        ]
      },
      "properties": {
        "permit_number_date": "41510028/13.03.2007",
        "permit_number": 41510028.0,
        "canonical_code": "BG4G000000Q004",
        "holder": "В и К ЕООД Благоевград",
        "facility_name": "ШК-7",
        "facility_registration": "420/13.03.2007",
        "water_use_purpose": "питейно-битови",
        "mean_discharge_lps": null,
        "max_discharge_lps": null,
        "daily_authorized_volume_m3": null,
        "annual_authorized_volume_m3": null,
        "hydraulic_conductivity_m_day": null,
        "transmissivity_m2_day": null,
        "aquifer_thickness_m": null,
        "coordinate_method": "official_local",
        "national_register_row": null,
        "latitude_raw": "42° 1' 10,742\"",
        "longitude_raw": "23° 3' 3,986\"",
        "coordinate_note": null,
        "status": "active",
        "reference_date": "2026-08-04"
      }
    },
    {
      "type": "Feature",
      "geometry": {
        "type": "Point",
        "coordinates": [
          23.05376083,
          42.0141775
        ]
      },
      "properties": {
        "permit_number_date": "41510028/13.03.2007",
        "permit_number": 41510028.0,
        "canonical_code": "BG4G000000Q004",
        "holder": "В и К ЕООД Благоевград",
        "facility_name": "ШК-8",
        "facility_registration": "421/13.03.2007",
        "water_use_purpose": "питейно-битови",
        "mean_discharge_lps": null,
        "max_discharge_lps": null,
        "daily_authorized_volume_m3": null,
        "annual_authorized_volume_m3": null,
        "hydraulic_conductivity_m_day": null,
        "transmissivity_m2_day": null,
        "aquifer_thickness_m": null,
        "coordinate_method": "official_local",
        "national_register_row": null,
        "latitude_raw": "42° 0' 51,039\"",
        "longitude_raw": "23° 3' 13,539\"",
        "coordinate_note": null,
        "status": "active",
        "reference_date": "2026-08-04"
      }
    },
    {
      "type": "Feature",
      "geometry": {
        "type": "Point",
        "coordinates": [
          23.0552475,
          42.0122025
        ]
      },
      "properties": {
        "permit_number_date": "41510028/13.03.2007",
        "permit_number": 41510028.0,
        "canonical_code": "BG4G000000Q004",
        "holder": "В и К ЕООД Благоевград",
        "facility_name": "ШК-9",
        "facility_registration": "422/13.03.2007",
        "water_use_purpose": "питейно-битови",
        "mean_discharge_lps": null,
        "max_discharge_lps": null,
        "daily_authorized_volume_m3": null,
        "annual_authorized_volume_m3": null,
        "hydraulic_conductivity_m_day": null,
        "transmissivity_m2_day": null,
        "aquifer_thickness_m": null,
        "coordinate_method": "official_local",
        "national_register_row": null,
        "latitude_raw": "42° 0' 43,929\"",
        "longitude_raw": "23° 3' 18,891\"",
        "coordinate_note": null,
        "status": "active",
        "reference_date": "2026-08-04"
      }
    },
    {
      "type": "Feature",
      "geometry": {
        "type": "Point",
        "coordinates": [
          23.05062861,
          42.02059806
        ]
      },
      "properties": {
        "permit_number_date": "41510028/13.03.2007",
        "permit_number": 41510028.0,
        "canonical_code": "BG4G000000Q004",
        "holder": "В и К ЕООД Благоевград",
        "facility_name": "ШК-10",
        "facility_registration": "423/13.03.2007",
        "water_use_purpose": "питейно-битови",
        "mean_discharge_lps": null,
        "max_discharge_lps": null,
        "daily_authorized_volume_m3": null,
        "annual_authorized_volume_m3": null,
        "hydraulic_conductivity_m_day": null,
        "transmissivity_m2_day": null,
        "aquifer_thickness_m": null,
        "coordinate_method": "official_local",
        "national_register_row": null,
        "latitude_raw": "42° 1' 14,153\"",
        "longitude_raw": "23° 3' 2,263\"",
        "coordinate_note": null,
        "status": "active",
        "reference_date": "2026-08-04"
      }
    },
    {
      "type": "Feature",
      "geometry": {
        "type": "Point",
        "coordinates": [
          23.05598972,
          42.01121083
        ]
      },
      "properties": {
        "permit_number_date": "41510028/13.03.2007",
        "permit_number": 41510028.0,
        "canonical_code": "BG4G000000Q004",
        "holder": "В и К ЕООД Благоевград",
        "facility_name": "ШК-11",
        "facility_registration": "424/13.03.2007",
        "water_use_purpose": "питейно-битови",
        "mean_discharge_lps": null,
        "max_discharge_lps": null,
        "daily_authorized_volume_m3": null,
        "annual_authorized_volume_m3": null,
        "hydraulic_conductivity_m_day": null,
        "transmissivity_m2_day": null,
        "aquifer_thickness_m": null,
        "coordinate_method": "official_local",
        "national_register_row": null,
        "latitude_raw": "42° 0' 40,359\"",
        "longitude_raw": "23° 3' 21,563\"",
        "coordinate_note": null,
        "status": "active",
        "reference_date": "2026-08-04"
      }
    },
    {
      "type": "Feature",
      "geometry": {
        "type": "Point",
        "coordinates": [
          23.03891667,
          42.27469444
        ]
      },
      "properties": {
        "permit_number_date": "41510109/23.07.2007",
        "permit_number": 41510109.0,
        "canonical_code": "BG4G000000Q004",
        "holder": "В и К Дупница ООД",
        "facility_name": "Каптаж\"Царичина\"",
        "facility_registration": "552/23.07.2007",
        "water_use_purpose": "питейно-битови",
        "mean_discharge_lps": null,
        "max_discharge_lps": null,
        "daily_authorized_volume_m3": 173.0,
        "annual_authorized_volume_m3": 63072.0,
        "hydraulic_conductivity_m_day": null,
        "transmissivity_m2_day": null,
        "aquifer_thickness_m": null,
        "coordinate_method": "official_local",
        "national_register_row": null,
        "latitude_raw": "42° 16' 28,900\"",
        "longitude_raw": "23° 2' 20,100\"",
        "coordinate_note": null,
        "status": "active",
        "reference_date": "2026-08-04"
      }
    },
    {
      "type": "Feature",
      "geometry": {
        "type": "Point",
        "coordinates": [
          23.09793694,
          41.94539056
        ]
      },
      "properties": {
        "permit_number_date": "41510106/23.07.2007",
        "permit_number": 41510106.0,
        "canonical_code": "BG4G000000Q004",
        "holder": "В и К ЕООД Благоевград",
        "facility_name": "ШК-1",
        "facility_registration": "553/23.07.2007",
        "water_use_purpose": "питейно-битови",
        "mean_discharge_lps": 0.4,
        "max_discharge_lps": 3.4,
        "daily_authorized_volume_m3": 32.9,
        "annual_authorized_volume_m3": 12000.0,
        "hydraulic_conductivity_m_day": null,
        "transmissivity_m2_day": null,
        "aquifer_thickness_m": null,
        "coordinate_method": "official_local",
        "national_register_row": null,
        "latitude_raw": "41° 56' 43,406\"",
        "longitude_raw": "23° 5' 52,573\"",
        "coordinate_note": null,
        "status": "active",
        "reference_date": "2026-08-04"
      }
    },
    {
      "type": "Feature",
      "geometry": {
        "type": "Point",
        "coordinates": [
          23.05975056,
          41.99041278
        ]
      },
      "properties": {
        "permit_number_date": "41590013/13.08.2007",
        "permit_number": 41590013.0,
        "canonical_code": "BG4G000000Q004",
        "holder": "ГБС Благоевград АД",
        "facility_name": "ТК-1",
        "facility_registration": "19/15.06.2001",
        "water_use_purpose": "промишлени и други цели",
        "mean_discharge_lps": 0.32,
        "max_discharge_lps": 0.7,
        "daily_authorized_volume_m3": 40.0,
        "annual_authorized_volume_m3": 9960.0,
        "hydraulic_conductivity_m_day": 46.0,
        "transmissivity_m2_day": 360.0,
        "aquifer_thickness_m": 3.47,
        "coordinate_method": "official_local",
        "national_register_row": null,
        "latitude_raw": "41° 59' 25,486\"",
        "longitude_raw": "23° 3' 35,102\"",
        "coordinate_note": null,
        "status": "active",
        "reference_date": "2026-08-04"
      }
    },
    {
      "type": "Feature",
      "geometry": {
        "type": "Point",
        "coordinates": [
          23.08501278,
          42.01046972
        ]
      },
      "properties": {
        "permit_number_date": "41530013/23.10.2007",
        "permit_number": 41530013.0,
        "canonical_code": "BG4G000000Q004",
        "holder": "Струматекс АД",
        "facility_name": "ШК-2",
        "facility_registration": "72/21.03.2002",
        "water_use_purpose": "промишлени цели",
        "mean_discharge_lps": 6.0,
        "max_discharge_lps": 6.2,
        "daily_authorized_volume_m3": null,
        "annual_authorized_volume_m3": null,
        "hydraulic_conductivity_m_day": null,
        "transmissivity_m2_day": null,
        "aquifer_thickness_m": null,
        "coordinate_method": "official_local",
        "national_register_row": null,
        "latitude_raw": "42° 0' 37,691\"",
        "longitude_raw": "23° 5' 6,046\"",
        "coordinate_note": null,
        "status": "active",
        "reference_date": "2026-08-04"
      }
    },
    {
      "type": "Feature",
      "geometry": {
        "type": "Point",
        "coordinates": [
          23.06861778,
          41.98163667
        ]
      },
      "properties": {
        "permit_number_date": "41590045/30.06.2008",
        "permit_number": 41590045.0,
        "canonical_code": "BG4G000000Q004",
        "holder": "ЕТ Моторок-Атанас Малаков",
        "facility_name": "ШК-1",
        "facility_registration": "102/04.10.2002",
        "water_use_purpose": "други цели",
        "mean_discharge_lps": 0.013,
        "max_discharge_lps": 1.1,
        "daily_authorized_volume_m3": null,
        "annual_authorized_volume_m3": 400.0,
        "hydraulic_conductivity_m_day": null,
        "transmissivity_m2_day": null,
        "aquifer_thickness_m": null,
        "coordinate_method": "official_local",
        "national_register_row": null,
        "latitude_raw": "41° 58' 53,892\"",
        "longitude_raw": "23° 4' 7,024\"",
        "coordinate_note": null,
        "status": "active",
        "reference_date": "2026-08-04"
      }
    },
    {
      "type": "Feature",
      "geometry": {
        "type": "Point",
        "coordinates": [
          23.07573222,
          42.00833333
        ]
      },
      "properties": {
        "permit_number_date": "41590059/01.04.2009",
        "permit_number": 41590059.0,
        "canonical_code": "BG4G000000Q004",
        "holder": "Шел България АД",
        "facility_name": "СК-1",
        "facility_registration": "84/12.06.2002",
        "water_use_purpose": "други цели",
        "mean_discharge_lps": 0.086,
        "max_discharge_lps": 1.5,
        "daily_authorized_volume_m3": 7.44,
        "annual_authorized_volume_m3": 2716.0,
        "hydraulic_conductivity_m_day": null,
        "transmissivity_m2_day": null,
        "aquifer_thickness_m": null,
        "coordinate_method": "official_local",
        "national_register_row": null,
        "latitude_raw": "42°00'30.'053\"",
        "longitude_raw": "23°04'32.636\"",
        "coordinate_note": null,
        "status": "active",
        "reference_date": "2026-08-04"
      }
    },
    {
      "type": "Feature",
      "geometry": {
        "type": "Point",
        "coordinates": [
          23.07658444,
          42.00856556
        ]
      },
      "properties": {
        "permit_number_date": "41590073/08.09.2009",
        "permit_number": 41590073.0,
        "canonical_code": "BG4G000000Q004",
        "holder": "Химкомерс ЕООД",
        "facility_name": "ШК-1",
        "facility_registration": "149/08.09.2003",
        "water_use_purpose": "други цели",
        "mean_discharge_lps": 0.11,
        "max_discharge_lps": 1.1,
        "daily_authorized_volume_m3": 14.0,
        "annual_authorized_volume_m3": 3500.0,
        "hydraulic_conductivity_m_day": null,
        "transmissivity_m2_day": null,
        "aquifer_thickness_m": null,
        "coordinate_method": "official_local",
        "national_register_row": null,
        "latitude_raw": "42°00'30,836\"",
        "longitude_raw": "23°04'35,704\"",
        "coordinate_note": null,
        "status": "active",
        "reference_date": "2026-08-04"
      }
    },
    {
      "type": "Feature",
      "geometry": {
        "type": "Point",
        "coordinates": [
          23.05163889,
          42.02638889
        ]
      },
      "properties": {
        "permit_number_date": "41530037/16.12.2009",
        "permit_number": 41530037.0,
        "canonical_code": "BG4G000000Q004",
        "holder": "Керам комерс ООД",
        "facility_name": "ТК",
        "facility_registration": "180/21.04.2004",
        "water_use_purpose": "промишлени цели",
        "mean_discharge_lps": 0.066,
        "max_discharge_lps": 0.3,
        "daily_authorized_volume_m3": 9.7,
        "annual_authorized_volume_m3": 2088.0,
        "hydraulic_conductivity_m_day": null,
        "transmissivity_m2_day": null,
        "aquifer_thickness_m": null,
        "coordinate_method": "official_local",
        "national_register_row": null,
        "latitude_raw": "42° 1' 35,000\"",
        "longitude_raw": "23° 3' 5,900\"",
        "coordinate_note": null,
        "status": "active",
        "reference_date": "2026-08-04"
      }
    },
    {
      "type": "Feature",
      "geometry": {
        "type": "Point",
        "coordinates": [
          23.06380556,
          41.99272222
        ]
      },
      "properties": {
        "permit_number_date": "41530051/06.07.2011",
        "permit_number": 41530051.0,
        "canonical_code": "BG4G000000Q004",
        "holder": "Монолитстрой-Чорбаджийски, Байкушев ООД",
        "facility_name": "ШК-1",
        "facility_registration": "30/14.08.2001",
        "water_use_purpose": "промишлени цели",
        "mean_discharge_lps": 0.19,
        "max_discharge_lps": 8.0,
        "daily_authorized_volume_m3": 16.44,
        "annual_authorized_volume_m3": 6000.0,
        "hydraulic_conductivity_m_day": null,
        "transmissivity_m2_day": null,
        "aquifer_thickness_m": null,
        "coordinate_method": "official_local",
        "national_register_row": null,
        "latitude_raw": "41°59'33.8\"",
        "longitude_raw": "23°03'49.7\"",
        "coordinate_note": null,
        "status": "active",
        "reference_date": "2026-08-04"
      }
    },
    {
      "type": "Feature",
      "geometry": {
        "type": "Point",
        "coordinates": [
          23.09948194,
          41.99752444
        ]
      },
      "properties": {
        "permit_number_date": "41590089/15.12.2011",
        "permit_number": 41590089.0,
        "canonical_code": "BG4G000000Q004",
        "holder": "Езерец ЕООД",
        "facility_name": "ТК-1",
        "facility_registration": "294/14.06.2005",
        "water_use_purpose": "други цели",
        "mean_discharge_lps": 0.5,
        "max_discharge_lps": 1.0,
        "daily_authorized_volume_m3": 24.2,
        "annual_authorized_volume_m3": 8780.0,
        "hydraulic_conductivity_m_day": null,
        "transmissivity_m2_day": null,
        "aquifer_thickness_m": null,
        "coordinate_method": "official_local",
        "national_register_row": null,
        "latitude_raw": "41°59'51,088\"",
        "longitude_raw": "23°05'58,135\"",
        "coordinate_note": null,
        "status": "active",
        "reference_date": "2026-08-04"
      }
    },
    {
      "type": "Feature",
      "geometry": {
        "type": "Point",
        "coordinates": [
          23.09577778,
          42.01425
        ]
      },
      "properties": {
        "permit_number_date": "41590094/20.04.2012",
        "permit_number": 41590094.0,
        "canonical_code": "BG4G000000Q004",
        "holder": "Американски университет в България",
        "facility_name": "ШК-1",
        "facility_registration": "875/10.01.2012",
        "water_use_purpose": "други цели",
        "mean_discharge_lps": 2.55,
        "max_discharge_lps": 1.7,
        "daily_authorized_volume_m3": 220.5,
        "annual_authorized_volume_m3": 80479.0,
        "hydraulic_conductivity_m_day": 15.0,
        "transmissivity_m2_day": 53.0,
        "aquifer_thickness_m": 30.0,
        "coordinate_method": "official_local",
        "national_register_row": null,
        "latitude_raw": "42°00'51.3\"",
        "longitude_raw": "23°05'44.8\"",
        "coordinate_note": null,
        "status": "active",
        "reference_date": "2026-08-04"
      }
    },
    {
      "type": "Feature",
      "geometry": {
        "type": "Point",
        "coordinates": [
          23.09519444,
          42.01358333
        ]
      },
      "properties": {
        "permit_number_date": "41590094/20.04.2012",
        "permit_number": 41590094.0,
        "canonical_code": "BG4G000000Q004",
        "holder": "Американски университет в България",
        "facility_name": "ШК-2",
        "facility_registration": "876/10.01.2012",
        "water_use_purpose": "други цели",
        "mean_discharge_lps": null,
        "max_discharge_lps": 1.7,
        "daily_authorized_volume_m3": null,
        "annual_authorized_volume_m3": null,
        "hydraulic_conductivity_m_day": 31.0,
        "transmissivity_m2_day": 77.0,
        "aquifer_thickness_m": 30.0,
        "coordinate_method": "official_local",
        "national_register_row": null,
        "latitude_raw": "42°00'48.9\"",
        "longitude_raw": "23°05'42.7\"",
        "coordinate_note": null,
        "status": "active",
        "reference_date": "2026-08-04"
      }
    },
    {
      "type": "Feature",
      "geometry": {
        "type": "Point",
        "coordinates": [
          23.09413889,
          42.01236111
        ]
      },
      "properties": {
        "permit_number_date": "41590094/20.04.2012",
        "permit_number": 41590094.0,
        "canonical_code": "BG4G000000Q004",
        "holder": "Американски университет в България",
        "facility_name": "ШК-3",
        "facility_registration": "877/10.01.2012",
        "water_use_purpose": "други цели",
        "mean_discharge_lps": null,
        "max_discharge_lps": 0.5,
        "daily_authorized_volume_m3": null,
        "annual_authorized_volume_m3": null,
        "hydraulic_conductivity_m_day": 29.0,
        "transmissivity_m2_day": 55.0,
        "aquifer_thickness_m": 30.0,
        "coordinate_method": "official_local",
        "national_register_row": null,
        "latitude_raw": "42°00'44.5\"",
        "longitude_raw": "23°05'38.9\"",
        "coordinate_note": null,
        "status": "active",
        "reference_date": "2026-08-04"
      }
    },
    {
      "type": "Feature",
      "geometry": {
        "type": "Point",
        "coordinates": [
          23.06305556,
          41.99113889
        ]
      },
      "properties": {
        "permit_number_date": "41530068/29.10.2012",
        "permit_number": 41530068.0,
        "canonical_code": "BG4G000000Q004",
        "holder": "Сградостроене ООД",
        "facility_name": "ШК",
        "facility_registration": "384/21.12.2006",
        "water_use_purpose": "промишлени цели",
        "mean_discharge_lps": 0.35,
        "max_discharge_lps": 4.2,
        "daily_authorized_volume_m3": 35.0,
        "annual_authorized_volume_m3": 10920.0,
        "hydraulic_conductivity_m_day": 107.0,
        "transmissivity_m2_day": 790.0,
        "aquifer_thickness_m": 7.4,
        "coordinate_method": "official_local",
        "national_register_row": null,
        "latitude_raw": "41°59'28.1\"",
        "longitude_raw": "23°03'47.0\"",
        "coordinate_note": null,
        "status": "active",
        "reference_date": "2026-08-04"
      }
    },
    {
      "type": "Feature",
      "geometry": {
        "type": "Point",
        "coordinates": [
          23.00484278,
          42.1499375
        ]
      },
      "properties": {
        "permit_number_date": "41510369/31.10.2012",
        "permit_number": 41510369.0,
        "canonical_code": "BG4G000000Q004",
        "holder": "Кюстендилска вода ЕООД",
        "facility_name": "ШК",
        "facility_registration": null,
        "water_use_purpose": "питейно-битови",
        "mean_discharge_lps": 1.01,
        "max_discharge_lps": 11.0,
        "daily_authorized_volume_m3": 246.6,
        "annual_authorized_volume_m3": 90000.0,
        "hydraulic_conductivity_m_day": 70.0,
        "transmissivity_m2_day": 406.0,
        "aquifer_thickness_m": 5.82,
        "coordinate_method": "official_local",
        "national_register_row": null,
        "latitude_raw": "42° 8' 59,775\"",
        "longitude_raw": "23° 0' 17,434\"",
        "coordinate_note": null,
        "status": "active",
        "reference_date": "2026-08-04"
      }
    },
    {
      "type": "Feature",
      "geometry": {
        "type": "Point",
        "coordinates": [
          23.06870833,
          42.01256111
        ]
      },
      "properties": {
        "permit_number_date": "41590115/07.01.2013",
        "permit_number": 41590115.0,
        "canonical_code": "BG4G000000Q004",
        "holder": "Метан ООД",
        "facility_name": "ШК",
        "facility_registration": "170/26.01.2004",
        "water_use_purpose": "други цели",
        "mean_discharge_lps": 0.04,
        "max_discharge_lps": 0.83,
        "daily_authorized_volume_m3": 3.5,
        "annual_authorized_volume_m3": 1278.0,
        "hydraulic_conductivity_m_day": 12.0,
        "transmissivity_m2_day": 27.7,
        "aquifer_thickness_m": 2.3,
        "coordinate_method": "official_local",
        "national_register_row": null,
        "latitude_raw": "42°0'45.22\"",
        "longitude_raw": "23°4'7.35\"",
        "coordinate_note": null,
        "status": "active",
        "reference_date": "2026-08-04"
      }
    },
    {
      "type": "Feature",
      "geometry": {
        "type": "Point",
        "coordinates": [
          23.0595,
          42.19052778
        ]
      },
      "properties": {
        "permit_number_date": "41520040/27.03.2013",
        "permit_number": 41520040.0,
        "canonical_code": "BG4G000000Q004",
        "holder": "Илиан Иванчев-зем.производител",
        "facility_name": "СК",
        "facility_registration": "888/27.03.2013",
        "water_use_purpose": "земеделски цели",
        "mean_discharge_lps": 0.035,
        "max_discharge_lps": 1.4,
        "daily_authorized_volume_m3": 3.0,
        "annual_authorized_volume_m3": 1095.0,
        "hydraulic_conductivity_m_day": 13.085,
        "transmissivity_m2_day": 230.82,
        "aquifer_thickness_m": null,
        "coordinate_method": "official_local",
        "national_register_row": null,
        "latitude_raw": "42°11'25.9\"",
        "longitude_raw": "23°03'34.2\"",
        "coordinate_note": null,
        "status": "active",
        "reference_date": "2026-08-04"
      }
    },
    {
      "type": "Feature",
      "geometry": {
        "type": "Point",
        "coordinates": [
          23.09297222,
          42.00908333
        ]
      },
      "properties": {
        "permit_number_date": "41590123/28.05.2013",
        "permit_number": 41590123.0,
        "canonical_code": "BG4G000000Q004",
        "holder": "Мебелфаб АД",
        "facility_name": "ТК",
        "facility_registration": "202/28.12.2004",
        "water_use_purpose": "други цели",
        "mean_discharge_lps": 0.5,
        "max_discharge_lps": 1.95,
        "daily_authorized_volume_m3": null,
        "annual_authorized_volume_m3": 15768.0,
        "hydraulic_conductivity_m_day": 140.0,
        "transmissivity_m2_day": 143.7,
        "aquifer_thickness_m": 20.0,
        "coordinate_method": "official_local",
        "national_register_row": null,
        "latitude_raw": "42°00'32.7\"",
        "longitude_raw": "23°05'34.7\"",
        "coordinate_note": null,
        "status": "active",
        "reference_date": "2026-08-04"
      }
    },
    {
      "type": "Feature",
      "geometry": {
        "type": "Point",
        "coordinates": [
          23.08074417,
          42.01037944
        ]
      },
      "properties": {
        "permit_number_date": "41590125/23.08.2013",
        "permit_number": 41590125.0,
        "canonical_code": "BG4G000000Q004",
        "holder": "Пиринснаб АД",
        "facility_name": "ТК",
        "facility_registration": "325/08.05.2006",
        "water_use_purpose": "други цели",
        "mean_discharge_lps": 0.3,
        "max_discharge_lps": 2.5,
        "daily_authorized_volume_m3": 30.0,
        "annual_authorized_volume_m3": 9600.0,
        "hydraulic_conductivity_m_day": 4.8,
        "transmissivity_m2_day": 53.0,
        "aquifer_thickness_m": 11.1,
        "coordinate_method": "official_local",
        "national_register_row": null,
        "latitude_raw": "42° 0' 37,366\"",
        "longitude_raw": "23° 4' 50,679\"",
        "coordinate_note": null,
        "status": "active",
        "reference_date": "2026-08-04"
      }
    },
    {
      "type": "Feature",
      "geometry": {
        "type": "Point",
        "coordinates": [
          23.11641667,
          42.11413889
        ]
      },
      "properties": {
        "permit_number_date": "41510421/18.11.2013",
        "permit_number": 41510421.0,
        "canonical_code": "BG4G000000Q004",
        "holder": "Кюстендилска вода ЕООД",
        "facility_name": "ВС\"Тополите\"",
        "facility_registration": "637/16.06.2008",
        "water_use_purpose": "питейно-битови",
        "mean_discharge_lps": 2.24,
        "max_discharge_lps": null,
        "daily_authorized_volume_m3": null,
        "annual_authorized_volume_m3": 71000.0,
        "hydraulic_conductivity_m_day": null,
        "transmissivity_m2_day": null,
        "aquifer_thickness_m": null,
        "coordinate_method": "official_local",
        "national_register_row": null,
        "latitude_raw": "42° 06' 50,9\"",
        "longitude_raw": "23° 06' 59,1\"",
        "coordinate_note": null,
        "status": "active",
        "reference_date": "2026-08-04"
      }
    },
    {
      "type": "Feature",
      "geometry": {
        "type": "Point",
        "coordinates": [
          23.05252806,
          42.19844306
        ]
      },
      "properties": {
        "permit_number_date": "41510455/03.12.2013",
        "permit_number": 41510455.0,
        "canonical_code": "BG4G000000Q004",
        "holder": "Кюстендилска вода ЕООД",
        "facility_name": "ШК",
        "facility_registration": null,
        "water_use_purpose": "питейно-битови",
        "mean_discharge_lps": 10.0,
        "max_discharge_lps": 20.0,
        "daily_authorized_volume_m3": 864.0,
        "annual_authorized_volume_m3": 315360.0,
        "hydraulic_conductivity_m_day": 214.0,
        "transmissivity_m2_day": 1285.0,
        "aquifer_thickness_m": 6.0,
        "coordinate_method": "official_local",
        "national_register_row": null,
        "latitude_raw": "42° 11' 54,395\"",
        "longitude_raw": "23° 3' 9,101\"",
        "coordinate_note": null,
        "status": "active",
        "reference_date": "2026-08-04"
      }
    },
    {
      "type": "Feature",
      "geometry": {
        "type": "Point",
        "coordinates": [
          23.07591667,
          42.09641667
        ]
      },
      "properties": {
        "permit_number_date": "41510422/11.12.2013",
        "permit_number": 41510422.0,
        "canonical_code": "BG4G000000Q004",
        "holder": "Кюстендилска вода ЕООД",
        "facility_name": "ВС\"Треси бабица\"",
        "facility_registration": "638/16.06.2008",
        "water_use_purpose": "питейно-битови",
        "mean_discharge_lps": null,
        "max_discharge_lps": null,
        "daily_authorized_volume_m3": null,
        "annual_authorized_volume_m3": 43000.0,
        "hydraulic_conductivity_m_day": null,
        "transmissivity_m2_day": null,
        "aquifer_thickness_m": null,
        "coordinate_method": "official_local",
        "national_register_row": null,
        "latitude_raw": "42°05'47.1\"",
        "longitude_raw": "23°04'33.3\"",
        "coordinate_note": null,
        "status": "active",
        "reference_date": "2026-08-04"
      }
    },
    {
      "type": "Feature",
      "geometry": {
        "type": "Point",
        "coordinates": [
          23.12954417,
          42.18678028
        ]
      },
      "properties": {
        "permit_number_date": "41510417/19.12.2013",
        "permit_number": 41510417.0,
        "canonical_code": "BG4G000000Q004",
        "holder": "Кюстендилска вода ЕООД",
        "facility_name": "ВС\"Бадино\"",
        "facility_registration": "632/23.06.2008",
        "water_use_purpose": "питейно-битови",
        "mean_discharge_lps": null,
        "max_discharge_lps": null,
        "daily_authorized_volume_m3": null,
        "annual_authorized_volume_m3": 16000.0,
        "hydraulic_conductivity_m_day": null,
        "transmissivity_m2_day": null,
        "aquifer_thickness_m": null,
        "coordinate_method": "official_local",
        "national_register_row": null,
        "latitude_raw": "42° 11' 12,409\"",
        "longitude_raw": "23° 7' 46,359\"",
        "coordinate_note": null,
        "status": "active",
        "reference_date": "2026-08-04"
      }
    },
    {
      "type": "Feature",
      "geometry": {
        "type": "Point",
        "coordinates": [
          23.07469444,
          42.00972222
        ]
      },
      "properties": {
        "permit_number_date": "41590135/21.02.2014",
        "permit_number": 41590135.0,
        "canonical_code": "BG4G000000Q004",
        "holder": "Ивола ЕООД",
        "facility_name": "ТК",
        "facility_registration": "239/14.03.2005",
        "water_use_purpose": "други цели",
        "mean_discharge_lps": 0.142,
        "max_discharge_lps": 1.2,
        "daily_authorized_volume_m3": 12.3,
        "annual_authorized_volume_m3": 4500.0,
        "hydraulic_conductivity_m_day": 2.65,
        "transmissivity_m2_day": 26.0,
        "aquifer_thickness_m": 9.4,
        "coordinate_method": "official_local",
        "national_register_row": null,
        "latitude_raw": "42° 0' 35,000\"",
        "longitude_raw": "23° 4' 28,900\"",
        "coordinate_note": null,
        "status": "active",
        "reference_date": "2026-08-04"
      }
    },
    {
      "type": "Feature",
      "geometry": {
        "type": "Point",
        "coordinates": [
          23.02669611,
          42.15893944
        ]
      },
      "properties": {
        "permit_number_date": "41510416/01.04.2014",
        "permit_number": 41510416.0,
        "canonical_code": "BG4G000000Q004",
        "holder": "Кюстендилска вода ЕООД",
        "facility_name": "ШК\"Сопово\"",
        "facility_registration": "104/10.10.2002",
        "water_use_purpose": "питейно-битови",
        "mean_discharge_lps": 0.032,
        "max_discharge_lps": 4.0,
        "daily_authorized_volume_m3": null,
        "annual_authorized_volume_m3": 1000.0,
        "hydraulic_conductivity_m_day": 49.18,
        "transmissivity_m2_day": 300.0,
        "aquifer_thickness_m": 6.1,
        "coordinate_method": "official_local",
        "national_register_row": null,
        "latitude_raw": "42° 9' 32,182\"",
        "longitude_raw": "23° 1' 36,106\"",
        "coordinate_note": null,
        "status": "active",
        "reference_date": "2026-08-04"
      }
    },
    {
      "type": "Feature",
      "geometry": {
        "type": "Point",
        "coordinates": [
          23.06618611,
          41.98960833
        ]
      },
      "properties": {
        "permit_number_date": "41530085/30.06.2014",
        "permit_number": 41530085.0,
        "canonical_code": "BG4G000000Q004",
        "holder": "26 май ЕООД",
        "facility_name": "ТК-1",
        "facility_registration": "603/07.05.2008",
        "water_use_purpose": "промишлени цели",
        "mean_discharge_lps": 0.18,
        "max_discharge_lps": 1.65,
        "daily_authorized_volume_m3": null,
        "annual_authorized_volume_m3": 9690.0,
        "hydraulic_conductivity_m_day": 68.2,
        "transmissivity_m2_day": 522.0,
        "aquifer_thickness_m": 20.0,
        "coordinate_method": "official_local",
        "national_register_row": null,
        "latitude_raw": "41° 59' 22,590\"",
        "longitude_raw": "23° 3' 58,270\"",
        "coordinate_note": null,
        "status": "active",
        "reference_date": "2026-08-04"
      }
    },
    {
      "type": "Feature",
      "geometry": {
        "type": "Point",
        "coordinates": [
          23.06618611,
          41.99040278
        ]
      },
      "properties": {
        "permit_number_date": "41530085/30.06.2014",
        "permit_number": 41530085.0,
        "canonical_code": "BG4G000000Q004",
        "holder": "26 май ЕООД",
        "facility_name": "ТК-2",
        "facility_registration": "604/07.05.2008",
        "water_use_purpose": "промишлени цели",
        "mean_discharge_lps": 0.26,
        "max_discharge_lps": 2.35,
        "daily_authorized_volume_m3": null,
        "annual_authorized_volume_m3": null,
        "hydraulic_conductivity_m_day": 66.0,
        "transmissivity_m2_day": 531.0,
        "aquifer_thickness_m": 20.0,
        "coordinate_method": "official_local",
        "national_register_row": null,
        "latitude_raw": "41° 59' 25,450\"",
        "longitude_raw": "23° 3' 58,270\"",
        "coordinate_note": null,
        "status": "active",
        "reference_date": "2026-08-04"
      }
    },
    {
      "type": "Feature",
      "geometry": {
        "type": "Point",
        "coordinates": [
          23.05136111,
          42.02694444
        ]
      },
      "properties": {
        "permit_number_date": "41590140/30.06.2014",
        "permit_number": 41590140.0,
        "canonical_code": "BG4G000000Q004",
        "holder": "Леско ООД",
        "facility_name": "ТК-1",
        "facility_registration": "193/06.08.2004",
        "water_use_purpose": "други цели",
        "mean_discharge_lps": 0.338,
        "max_discharge_lps": 3.5,
        "daily_authorized_volume_m3": null,
        "annual_authorized_volume_m3": 10675.0,
        "hydraulic_conductivity_m_day": 12.5,
        "transmissivity_m2_day": 168.0,
        "aquifer_thickness_m": 14.0,
        "coordinate_method": "official_local",
        "national_register_row": null,
        "latitude_raw": "42° 1' 37,000\"",
        "longitude_raw": "23° 3' 4,900\"",
        "coordinate_note": null,
        "status": "active",
        "reference_date": "2026-08-04"
      }
    },
    {
      "type": "Feature",
      "geometry": {
        "type": "Point",
        "coordinates": [
          23.09455556,
          42.25161111
        ]
      },
      "properties": {
        "permit_number_date": "41590147/29.09.2014",
        "permit_number": 41590147.0,
        "canonical_code": "BG4G000000Q004",
        "holder": "Мелничен комбинат - Дупница ООД",
        "facility_name": "ШК-1",
        "facility_registration": "611/22.05.2008",
        "water_use_purpose": "други цели",
        "mean_discharge_lps": 0.116,
        "max_discharge_lps": 4.0,
        "daily_authorized_volume_m3": null,
        "annual_authorized_volume_m3": 2600.0,
        "hydraulic_conductivity_m_day": 44.07,
        "transmissivity_m2_day": 93.0,
        "aquifer_thickness_m": 2.11,
        "coordinate_method": "official_local",
        "national_register_row": null,
        "latitude_raw": "42° 15' 5,800\"",
        "longitude_raw": "23° 5' 40,400\"",
        "coordinate_note": null,
        "status": "active",
        "reference_date": "2026-08-04"
      }
    },
    {
      "type": "Feature",
      "geometry": {
        "type": "Point",
        "coordinates": [
          23.07158333,
          42.01122222
        ]
      },
      "properties": {
        "permit_number_date": "41590154/13.01.2015",
        "permit_number": 41590154.0,
        "canonical_code": "BG4G000000Q004",
        "holder": "Авто лукс ООД",
        "facility_name": "ТК-1",
        "facility_registration": "523/23.07.2007",
        "water_use_purpose": "други цели/отопление,охлаждане/",
        "mean_discharge_lps": 0.87,
        "max_discharge_lps": 1.5,
        "daily_authorized_volume_m3": 75.32,
        "annual_authorized_volume_m3": 27495.0,
        "hydraulic_conductivity_m_day": 7.6,
        "transmissivity_m2_day": 151.5,
        "aquifer_thickness_m": 20.0,
        "coordinate_method": "official_local",
        "national_register_row": null,
        "latitude_raw": "42° 0' 40,400\"",
        "longitude_raw": "23° 4' 17,700\"",
        "coordinate_note": null,
        "status": "active",
        "reference_date": "2026-08-04"
      }
    },
    {
      "type": "Feature",
      "geometry": {
        "type": "Point",
        "coordinates": [
          23.08822778,
          42.0044
        ]
      },
      "properties": {
        "permit_number_date": "41530095/22.07.2015",
        "permit_number": 41530095.0,
        "canonical_code": "BG4G000000Q004",
        "holder": "Ванико ООД",
        "facility_name": "ТК",
        "facility_registration": null,
        "water_use_purpose": "охлаждане",
        "mean_discharge_lps": 0.208,
        "max_discharge_lps": 2.0,
        "daily_authorized_volume_m3": 17.97,
        "annual_authorized_volume_m3": 4500.0,
        "hydraulic_conductivity_m_day": 14.0,
        "transmissivity_m2_day": 143.7,
        "aquifer_thickness_m": null,
        "coordinate_method": "official_local",
        "national_register_row": null,
        "latitude_raw": "42° 0' 15,840\"",
        "longitude_raw": "23° 5' 17,620\"",
        "coordinate_note": null,
        "status": "active",
        "reference_date": "2026-08-04"
      }
    },
    {
      "type": "Feature",
      "geometry": {
        "type": "Point",
        "coordinates": [
          23.07421028,
          42.01383833
        ]
      },
      "properties": {
        "permit_number_date": "41530099/18.12.2015г.",
        "permit_number": 41530099.0,
        "canonical_code": "BG4G000000Q004",
        "holder": "ВАНИКО ООД",
        "facility_name": "ТК-1",
        "facility_registration": "1047/14.11.2017",
        "water_use_purpose": "промишлени цели -охлаждане с подземни води",
        "mean_discharge_lps": 0.04,
        "max_discharge_lps": 1.0,
        "daily_authorized_volume_m3": 3.46,
        "annual_authorized_volume_m3": 1200.0,
        "hydraulic_conductivity_m_day": 15.1,
        "transmissivity_m2_day": 151.0,
        "aquifer_thickness_m": 10.0,
        "coordinate_method": "official_local",
        "national_register_row": null,
        "latitude_raw": "42° 0' 49,818\"",
        "longitude_raw": "23° 4' 27,157\"",
        "coordinate_note": null,
        "status": "active",
        "reference_date": "2026-08-04"
      }
    },
    {
      "type": "Feature",
      "geometry": {
        "type": "Point",
        "coordinates": [
          23.06936111,
          41.99297222
        ]
      },
      "properties": {
        "permit_number_date": "41590192/18.10.2016",
        "permit_number": 41590192.0,
        "canonical_code": "BG4G000000Q004",
        "holder": "ОЛИМПОС -99 ООД",
        "facility_name": "TK-1",
        "facility_registration": "811/02.08.2010",
        "water_use_purpose": "За други цели",
        "mean_discharge_lps": 0.1,
        "max_discharge_lps": 1.5,
        "daily_authorized_volume_m3": 11.1,
        "annual_authorized_volume_m3": 4060.0,
        "hydraulic_conductivity_m_day": null,
        "transmissivity_m2_day": 118.2,
        "aquifer_thickness_m": null,
        "coordinate_method": "official_local",
        "national_register_row": null,
        "latitude_raw": "41° 59' 34,700\"",
        "longitude_raw": "23° 4' 9,700\"",
        "coordinate_note": null,
        "status": "active",
        "reference_date": "2026-08-04"
      }
    },
    {
      "type": "Feature",
      "geometry": {
        "type": "Point",
        "coordinates": [
          23.08955,
          41.97258028
        ]
      },
      "properties": {
        "permit_number_date": "41590193/01.12.2016",
        "permit_number": 41590193.0,
        "canonical_code": "BG4G000000Q004",
        "holder": "В и К ЕООД Благоевград",
        "facility_name": "ТК-1",
        "facility_registration": "526/04.07.2007",
        "water_use_purpose": "За други цели-понижаване нивото на подземните води",
        "mean_discharge_lps": 0.2,
        "max_discharge_lps": 3.5,
        "daily_authorized_volume_m3": null,
        "annual_authorized_volume_m3": null,
        "hydraulic_conductivity_m_day": null,
        "transmissivity_m2_day": null,
        "aquifer_thickness_m": null,
        "coordinate_method": "official_local",
        "national_register_row": null,
        "latitude_raw": "41° 58' 21,289\"",
        "longitude_raw": "23° 5' 22,380\"",
        "coordinate_note": null,
        "status": "active",
        "reference_date": "2026-08-04"
      }
    },
    {
      "type": "Feature",
      "geometry": {
        "type": "Point",
        "coordinates": [
          23.09015111,
          41.97244139
        ]
      },
      "properties": {
        "permit_number_date": "41590193/01.12.2016",
        "permit_number": 41590193.0,
        "canonical_code": "BG4G000000Q004",
        "holder": "В и К ЕООД Благоевград",
        "facility_name": "ТК-2",
        "facility_registration": "527/04.07.2007",
        "water_use_purpose": "За други цели-понижаване нивото на подземните води",
        "mean_discharge_lps": 0.16,
        "max_discharge_lps": 3.0,
        "daily_authorized_volume_m3": null,
        "annual_authorized_volume_m3": null,
        "hydraulic_conductivity_m_day": null,
        "transmissivity_m2_day": null,
        "aquifer_thickness_m": null,
        "coordinate_method": "official_local",
        "national_register_row": null,
        "latitude_raw": "41° 58' 20,789\"",
        "longitude_raw": "23° 5' 24,544\"",
        "coordinate_note": null,
        "status": "active",
        "reference_date": "2026-08-04"
      }
    },
    {
      "type": "Feature",
      "geometry": {
        "type": "Point",
        "coordinates": [
          23.09014722,
          41.97207667
        ]
      },
      "properties": {
        "permit_number_date": "41590193/01.12.2016",
        "permit_number": 41590193.0,
        "canonical_code": "BG4G000000Q004",
        "holder": "В и К ЕООД Благоевград",
        "facility_name": "ТК-3",
        "facility_registration": "528/04.07.2007",
        "water_use_purpose": "За други цели-понижаване нивото на подземните води",
        "mean_discharge_lps": 0.16,
        "max_discharge_lps": 3.0,
        "daily_authorized_volume_m3": null,
        "annual_authorized_volume_m3": null,
        "hydraulic_conductivity_m_day": null,
        "transmissivity_m2_day": null,
        "aquifer_thickness_m": null,
        "coordinate_method": "official_local",
        "national_register_row": null,
        "latitude_raw": "41° 58' 19,476\"",
        "longitude_raw": "23° 5' 24,530\"",
        "coordinate_note": null,
        "status": "active",
        "reference_date": "2026-08-04"
      }
    },
    {
      "type": "Feature",
      "geometry": {
        "type": "Point",
        "coordinates": [
          23.09039972,
          41.97275361
        ]
      },
      "properties": {
        "permit_number_date": "41590193/01.12.2016",
        "permit_number": 41590193.0,
        "canonical_code": "BG4G000000Q004",
        "holder": "В и К ЕООД Благоевград",
        "facility_name": "ТК-4",
        "facility_registration": "529/04.07.2007",
        "water_use_purpose": "За други цели-понижаване нивото на подземните води",
        "mean_discharge_lps": 0.11,
        "max_discharge_lps": 2.0,
        "daily_authorized_volume_m3": null,
        "annual_authorized_volume_m3": null,
        "hydraulic_conductivity_m_day": null,
        "transmissivity_m2_day": null,
        "aquifer_thickness_m": null,
        "coordinate_method": "official_local",
        "national_register_row": null,
        "latitude_raw": "41° 58' 21,913\"",
        "longitude_raw": "23° 5' 25,439\"",
        "coordinate_note": null,
        "status": "active",
        "reference_date": "2026-08-04"
      }
    },
    {
      "type": "Feature",
      "geometry": {
        "type": "Point",
        "coordinates": [
          23.08996222,
          41.97270167
        ]
      },
      "properties": {
        "permit_number_date": "41590193/01.12.2016",
        "permit_number": 41590193.0,
        "canonical_code": "BG4G000000Q004",
        "holder": "В и К ЕООД Благоевград",
        "facility_name": "ТК-5",
        "facility_registration": "530/04.07.2007",
        "water_use_purpose": "За други цели-понижаване нивото на подземните води",
        "mean_discharge_lps": 0.11,
        "max_discharge_lps": 2.0,
        "daily_authorized_volume_m3": null,
        "annual_authorized_volume_m3": null,
        "hydraulic_conductivity_m_day": null,
        "transmissivity_m2_day": null,
        "aquifer_thickness_m": null,
        "coordinate_method": "official_local",
        "national_register_row": null,
        "latitude_raw": "41° 58' 21,726\"",
        "longitude_raw": "23° 5' 23,864\"",
        "coordinate_note": null,
        "status": "active",
        "reference_date": "2026-08-04"
      }
    },
    {
      "type": "Feature",
      "geometry": {
        "type": "Point",
        "coordinates": [
          23.08975028,
          41.97203306
        ]
      },
      "properties": {
        "permit_number_date": "41590193/01.12.2016",
        "permit_number": 41590193.0,
        "canonical_code": "BG4G000000Q004",
        "holder": "В и К ЕООД Благоевград",
        "facility_name": "ТК-6",
        "facility_registration": "531/04.07.2007",
        "water_use_purpose": "За други цели-понижаване нивото на подземните води",
        "mean_discharge_lps": 0.13,
        "max_discharge_lps": 2.3,
        "daily_authorized_volume_m3": null,
        "annual_authorized_volume_m3": 27302.0,
        "hydraulic_conductivity_m_day": null,
        "transmissivity_m2_day": null,
        "aquifer_thickness_m": null,
        "coordinate_method": "official_local",
        "national_register_row": null,
        "latitude_raw": "41° 58' 19,319\"",
        "longitude_raw": "23° 5' 23,101\"",
        "coordinate_note": null,
        "status": "active",
        "reference_date": "2026-08-04"
      }
    },
    {
      "type": "Feature",
      "geometry": {
        "type": "Point",
        "coordinates": [
          23.05869444,
          42.02266667
        ]
      },
      "properties": {
        "permit_number_date": "41520076/23.01.2017",
        "permit_number": 41520076.0,
        "canonical_code": "BG4G000000Q004",
        "holder": "Р. В. Л.",
        "facility_name": "ТК-1",
        "facility_registration": "1255/23.02.2023",
        "water_use_purpose": "За напояване на земеделски култури",
        "mean_discharge_lps": 0.2,
        "max_discharge_lps": 3.0,
        "daily_authorized_volume_m3": null,
        "annual_authorized_volume_m3": 6300.0,
        "hydraulic_conductivity_m_day": null,
        "transmissivity_m2_day": null,
        "aquifer_thickness_m": null,
        "coordinate_method": "official_local",
        "national_register_row": null,
        "latitude_raw": "42°1'21.6\"",
        "longitude_raw": "23°3'31.3\"",
        "coordinate_note": null,
        "status": "active",
        "reference_date": "2026-08-04"
      }
    },
    {
      "type": "Feature",
      "geometry": {
        "type": "Point",
        "coordinates": [
          23.05352778,
          42.00447222
        ]
      },
      "properties": {
        "permit_number_date": "41520084/02.06.2017",
        "permit_number": 41520084.0,
        "canonical_code": "BG4G000000Q004",
        "holder": "Грийн Хаус Груп ЕООД",
        "facility_name": "TK-1",
        "facility_registration": "1258/23.02.2023",
        "water_use_purpose": "За напояване на земеделски култури",
        "mean_discharge_lps": 0.52,
        "max_discharge_lps": 12.5,
        "daily_authorized_volume_m3": 45.0,
        "annual_authorized_volume_m3": 16500.0,
        "hydraulic_conductivity_m_day": null,
        "transmissivity_m2_day": null,
        "aquifer_thickness_m": null,
        "coordinate_method": "official_local",
        "national_register_row": null,
        "latitude_raw": "42°00'16.10\"",
        "longitude_raw": "23°03'12,70\"",
        "coordinate_note": null,
        "status": "active",
        "reference_date": "2026-08-04"
      }
    },
    {
      "type": "Feature",
      "geometry": {
        "type": "Point",
        "coordinates": [
          23.06858333,
          41.99138889
        ]
      },
      "properties": {
        "permit_number_date": "41520086/30.06.2017",
        "permit_number": 41520086.0,
        "canonical_code": "BG4G000000Q004",
        "holder": "Блик 99 ЕООД",
        "facility_name": "TK-1",
        "facility_registration": null,
        "water_use_purpose": "За напояване на земеделски култури",
        "mean_discharge_lps": 0.002,
        "max_discharge_lps": 0.6,
        "daily_authorized_volume_m3": 0.17,
        "annual_authorized_volume_m3": 48.0,
        "hydraulic_conductivity_m_day": null,
        "transmissivity_m2_day": null,
        "aquifer_thickness_m": null,
        "coordinate_method": "official_local",
        "national_register_row": null,
        "latitude_raw": "41°59'29.00\"",
        "longitude_raw": "23°04'06,90\"",
        "coordinate_note": null,
        "status": "active",
        "reference_date": "2026-08-04"
      }
    },
    {
      "type": "Feature",
      "geometry": {
        "type": "Point",
        "coordinates": [
          23.08555556,
          42.00805556
        ]
      },
      "properties": {
        "permit_number_date": "41590210/02.05.2018",
        "permit_number": 41590210.0,
        "canonical_code": "BG4G000000Q004",
        "holder": "САКСА ООД",
        "facility_name": "ТК-1",
        "facility_registration": null,
        "water_use_purpose": "За други цели",
        "mean_discharge_lps": 0.13,
        "max_discharge_lps": 0.65,
        "daily_authorized_volume_m3": 11.6,
        "annual_authorized_volume_m3": 4234.0,
        "hydraulic_conductivity_m_day": null,
        "transmissivity_m2_day": null,
        "aquifer_thickness_m": null,
        "coordinate_method": "official_local",
        "national_register_row": null,
        "latitude_raw": "42°0'29.'58\"",
        "longitude_raw": "23°5'8.'17\"",
        "coordinate_note": null,
        "status": "active",
        "reference_date": "2026-08-04"
      }
    },
    {
      "type": "Feature",
      "geometry": {
        "type": "Point",
        "coordinates": [
          23.0625,
          42.0225
        ]
      },
      "properties": {
        "permit_number_date": "41590211/31.05.2018",
        "permit_number": 41590211.0,
        "canonical_code": "BG4G000000Q004",
        "holder": "Ателие Боляр ООД",
        "facility_name": "ТК-1",
        "facility_registration": "1253/23.02.2023",
        "water_use_purpose": "За други цели-напояване на тревни площи,измиване на паркинг и хигиенни нужди",
        "mean_discharge_lps": 0.074,
        "max_discharge_lps": 2.0,
        "daily_authorized_volume_m3": 6.39,
        "annual_authorized_volume_m3": 2396.0,
        "hydraulic_conductivity_m_day": null,
        "transmissivity_m2_day": null,
        "aquifer_thickness_m": null,
        "coordinate_method": "official_local",
        "national_register_row": null,
        "latitude_raw": "42°1'21.'32\"",
        "longitude_raw": "23°3'45.'7\"",
        "coordinate_note": null,
        "status": "active",
        "reference_date": "2026-08-04"
      }
    },
    {
      "type": "Feature",
      "geometry": {
        "type": "Point",
        "coordinates": [
          23.05272222,
          42.00752778
        ]
      },
      "properties": {
        "permit_number_date": "41530115/24.07.2019",
        "permit_number": 41530115.0,
        "canonical_code": "BG4G000000Q004",
        "holder": "ЕМ-18 ЕООД",
        "facility_name": "ТК-1",
        "facility_registration": "303/09.12.2005",
        "water_use_purpose": "промишлени цели",
        "mean_discharge_lps": 0.2,
        "max_discharge_lps": 1.2,
        "daily_authorized_volume_m3": null,
        "annual_authorized_volume_m3": 2.4,
        "hydraulic_conductivity_m_day": null,
        "transmissivity_m2_day": null,
        "aquifer_thickness_m": null,
        "coordinate_method": "official_local",
        "national_register_row": null,
        "latitude_raw": "42°0'27.1\"",
        "longitude_raw": "23°3'9.8\"",
        "coordinate_note": null,
        "status": "active",
        "reference_date": "2026-08-04"
      }
    },
    {
      "type": "Feature",
      "geometry": {
        "type": "Point",
        "coordinates": [
          23.05313889,
          42.00747222
        ]
      },
      "properties": {
        "permit_number_date": "41530115/24.07.2019",
        "permit_number": 41530115.0,
        "canonical_code": "BG4G000000Q004",
        "holder": "ЕМ-18 ЕООД",
        "facility_name": "ШК-1",
        "facility_registration": "304/09.12.2005",
        "water_use_purpose": "промишлени цели",
        "mean_discharge_lps": 0.1,
        "max_discharge_lps": 2.5,
        "daily_authorized_volume_m3": null,
        "annual_authorized_volume_m3": 2.4,
        "hydraulic_conductivity_m_day": null,
        "transmissivity_m2_day": null,
        "aquifer_thickness_m": null,
        "coordinate_method": "official_local",
        "national_register_row": null,
        "latitude_raw": "42°0'26.9\"",
        "longitude_raw": "23°3'11.3\"",
        "coordinate_note": null,
        "status": "active",
        "reference_date": "2026-08-04"
      }
    },
    {
      "type": "Feature",
      "geometry": {
        "type": "Point",
        "coordinates": [
          23.03296389,
          42.15430278
        ]
      },
      "properties": {
        "permit_number_date": "41590227/08.08.2019",
        "permit_number": 41590227.0,
        "canonical_code": "BG4G000000Q004",
        "holder": "Фурнир тех ЕООД",
        "facility_name": "ТК-1",
        "facility_registration": "862/20.09.2011",
        "water_use_purpose": "За други цели- поливане на тревни площи, хигиенни нужди, оросяване на дървесни трупи; за противопожарни нужди",
        "mean_discharge_lps": 0.2,
        "max_discharge_lps": 5.0,
        "daily_authorized_volume_m3": null,
        "annual_authorized_volume_m3": 4000.0,
        "hydraulic_conductivity_m_day": null,
        "transmissivity_m2_day": null,
        "aquifer_thickness_m": null,
        "coordinate_method": "official_local",
        "national_register_row": null,
        "latitude_raw": "42°9'15.49\"",
        "longitude_raw": "23°1'58.67\"",
        "coordinate_note": null,
        "status": "active",
        "reference_date": "2026-08-04"
      }
    },
    {
      "type": "Feature",
      "geometry": {
        "type": "Point",
        "coordinates": [
          23.08230833,
          42.01654167
        ]
      },
      "properties": {
        "permit_number_date": "41590228/21.10.2019",
        "permit_number": 41590228.0,
        "canonical_code": "BG4G000000Q004",
        "holder": "Флора ПВ ЕООД",
        "facility_name": "ТК",
        "facility_registration": "12630/12.02.2007",
        "water_use_purpose": "Водоснабдяване на автомивка",
        "mean_discharge_lps": 0.32,
        "max_discharge_lps": 1.0,
        "daily_authorized_volume_m3": null,
        "annual_authorized_volume_m3": 10000.0,
        "hydraulic_conductivity_m_day": null,
        "transmissivity_m2_day": null,
        "aquifer_thickness_m": null,
        "coordinate_method": "official_local",
        "national_register_row": null,
        "latitude_raw": "42°0'59.55\"",
        "longitude_raw": "23°4'56.31\"",
        "coordinate_note": null,
        "status": "active",
        "reference_date": "2026-08-04"
      }
    },
    {
      "type": "Feature",
      "geometry": {
        "type": "Point",
        "coordinates": [
          23.07098333,
          42.07135556
        ]
      },
      "properties": {
        "permit_number_date": "41590240/28.09.2020",
        "permit_number": 41590240.0,
        "canonical_code": "BG4G000000Q004",
        "holder": "Ивбал ООД",
        "facility_name": "ШК",
        "facility_registration": "1075/28.05.2020",
        "water_use_purpose": "други цели",
        "mean_discharge_lps": 0.17,
        "max_discharge_lps": 10.0,
        "daily_authorized_volume_m3": null,
        "annual_authorized_volume_m3": 5400.0,
        "hydraulic_conductivity_m_day": null,
        "transmissivity_m2_day": null,
        "aquifer_thickness_m": null,
        "coordinate_method": "official_local",
        "national_register_row": null,
        "latitude_raw": "42°4'16.88\"",
        "longitude_raw": "23°4'15.54\"",
        "coordinate_note": null,
        "status": "active",
        "reference_date": "2026-08-04"
      }
    },
    {
      "type": "Feature",
      "geometry": {
        "type": "Point",
        "coordinates": [
          23.12597778,
          41.998975
        ]
      },
      "properties": {
        "permit_number_date": "41520117/14.04.2021",
        "permit_number": 41520117.0,
        "canonical_code": "BG4G000000Q004",
        "holder": "Георги Свободков Богданов ЗП",
        "facility_name": "ТК-1",
        "facility_registration": "1084/23.11.2020",
        "water_use_purpose": "Напояване",
        "mean_discharge_lps": 0.14,
        "max_discharge_lps": 2.3,
        "daily_authorized_volume_m3": null,
        "annual_authorized_volume_m3": 3237.0,
        "hydraulic_conductivity_m_day": null,
        "transmissivity_m2_day": null,
        "aquifer_thickness_m": null,
        "coordinate_method": "official_local",
        "national_register_row": null,
        "latitude_raw": "41°59'56.31\"",
        "longitude_raw": "23°7'33.52\"",
        "coordinate_note": null,
        "status": "active",
        "reference_date": "2026-08-04"
      }
    },
    {
      "type": "Feature",
      "geometry": {
        "type": "Point",
        "coordinates": [
          23.10338889,
          41.98041667
        ]
      },
      "properties": {
        "permit_number_date": "41520118/13.05.2021",
        "permit_number": 41520118.0,
        "canonical_code": "BG4G000000Q004",
        "holder": "Кирил Йорданов 2021 ЕООД",
        "facility_name": "ТК-1",
        "facility_registration": "782/13.10.2010",
        "water_use_purpose": "напояване на земеделски култури",
        "mean_discharge_lps": 0.063,
        "max_discharge_lps": 2.0,
        "daily_authorized_volume_m3": null,
        "annual_authorized_volume_m3": 2000.0,
        "hydraulic_conductivity_m_day": null,
        "transmissivity_m2_day": null,
        "aquifer_thickness_m": null,
        "coordinate_method": "official_local",
        "national_register_row": null,
        "latitude_raw": "41°58'49.5\"",
        "longitude_raw": "23°6'12.2\"",
        "coordinate_note": null,
        "status": "active",
        "reference_date": "2026-08-04"
      }
    },
    {
      "type": "Feature",
      "geometry": {
        "type": "Point",
        "coordinates": [
          23.08128056,
          42.00924444
        ]
      },
      "properties": {
        "permit_number_date": "41590256/20.07.2021",
        "permit_number": 41590256.0,
        "canonical_code": "BG4G000000Q004",
        "holder": "БМВ-2000 ООД",
        "facility_name": "ШК-1",
        "facility_registration": "501/12.04.2007",
        "water_use_purpose": "други цели-поддържане на противопожарен резерв",
        "mean_discharge_lps": 0.01,
        "max_discharge_lps": 1.2,
        "daily_authorized_volume_m3": null,
        "annual_authorized_volume_m3": 400.0,
        "hydraulic_conductivity_m_day": null,
        "transmissivity_m2_day": null,
        "aquifer_thickness_m": null,
        "coordinate_method": "official_local",
        "national_register_row": null,
        "latitude_raw": "42°0'33.28\"",
        "longitude_raw": "23°4'52.61\"",
        "coordinate_note": null,
        "status": "active",
        "reference_date": "2026-08-04"
      }
    },
    {
      "type": "Feature",
      "geometry": {
        "type": "Point",
        "coordinates": [
          23.06712833,
          42.09052278
        ]
      },
      "properties": {
        "permit_number_date": "41590272/01.03.2023",
        "permit_number": 41590272.0,
        "canonical_code": "BG4G000000Q004",
        "holder": "Юнион газ ойл ЕООД",
        "facility_name": "ТК-1",
        "facility_registration": "1106/19.03.2021",
        "water_use_purpose": "други цели-технологични нужди",
        "mean_discharge_lps": 0.1,
        "max_discharge_lps": 0.5,
        "daily_authorized_volume_m3": null,
        "annual_authorized_volume_m3": 3154.0,
        "hydraulic_conductivity_m_day": null,
        "transmissivity_m2_day": null,
        "aquifer_thickness_m": null,
        "coordinate_method": "official_local",
        "national_register_row": null,
        "latitude_raw": "42°5'25.882\"",
        "longitude_raw": "23°04'1.662\"",
        "coordinate_note": null,
        "status": "active",
        "reference_date": "2026-08-04"
      }
    },
    {
      "type": "Feature",
      "geometry": {
        "type": "Point",
        "coordinates": [
          23.06044444,
          41.998
        ]
      },
      "properties": {
        "permit_number_date": "41530124/14.06.2023",
        "permit_number": 41530124.0,
        "canonical_code": "BG4G000000Q004",
        "holder": "Теда пак ЕАД",
        "facility_name": "ТК-1",
        "facility_registration": "1017/06.01.2011",
        "water_use_purpose": "промишлени цели-охлаждане с подземни води; други цели- напояване на тревни площи и хигиенни нужди;",
        "mean_discharge_lps": 0.5,
        "max_discharge_lps": 2.0,
        "daily_authorized_volume_m3": null,
        "annual_authorized_volume_m3": 15763.0,
        "hydraulic_conductivity_m_day": null,
        "transmissivity_m2_day": null,
        "aquifer_thickness_m": null,
        "coordinate_method": "official_local",
        "national_register_row": null,
        "latitude_raw": "41°59'52.8\"",
        "longitude_raw": "23°3'37.6\"",
        "coordinate_note": null,
        "status": "active",
        "reference_date": "2026-08-04"
      }
    },
    {
      "type": "Feature",
      "geometry": {
        "type": "Point",
        "coordinates": [
          23.03908056,
          42.029325
        ]
      },
      "properties": {
        "permit_number_date": "41530126/02.08.2023",
        "permit_number": 41530126.0,
        "canonical_code": "BG4G000000Q004",
        "holder": "Агромах продакшън ЕООД",
        "facility_name": "ТК-2",
        "facility_registration": "773/03.09.2009",
        "water_use_purpose": "промишлени цели",
        "mean_discharge_lps": 0.24,
        "max_discharge_lps": 2.5,
        "daily_authorized_volume_m3": null,
        "annual_authorized_volume_m3": 7500.0,
        "hydraulic_conductivity_m_day": null,
        "transmissivity_m2_day": null,
        "aquifer_thickness_m": null,
        "coordinate_method": "official_local",
        "national_register_row": null,
        "latitude_raw": "42°01'45.57\"",
        "longitude_raw": "23°02'20.69\"",
        "coordinate_note": null,
        "status": "active",
        "reference_date": "2026-08-04"
      }
    },
    {
      "type": "Feature",
      "geometry": {
        "type": "Point",
        "coordinates": [
          23.03850556,
          42.03069167
        ]
      },
      "properties": {
        "permit_number_date": "41530126/02.08.2023",
        "permit_number": 41530126.0,
        "canonical_code": "BG4G000000Q004",
        "holder": "Агромах продакшън ЕООД",
        "facility_name": "ТК-3",
        "facility_registration": "774/03.09.2009",
        "water_use_purpose": "промишлени цели",
        "mean_discharge_lps": 6.85,
        "max_discharge_lps": 30.0,
        "daily_authorized_volume_m3": null,
        "annual_authorized_volume_m3": 216000.0,
        "hydraulic_conductivity_m_day": null,
        "transmissivity_m2_day": null,
        "aquifer_thickness_m": null,
        "coordinate_method": "official_local",
        "national_register_row": null,
        "latitude_raw": "42°1'50.49\"",
        "longitude_raw": "23°02'18.62\"",
        "coordinate_note": null,
        "status": "active",
        "reference_date": "2026-08-04"
      }
    },
    {
      "type": "Feature",
      "geometry": {
        "type": "Point",
        "coordinates": [
          23.06908056,
          42.04085
        ]
      },
      "properties": {
        "permit_number_date": "41590278/31.08.2023",
        "permit_number": 41590278.0,
        "canonical_code": "BG4G000000Q004",
        "holder": "Община Благоевград",
        "facility_name": "ТК-1",
        "facility_registration": "1207/04.11.2022",
        "water_use_purpose": "за други цели",
        "mean_discharge_lps": 0.13,
        "max_discharge_lps": 3.33,
        "daily_authorized_volume_m3": null,
        "annual_authorized_volume_m3": 4106.25,
        "hydraulic_conductivity_m_day": null,
        "transmissivity_m2_day": null,
        "aquifer_thickness_m": null,
        "coordinate_method": "official_local",
        "national_register_row": null,
        "latitude_raw": "42°2'27.06\"",
        "longitude_raw": "23°4'8.69\"",
        "coordinate_note": null,
        "status": "active",
        "reference_date": "2026-08-04"
      }
    },
    {
      "type": "Feature",
      "geometry": {
        "type": "Point",
        "coordinates": [
          23.069806,
          42.040611
        ]
      },
      "properties": {
        "permit_number_date": "41590278/31.08.2023",
        "permit_number": 41590278.0,
        "canonical_code": "BG4G000000Q004",
        "holder": "Община Благоевград",
        "facility_name": "ТК-2",
        "facility_registration": "1204/02.11.2022",
        "water_use_purpose": "за други цели",
        "mean_discharge_lps": 0.13,
        "max_discharge_lps": 3.33,
        "daily_authorized_volume_m3": null,
        "annual_authorized_volume_m3": 4106.25,
        "hydraulic_conductivity_m_day": null,
        "transmissivity_m2_day": null,
        "aquifer_thickness_m": null,
        "coordinate_method": "official_national_crosscheck",
        "national_register_row": 1432.0,
        "latitude_raw": "42°2'26.2\"",
        "longitude_raw": "23°4'811.3\"",
        "coordinate_note": null,
        "status": "active",
        "reference_date": "2026-08-04"
      }
    },
    {
      "type": "Feature",
      "geometry": {
        "type": "Point",
        "coordinates": [
          23.06440278,
          42.01095278
        ]
      },
      "properties": {
        "permit_number_date": "41590287/10.01.2024",
        "permit_number": 41590287.0,
        "canonical_code": "BG4G000000Q004",
        "holder": "Постоловски ЕООД",
        "facility_name": "ТК-1",
        "facility_registration": "1123/03.06.2021",
        "water_use_purpose": "други цели",
        "mean_discharge_lps": 0.098,
        "max_discharge_lps": 1.388,
        "daily_authorized_volume_m3": null,
        "annual_authorized_volume_m3": 1836.8,
        "hydraulic_conductivity_m_day": null,
        "transmissivity_m2_day": null,
        "aquifer_thickness_m": null,
        "coordinate_method": "official_local",
        "national_register_row": null,
        "latitude_raw": "42°0'39.43\"",
        "longitude_raw": "23°3'51.85\"",
        "coordinate_note": null,
        "status": "active",
        "reference_date": "2026-08-04"
      }
    },
    {
      "type": "Feature",
      "geometry": {
        "type": "Point",
        "coordinates": [
          23.08289167,
          41.98512222
        ]
      },
      "properties": {
        "permit_number_date": "41590289/19.02.2024",
        "permit_number": 41590289.0,
        "canonical_code": "BG4G000000Q004",
        "holder": "Булмар ООД",
        "facility_name": "ТК-1",
        "facility_registration": "1323/26.05.2023",
        "water_use_purpose": "други цели",
        "mean_discharge_lps": 0.2,
        "max_discharge_lps": 2.5,
        "daily_authorized_volume_m3": null,
        "annual_authorized_volume_m3": 6307.0,
        "hydraulic_conductivity_m_day": null,
        "transmissivity_m2_day": null,
        "aquifer_thickness_m": null,
        "coordinate_method": "official_local",
        "national_register_row": null,
        "latitude_raw": "41°59'6.44\"",
        "longitude_raw": "23°4'58.41\"",
        "coordinate_note": null,
        "status": "active",
        "reference_date": "2026-08-04"
      }
    },
    {
      "type": "Feature",
      "geometry": {
        "type": "Point",
        "coordinates": [
          23.06728611,
          42.01907222
        ]
      },
      "properties": {
        "permit_number_date": "41590307/21.01.2025",
        "permit_number": 41590307.0,
        "canonical_code": "BG4G000000Q004",
        "holder": "Грами ООД",
        "facility_name": "ТК-1",
        "facility_registration": "1358/15.12.2023",
        "water_use_purpose": "други цели",
        "mean_discharge_lps": 0.05,
        "max_discharge_lps": 1.67,
        "daily_authorized_volume_m3": "0,05л/сек",
        "annual_authorized_volume_m3": 1698.0,
        "hydraulic_conductivity_m_day": null,
        "transmissivity_m2_day": null,
        "aquifer_thickness_m": null,
        "coordinate_method": "official_local",
        "national_register_row": null,
        "latitude_raw": "42°1'8.66\"",
        "longitude_raw": "23°4'2.23\"",
        "coordinate_note": null,
        "status": "active",
        "reference_date": "2026-08-04"
      }
    },
    {
      "type": "Feature",
      "geometry": {
        "type": "Point",
        "coordinates": [
          23.05176111,
          42.02777778
        ]
      },
      "properties": {
        "permit_number_date": "41590309/10.03.2025",
        "permit_number": 41590309.0,
        "canonical_code": "BG4G000000Q004",
        "holder": "Даниела 11 ЕООД",
        "facility_name": "ТК-1",
        "facility_registration": "1312/06.04.2023",
        "water_use_purpose": "други цели-поливане на зелени и тревни площи, оросяване на бетонови площадки",
        "mean_discharge_lps": 0.09,
        "max_discharge_lps": 1.0,
        "daily_authorized_volume_m3": "0,09л/сек",
        "annual_authorized_volume_m3": 2715.0,
        "hydraulic_conductivity_m_day": null,
        "transmissivity_m2_day": null,
        "aquifer_thickness_m": null,
        "coordinate_method": "official_local",
        "national_register_row": null,
        "latitude_raw": "42°01'40.0\"",
        "longitude_raw": "23°03'6.34\"",
        "coordinate_note": null,
        "status": "active",
        "reference_date": "2026-08-04"
      }
    },
    {
      "type": "Feature",
      "geometry": {
        "type": "Point",
        "coordinates": [
          23.07129167,
          42.01113889
        ]
      },
      "properties": {
        "permit_number_date": "41590321/24.06.2025",
        "permit_number": 41590321.0,
        "canonical_code": "BG4G000000Q004",
        "holder": "ЕТ Викторио-ММ-Мирчо Димитров",
        "facility_name": "ТК-1",
        "facility_registration": "1370/14.02.2024",
        "water_use_purpose": "други цели",
        "mean_discharge_lps": 0.3,
        "max_discharge_lps": 0.55,
        "daily_authorized_volume_m3": null,
        "annual_authorized_volume_m3": 9432.0,
        "hydraulic_conductivity_m_day": null,
        "transmissivity_m2_day": null,
        "aquifer_thickness_m": null,
        "coordinate_method": "official_local",
        "national_register_row": null,
        "latitude_raw": "42°0'40.1\"",
        "longitude_raw": "23°4'16.65\"",
        "coordinate_note": null,
        "status": "active",
        "reference_date": "2026-08-04"
      }
    },
    {
      "type": "Feature",
      "geometry": {
        "type": "Point",
        "coordinates": [
          23.06071667,
          41.99423889
        ]
      },
      "properties": {
        "permit_number_date": "41590323/03.10.2025",
        "permit_number": 41590323.0,
        "canonical_code": "BG4G000000Q004",
        "holder": "Снабдяване, заготовки и монтаж ООД",
        "facility_name": "ШК-1",
        "facility_registration": "576/19.09.2007",
        "water_use_purpose": "за други цели",
        "mean_discharge_lps": 0.04,
        "max_discharge_lps": 0.75,
        "daily_authorized_volume_m3": null,
        "annual_authorized_volume_m3": 1257.0,
        "hydraulic_conductivity_m_day": null,
        "transmissivity_m2_day": null,
        "aquifer_thickness_m": null,
        "coordinate_method": "official_local",
        "national_register_row": null,
        "latitude_raw": "41°59'39.26\"",
        "longitude_raw": "23°03'38.58\"",
        "coordinate_note": null,
        "status": "active",
        "reference_date": "2026-08-04"
      }
    },
    {
      "type": "Feature",
      "geometry": {
        "type": "Point",
        "coordinates": [
          23.06178056,
          41.99468333
        ]
      },
      "properties": {
        "permit_number_date": "41590324/03.10.2025",
        "permit_number": 41590324.0,
        "canonical_code": "BG4G000000Q004",
        "holder": "Снабдяване, заготовки и монтаж ООД",
        "facility_name": "ШК-2",
        "facility_registration": "1401/24.07.2024",
        "water_use_purpose": "за други цели",
        "mean_discharge_lps": 0.02,
        "max_discharge_lps": 10.0,
        "daily_authorized_volume_m3": null,
        "annual_authorized_volume_m3": 600.0,
        "hydraulic_conductivity_m_day": null,
        "transmissivity_m2_day": null,
        "aquifer_thickness_m": null,
        "coordinate_method": "official_local",
        "national_register_row": null,
        "latitude_raw": "41°59'40.86\"",
        "longitude_raw": "23°03'42.41\"",
        "coordinate_note": null,
        "status": "active",
        "reference_date": "2026-08-04"
      }
    },
    {
      "type": "Feature",
      "geometry": {
        "type": "Point",
        "coordinates": [
          23.09797222,
          41.89535556
        ]
      },
      "properties": {
        "permit_number_date": "41510635/20.10.2025",
        "permit_number": 41510635.0,
        "canonical_code": "BG4G000000Q004",
        "holder": "В и К ЕООД Благоевград",
        "facility_name": "ТК \"Церово\"",
        "facility_registration": null,
        "water_use_purpose": "обществено питейно-битово водоснабдяване",
        "mean_discharge_lps": 0.43,
        "max_discharge_lps": 1.0,
        "daily_authorized_volume_m3": null,
        "annual_authorized_volume_m3": 13505.0,
        "hydraulic_conductivity_m_day": null,
        "transmissivity_m2_day": null,
        "aquifer_thickness_m": null,
        "coordinate_method": "official_local",
        "national_register_row": null,
        "latitude_raw": "41°53'43.28\"",
        "longitude_raw": "23°05'52.7\"",
        "coordinate_note": null,
        "status": "active",
        "reference_date": "2026-08-04"
      }
    },
    {
      "type": "Feature",
      "geometry": {
        "type": "Point",
        "coordinates": [
          23.05901667,
          42.26763056
        ]
      },
      "properties": {
        "permit_number_date": "41590326/29.10.2025",
        "permit_number": 41590326.0,
        "canonical_code": "BG4G000000Q004",
        "holder": "Еко булгарплод експорт ЕООД",
        "facility_name": "ШК",
        "facility_registration": "1322/25.05.2023",
        "water_use_purpose": "за други цели",
        "mean_discharge_lps": 0.1,
        "max_discharge_lps": 0.3,
        "daily_authorized_volume_m3": null,
        "annual_authorized_volume_m3": 3154.0,
        "hydraulic_conductivity_m_day": null,
        "transmissivity_m2_day": null,
        "aquifer_thickness_m": null,
        "coordinate_method": "official_local",
        "national_register_row": null,
        "latitude_raw": "42°16'03.47\"",
        "longitude_raw": "23°03'32.46\"",
        "coordinate_note": null,
        "status": "active",
        "reference_date": "2026-08-04"
      }
    },
    {
      "type": "Feature",
      "geometry": {
        "type": "Point",
        "coordinates": [
          23.08775833,
          42.01164444
        ]
      },
      "properties": {
        "permit_number_date": "41590330/12.11.2025",
        "permit_number": 41590330.0,
        "canonical_code": "BG4G000000Q004",
        "holder": "МАРБО 2010 АД",
        "facility_name": "ТК",
        "facility_registration": "1449/20.06.2025",
        "water_use_purpose": "за други цели",
        "mean_discharge_lps": 0.013,
        "max_discharge_lps": 0.833,
        "daily_authorized_volume_m3": null,
        "annual_authorized_volume_m3": 400.0,
        "hydraulic_conductivity_m_day": null,
        "transmissivity_m2_day": null,
        "aquifer_thickness_m": null,
        "coordinate_method": "official_local",
        "national_register_row": null,
        "latitude_raw": "42°00'41.92\"",
        "longitude_raw": "23°05'15.93\"",
        "coordinate_note": null,
        "status": "active",
        "reference_date": "2026-08-04"
      }
    },
    {
      "type": "Feature",
      "geometry": {
        "type": "Point",
        "coordinates": [
          23.08402737,
          42.01333113
        ]
      },
      "properties": {
        "permit_number_date": "41590331/18.11.2025",
        "permit_number": 41590331.0,
        "canonical_code": "BG4G000000Q004",
        "holder": "Судио 05 ООД",
        "facility_name": "ШС Студио 05",
        "facility_registration": "1299/27.03.2023",
        "water_use_purpose": "за други цели",
        "mean_discharge_lps": 0.1,
        "max_discharge_lps": 0.4,
        "daily_authorized_volume_m3": null,
        "annual_authorized_volume_m3": 3154.0,
        "hydraulic_conductivity_m_day": null,
        "transmissivity_m2_day": null,
        "aquifer_thickness_m": null,
        "coordinate_method": "official_local",
        "national_register_row": null,
        "latitude_raw": "42°00'47.99208\"",
        "longitude_raw": "23°05'02.49852\"",
        "coordinate_note": null,
        "status": "active",
        "reference_date": "2026-08-04"
      }
    },
    {
      "type": "Feature",
      "geometry": {
        "type": "Point",
        "coordinates": [
          23.09250556,
          41.98154167
        ]
      },
      "properties": {
        "permit_number_date": "41590327/19.11.2025",
        "permit_number": 41590327.0,
        "canonical_code": "BG4G000000Q004",
        "holder": "ОП Чистота Благоевград",
        "facility_name": "ТК-1",
        "facility_registration": "1390/20.03.2024",
        "water_use_purpose": "за други цели",
        "mean_discharge_lps": 0.57,
        "max_discharge_lps": 3.65,
        "daily_authorized_volume_m3": null,
        "annual_authorized_volume_m3": 13500.0,
        "hydraulic_conductivity_m_day": null,
        "transmissivity_m2_day": null,
        "aquifer_thickness_m": null,
        "coordinate_method": "official_local",
        "national_register_row": null,
        "latitude_raw": "41°58'53.55\"",
        "longitude_raw": "23°05'33.02\"",
        "coordinate_note": null,
        "status": "active",
        "reference_date": "2026-08-04"
      }
    },
    {
      "type": "Feature",
      "geometry": {
        "type": "Point",
        "coordinates": [
          23.07270556,
          41.99185278
        ]
      },
      "properties": {
        "permit_number_date": "41590329/20.11.2025",
        "permit_number": 41590329.0,
        "canonical_code": "BG4G000000Q004",
        "holder": "Бодрост-96 ЕООД",
        "facility_name": "ТК-1",
        "facility_registration": "1241/10.01.2022",
        "water_use_purpose": "за други цели",
        "mean_discharge_lps": 0.47,
        "max_discharge_lps": 2.5,
        "daily_authorized_volume_m3": null,
        "annual_authorized_volume_m3": 14774.1,
        "hydraulic_conductivity_m_day": null,
        "transmissivity_m2_day": null,
        "aquifer_thickness_m": null,
        "coordinate_method": "official_local",
        "national_register_row": null,
        "latitude_raw": "41°59'30.67\"",
        "longitude_raw": "23°4'21.74\"",
        "coordinate_note": null,
        "status": "active",
        "reference_date": "2026-08-04"
      }
    },
    {
      "type": "Feature",
      "geometry": {
        "type": "Point",
        "coordinates": [
          23.074121,
          42.011561
        ]
      },
      "properties": {
        "permit_number_date": "41590328/21.11.2025",
        "permit_number": 41590328.0,
        "canonical_code": "BG4G000000Q004",
        "holder": "Десилия ауто ЕООД",
        "facility_name": "ТК-1",
        "facility_registration": "1327/29.05.2023",
        "water_use_purpose": "за други цели",
        "mean_discharge_lps": 0.023,
        "max_discharge_lps": 0.833,
        "daily_authorized_volume_m3": null,
        "annual_authorized_volume_m3": 738.0,
        "hydraulic_conductivity_m_day": null,
        "transmissivity_m2_day": null,
        "aquifer_thickness_m": null,
        "coordinate_method": "official_national_crosscheck",
        "national_register_row": 1552.0,
        "latitude_raw": "421°0'41.62\"",
        "longitude_raw": "23°4'26.84\"",
        "coordinate_note": null,
        "status": "active",
        "reference_date": "2026-08-04"
      }
    },
    {
      "type": "Feature",
      "geometry": {
        "type": "Point",
        "coordinates": [
          23.05858083,
          42.08273444
        ]
      },
      "properties": {
        "permit_number_date": "41590332/02.03.2026",
        "permit_number": 41590332.0,
        "canonical_code": "BG4G000000Q004",
        "holder": "Детски футболен клуб Орлетата-Благоевград",
        "facility_name": "ШК-1",
        "facility_registration": "1243/16.02.2023",
        "water_use_purpose": "обществено питейно-битово водоснабдяване",
        "mean_discharge_lps": 0.13,
        "max_discharge_lps": 1.563,
        "daily_authorized_volume_m3": null,
        "annual_authorized_volume_m3": 4095.0,
        "hydraulic_conductivity_m_day": null,
        "transmissivity_m2_day": null,
        "aquifer_thickness_m": null,
        "coordinate_method": "official_local",
        "national_register_row": null,
        "latitude_raw": "42°04'57.844\"",
        "longitude_raw": "23°03'30.891\"",
        "coordinate_note": null,
        "status": "active",
        "reference_date": "2026-08-04"
      }
    },
    {
      "type": "Feature",
      "geometry": {
        "type": "Point",
        "coordinates": [
          23.05824222,
          41.99266472
        ]
      },
      "properties": {
        "permit_number_date": "41590335/07.05.2026",
        "permit_number": 41590335.0,
        "canonical_code": "BG4G000000Q004",
        "holder": "ДЕМЕТРА 2019 ООД",
        "facility_name": "ТК-1",
        "facility_registration": "1475/29.01.2026",
        "water_use_purpose": "за други цели",
        "mean_discharge_lps": 0.17,
        "max_discharge_lps": 3.333,
        "daily_authorized_volume_m3": null,
        "annual_authorized_volume_m3": 5292.0,
        "hydraulic_conductivity_m_day": null,
        "transmissivity_m2_day": null,
        "aquifer_thickness_m": null,
        "coordinate_method": "official_local",
        "national_register_row": null,
        "latitude_raw": "41°59'33.593\"",
        "longitude_raw": "23°03'29.672\"",
        "coordinate_note": null,
        "status": "active",
        "reference_date": "2026-08-04"
      }
    },
    {
      "type": "Feature",
      "geometry": {
        "type": "Point",
        "coordinates": [
          23.07442778,
          41.976125
        ]
      },
      "properties": {
        "permit_number_date": "41510666/12.05.2026",
        "permit_number": 41510666.0,
        "canonical_code": "BG4G000000Q004",
        "holder": "В и К ЕООД Благоевград",
        "facility_name": "ШК-1",
        "facility_registration": "338/04.07.2006",
        "water_use_purpose": "обществено питейно-битово водоснабдяване",
        "mean_discharge_lps": 4.61,
        "max_discharge_lps": 4.61,
        "daily_authorized_volume_m3": null,
        "annual_authorized_volume_m3": 145228.0,
        "hydraulic_conductivity_m_day": null,
        "transmissivity_m2_day": null,
        "aquifer_thickness_m": null,
        "coordinate_method": "official_local",
        "national_register_row": null,
        "latitude_raw": "41°58'34.05\"",
        "longitude_raw": "23°04'27.94\"",
        "coordinate_note": null,
        "status": "active",
        "reference_date": "2026-08-04"
      }
    },
    {
      "type": "Feature",
      "geometry": {
        "type": "Point",
        "coordinates": [
          23.07215278,
          41.97725556
        ]
      },
      "properties": {
        "permit_number_date": "41510666/12.05.2026",
        "permit_number": 41510666.0,
        "canonical_code": "BG4G000000Q004",
        "holder": "В и К ЕООД Благоевград",
        "facility_name": "ШК-2",
        "facility_registration": "339/04.07.2006",
        "water_use_purpose": "обществено питейно-битово водоснабдяване",
        "mean_discharge_lps": 4.61,
        "max_discharge_lps": 4.61,
        "daily_authorized_volume_m3": null,
        "annual_authorized_volume_m3": 145228.0,
        "hydraulic_conductivity_m_day": null,
        "transmissivity_m2_day": null,
        "aquifer_thickness_m": null,
        "coordinate_method": "official_local",
        "national_register_row": null,
        "latitude_raw": "41°58'38.12\"",
        "longitude_raw": "23°04'19.75\"",
        "coordinate_note": null,
        "status": "active",
        "reference_date": "2026-08-04"
      }
    },
    {
      "type": "Feature",
      "geometry": {
        "type": "Point",
        "coordinates": [
          23.04601111,
          42.02571389
        ]
      },
      "properties": {
        "permit_number_date": "41520149/19.05.2026",
        "permit_number": 41520149.0,
        "canonical_code": "BG4G000000Q004",
        "holder": "Р. А. Г. ЗП",
        "facility_name": "ТК",
        "facility_registration": "1118/19.04.2021",
        "water_use_purpose": "Самостоятелно напояване на земеделски култури",
        "mean_discharge_lps": 0.01,
        "max_discharge_lps": 1.333,
        "daily_authorized_volume_m3": null,
        "annual_authorized_volume_m3": 365.0,
        "hydraulic_conductivity_m_day": null,
        "transmissivity_m2_day": null,
        "aquifer_thickness_m": null,
        "coordinate_method": "official_local",
        "national_register_row": null,
        "latitude_raw": "42°01'32.57\"",
        "longitude_raw": "23°02'45.64\"",
        "coordinate_note": null,
        "status": "active",
        "reference_date": "2026-08-04"
      }
    },
    {
      "type": "Feature",
      "geometry": {
        "type": "Point",
        "coordinates": [
          23.10283333,
          42.25716111
        ]
      },
      "properties": {
        "permit_number_date": "41590336/08.07.2026",
        "permit_number": 41590336.0,
        "canonical_code": "BG4G000000Q004",
        "holder": "МАРБО 2010 АД",
        "facility_name": "ТК-1",
        "facility_registration": "1457/18.08.2025",
        "water_use_purpose": "за други цели",
        "mean_discharge_lps": 0.021,
        "max_discharge_lps": 0.75,
        "daily_authorized_volume_m3": null,
        "annual_authorized_volume_m3": 663.0,
        "hydraulic_conductivity_m_day": null,
        "transmissivity_m2_day": null,
        "aquifer_thickness_m": null,
        "coordinate_method": "official_local",
        "national_register_row": null,
        "latitude_raw": "42°15'25.78\"",
        "longitude_raw": "23°06'10.2\"",
        "coordinate_note": null,
        "status": "active",
        "reference_date": "2026-08-04"
      }
    },
    {
      "type": "Feature",
      "geometry": {
        "type": "Point",
        "coordinates": [
          23.18671583,
          42.24651583
        ]
      },
      "properties": {
        "permit_number_date": "400122/14.04.2004",
        "permit_number": 400122.0,
        "canonical_code": "BG4G000000Q005",
        "holder": "В и К Дупница ЕООД",
        "facility_name": "Каптаж \"Плочите\"",
        "facility_registration": "177/14.04.2004",
        "water_use_purpose": "питейно-битови",
        "mean_discharge_lps": 0.5,
        "max_discharge_lps": null,
        "daily_authorized_volume_m3": 43.2,
        "annual_authorized_volume_m3": 15768.0,
        "hydraulic_conductivity_m_day": null,
        "transmissivity_m2_day": null,
        "aquifer_thickness_m": null,
        "coordinate_method": "official_local",
        "national_register_row": null,
        "latitude_raw": "42° 14' 47,457\"",
        "longitude_raw": "23° 11' 12,177\"",
        "coordinate_note": null,
        "status": "active",
        "reference_date": "2026-08-04"
      }
    },
    {
      "type": "Feature",
      "geometry": {
        "type": "Point",
        "coordinates": [
          23.25988889,
          42.29802778
        ]
      },
      "properties": {
        "permit_number_date": "41530004/13.07.2007",
        "permit_number": 41530004.0,
        "canonical_code": "BG4G000000Q005",
        "holder": "Сима ООД",
        "facility_name": "ТК-1",
        "facility_registration": "518/13.07.2007",
        "water_use_purpose": "промишлени цели",
        "mean_discharge_lps": 0.094,
        "max_discharge_lps": 1.1,
        "daily_authorized_volume_m3": 14.85,
        "annual_authorized_volume_m3": 2970.0,
        "hydraulic_conductivity_m_day": 12.9,
        "transmissivity_m2_day": 128.8,
        "aquifer_thickness_m": null,
        "coordinate_method": "official_local",
        "national_register_row": null,
        "latitude_raw": "42° 17' 52,900\"",
        "longitude_raw": "23° 15' 35,600\"",
        "coordinate_note": null,
        "status": "active",
        "reference_date": "2026-08-04"
      }
    },
    {
      "type": "Feature",
      "geometry": {
        "type": "Point",
        "coordinates": [
          23.15722222,
          42.3175
        ]
      },
      "properties": {
        "permit_number_date": "41510107/23.07.2007",
        "permit_number": 41510107.0,
        "canonical_code": "BG4G000000Q005",
        "holder": "В и К Дупница ООД",
        "facility_name": "Каптаж\"Рале\"",
        "facility_registration": "550/23.07.2007",
        "water_use_purpose": "питейно-битови",
        "mean_discharge_lps": null,
        "max_discharge_lps": null,
        "daily_authorized_volume_m3": 69.1,
        "annual_authorized_volume_m3": 25230.0,
        "hydraulic_conductivity_m_day": null,
        "transmissivity_m2_day": null,
        "aquifer_thickness_m": null,
        "coordinate_method": "official_local",
        "national_register_row": null,
        "latitude_raw": "42°19,05.0\"",
        "longitude_raw": "23°09,40.2\"",
        "coordinate_note": null,
        "status": "active",
        "reference_date": "2026-08-04"
      }
    },
    {
      "type": "Feature",
      "geometry": {
        "type": "Point",
        "coordinates": [
          23.22986111,
          42.32569444
        ]
      },
      "properties": {
        "permit_number_date": "41510108/23.07.2007",
        "permit_number": 41510108.0,
        "canonical_code": "BG4G000000Q005",
        "holder": "В и К Дупница ООД",
        "facility_name": "Каптаж\"Бела вода\"",
        "facility_registration": "551/23.07.2007",
        "water_use_purpose": "питейно-битови",
        "mean_discharge_lps": null,
        "max_discharge_lps": null,
        "daily_authorized_volume_m3": 173.0,
        "annual_authorized_volume_m3": 63072.0,
        "hydraulic_conductivity_m_day": null,
        "transmissivity_m2_day": null,
        "aquifer_thickness_m": null,
        "coordinate_method": "official_local",
        "national_register_row": null,
        "latitude_raw": "42° 19' 32,500\"",
        "longitude_raw": "23° 13' 47,500\"",
        "coordinate_note": null,
        "status": "active",
        "reference_date": "2026-08-04"
      }
    },
    {
      "type": "Feature",
      "geometry": {
        "type": "Point",
        "coordinates": [
          23.20318918,
          42.30210914
        ]
      },
      "properties": {
        "permit_number_date": "41510323/29.11.2010",
        "permit_number": 41510323.0,
        "canonical_code": "BG4G000000Q005",
        "holder": "Балканфарма-Дупница АД",
        "facility_name": "ШТК-1",
        "facility_registration": "230/25.01.2005",
        "water_use_purpose": "питейно-битови и промишлени цели",
        "mean_discharge_lps": 6.5,
        "max_discharge_lps": 30.0,
        "daily_authorized_volume_m3": 2592.0,
        "annual_authorized_volume_m3": 946080.0,
        "hydraulic_conductivity_m_day": 10.56,
        "transmissivity_m2_day": 230.0,
        "aquifer_thickness_m": null,
        "coordinate_method": "official_local",
        "national_register_row": null,
        "latitude_raw": "42°18'07,59292\"",
        "longitude_raw": "23°12'11,48104\"",
        "coordinate_note": null,
        "status": "active",
        "reference_date": "2026-08-04"
      }
    },
    {
      "type": "Feature",
      "geometry": {
        "type": "Point",
        "coordinates": [
          23.20766969,
          42.30400432
        ]
      },
      "properties": {
        "permit_number_date": "41510323/29.11.2010",
        "permit_number": 41510323.0,
        "canonical_code": "BG4G000000Q005",
        "holder": "Балканфарма-Дупница АД",
        "facility_name": "ШТК-3",
        "facility_registration": "231/25.01.2005",
        "water_use_purpose": "питейно-битови и промишлени цели",
        "mean_discharge_lps": 6.5,
        "max_discharge_lps": null,
        "daily_authorized_volume_m3": null,
        "annual_authorized_volume_m3": null,
        "hydraulic_conductivity_m_day": 13.94,
        "transmissivity_m2_day": 311.0,
        "aquifer_thickness_m": null,
        "coordinate_method": "official_local",
        "national_register_row": null,
        "latitude_raw": "42°18'14,41555\"",
        "longitude_raw": "23°12'27,61088\"",
        "coordinate_note": null,
        "status": "active",
        "reference_date": "2026-08-04"
      }
    },
    {
      "type": "Feature",
      "geometry": {
        "type": "Point",
        "coordinates": [
          23.20967917,
          42.30489785
        ]
      },
      "properties": {
        "permit_number_date": "41510323/29.11.2010",
        "permit_number": 41510323.0,
        "canonical_code": "BG4G000000Q005",
        "holder": "Балканфарма-Дупница АД",
        "facility_name": "ШТК-4",
        "facility_registration": "232/25.01.2005",
        "water_use_purpose": "питейно-битови и промишлени цели",
        "mean_discharge_lps": 2.0,
        "max_discharge_lps": null,
        "daily_authorized_volume_m3": null,
        "annual_authorized_volume_m3": null,
        "hydraulic_conductivity_m_day": 17.58,
        "transmissivity_m2_day": 210.0,
        "aquifer_thickness_m": null,
        "coordinate_method": "official_local",
        "national_register_row": null,
        "latitude_raw": "42°18'17,63225\"",
        "longitude_raw": "23°12'34,84503\"",
        "coordinate_note": null,
        "status": "active",
        "reference_date": "2026-08-04"
      }
    },
    {
      "type": "Feature",
      "geometry": {
        "type": "Point",
        "coordinates": [
          23.21306838,
          42.30671479
        ]
      },
      "properties": {
        "permit_number_date": "41510323/29.11.2010",
        "permit_number": 41510323.0,
        "canonical_code": "BG4G000000Q005",
        "holder": "Балканфарма-Дупница АД",
        "facility_name": "ШТК-6",
        "facility_registration": "233/25.01.2005",
        "water_use_purpose": "питейно-битови и промишлени цели",
        "mean_discharge_lps": 2.0,
        "max_discharge_lps": null,
        "daily_authorized_volume_m3": null,
        "annual_authorized_volume_m3": null,
        "hydraulic_conductivity_m_day": 53.62,
        "transmissivity_m2_day": 266.0,
        "aquifer_thickness_m": null,
        "coordinate_method": "official_local",
        "national_register_row": null,
        "latitude_raw": "42°18'24,17324\"",
        "longitude_raw": "23°12'47,04616\"",
        "coordinate_note": null,
        "status": "active",
        "reference_date": "2026-08-04"
      }
    },
    {
      "type": "Feature",
      "geometry": {
        "type": "Point",
        "coordinates": [
          23.21407158,
          42.30841442
        ]
      },
      "properties": {
        "permit_number_date": "41510323/29.11.2010",
        "permit_number": 41510323.0,
        "canonical_code": "BG4G000000Q005",
        "holder": "Балканфарма-Дупница АД",
        "facility_name": "ШТК-7",
        "facility_registration": "234/25.01.2005",
        "water_use_purpose": "питейно-битови и промишлени цели",
        "mean_discharge_lps": 6.5,
        "max_discharge_lps": null,
        "daily_authorized_volume_m3": null,
        "annual_authorized_volume_m3": null,
        "hydraulic_conductivity_m_day": 12.0,
        "transmissivity_m2_day": 251.0,
        "aquifer_thickness_m": null,
        "coordinate_method": "official_local",
        "national_register_row": null,
        "latitude_raw": "42°18'30,29193\"",
        "longitude_raw": "23°12'50,65769\"",
        "coordinate_note": null,
        "status": "active",
        "reference_date": "2026-08-04"
      }
    },
    {
      "type": "Feature",
      "geometry": {
        "type": "Point",
        "coordinates": [
          23.21575109,
          42.31030472
        ]
      },
      "properties": {
        "permit_number_date": "41510323/29.11.2010",
        "permit_number": 41510323.0,
        "canonical_code": "BG4G000000Q005",
        "holder": "Балканфарма-Дупница АД",
        "facility_name": "ШТК-8",
        "facility_registration": "235/25.01.2005",
        "water_use_purpose": "питейно-битови и промишлени цели",
        "mean_discharge_lps": 6.5,
        "max_discharge_lps": null,
        "daily_authorized_volume_m3": null,
        "annual_authorized_volume_m3": null,
        "hydraulic_conductivity_m_day": 10.0,
        "transmissivity_m2_day": 198.0,
        "aquifer_thickness_m": null,
        "coordinate_method": "official_local",
        "national_register_row": null,
        "latitude_raw": "42°18'37,09699\"",
        "longitude_raw": "23°12'56,70392\"",
        "coordinate_note": null,
        "status": "active",
        "reference_date": "2026-08-04"
      }
    },
    {
      "type": "Feature",
      "geometry": {
        "type": "Point",
        "coordinates": [
          23.1265,
          42.28483333
        ]
      },
      "properties": {
        "permit_number_date": "41590124/23.08.2013",
        "permit_number": 41590124.0,
        "canonical_code": "BG4G000000Q005",
        "holder": "Стат Близнаков ЕООД",
        "facility_name": "ТК",
        "facility_registration": "868/14.10.2011",
        "water_use_purpose": "други цели",
        "mean_discharge_lps": 0.004,
        "max_discharge_lps": 1.5,
        "daily_authorized_volume_m3": null,
        "annual_authorized_volume_m3": 127.75,
        "hydraulic_conductivity_m_day": 12.0,
        "transmissivity_m2_day": 27.7,
        "aquifer_thickness_m": 25.0,
        "coordinate_method": "official_local",
        "national_register_row": null,
        "latitude_raw": "42° 17' 5,400\"",
        "longitude_raw": "23° 7' 35,400\"",
        "coordinate_note": null,
        "status": "active",
        "reference_date": "2026-08-04"
      }
    },
    {
      "type": "Feature",
      "geometry": {
        "type": "Point",
        "coordinates": [
          23.12988889,
          42.27358333
        ]
      },
      "properties": {
        "permit_number_date": "41590273/21.07.2023",
        "permit_number": 41590273.0,
        "canonical_code": "BG4G000000Q005",
        "holder": "НИКСТАР ГРУП ЕООД",
        "facility_name": null,
        "facility_registration": null,
        "water_use_purpose": "други цели, включително противопожарни нужди",
        "mean_discharge_lps": 0.1,
        "max_discharge_lps": 0.5,
        "daily_authorized_volume_m3": null,
        "annual_authorized_volume_m3": 3154.0,
        "hydraulic_conductivity_m_day": null,
        "transmissivity_m2_day": null,
        "aquifer_thickness_m": null,
        "coordinate_method": "official_local",
        "national_register_row": null,
        "latitude_raw": "42°16'24.9\"",
        "longitude_raw": "23°7'47.6\"",
        "coordinate_note": null,
        "status": "active",
        "reference_date": "2026-08-04"
      }
    },
    {
      "type": "Feature",
      "geometry": {
        "type": "Point",
        "coordinates": [
          23.14875833,
          42.24196389
        ]
      },
      "properties": {
        "permit_number_date": "41590290/06.03.2024",
        "permit_number": 41590290.0,
        "canonical_code": "BG4G000000Q005",
        "holder": "ЕТ Марио Сергиев-СЕКОМ",
        "facility_name": "ШК",
        "facility_registration": "1324/26.05.2023",
        "water_use_purpose": "други цели",
        "mean_discharge_lps": 0.1,
        "max_discharge_lps": 0.5,
        "daily_authorized_volume_m3": null,
        "annual_authorized_volume_m3": 3154.0,
        "hydraulic_conductivity_m_day": null,
        "transmissivity_m2_day": null,
        "aquifer_thickness_m": null,
        "coordinate_method": "official_local",
        "national_register_row": null,
        "latitude_raw": "42°14'31.07\"",
        "longitude_raw": "23°8'55.53\"",
        "coordinate_note": null,
        "status": "active",
        "reference_date": "2026-08-04"
      }
    },
    {
      "type": "Feature",
      "geometry": {
        "type": "Point",
        "coordinates": [
          23.26035833,
          42.297325
        ]
      },
      "properties": {
        "permit_number_date": "41530131/08.08.2024",
        "permit_number": 41530131.0,
        "canonical_code": "BG4G000000Q005",
        "holder": "СИМА ООД",
        "facility_name": "ШК-1",
        "facility_registration": "1350/26.09.2023",
        "water_use_purpose": "прпомишлено водоснабдяване",
        "mean_discharge_lps": 0.106,
        "max_discharge_lps": 2.222,
        "daily_authorized_volume_m3": null,
        "annual_authorized_volume_m3": 3344.0,
        "hydraulic_conductivity_m_day": null,
        "transmissivity_m2_day": null,
        "aquifer_thickness_m": null,
        "coordinate_method": "official_local",
        "national_register_row": null,
        "latitude_raw": "42°17'50.37\"",
        "longitude_raw": "23°15'37.29\"",
        "coordinate_note": null,
        "status": "active",
        "reference_date": "2026-08-04"
      }
    },
    {
      "type": "Feature",
      "geometry": {
        "type": "Point",
        "coordinates": [
          23.156414,
          42.264321
        ]
      },
      "properties": {
        "permit_number_date": "41590304/09.12.2024",
        "permit_number": 41590304.0,
        "canonical_code": "BG4G000000Q005",
        "holder": "ГД Изпълнение на наказанията",
        "facility_name": "ШК",
        "facility_registration": "1497/31.03.2026",
        "water_use_purpose": "други цели",
        "mean_discharge_lps": 0.05,
        "max_discharge_lps": 0.3,
        "daily_authorized_volume_m3": 0.05,
        "annual_authorized_volume_m3": 1471.0,
        "hydraulic_conductivity_m_day": null,
        "transmissivity_m2_day": null,
        "aquifer_thickness_m": null,
        "coordinate_method": "official_national_crosscheck",
        "national_register_row": 1496.0,
        "latitude_raw": "42°15'51.56\"",
        "longitude_raw": "23°95'23.09\"",
        "coordinate_note": null,
        "status": "active",
        "reference_date": "2026-08-04"
      }
    },
    {
      "type": "Feature",
      "geometry": {
        "type": "Point",
        "coordinates": [
          22.75931833,
          42.31548278
        ]
      },
      "properties": {
        "permit_number_date": "400224/17.01.2005",
        "permit_number": 400224.0,
        "canonical_code": "BG4G00000QN006",
        "holder": "В и К ООД Кюстендил",
        "facility_name": "ШТК2",
        "facility_registration": "205/17.01.2005",
        "water_use_purpose": "питейно-битови цели",
        "mean_discharge_lps": 0.561,
        "max_discharge_lps": null,
        "daily_authorized_volume_m3": null,
        "annual_authorized_volume_m3": null,
        "hydraulic_conductivity_m_day": null,
        "transmissivity_m2_day": null,
        "aquifer_thickness_m": null,
        "coordinate_method": "official_local",
        "national_register_row": null,
        "latitude_raw": "42° 18' 55,738\"",
        "longitude_raw": "22° 45' 33,546\"",
        "coordinate_note": null,
        "status": "active",
        "reference_date": "2026-08-04"
      }
    },
    {
      "type": "Feature",
      "geometry": {
        "type": "Point",
        "coordinates": [
          22.7588575,
          42.31630806
        ]
      },
      "properties": {
        "permit_number_date": "400224/17.01.2005",
        "permit_number": 400224.0,
        "canonical_code": "BG4G00000QN006",
        "holder": "В и К ООД Кюстендил",
        "facility_name": "ШТК3",
        "facility_registration": "206/17.01.2005",
        "water_use_purpose": "питейно-битови цели",
        "mean_discharge_lps": 0.701,
        "max_discharge_lps": null,
        "daily_authorized_volume_m3": null,
        "annual_authorized_volume_m3": null,
        "hydraulic_conductivity_m_day": null,
        "transmissivity_m2_day": null,
        "aquifer_thickness_m": null,
        "coordinate_method": "official_local",
        "national_register_row": null,
        "latitude_raw": "42° 18' 58,709\"",
        "longitude_raw": "22° 45' 31,887\"",
        "coordinate_note": null,
        "status": "active",
        "reference_date": "2026-08-04"
      }
    },
    {
      "type": "Feature",
      "geometry": {
        "type": "Point",
        "coordinates": [
          22.75819333,
          42.31714083
        ]
      },
      "properties": {
        "permit_number_date": "400224/17.01.2005",
        "permit_number": 400224.0,
        "canonical_code": "BG4G00000QN006",
        "holder": "В и К ООД Кюстендил",
        "facility_name": "ШТК4",
        "facility_registration": "207/17.01.2005",
        "water_use_purpose": "питейно-битови цели",
        "mean_discharge_lps": 0.701,
        "max_discharge_lps": null,
        "daily_authorized_volume_m3": null,
        "annual_authorized_volume_m3": null,
        "hydraulic_conductivity_m_day": null,
        "transmissivity_m2_day": null,
        "aquifer_thickness_m": null,
        "coordinate_method": "official_local",
        "national_register_row": null,
        "latitude_raw": "42° 19' 1,707\"",
        "longitude_raw": "22° 45' 29,496\"",
        "coordinate_note": null,
        "status": "active",
        "reference_date": "2026-08-04"
      }
    },
    {
      "type": "Feature",
      "geometry": {
        "type": "Point",
        "coordinates": [
          22.75771639,
          42.317905
        ]
      },
      "properties": {
        "permit_number_date": "400224/17.01.2005",
        "permit_number": 400224.0,
        "canonical_code": "BG4G00000QN006",
        "holder": "В и К ООД Кюстендил",
        "facility_name": "ШТК5",
        "facility_registration": "208/17.01.2005",
        "water_use_purpose": "питейно-битови цели",
        "mean_discharge_lps": 0.747,
        "max_discharge_lps": null,
        "daily_authorized_volume_m3": null,
        "annual_authorized_volume_m3": null,
        "hydraulic_conductivity_m_day": null,
        "transmissivity_m2_day": null,
        "aquifer_thickness_m": null,
        "coordinate_method": "official_local",
        "national_register_row": null,
        "latitude_raw": "42° 19' 4,458\"",
        "longitude_raw": "22° 45' 27,779\"",
        "coordinate_note": null,
        "status": "active",
        "reference_date": "2026-08-04"
      }
    },
    {
      "type": "Feature",
      "geometry": {
        "type": "Point",
        "coordinates": [
          22.75739306,
          42.31879556
        ]
      },
      "properties": {
        "permit_number_date": "400224/17.01.2005",
        "permit_number": 400224.0,
        "canonical_code": "BG4G00000QN006",
        "holder": "В и К ООД Кюстендил",
        "facility_name": "ШТК6",
        "facility_registration": "209/17.01.2005",
        "water_use_purpose": "питейно-битови цели",
        "mean_discharge_lps": 0.607,
        "max_discharge_lps": null,
        "daily_authorized_volume_m3": null,
        "annual_authorized_volume_m3": null,
        "hydraulic_conductivity_m_day": null,
        "transmissivity_m2_day": null,
        "aquifer_thickness_m": null,
        "coordinate_method": "official_local",
        "national_register_row": null,
        "latitude_raw": "42° 19' 7,664\"",
        "longitude_raw": "22° 45' 26,615\"",
        "coordinate_note": null,
        "status": "active",
        "reference_date": "2026-08-04"
      }
    },
    {
      "type": "Feature",
      "geometry": {
        "type": "Point",
        "coordinates": [
          22.76048528,
          42.31349556
        ]
      },
      "properties": {
        "permit_number_date": "400224/17.01.2005",
        "permit_number": 400224.0,
        "canonical_code": "BG4G00000QN006",
        "holder": "В и К ООД Кюстендил",
        "facility_name": "ШТК7",
        "facility_registration": "210/17.01.2005",
        "water_use_purpose": "питейно-битови цели",
        "mean_discharge_lps": 0.327,
        "max_discharge_lps": null,
        "daily_authorized_volume_m3": null,
        "annual_authorized_volume_m3": null,
        "hydraulic_conductivity_m_day": null,
        "transmissivity_m2_day": null,
        "aquifer_thickness_m": null,
        "coordinate_method": "official_local",
        "national_register_row": null,
        "latitude_raw": "42° 18' 48,584\"",
        "longitude_raw": "22° 45' 37,747\"",
        "coordinate_note": null,
        "status": "active",
        "reference_date": "2026-08-04"
      }
    },
    {
      "type": "Feature",
      "geometry": {
        "type": "Point",
        "coordinates": [
          22.75609028,
          42.32158972
        ]
      },
      "properties": {
        "permit_number_date": "400224/17.01.2005",
        "permit_number": 400224.0,
        "canonical_code": "BG4G00000QN006",
        "holder": "В и К ООД Кюстендил",
        "facility_name": "ШТК8",
        "facility_registration": "211/17.01.2005",
        "water_use_purpose": "питейно-битови цели",
        "mean_discharge_lps": 0.467,
        "max_discharge_lps": null,
        "daily_authorized_volume_m3": null,
        "annual_authorized_volume_m3": null,
        "hydraulic_conductivity_m_day": null,
        "transmissivity_m2_day": null,
        "aquifer_thickness_m": null,
        "coordinate_method": "official_local",
        "national_register_row": null,
        "latitude_raw": "42° 19' 17,723\"",
        "longitude_raw": "22° 45' 21,925\"",
        "coordinate_note": null,
        "status": "active",
        "reference_date": "2026-08-04"
      }
    },
    {
      "type": "Feature",
      "geometry": {
        "type": "Point",
        "coordinates": [
          22.75602417,
          42.31384167
        ]
      },
      "properties": {
        "permit_number_date": "400224/17.01.2005",
        "permit_number": 400224.0,
        "canonical_code": "BG4G00000QN006",
        "holder": "В и К ООД Кюстендил",
        "facility_name": "ШК1N",
        "facility_registration": "212/17.01.2005",
        "water_use_purpose": "питейно-битови цели",
        "mean_discharge_lps": 0.42,
        "max_discharge_lps": null,
        "daily_authorized_volume_m3": null,
        "annual_authorized_volume_m3": null,
        "hydraulic_conductivity_m_day": null,
        "transmissivity_m2_day": null,
        "aquifer_thickness_m": null,
        "coordinate_method": "official_local",
        "national_register_row": null,
        "latitude_raw": "42° 18' 49,830\"",
        "longitude_raw": "22° 45' 21,687\"",
        "coordinate_note": null,
        "status": "active",
        "reference_date": "2026-08-04"
      }
    },
    {
      "type": "Feature",
      "geometry": {
        "type": "Point",
        "coordinates": [
          22.75764556,
          42.31385667
        ]
      },
      "properties": {
        "permit_number_date": "400224/17.01.2005",
        "permit_number": 400224.0,
        "canonical_code": "BG4G00000QN006",
        "holder": "В и К ООД Кюстендил",
        "facility_name": "ШК2N",
        "facility_registration": "213/17.01.2005",
        "water_use_purpose": "питейно-битови цели",
        "mean_discharge_lps": 0.234,
        "max_discharge_lps": null,
        "daily_authorized_volume_m3": null,
        "annual_authorized_volume_m3": null,
        "hydraulic_conductivity_m_day": null,
        "transmissivity_m2_day": null,
        "aquifer_thickness_m": null,
        "coordinate_method": "official_local",
        "national_register_row": null,
        "latitude_raw": "42° 18' 49,884\"",
        "longitude_raw": "22° 45' 27,524\"",
        "coordinate_note": null,
        "status": "active",
        "reference_date": "2026-08-04"
      }
    },
    {
      "type": "Feature",
      "geometry": {
        "type": "Point",
        "coordinates": [
          22.75889667,
          42.31421889
        ]
      },
      "properties": {
        "permit_number_date": "400224/17.01.2005",
        "permit_number": 400224.0,
        "canonical_code": "BG4G00000QN006",
        "holder": "В и К ООД Кюстендил",
        "facility_name": "ШК3N",
        "facility_registration": "214/17.01.2005",
        "water_use_purpose": "питейно-битови цели",
        "mean_discharge_lps": 0.42,
        "max_discharge_lps": null,
        "daily_authorized_volume_m3": null,
        "annual_authorized_volume_m3": null,
        "hydraulic_conductivity_m_day": null,
        "transmissivity_m2_day": null,
        "aquifer_thickness_m": null,
        "coordinate_method": "official_local",
        "national_register_row": null,
        "latitude_raw": "42° 18' 51,188\"",
        "longitude_raw": "22° 45' 32,028\"",
        "coordinate_note": null,
        "status": "active",
        "reference_date": "2026-08-04"
      }
    },
    {
      "type": "Feature",
      "geometry": {
        "type": "Point",
        "coordinates": [
          22.75893472,
          42.3131075
        ]
      },
      "properties": {
        "permit_number_date": "400224/17.01.2005",
        "permit_number": 400224.0,
        "canonical_code": "BG4G00000QN006",
        "holder": "В и К ООД Кюстендил",
        "facility_name": "ШК4N",
        "facility_registration": "215/17.01.2005",
        "water_use_purpose": "питейно-битови цели",
        "mean_discharge_lps": 0.42,
        "max_discharge_lps": null,
        "daily_authorized_volume_m3": null,
        "annual_authorized_volume_m3": null,
        "hydraulic_conductivity_m_day": null,
        "transmissivity_m2_day": null,
        "aquifer_thickness_m": null,
        "coordinate_method": "official_local",
        "national_register_row": null,
        "latitude_raw": "42° 18' 47,187\"",
        "longitude_raw": "22° 45' 32,165\"",
        "coordinate_note": null,
        "status": "active",
        "reference_date": "2026-08-04"
      }
    },
    {
      "type": "Feature",
      "geometry": {
        "type": "Point",
        "coordinates": [
          22.75989972,
          42.31259528
        ]
      },
      "properties": {
        "permit_number_date": "400224/17.01.2005",
        "permit_number": 400224.0,
        "canonical_code": "BG4G00000QN006",
        "holder": "В и К ООД Кюстендил",
        "facility_name": "ШК5N",
        "facility_registration": "216/17.01.2005",
        "water_use_purpose": "питейно-битови цели",
        "mean_discharge_lps": 0.42,
        "max_discharge_lps": null,
        "daily_authorized_volume_m3": null,
        "annual_authorized_volume_m3": null,
        "hydraulic_conductivity_m_day": null,
        "transmissivity_m2_day": null,
        "aquifer_thickness_m": null,
        "coordinate_method": "official_local",
        "national_register_row": null,
        "latitude_raw": "42° 18' 45,343\"",
        "longitude_raw": "22° 45' 35,639\"",
        "coordinate_note": null,
        "status": "active",
        "reference_date": "2026-08-04"
      }
    },
    {
      "type": "Feature",
      "geometry": {
        "type": "Point",
        "coordinates": [
          22.76023222,
          42.31129917
        ]
      },
      "properties": {
        "permit_number_date": "400224/17.01.2005",
        "permit_number": 400224.0,
        "canonical_code": "BG4G00000QN006",
        "holder": "В и К ООД Кюстендил",
        "facility_name": "ШК6N",
        "facility_registration": "217/17.01.2005",
        "water_use_purpose": "питейно-битови цели",
        "mean_discharge_lps": 0.42,
        "max_discharge_lps": null,
        "daily_authorized_volume_m3": null,
        "annual_authorized_volume_m3": null,
        "hydraulic_conductivity_m_day": null,
        "transmissivity_m2_day": null,
        "aquifer_thickness_m": null,
        "coordinate_method": "official_local",
        "national_register_row": null,
        "latitude_raw": "42° 18' 40,677\"",
        "longitude_raw": "22° 45' 36,836\"",
        "coordinate_note": null,
        "status": "active",
        "reference_date": "2026-08-04"
      }
    },
    {
      "type": "Feature",
      "geometry": {
        "type": "Point",
        "coordinates": [
          22.76048528,
          42.31349556
        ]
      },
      "properties": {
        "permit_number_date": "400224/17.01.2005",
        "permit_number": 400224.0,
        "canonical_code": "BG4G00000QN006",
        "holder": "В и К ООД Кюстендил",
        "facility_name": "ШК7N",
        "facility_registration": "218/17.01.2005",
        "water_use_purpose": "питейно-битови цели",
        "mean_discharge_lps": 0.234,
        "max_discharge_lps": null,
        "daily_authorized_volume_m3": null,
        "annual_authorized_volume_m3": null,
        "hydraulic_conductivity_m_day": null,
        "transmissivity_m2_day": null,
        "aquifer_thickness_m": null,
        "coordinate_method": "official_local",
        "national_register_row": null,
        "latitude_raw": "42° 18' 48,584\"",
        "longitude_raw": "22° 45' 37,747\"",
        "coordinate_note": null,
        "status": "active",
        "reference_date": "2026-08-04"
      }
    },
    {
      "type": "Feature",
      "geometry": {
        "type": "Point",
        "coordinates": [
          22.76045611,
          42.31423167
        ]
      },
      "properties": {
        "permit_number_date": "400224/17.01.2005",
        "permit_number": 400224.0,
        "canonical_code": "BG4G00000QN006",
        "holder": "В и К ООД Кюстендил",
        "facility_name": "ШК8N",
        "facility_registration": "219/17.01.2005",
        "water_use_purpose": "питейно-битови цели",
        "mean_discharge_lps": 0.818,
        "max_discharge_lps": null,
        "daily_authorized_volume_m3": null,
        "annual_authorized_volume_m3": null,
        "hydraulic_conductivity_m_day": null,
        "transmissivity_m2_day": null,
        "aquifer_thickness_m": null,
        "coordinate_method": "official_local",
        "national_register_row": null,
        "latitude_raw": "42° 18' 51,234\"",
        "longitude_raw": "22° 45' 37,642\"",
        "coordinate_note": null,
        "status": "active",
        "reference_date": "2026-08-04"
      }
    },
    {
      "type": "Feature",
      "geometry": {
        "type": "Point",
        "coordinates": [
          22.76004583,
          42.31490833
        ]
      },
      "properties": {
        "permit_number_date": "400224/17.01.2005",
        "permit_number": 400224.0,
        "canonical_code": "BG4G00000QN006",
        "holder": "В и К ООД Кюстендил",
        "facility_name": "ШК9N",
        "facility_registration": "220/17.01.2005",
        "water_use_purpose": "питейно-битови цели",
        "mean_discharge_lps": 1.028,
        "max_discharge_lps": null,
        "daily_authorized_volume_m3": null,
        "annual_authorized_volume_m3": null,
        "hydraulic_conductivity_m_day": null,
        "transmissivity_m2_day": null,
        "aquifer_thickness_m": null,
        "coordinate_method": "official_local",
        "national_register_row": null,
        "latitude_raw": "42° 18' 53,670\"",
        "longitude_raw": "22° 45' 36,165\"",
        "coordinate_note": null,
        "status": "active",
        "reference_date": "2026-08-04"
      }
    },
    {
      "type": "Feature",
      "geometry": {
        "type": "Point",
        "coordinates": [
          22.76078639,
          42.31041583
        ]
      },
      "properties": {
        "permit_number_date": "400224/17.01.2005",
        "permit_number": 400224.0,
        "canonical_code": "BG4G00000QN006",
        "holder": "В и К ООД Кюстендил",
        "facility_name": "ШК1S",
        "facility_registration": "221/17.01.2005",
        "water_use_purpose": "питейно-битови цели",
        "mean_discharge_lps": 0.561,
        "max_discharge_lps": null,
        "daily_authorized_volume_m3": null,
        "annual_authorized_volume_m3": null,
        "hydraulic_conductivity_m_day": null,
        "transmissivity_m2_day": null,
        "aquifer_thickness_m": null,
        "coordinate_method": "official_local",
        "national_register_row": null,
        "latitude_raw": "42° 18' 37,497\"",
        "longitude_raw": "22° 45' 38,831\"",
        "coordinate_note": null,
        "status": "active",
        "reference_date": "2026-08-04"
      }
    },
    {
      "type": "Feature",
      "geometry": {
        "type": "Point",
        "coordinates": [
          22.76160583,
          42.3095425
        ]
      },
      "properties": {
        "permit_number_date": "400224/17.01.2005",
        "permit_number": 400224.0,
        "canonical_code": "BG4G00000QN006",
        "holder": "В и К ООД Кюстендил",
        "facility_name": "ШК2S",
        "facility_registration": "222/17.01.2005",
        "water_use_purpose": "питейно-битови цели",
        "mean_discharge_lps": 0.561,
        "max_discharge_lps": null,
        "daily_authorized_volume_m3": null,
        "annual_authorized_volume_m3": null,
        "hydraulic_conductivity_m_day": null,
        "transmissivity_m2_day": null,
        "aquifer_thickness_m": null,
        "coordinate_method": "official_local",
        "national_register_row": null,
        "latitude_raw": "42° 18' 34,353\"",
        "longitude_raw": "22° 45' 41,781\"",
        "coordinate_note": null,
        "status": "active",
        "reference_date": "2026-08-04"
      }
    },
    {
      "type": "Feature",
      "geometry": {
        "type": "Point",
        "coordinates": [
          22.76102889,
          42.30850444
        ]
      },
      "properties": {
        "permit_number_date": "400224/17.01.2005",
        "permit_number": 400224.0,
        "canonical_code": "BG4G00000QN006",
        "holder": "В и К ООД Кюстендил",
        "facility_name": "ШК3S",
        "facility_registration": "223/17.01.2005",
        "water_use_purpose": "питейно-битови цели",
        "mean_discharge_lps": 0.561,
        "max_discharge_lps": null,
        "daily_authorized_volume_m3": null,
        "annual_authorized_volume_m3": null,
        "hydraulic_conductivity_m_day": null,
        "transmissivity_m2_day": null,
        "aquifer_thickness_m": null,
        "coordinate_method": "official_local",
        "national_register_row": null,
        "latitude_raw": "42° 18' 30,616\"",
        "longitude_raw": "22° 45' 39,704\"",
        "coordinate_note": null,
        "status": "active",
        "reference_date": "2026-08-04"
      }
    },
    {
      "type": "Feature",
      "geometry": {
        "type": "Point",
        "coordinates": [
          22.76232889,
          42.30841139
        ]
      },
      "properties": {
        "permit_number_date": "400224/17.01.2005",
        "permit_number": 400224.0,
        "canonical_code": "BG4G00000QN006",
        "holder": "В и К ООД Кюстендил",
        "facility_name": "ШК4S",
        "facility_registration": "224/17.01.2005",
        "water_use_purpose": "питейно-битови цели",
        "mean_discharge_lps": 0.561,
        "max_discharge_lps": null,
        "daily_authorized_volume_m3": null,
        "annual_authorized_volume_m3": null,
        "hydraulic_conductivity_m_day": null,
        "transmissivity_m2_day": null,
        "aquifer_thickness_m": null,
        "coordinate_method": "official_local",
        "national_register_row": null,
        "latitude_raw": "42° 18' 30,281\"",
        "longitude_raw": "22° 45' 44,384\"",
        "coordinate_note": null,
        "status": "active",
        "reference_date": "2026-08-04"
      }
    },
    {
      "type": "Feature",
      "geometry": {
        "type": "Point",
        "coordinates": [
          22.76239694,
          42.30739722
        ]
      },
      "properties": {
        "permit_number_date": "400224/17.01.2005",
        "permit_number": 400224.0,
        "canonical_code": "BG4G00000QN006",
        "holder": "В и К ООД Кюстендил",
        "facility_name": "ШК5S",
        "facility_registration": "225/17.01.2005",
        "water_use_purpose": "питейно-битови цели",
        "mean_discharge_lps": 0.561,
        "max_discharge_lps": null,
        "daily_authorized_volume_m3": null,
        "annual_authorized_volume_m3": null,
        "hydraulic_conductivity_m_day": null,
        "transmissivity_m2_day": null,
        "aquifer_thickness_m": null,
        "coordinate_method": "official_local",
        "national_register_row": null,
        "latitude_raw": "42° 18' 26,630\"",
        "longitude_raw": "22° 45' 44,629\"",
        "coordinate_note": null,
        "status": "active",
        "reference_date": "2026-08-04"
      }
    },
    {
      "type": "Feature",
      "geometry": {
        "type": "Point",
        "coordinates": [
          22.7631425,
          42.30649278
        ]
      },
      "properties": {
        "permit_number_date": "400224/17.01.2005",
        "permit_number": 400224.0,
        "canonical_code": "BG4G00000QN006",
        "holder": "В и К ООД Кюстендил",
        "facility_name": "ШК6S",
        "facility_registration": "226/17.01.2005",
        "water_use_purpose": "питейно-битови цели",
        "mean_discharge_lps": 0.561,
        "max_discharge_lps": null,
        "daily_authorized_volume_m3": null,
        "annual_authorized_volume_m3": null,
        "hydraulic_conductivity_m_day": null,
        "transmissivity_m2_day": null,
        "aquifer_thickness_m": null,
        "coordinate_method": "official_local",
        "national_register_row": null,
        "latitude_raw": "42° 18' 23,374\"",
        "longitude_raw": "22° 45' 47,313\"",
        "coordinate_note": null,
        "status": "active",
        "reference_date": "2026-08-04"
      }
    },
    {
      "type": "Feature",
      "geometry": {
        "type": "Point",
        "coordinates": [
          22.76361861,
          42.305635
        ]
      },
      "properties": {
        "permit_number_date": "400224/17.01.2005",
        "permit_number": 400224.0,
        "canonical_code": "BG4G00000QN006",
        "holder": "В и К ООД Кюстендил",
        "facility_name": "ШК7S",
        "facility_registration": "227/17.01.2005",
        "water_use_purpose": "питейно-битови цели",
        "mean_discharge_lps": 0.234,
        "max_discharge_lps": null,
        "daily_authorized_volume_m3": null,
        "annual_authorized_volume_m3": null,
        "hydraulic_conductivity_m_day": null,
        "transmissivity_m2_day": null,
        "aquifer_thickness_m": null,
        "coordinate_method": "official_local",
        "national_register_row": null,
        "latitude_raw": "42° 18' 20,286\"",
        "longitude_raw": "22° 45' 49,027\"",
        "coordinate_note": null,
        "status": "active",
        "reference_date": "2026-08-04"
      }
    },
    {
      "type": "Feature",
      "geometry": {
        "type": "Point",
        "coordinates": [
          22.68122222,
          42.36761111
        ]
      },
      "properties": {
        "permit_number_date": "41510025/13.03.2007",
        "permit_number": 41510025.0,
        "canonical_code": "BG4G00000QN006",
        "holder": "В и К ООД Кюстендил",
        "facility_name": "ШК-1",
        "facility_registration": "411/13.03.2007",
        "water_use_purpose": "питейно-битови",
        "mean_discharge_lps": 0.45,
        "max_discharge_lps": 11.0,
        "daily_authorized_volume_m3": 38.0,
        "annual_authorized_volume_m3": 14000.0,
        "hydraulic_conductivity_m_day": null,
        "transmissivity_m2_day": null,
        "aquifer_thickness_m": null,
        "coordinate_method": "official_local",
        "national_register_row": null,
        "latitude_raw": "42° 22' 3,400\"",
        "longitude_raw": "22° 40' 52,400\"",
        "coordinate_note": null,
        "status": "active",
        "reference_date": "2026-08-04"
      }
    },
    {
      "type": "Feature",
      "geometry": {
        "type": "Point",
        "coordinates": [
          22.72083333,
          42.31938889
        ]
      },
      "properties": {
        "permit_number_date": "41510024/13.03.2007",
        "permit_number": 41510024.0,
        "canonical_code": "BG4G00000QN006",
        "holder": "В и К ООД Кюстендил",
        "facility_name": "ШК-1",
        "facility_registration": "412/13.03.2007",
        "water_use_purpose": "питейно-битови",
        "mean_discharge_lps": 0.67,
        "max_discharge_lps": 3.3,
        "daily_authorized_volume_m3": 57.0,
        "annual_authorized_volume_m3": 21000.0,
        "hydraulic_conductivity_m_day": null,
        "transmissivity_m2_day": null,
        "aquifer_thickness_m": null,
        "coordinate_method": "official_local",
        "national_register_row": null,
        "latitude_raw": "42° 19' 9,800\"",
        "longitude_raw": "22° 43' 15,000\"",
        "coordinate_note": null,
        "status": "active",
        "reference_date": "2026-08-04"
      }
    },
    {
      "type": "Feature",
      "geometry": {
        "type": "Point",
        "coordinates": [
          22.721,
          42.32013889
        ]
      },
      "properties": {
        "permit_number_date": "41510024/13.03.2007",
        "permit_number": 41510024.0,
        "canonical_code": "BG4G00000QN006",
        "holder": "В и К ООД Кюстендил",
        "facility_name": "ШК-2",
        "facility_registration": "413/13.03.2007",
        "water_use_purpose": "питейно-битови",
        "mean_discharge_lps": 0.67,
        "max_discharge_lps": 2.0,
        "daily_authorized_volume_m3": null,
        "annual_authorized_volume_m3": null,
        "hydraulic_conductivity_m_day": null,
        "transmissivity_m2_day": null,
        "aquifer_thickness_m": null,
        "coordinate_method": "official_local",
        "national_register_row": null,
        "latitude_raw": "42° 19' 12,500\"",
        "longitude_raw": "22° 43' 15,600\"",
        "coordinate_note": null,
        "status": "active",
        "reference_date": "2026-08-04"
      }
    },
    {
      "type": "Feature",
      "geometry": {
        "type": "Point",
        "coordinates": [
          22.64801639,
          42.3750975
        ]
      },
      "properties": {
        "permit_number_date": "41510127/06.06.2008",
        "permit_number": 41510127.0,
        "canonical_code": "BG4G00000QN006",
        "holder": "В и К ЕООД Кюстендил",
        "facility_name": "ШК-1",
        "facility_registration": "596/06.06.2008",
        "water_use_purpose": "питейно-битови",
        "mean_discharge_lps": 1.01,
        "max_discharge_lps": 25.0,
        "daily_authorized_volume_m3": 87.7,
        "annual_authorized_volume_m3": 32000.0,
        "hydraulic_conductivity_m_day": null,
        "transmissivity_m2_day": null,
        "aquifer_thickness_m": null,
        "coordinate_method": "official_local",
        "national_register_row": null,
        "latitude_raw": "42° 22' 30,351\"",
        "longitude_raw": "22° 38' 52,859\"",
        "coordinate_note": null,
        "status": "active",
        "reference_date": "2026-08-04"
      }
    },
    {
      "type": "Feature",
      "geometry": {
        "type": "Point",
        "coordinates": [
          22.62537778,
          42.388845
        ]
      },
      "properties": {
        "permit_number_date": "41510126/06.06.2008",
        "permit_number": 41510126.0,
        "canonical_code": "BG4G00000QN006",
        "holder": "В и К ЕООД Кюстендил",
        "facility_name": "ШК\"Горановци\"",
        "facility_registration": "597/06.06.2008",
        "water_use_purpose": "питейно-битови",
        "mean_discharge_lps": 0.2,
        "max_discharge_lps": 7.0,
        "daily_authorized_volume_m3": 17.0,
        "annual_authorized_volume_m3": 6200.0,
        "hydraulic_conductivity_m_day": null,
        "transmissivity_m2_day": null,
        "aquifer_thickness_m": null,
        "coordinate_method": "official_local",
        "national_register_row": null,
        "latitude_raw": "42° 23' 19,842\"",
        "longitude_raw": "22° 37' 31,360\"",
        "coordinate_note": null,
        "status": "active",
        "reference_date": "2026-08-04"
      }
    },
    {
      "type": "Feature",
      "geometry": {
        "type": "Point",
        "coordinates": [
          22.80540639,
          42.24572278
        ]
      },
      "properties": {
        "permit_number_date": "41510327/18.05.2011",
        "permit_number": 41510327.0,
        "canonical_code": "BG4G00000QN006",
        "holder": "Кюстендилска вода ЕООД",
        "facility_name": "ШК\"Недялкова Гращица\"",
        "facility_registration": "659/23.06.2008",
        "water_use_purpose": "питейно-битови цели",
        "mean_discharge_lps": 0.38,
        "max_discharge_lps": 7.0,
        "daily_authorized_volume_m3": 33.0,
        "annual_authorized_volume_m3": 12000.0,
        "hydraulic_conductivity_m_day": 232.36,
        "transmissivity_m2_day": 1273.31,
        "aquifer_thickness_m": 7.0,
        "coordinate_method": "official_local",
        "national_register_row": null,
        "latitude_raw": "42° 14' 44,602\"",
        "longitude_raw": "22° 48' 19,463\"",
        "coordinate_note": null,
        "status": "active",
        "reference_date": "2026-08-04"
      }
    },
    {
      "type": "Feature",
      "geometry": {
        "type": "Point",
        "coordinates": [
          22.85626194,
          42.15194056
        ]
      },
      "properties": {
        "permit_number_date": "41510326/18.05.2011",
        "permit_number": 41510326.0,
        "canonical_code": "BG4G00000QN006",
        "holder": "Кюстендилска вода ЕООД",
        "facility_name": "ШК\"Ваксево\"",
        "facility_registration": "660/23.06.2008",
        "water_use_purpose": "питейно-битови",
        "mean_discharge_lps": 0.74,
        "max_discharge_lps": 1.5,
        "daily_authorized_volume_m3": 64.0,
        "annual_authorized_volume_m3": 23000.0,
        "hydraulic_conductivity_m_day": 112.37,
        "transmissivity_m2_day": 379.18,
        "aquifer_thickness_m": 4.6,
        "coordinate_method": "official_local",
        "national_register_row": null,
        "latitude_raw": "42° 9' 6,986\"",
        "longitude_raw": "22° 51' 22,543\"",
        "coordinate_note": null,
        "status": "active",
        "reference_date": "2026-08-04"
      }
    },
    {
      "type": "Feature",
      "geometry": {
        "type": "Point",
        "coordinates": [
          22.71878083,
          42.35764694
        ]
      },
      "properties": {
        "permit_number_date": "41510328/18.05.2011",
        "permit_number": 41510328.0,
        "canonical_code": "BG4G00000QN006",
        "holder": "Кюстендилска вода ЕООД",
        "facility_name": "ТК\"Шишковци\"",
        "facility_registration": "409/13.03.2007",
        "water_use_purpose": "питейно-битови",
        "mean_discharge_lps": 1.1,
        "max_discharge_lps": 25.0,
        "daily_authorized_volume_m3": 96.0,
        "annual_authorized_volume_m3": 35040.0,
        "hydraulic_conductivity_m_day": 209.7,
        "transmissivity_m2_day": 1321.0,
        "aquifer_thickness_m": 6.3,
        "coordinate_method": "official_local",
        "national_register_row": null,
        "latitude_raw": "42° 21' 27,529\"",
        "longitude_raw": "22° 43' 7,611\"",
        "coordinate_note": null,
        "status": "active",
        "reference_date": "2026-08-04"
      }
    },
    {
      "type": "Feature",
      "geometry": {
        "type": "Point",
        "coordinates": [
          22.87010389,
          42.24395583
        ]
      },
      "properties": {
        "permit_number_date": "41510329/18.05.2011",
        "permit_number": 41510329.0,
        "canonical_code": "BG4G00000QN006",
        "holder": "Кюстендилска вода ЕООД",
        "facility_name": "ШК\"Четирци\"",
        "facility_registration": "666/23.06.2008",
        "water_use_purpose": "питейно-битови",
        "mean_discharge_lps": 1.67,
        "max_discharge_lps": 13.3,
        "daily_authorized_volume_m3": 144.0,
        "annual_authorized_volume_m3": 52000.0,
        "hydraulic_conductivity_m_day": 1088.12,
        "transmissivity_m2_day": 2459.14,
        "aquifer_thickness_m": 4.7,
        "coordinate_method": "official_local",
        "national_register_row": null,
        "latitude_raw": "42° 14' 38,241\"",
        "longitude_raw": "22° 52' 12,374\"",
        "coordinate_note": null,
        "status": "active",
        "reference_date": "2026-08-04"
      }
    },
    {
      "type": "Feature",
      "geometry": {
        "type": "Point",
        "coordinates": [
          22.73283333,
          42.33661111
        ]
      },
      "properties": {
        "permit_number_date": "41530062/27.04.2012",
        "permit_number": 41530062.0,
        "canonical_code": "BG4G00000QN006",
        "holder": "Строителна фирма Рила ЕООД",
        "facility_name": "ШК",
        "facility_registration": "296/11.07.2005",
        "water_use_purpose": "промишлени цели",
        "mean_discharge_lps": 0.67,
        "max_discharge_lps": 15.0,
        "daily_authorized_volume_m3": 57.87,
        "annual_authorized_volume_m3": 5000.0,
        "hydraulic_conductivity_m_day": 611.38,
        "transmissivity_m2_day": 1235.0,
        "aquifer_thickness_m": 2.22,
        "coordinate_method": "official_local",
        "national_register_row": null,
        "latitude_raw": "42°20'11.8\"",
        "longitude_raw": "22°43'58.2\"",
        "coordinate_note": null,
        "status": "active",
        "reference_date": "2026-08-04"
      }
    },
    {
      "type": "Feature",
      "geometry": {
        "type": "Point",
        "coordinates": [
          22.81363889,
          42.3165
        ]
      },
      "properties": {
        "permit_number_date": "41510358/25.10.2012",
        "permit_number": 41510358.0,
        "canonical_code": "BG4G00000QN006",
        "holder": "Кюстендилска вода ЕООД",
        "facility_name": "ВС\"Горна Гращица II\"",
        "facility_registration": "346/31.08.2006",
        "water_use_purpose": "питейно-битови",
        "mean_discharge_lps": 0.32,
        "max_discharge_lps": null,
        "daily_authorized_volume_m3": 27.4,
        "annual_authorized_volume_m3": 10000.0,
        "hydraulic_conductivity_m_day": null,
        "transmissivity_m2_day": null,
        "aquifer_thickness_m": null,
        "coordinate_method": "official_local",
        "national_register_row": null,
        "latitude_raw": "42°18'59.4\"",
        "longitude_raw": "22°48'49.1\"",
        "coordinate_note": null,
        "status": "active",
        "reference_date": "2026-08-04"
      }
    },
    {
      "type": "Feature",
      "geometry": {
        "type": "Point",
        "coordinates": [
          22.69469444,
          42.31851111
        ]
      },
      "properties": {
        "permit_number_date": "41510379/03.12.2012",
        "permit_number": 41510379.0,
        "canonical_code": "BG4G00000QN006",
        "holder": "Кюстендилска вода ЕООД",
        "facility_name": "ВС\"Гроячо\"",
        "facility_registration": "354/31.08.2006",
        "water_use_purpose": "питейно-битови цели",
        "mean_discharge_lps": null,
        "max_discharge_lps": null,
        "daily_authorized_volume_m3": 54.7,
        "annual_authorized_volume_m3": 20000.0,
        "hydraulic_conductivity_m_day": null,
        "transmissivity_m2_day": null,
        "aquifer_thickness_m": null,
        "coordinate_method": "official_local",
        "national_register_row": null,
        "latitude_raw": "42°19'6.64\"",
        "longitude_raw": "22°41'40.9\"",
        "coordinate_note": null,
        "status": "active",
        "reference_date": "2026-08-04"
      }
    },
    {
      "type": "Feature",
      "geometry": {
        "type": "Point",
        "coordinates": [
          22.81222222,
          42.31616667
        ]
      },
      "properties": {
        "permit_number_date": "41510378/03.12.2012",
        "permit_number": 41510378.0,
        "canonical_code": "BG4G00000QN006",
        "holder": "Кюстендилска вода ЕООД",
        "facility_name": "ВС\"Извора\"",
        "facility_registration": "345/31.08.2006",
        "water_use_purpose": "питейно-битови",
        "mean_discharge_lps": null,
        "max_discharge_lps": null,
        "daily_authorized_volume_m3": 60.3,
        "annual_authorized_volume_m3": 22000.0,
        "hydraulic_conductivity_m_day": null,
        "transmissivity_m2_day": null,
        "aquifer_thickness_m": null,
        "coordinate_method": "official_local",
        "national_register_row": null,
        "latitude_raw": "42°18'58.2\"",
        "longitude_raw": "22°48'44.0\"",
        "coordinate_note": null,
        "status": "active",
        "reference_date": "2026-08-04"
      }
    },
    {
      "type": "Feature",
      "geometry": {
        "type": "Point",
        "coordinates": [
          22.735014,
          42.335358
        ]
      },
      "properties": {
        "permit_number_date": "41590117/28.01.2013",
        "permit_number": 41590117.0,
        "canonical_code": "BG4G00000QN006",
        "holder": "Балкан фруид ЕООД",
        "facility_name": "ШК",
        "facility_registration": "860/31.08.2011",
        "water_use_purpose": "други цели",
        "mean_discharge_lps": 0.017,
        "max_discharge_lps": 0.017,
        "daily_authorized_volume_m3": 0.017,
        "annual_authorized_volume_m3": 117.0,
        "hydraulic_conductivity_m_day": 338.0,
        "transmissivity_m2_day": 1129.0,
        "aquifer_thickness_m": 30.0,
        "coordinate_method": "official_national_crosscheck",
        "national_register_row": 795.0,
        "latitude_raw": null,
        "longitude_raw": "22°44'0.655\"",
        "coordinate_note": null,
        "status": "active",
        "reference_date": "2026-08-04"
      }
    },
    {
      "type": "Feature",
      "geometry": {
        "type": "Point",
        "coordinates": [
          22.64419028,
          42.31703611
        ]
      },
      "properties": {
        "permit_number_date": "41510399/24.10.2013",
        "permit_number": 41510399.0,
        "canonical_code": "BG4G00000QN006",
        "holder": "Кюстендилска вода ЕООД",
        "facility_name": "ВС\"ПС Радловци\"",
        "facility_registration": "615/12.06.2008",
        "water_use_purpose": "питейно-битови",
        "mean_discharge_lps": null,
        "max_discharge_lps": null,
        "daily_authorized_volume_m3": null,
        "annual_authorized_volume_m3": 7000.0,
        "hydraulic_conductivity_m_day": null,
        "transmissivity_m2_day": null,
        "aquifer_thickness_m": null,
        "coordinate_method": "official_local",
        "national_register_row": null,
        "latitude_raw": "42° 19' 1,330\"",
        "longitude_raw": "22° 38' 39,085\"",
        "coordinate_note": null,
        "status": "active",
        "reference_date": "2026-08-04"
      }
    },
    {
      "type": "Feature",
      "geometry": {
        "type": "Point",
        "coordinates": [
          22.53468889,
          42.25491556
        ]
      },
      "properties": {
        "permit_number_date": "41510398/27.11.2013",
        "permit_number": 41510398.0,
        "canonical_code": "BG4G00000QN006",
        "holder": "Кюстендилска вода ЕООД",
        "facility_name": "ВС\"Царевичак\"",
        "facility_registration": "614/12.06.2008",
        "water_use_purpose": "питейно-битови",
        "mean_discharge_lps": 2.16,
        "max_discharge_lps": null,
        "daily_authorized_volume_m3": null,
        "annual_authorized_volume_m3": 4500.0,
        "hydraulic_conductivity_m_day": null,
        "transmissivity_m2_day": null,
        "aquifer_thickness_m": null,
        "coordinate_method": "official_local",
        "national_register_row": null,
        "latitude_raw": "42° 15' 17,696\"",
        "longitude_raw": "22° 32' 4,880\"",
        "coordinate_note": null,
        "status": "active",
        "reference_date": "2026-08-04"
      }
    },
    {
      "type": "Feature",
      "geometry": {
        "type": "Point",
        "coordinates": [
          22.479255,
          42.23313694
        ]
      },
      "properties": {
        "permit_number_date": "41510400/27.11.2013",
        "permit_number": 41510400.0,
        "canonical_code": "BG4G00000QN006",
        "holder": "Кюстендилска вода ЕООД",
        "facility_name": "ВС\"Преколница\"",
        "facility_registration": "617/12.06.2008",
        "water_use_purpose": "питейно-битови",
        "mean_discharge_lps": 0.37,
        "max_discharge_lps": null,
        "daily_authorized_volume_m3": null,
        "annual_authorized_volume_m3": 8000.0,
        "hydraulic_conductivity_m_day": null,
        "transmissivity_m2_day": null,
        "aquifer_thickness_m": null,
        "coordinate_method": "official_local",
        "national_register_row": null,
        "latitude_raw": "42° 13' 59,293\"",
        "longitude_raw": "22° 28' 45,318\"",
        "coordinate_note": null,
        "status": "active",
        "reference_date": "2026-08-04"
      }
    },
    {
      "type": "Feature",
      "geometry": {
        "type": "Point",
        "coordinates": [
          22.57750639,
          42.25027833
        ]
      },
      "properties": {
        "permit_number_date": "41510428/29.10.2013",
        "permit_number": 41510428.0,
        "canonical_code": "BG4G00000QN006",
        "holder": "Кюстендилска вода ЕООД",
        "facility_name": "ВС\"Новия\"",
        "facility_registration": "646/18.06.2008",
        "water_use_purpose": "питейно-битови",
        "mean_discharge_lps": null,
        "max_discharge_lps": null,
        "daily_authorized_volume_m3": null,
        "annual_authorized_volume_m3": 8000.0,
        "hydraulic_conductivity_m_day": null,
        "transmissivity_m2_day": null,
        "aquifer_thickness_m": null,
        "coordinate_method": "official_local",
        "national_register_row": null,
        "latitude_raw": "42° 15' 1,002\"",
        "longitude_raw": "22° 34' 39,023\"",
        "coordinate_note": null,
        "status": "active",
        "reference_date": "2026-08-04"
      }
    },
    {
      "type": "Feature",
      "geometry": {
        "type": "Point",
        "coordinates": [
          22.79161111,
          42.30611111
        ]
      },
      "properties": {
        "permit_number_date": "41510486/25.02.2014",
        "permit_number": 41510486.0,
        "canonical_code": "BG4G00000QN006",
        "holder": "Кюстендилска вода ЕООД",
        "facility_name": "ВС\"Извора\"",
        "facility_registration": "349/31.08.2006",
        "water_use_purpose": "питейно-битови",
        "mean_discharge_lps": null,
        "max_discharge_lps": null,
        "daily_authorized_volume_m3": null,
        "annual_authorized_volume_m3": 25000.0,
        "hydraulic_conductivity_m_day": null,
        "transmissivity_m2_day": null,
        "aquifer_thickness_m": null,
        "coordinate_method": "official_local",
        "national_register_row": null,
        "latitude_raw": "42° 18' 22,000\"",
        "longitude_raw": "22° 47' 29,800\"",
        "coordinate_note": null,
        "status": "active",
        "reference_date": "2026-08-04"
      }
    },
    {
      "type": "Feature",
      "geometry": {
        "type": "Point",
        "coordinates": [
          22.68401667,
          42.28767222
        ]
      },
      "properties": {
        "permit_number_date": "41590166/30.11.2015г.",
        "permit_number": 41590166.0,
        "canonical_code": "BG4G00000QN006",
        "holder": "Община Кюстендил",
        "facility_name": "ТК-1",
        "facility_registration": "1029/02.08.2016",
        "water_use_purpose": "други",
        "mean_discharge_lps": 0.6,
        "max_discharge_lps": 1.0,
        "daily_authorized_volume_m3": 51.84,
        "annual_authorized_volume_m3": 12360.0,
        "hydraulic_conductivity_m_day": 12.0,
        "transmissivity_m2_day": 600.0,
        "aquifer_thickness_m": null,
        "coordinate_method": "official_local",
        "national_register_row": null,
        "latitude_raw": "42°17'15.62\"",
        "longitude_raw": "22°41'02.46\"",
        "coordinate_note": null,
        "status": "active",
        "reference_date": "2026-08-04"
      }
    },
    {
      "type": "Feature",
      "geometry": {
        "type": "Point",
        "coordinates": [
          22.67098056,
          42.27728611
        ]
      },
      "properties": {
        "permit_number_date": "41590178/15.04.2016",
        "permit_number": 41590178.0,
        "canonical_code": "BG4G00000QN006",
        "holder": "БЛИМ ЕООД",
        "facility_name": "ТК- 1",
        "facility_registration": "1021/23.04.2007",
        "water_use_purpose": "За други цели- измиване на автомобили ,пране на килими",
        "mean_discharge_lps": 0.095,
        "max_discharge_lps": 0.8,
        "daily_authorized_volume_m3": 8.2,
        "annual_authorized_volume_m3": 3000.0,
        "hydraulic_conductivity_m_day": 3.16,
        "transmissivity_m2_day": 56.21,
        "aquifer_thickness_m": 3.6,
        "coordinate_method": "official_local",
        "national_register_row": null,
        "latitude_raw": "42° 16' 38,230\"",
        "longitude_raw": "22° 40' 15,530\"",
        "coordinate_note": null,
        "status": "active",
        "reference_date": "2026-08-04"
      }
    },
    {
      "type": "Feature",
      "geometry": {
        "type": "Point",
        "coordinates": [
          22.81178333,
          42.273725
        ]
      },
      "properties": {
        "permit_number_date": "41530103/08.06.2016",
        "permit_number": 41530103.0,
        "canonical_code": "BG4G00000QN006",
        "holder": "КАТСТРОЙ - 13 ЕООД",
        "facility_name": "Хоризонтален дренаж",
        "facility_registration": "237/07.02.2005",
        "water_use_purpose": "За промишлени цели - за нуждите на пресевно- промивна инсталация на находище 'Катрище\"",
        "mean_discharge_lps": 0.661,
        "max_discharge_lps": 8.0,
        "daily_authorized_volume_m3": 57.14,
        "annual_authorized_volume_m3": 10000.0,
        "hydraulic_conductivity_m_day": 280.0,
        "transmissivity_m2_day": 390.0,
        "aquifer_thickness_m": null,
        "coordinate_method": "official_local",
        "national_register_row": null,
        "latitude_raw": "42°16'25.41\"",
        "longitude_raw": "22°48'42.42\"",
        "coordinate_note": null,
        "status": "active",
        "reference_date": "2026-08-04"
      }
    },
    {
      "type": "Feature",
      "geometry": {
        "type": "Point",
        "coordinates": [
          22.81430556,
          42.27322222
        ]
      },
      "properties": {
        "permit_number_date": "41590184/08.06.2016",
        "permit_number": 41590184.0,
        "canonical_code": "BG4G00000QN006",
        "holder": "КАТСТРОЙ - 13 ЕООД",
        "facility_name": "ШК-1",
        "facility_registration": "238/07.02.2005",
        "water_use_purpose": "За други цели - за нуждите на рудник \"Катрище\"",
        "mean_discharge_lps": 0.12,
        "max_discharge_lps": 0.866,
        "daily_authorized_volume_m3": null,
        "annual_authorized_volume_m3": 1850.0,
        "hydraulic_conductivity_m_day": 281.5,
        "transmissivity_m2_day": 393.5,
        "aquifer_thickness_m": null,
        "coordinate_method": "official_local",
        "national_register_row": null,
        "latitude_raw": "42° 16' 23,600\"",
        "longitude_raw": "22° 48' 51,500\"",
        "coordinate_note": null,
        "status": "active",
        "reference_date": "2026-08-04"
      }
    },
    {
      "type": "Feature",
      "geometry": {
        "type": "Point",
        "coordinates": [
          22.76756278,
          42.29588889
        ]
      },
      "properties": {
        "permit_number_date": "41510526/26.08.2016",
        "permit_number": 41510526.0,
        "canonical_code": "BG4G00000QN006",
        "holder": "КЮСТЕНДИЛСКА ВОДА ЕООД",
        "facility_name": "ШК\" ПС Гирчевци\" (Шахтов кладенец)",
        "facility_registration": "410/13.03.2007",
        "water_use_purpose": "За питейно-битово водоснабдяване",
        "mean_discharge_lps": 2.15,
        "max_discharge_lps": 8.0,
        "daily_authorized_volume_m3": 185.0,
        "annual_authorized_volume_m3": 68000.0,
        "hydraulic_conductivity_m_day": null,
        "transmissivity_m2_day": null,
        "aquifer_thickness_m": null,
        "coordinate_method": "official_local",
        "national_register_row": null,
        "latitude_raw": "42° 17' 45,200\"",
        "longitude_raw": "22° 46' 3,226\"",
        "coordinate_note": null,
        "status": "active",
        "reference_date": "2026-08-04"
      }
    },
    {
      "type": "Feature",
      "geometry": {
        "type": "Point",
        "coordinates": [
          22.70819444,
          42.28741667
        ]
      },
      "properties": {
        "permit_number_date": "41590190/13.09.2016",
        "permit_number": 41590190.0,
        "canonical_code": "BG4G00000QN006",
        "holder": "Промишлено снабдяване ООД",
        "facility_name": "ШК-1",
        "facility_registration": null,
        "water_use_purpose": "За други цели -технологични нужди на автомивка",
        "mean_discharge_lps": 0.02,
        "max_discharge_lps": 0.09,
        "daily_authorized_volume_m3": 1.73,
        "annual_authorized_volume_m3": 500.0,
        "hydraulic_conductivity_m_day": null,
        "transmissivity_m2_day": null,
        "aquifer_thickness_m": null,
        "coordinate_method": "official_local",
        "national_register_row": null,
        "latitude_raw": "42° 17' 14,700\"",
        "longitude_raw": "22° 42' 29,500\"",
        "coordinate_note": null,
        "status": "active",
        "reference_date": "2026-08-04"
      }
    },
    {
      "type": "Feature",
      "geometry": {
        "type": "Point",
        "coordinates": [
          22.70797222,
          42.29152778
        ]
      },
      "properties": {
        "permit_number_date": "41530113/06.06.2017",
        "permit_number": 41530113.0,
        "canonical_code": "BG4G00000QN006",
        "holder": "Елпром Трафо СН АД",
        "facility_name": "ТК-2",
        "facility_registration": "155/08.09.2003",
        "water_use_purpose": "За промишлени цели-охлаждане на вакуумколона и вакуумпомпа и за други цели- измиване на асфалт,площадки и халета",
        "mean_discharge_lps": 0.28,
        "max_discharge_lps": 1.6,
        "daily_authorized_volume_m3": 24.3,
        "annual_authorized_volume_m3": 8874.0,
        "hydraulic_conductivity_m_day": null,
        "transmissivity_m2_day": null,
        "aquifer_thickness_m": null,
        "coordinate_method": "official_local",
        "national_register_row": null,
        "latitude_raw": "42°17'29.5\"",
        "longitude_raw": "22°42'28,7\"",
        "coordinate_note": null,
        "status": "active",
        "reference_date": "2026-08-04"
      }
    },
    {
      "type": "Feature",
      "geometry": {
        "type": "Point",
        "coordinates": [
          22.65599917,
          42.36682972
        ]
      },
      "properties": {
        "permit_number_date": "41590201/06.06.2017",
        "permit_number": 41590201.0,
        "canonical_code": "BG4G00000QN006",
        "holder": "Агритим ЕООД",
        "facility_name": "ШК-1",
        "facility_registration": "187/12.05.2004",
        "water_use_purpose": "За други цели-напояване на тревни площи и измиване на паркинг и улици в склад",
        "mean_discharge_lps": 0.09,
        "max_discharge_lps": 2.0,
        "daily_authorized_volume_m3": 7.77,
        "annual_authorized_volume_m3": 2880.0,
        "hydraulic_conductivity_m_day": null,
        "transmissivity_m2_day": null,
        "aquifer_thickness_m": null,
        "coordinate_method": "official_local",
        "national_register_row": null,
        "latitude_raw": "42°22'00.587\"",
        "longitude_raw": "22°39'21,597\"",
        "coordinate_note": null,
        "status": "active",
        "reference_date": "2026-08-04"
      }
    },
    {
      "type": "Feature",
      "geometry": {
        "type": "Point",
        "coordinates": [
          22.70333333,
          42.29388889
        ]
      },
      "properties": {
        "permit_number_date": "41590220/05.11.2018",
        "permit_number": 41590220.0,
        "canonical_code": "BG4G00000QN006",
        "holder": "Еко България ЕАД",
        "facility_name": "ШК-1",
        "facility_registration": null,
        "water_use_purpose": "За други цели",
        "mean_discharge_lps": 0.12,
        "max_discharge_lps": 1.0,
        "daily_authorized_volume_m3": null,
        "annual_authorized_volume_m3": 3650.0,
        "hydraulic_conductivity_m_day": null,
        "transmissivity_m2_day": null,
        "aquifer_thickness_m": null,
        "coordinate_method": "official_local",
        "national_register_row": null,
        "latitude_raw": "42°17'38.'4\"",
        "longitude_raw": "22°42'12.'7\"",
        "coordinate_note": null,
        "status": "active",
        "reference_date": "2026-08-04"
      }
    },
    {
      "type": "Feature",
      "geometry": {
        "type": "Point",
        "coordinates": [
          22.648258,
          42.289306
        ]
      },
      "properties": {
        "permit_number_date": "41590229/26.11.2019",
        "permit_number": 41590229.0,
        "canonical_code": "BG4G00000QN006",
        "holder": "Веланто груп ЕООД",
        "facility_name": "СК-1",
        "facility_registration": null,
        "water_use_purpose": "За други цели",
        "mean_discharge_lps": 0.11,
        "max_discharge_lps": 1.5,
        "daily_authorized_volume_m3": null,
        "annual_authorized_volume_m3": 3512.0,
        "hydraulic_conductivity_m_day": null,
        "transmissivity_m2_day": null,
        "aquifer_thickness_m": null,
        "coordinate_method": "official_national_crosscheck",
        "national_register_row": 1320.0,
        "latitude_raw": "42°17'21.5\"",
        "longitude_raw": "22°38'536.73\"",
        "coordinate_note": null,
        "status": "active",
        "reference_date": "2026-08-04"
      }
    },
    {
      "type": "Feature",
      "geometry": {
        "type": "Point",
        "coordinates": [
          22.65993889,
          42.26750278
        ]
      },
      "properties": {
        "permit_number_date": "41510581/11.03.2020",
        "permit_number": 41510581.0,
        "canonical_code": "BG4G00000QN006",
        "holder": "Фола пласт ООД",
        "facility_name": "ТК",
        "facility_registration": "1260/23.02.2023",
        "water_use_purpose": "самостоятелно питейно-битови, други цели и противопожарни нужди",
        "mean_discharge_lps": 0.3,
        "max_discharge_lps": 2.5,
        "daily_authorized_volume_m3": null,
        "annual_authorized_volume_m3": 9461.0,
        "hydraulic_conductivity_m_day": null,
        "transmissivity_m2_day": null,
        "aquifer_thickness_m": null,
        "coordinate_method": "official_local",
        "national_register_row": null,
        "latitude_raw": "42°16'3.01\"",
        "longitude_raw": "22°39'35.78\"",
        "coordinate_note": "SONDI-derived correction: one-degree coordinate correction validated by official GWB assignment and unique +/-1 degree spatial match.",
        "status": "active",
        "reference_date": "2026-08-04"
      }
    },
    {
      "type": "Feature",
      "geometry": {
        "type": "Point",
        "coordinates": [
          22.88383333,
          42.24102778
        ]
      },
      "properties": {
        "permit_number_date": "41510584/29.09.2020",
        "permit_number": 41510584.0,
        "canonical_code": "BG4G00000QN006",
        "holder": "Община Невестино",
        "facility_name": "ШК",
        "facility_registration": null,
        "water_use_purpose": "питейно-битово водоснабдяване",
        "mean_discharge_lps": 1.0,
        "max_discharge_lps": 2.0,
        "daily_authorized_volume_m3": null,
        "annual_authorized_volume_m3": 31536.0,
        "hydraulic_conductivity_m_day": null,
        "transmissivity_m2_day": null,
        "aquifer_thickness_m": null,
        "coordinate_method": "official_local",
        "national_register_row": null,
        "latitude_raw": "42°14'27.7\"",
        "longitude_raw": "22°53'1.8\"",
        "coordinate_note": null,
        "status": "active",
        "reference_date": "2026-08-04"
      }
    },
    {
      "type": "Feature",
      "geometry": {
        "type": "Point",
        "coordinates": [
          22.75630833,
          42.32598333
        ]
      },
      "properties": {
        "permit_number_date": "41520123/14.04.2022",
        "permit_number": 41520123.0,
        "canonical_code": "BG4G00000QN006",
        "holder": "МБРД ООД",
        "facility_name": "ШК-1",
        "facility_registration": "1109/25.03.2021",
        "water_use_purpose": "капково напояване на земеделски култури",
        "mean_discharge_lps": 0.3,
        "max_discharge_lps": 2.4,
        "daily_authorized_volume_m3": null,
        "annual_authorized_volume_m3": 9461.0,
        "hydraulic_conductivity_m_day": null,
        "transmissivity_m2_day": null,
        "aquifer_thickness_m": null,
        "coordinate_method": "official_local",
        "national_register_row": null,
        "latitude_raw": "42°19'33.54\"",
        "longitude_raw": "22°45'22.71\"",
        "coordinate_note": null,
        "status": "active",
        "reference_date": "2026-08-04"
      }
    },
    {
      "type": "Feature",
      "geometry": {
        "type": "Point",
        "coordinates": [
          22.64758056,
          42.30406667
        ]
      },
      "properties": {
        "permit_number_date": "41590264/03.05.2022",
        "permit_number": 41590264.0,
        "canonical_code": "BG4G00000QN006",
        "holder": "Ахелой ОПМ ООД",
        "facility_name": "ТК-1",
        "facility_registration": "1111/26.03.2021",
        "water_use_purpose": "други цели-противопожарни нужди",
        "mean_discharge_lps": 0.1,
        "max_discharge_lps": 0.4,
        "daily_authorized_volume_m3": null,
        "annual_authorized_volume_m3": 3154.0,
        "hydraulic_conductivity_m_day": null,
        "transmissivity_m2_day": null,
        "aquifer_thickness_m": null,
        "coordinate_method": "official_local",
        "national_register_row": null,
        "latitude_raw": "42°18'14.64\"",
        "longitude_raw": "22°38'51.29\"",
        "coordinate_note": null,
        "status": "active",
        "reference_date": "2026-08-04"
      }
    },
    {
      "type": "Feature",
      "geometry": {
        "type": "Point",
        "coordinates": [
          23.68108056,
          42.27371389
        ]
      },
      "properties": {
        "permit_number_date": "41590275/12.07.2023",
        "permit_number": 41590275.0,
        "canonical_code": "BG4G00000QN006",
        "holder": "Стримон СПА АД",
        "facility_name": "TK-1",
        "facility_registration": "1030/02.08.2016",
        "water_use_purpose": "поливане на тревни площи и измиване на площадки и алеи на територията на хотел \"Кюстендил\"",
        "mean_discharge_lps": 0.5,
        "max_discharge_lps": 0.8,
        "daily_authorized_volume_m3": null,
        "annual_authorized_volume_m3": 9480.0,
        "hydraulic_conductivity_m_day": null,
        "transmissivity_m2_day": null,
        "aquifer_thickness_m": null,
        "coordinate_method": "official_local",
        "national_register_row": null,
        "latitude_raw": "42°16'25.37\"",
        "longitude_raw": "23°40'51.89\"",
        "coordinate_note": null,
        "status": "active",
        "reference_date": "2026-08-04"
      }
    },
    {
      "type": "Feature",
      "geometry": {
        "type": "Point",
        "coordinates": [
          22.53906225,
          42.252236
        ]
      },
      "properties": {
        "permit_number_date": "41560007/04.12.2023",
        "permit_number": 41560007.0,
        "canonical_code": "BG4G00000QN006",
        "holder": "Планинец ООД",
        "facility_name": "Хоризонтален дренаж",
        "facility_registration": "443/26.03.2007",
        "water_use_purpose": "водоснабдяване за животновъдство и аквакултури",
        "mean_discharge_lps": 0.6,
        "max_discharge_lps": 1.15,
        "daily_authorized_volume_m3": null,
        "annual_authorized_volume_m3": 18921.6,
        "hydraulic_conductivity_m_day": null,
        "transmissivity_m2_day": null,
        "aquifer_thickness_m": null,
        "coordinate_method": "sondi_derived_centroid_of_official_national_points",
        "national_register_row": 1447.0,
        "latitude_raw": "т.1 - 42°15'8.2\" т.2 - 42°15'8\" т.3 - 42°15'8.4\" т.4 - 42°15'7.6\"",
        "longitude_raw": "22°32'20.8\" 22°32'21.6\" 22°32'20.7\" 22°32'19.4\"",
        "coordinate_note": null,
        "status": "active",
        "reference_date": "2026-08-04"
      }
    },
    {
      "type": "Feature",
      "geometry": {
        "type": "Point",
        "coordinates": [
          22.71246667,
          42.29067778
        ]
      },
      "properties": {
        "permit_number_date": "41590300/18.11.2024",
        "permit_number": 41590300.0,
        "canonical_code": "BG4G00000QN006",
        "holder": "Ауто зоун ЕООД",
        "facility_name": "ТК-1",
        "facility_registration": "1396/20.06.2024",
        "water_use_purpose": "за други цели",
        "mean_discharge_lps": 0.313,
        "max_discharge_lps": 0.7,
        "daily_authorized_volume_m3": 0.313,
        "annual_authorized_volume_m3": 9855.0,
        "hydraulic_conductivity_m_day": null,
        "transmissivity_m2_day": null,
        "aquifer_thickness_m": null,
        "coordinate_method": "official_local",
        "national_register_row": null,
        "latitude_raw": "42°17'26.44\"",
        "longitude_raw": "22°42'44,88\"",
        "coordinate_note": null,
        "status": "active",
        "reference_date": "2026-08-04"
      }
    },
    {
      "type": "Feature",
      "geometry": {
        "type": "Point",
        "coordinates": [
          22.70441667,
          42.29336111
        ]
      },
      "properties": {
        "permit_number_date": "41530134/11.12.2024",
        "permit_number": 41530134.0,
        "canonical_code": "BG4G00000QN006",
        "holder": "Велбъжд АД",
        "facility_name": "ТК-1",
        "facility_registration": "150/08.09.2003",
        "water_use_purpose": "промишлени цели",
        "mean_discharge_lps": 0.35,
        "max_discharge_lps": 4.05,
        "daily_authorized_volume_m3": "0,35 л/сек",
        "annual_authorized_volume_m3": 11160.0,
        "hydraulic_conductivity_m_day": null,
        "transmissivity_m2_day": null,
        "aquifer_thickness_m": null,
        "coordinate_method": "official_local",
        "national_register_row": null,
        "latitude_raw": "42°17'36.1\"",
        "longitude_raw": "22°42'15.9\"",
        "coordinate_note": null,
        "status": "active",
        "reference_date": "2026-08-04"
      }
    },
    {
      "type": "Feature",
      "geometry": {
        "type": "Point",
        "coordinates": [
          22.70508333,
          42.29244444
        ]
      },
      "properties": {
        "permit_number_date": "41530134/11.12.2024",
        "permit_number": 41530134.0,
        "canonical_code": "BG4G00000QN006",
        "holder": "Велбъжд АД",
        "facility_name": "ТК-2",
        "facility_registration": "151/08.09.2003",
        "water_use_purpose": "промишлени цели",
        "mean_discharge_lps": 0.35,
        "max_discharge_lps": 3.75,
        "daily_authorized_volume_m3": "0,35 л/сек",
        "annual_authorized_volume_m3": 11160.0,
        "hydraulic_conductivity_m_day": null,
        "transmissivity_m2_day": null,
        "aquifer_thickness_m": null,
        "coordinate_method": "official_local",
        "national_register_row": null,
        "latitude_raw": "42°17'32.8\"",
        "longitude_raw": "22°42'18.3\"",
        "coordinate_note": null,
        "status": "active",
        "reference_date": "2026-08-04"
      }
    },
    {
      "type": "Feature",
      "geometry": {
        "type": "Point",
        "coordinates": [
          22.62544444,
          42.38886111
        ]
      },
      "properties": {
        "permit_number_date": "41510624/07.05.2025",
        "permit_number": 41510624.0,
        "canonical_code": "BG4G00000QN006",
        "holder": "Кюстендилска вода ЕООД",
        "facility_name": "ШК \"Горановци\"",
        "facility_registration": "597/06.06.2008",
        "water_use_purpose": "обществено питейно-битово водоснабдяване",
        "mean_discharge_lps": 0.108,
        "max_discharge_lps": 3.9,
        "daily_authorized_volume_m3": null,
        "annual_authorized_volume_m3": 3400.0,
        "hydraulic_conductivity_m_day": null,
        "transmissivity_m2_day": null,
        "aquifer_thickness_m": null,
        "coordinate_method": "official_local",
        "national_register_row": null,
        "latitude_raw": "42°23'19.9\"",
        "longitude_raw": "22°37'31.6\"",
        "coordinate_note": null,
        "status": "active",
        "reference_date": "2026-08-04"
      }
    },
    {
      "type": "Feature",
      "geometry": {
        "type": "Point",
        "coordinates": [
          22.68122222,
          42.36761111
        ]
      },
      "properties": {
        "permit_number_date": "41510626/12.05.2025",
        "permit_number": 41510626.0,
        "canonical_code": "BG4G00000QN006",
        "holder": "Кюстендилска вода ЕООД",
        "facility_name": "ШК \"Стенско\"",
        "facility_registration": "411/13.03.2007",
        "water_use_purpose": "обществено питейно-битово водоснабдяване",
        "mean_discharge_lps": 0.342,
        "max_discharge_lps": 6.8,
        "daily_authorized_volume_m3": null,
        "annual_authorized_volume_m3": 10800.0,
        "hydraulic_conductivity_m_day": null,
        "transmissivity_m2_day": null,
        "aquifer_thickness_m": null,
        "coordinate_method": "official_local",
        "national_register_row": null,
        "latitude_raw": "42°22'03.4\"",
        "longitude_raw": "22°40'52.4\"",
        "coordinate_note": null,
        "status": "active",
        "reference_date": "2026-08-04"
      }
    },
    {
      "type": "Feature",
      "geometry": {
        "type": "Point",
        "coordinates": [
          22.72099167,
          42.3201
        ]
      },
      "properties": {
        "permit_number_date": "41510627/11.06.2025",
        "permit_number": 41510627.0,
        "canonical_code": "BG4G00000QN006",
        "holder": "Кюстендилска вода ЕООД",
        "facility_name": "ШК-1",
        "facility_registration": "412/13.03.2007",
        "water_use_purpose": "обществено питейно-битово водоснабдяване",
        "mean_discharge_lps": 0.22,
        "max_discharge_lps": 3.8,
        "daily_authorized_volume_m3": null,
        "annual_authorized_volume_m3": 6800.0,
        "hydraulic_conductivity_m_day": null,
        "transmissivity_m2_day": null,
        "aquifer_thickness_m": null,
        "coordinate_method": "official_local",
        "national_register_row": null,
        "latitude_raw": "42°19'12.36\"",
        "longitude_raw": "22°43'15.57\"",
        "coordinate_note": null,
        "status": "active",
        "reference_date": "2026-08-04"
      }
    },
    {
      "type": "Feature",
      "geometry": {
        "type": "Point",
        "coordinates": [
          22.72076944,
          42.319425
        ]
      },
      "properties": {
        "permit_number_date": "41510627/11.06.2025",
        "permit_number": 41510627.0,
        "canonical_code": "BG4G00000QN006",
        "holder": "Кюстендилска вода ЕООД",
        "facility_name": "ШК-2",
        "facility_registration": "413/13.03.2007",
        "water_use_purpose": "обществено питейно-битово водоснабдяване",
        "mean_discharge_lps": 0.418,
        "max_discharge_lps": 2.7,
        "daily_authorized_volume_m3": null,
        "annual_authorized_volume_m3": 13200.0,
        "hydraulic_conductivity_m_day": null,
        "transmissivity_m2_day": null,
        "aquifer_thickness_m": null,
        "coordinate_method": "official_local",
        "national_register_row": null,
        "latitude_raw": "42°19'09.93\"",
        "longitude_raw": "22°43'14.77\"",
        "coordinate_note": null,
        "status": "active",
        "reference_date": "2026-08-04"
      }
    },
    {
      "type": "Feature",
      "geometry": {
        "type": "Point",
        "coordinates": [
          22.81730556,
          42.31444444
        ]
      },
      "properties": {
        "permit_number_date": "41510628/11.06.2025",
        "permit_number": 41510628.0,
        "canonical_code": "BG4G00000QN006",
        "holder": "Кюстендилска вода ЕООД",
        "facility_name": "ВС \"Горна Гращица I\"",
        "facility_registration": "351/31.08.2006",
        "water_use_purpose": "За питейно-битово водоснабдяване",
        "mean_discharge_lps": 0.571,
        "max_discharge_lps": null,
        "daily_authorized_volume_m3": null,
        "annual_authorized_volume_m3": 18000.0,
        "hydraulic_conductivity_m_day": null,
        "transmissivity_m2_day": null,
        "aquifer_thickness_m": null,
        "coordinate_method": "official_local",
        "national_register_row": null,
        "latitude_raw": "42°18'52\"",
        "longitude_raw": "22°49'2.3\"",
        "coordinate_note": null,
        "status": "active",
        "reference_date": "2026-08-04"
      }
    },
    {
      "type": "Feature",
      "geometry": {
        "type": "Point",
        "coordinates": [
          22.67739167,
          42.30575
        ]
      },
      "properties": {
        "permit_number_date": "41520142/15.07.2025",
        "permit_number": 41520142.0,
        "canonical_code": "BG4G00000QN006",
        "holder": "Мак фреш фрутс ООД",
        "facility_name": "ТК",
        "facility_registration": "1363/18.01.2024",
        "water_use_purpose": "самостоятелно водоснабдяване за напояване на земеделски култури",
        "mean_discharge_lps": 0.36,
        "max_discharge_lps": 1.25,
        "daily_authorized_volume_m3": null,
        "annual_authorized_volume_m3": 11351.0,
        "hydraulic_conductivity_m_day": null,
        "transmissivity_m2_day": null,
        "aquifer_thickness_m": null,
        "coordinate_method": "official_local",
        "national_register_row": null,
        "latitude_raw": "42°18'20.7\"",
        "longitude_raw": "22°40'38.61\"",
        "coordinate_note": null,
        "status": "active",
        "reference_date": "2026-08-04"
      }
    },
    {
      "type": "Feature",
      "geometry": {
        "type": "Point",
        "coordinates": [
          22.66933056,
          42.33110833
        ]
      },
      "properties": {
        "permit_number_date": "41510631/04.08.2025",
        "permit_number": 41510631.0,
        "canonical_code": "BG4G00000QN006",
        "holder": "Кюстендилска вода ЕООД",
        "facility_name": "ШК \"Соволяно\"",
        "facility_registration": "1428/08.04.2025",
        "water_use_purpose": "обществено питейно-битово водоснабдяване",
        "mean_discharge_lps": 2.07,
        "max_discharge_lps": 2.1,
        "daily_authorized_volume_m3": null,
        "annual_authorized_volume_m3": 65280.0,
        "hydraulic_conductivity_m_day": null,
        "transmissivity_m2_day": null,
        "aquifer_thickness_m": null,
        "coordinate_method": "official_local",
        "national_register_row": null,
        "latitude_raw": "42°19'51.99\"",
        "longitude_raw": "22°40'09.59\"",
        "coordinate_note": null,
        "status": "active",
        "reference_date": "2026-08-04"
      }
    },
    {
      "type": "Feature",
      "geometry": {
        "type": "Point",
        "coordinates": [
          22.72044361,
          42.28440694
        ]
      },
      "properties": {
        "permit_number_date": "41530140/26.03.2026",
        "permit_number": 41530140.0,
        "canonical_code": "BG4G00000QN006",
        "holder": "Инфрастеллар бетон КН ООД",
        "facility_name": "ТК",
        "facility_registration": "1466/09.10.2025",
        "water_use_purpose": "промишлено водоснабдяване",
        "mean_discharge_lps": 0.22,
        "max_discharge_lps": 0.3,
        "daily_authorized_volume_m3": null,
        "annual_authorized_volume_m3": 6864.0,
        "hydraulic_conductivity_m_day": null,
        "transmissivity_m2_day": null,
        "aquifer_thickness_m": null,
        "coordinate_method": "official_local",
        "national_register_row": null,
        "latitude_raw": "42°17'03.865\"",
        "longitude_raw": "22°43'13.597\"",
        "coordinate_note": null,
        "status": "active",
        "reference_date": "2026-08-04"
      }
    },
    {
      "type": "Feature",
      "geometry": {
        "type": "Point",
        "coordinates": [
          23.67777778,
          42.27794444
        ]
      },
      "properties": {
        "permit_number_date": "41590337/20.07.2026",
        "permit_number": 41590337.0,
        "canonical_code": "BG4G00000QN006",
        "holder": "ИВАН И СИНОВЕ ЕООД",
        "facility_name": "ТК-1",
        "facility_registration": null,
        "water_use_purpose": "за други цели",
        "mean_discharge_lps": 0.45,
        "max_discharge_lps": 1.0,
        "daily_authorized_volume_m3": null,
        "annual_authorized_volume_m3": 14235.0,
        "hydraulic_conductivity_m_day": null,
        "transmissivity_m2_day": null,
        "aquifer_thickness_m": null,
        "coordinate_method": "official_local",
        "national_register_row": null,
        "latitude_raw": "42°16'40.6\"",
        "longitude_raw": "23°40'40.0\"",
        "coordinate_note": null,
        "status": "active",
        "reference_date": "2026-08-04"
      }
    },
    {
      "type": "Feature",
      "geometry": {
        "type": "Point",
        "coordinates": [
          22.96344444,
          42.53944444
        ]
      },
      "properties": {
        "permit_number_date": "41590032/23.04.2008",
        "permit_number": 41590032.0,
        "canonical_code": "BG4G000000Q007",
        "holder": "АК Електрик АД",
        "facility_name": "ШК",
        "facility_registration": "600/23.04.2008",
        "water_use_purpose": "други цели",
        "mean_discharge_lps": null,
        "max_discharge_lps": null,
        "daily_authorized_volume_m3": null,
        "annual_authorized_volume_m3": null,
        "hydraulic_conductivity_m_day": null,
        "transmissivity_m2_day": null,
        "aquifer_thickness_m": null,
        "coordinate_method": "official_local",
        "national_register_row": null,
        "latitude_raw": "42°32,15.13\"",
        "longitude_raw": "22°57,19.37\"",
        "coordinate_note": null,
        "status": "active",
        "reference_date": "2026-08-04"
      }
    },
    {
      "type": "Feature",
      "geometry": {
        "type": "Point",
        "coordinates": [
          22.82275,
          42.50172222
        ]
      },
      "properties": {
        "permit_number_date": "41510250/11.12.2008",
        "permit_number": 41510250.0,
        "canonical_code": "BG4G000000Q007",
        "holder": "Ковачевци 96 ЕООД",
        "facility_name": "ТК\"Църковниче\"",
        "facility_registration": "740/11.12.2008",
        "water_use_purpose": "питейно-битови",
        "mean_discharge_lps": 1.0,
        "max_discharge_lps": 2.5,
        "daily_authorized_volume_m3": 86.3,
        "annual_authorized_volume_m3": 31500.0,
        "hydraulic_conductivity_m_day": null,
        "transmissivity_m2_day": null,
        "aquifer_thickness_m": null,
        "coordinate_method": "official_local",
        "national_register_row": null,
        "latitude_raw": "42° 30' 6,200\"",
        "longitude_raw": "22° 49' 21,900\"",
        "coordinate_note": null,
        "status": "active",
        "reference_date": "2026-08-04"
      }
    },
    {
      "type": "Feature",
      "geometry": {
        "type": "Point",
        "coordinates": [
          22.82472222,
          42.55133333
        ]
      },
      "properties": {
        "permit_number_date": "41510261/22.04.2009",
        "permit_number": 41510261.0,
        "canonical_code": "BG4G000000Q007",
        "holder": "Ковачевци 96 ЕООД",
        "facility_name": "ШК",
        "facility_registration": "759/22.04.2009",
        "water_use_purpose": "питейно-битови цели",
        "mean_discharge_lps": 0.777,
        "max_discharge_lps": 7.0,
        "daily_authorized_volume_m3": 67.1,
        "annual_authorized_volume_m3": 24500.0,
        "hydraulic_conductivity_m_day": null,
        "transmissivity_m2_day": null,
        "aquifer_thickness_m": null,
        "coordinate_method": "official_local",
        "national_register_row": null,
        "latitude_raw": "42° 33' 4,800\"",
        "longitude_raw": "22° 49' 29,000\"",
        "coordinate_note": null,
        "status": "active",
        "reference_date": "2026-08-04"
      }
    },
    {
      "type": "Feature",
      "geometry": {
        "type": "Point",
        "coordinates": [
          23.030667,
          42.494806
        ]
      },
      "properties": {
        "permit_number_date": "41510275/27.10.2009",
        "permit_number": 41510275.0,
        "canonical_code": "BG4G000000Q007",
        "holder": "В и К ООД Перник",
        "facility_name": "ВС\"Сиреняците\"",
        "facility_registration": "785/27.10.2009",
        "water_use_purpose": "питейно-битови",
        "mean_discharge_lps": 37.0,
        "max_discharge_lps": null,
        "daily_authorized_volume_m3": 3197.1,
        "annual_authorized_volume_m3": 1166930.55,
        "hydraulic_conductivity_m_day": null,
        "transmissivity_m2_day": null,
        "aquifer_thickness_m": null,
        "coordinate_method": "official_national_crosscheck",
        "national_register_row": 505.0,
        "latitude_raw": "42°2941,3\"",
        "longitude_raw": "23°01'50,4\"",
        "coordinate_note": null,
        "status": "active",
        "reference_date": "2026-08-04"
      }
    },
    {
      "type": "Feature",
      "geometry": {
        "type": "Point",
        "coordinates": [
          23.08000861,
          42.46402611
        ]
      },
      "properties": {
        "permit_number_date": "41510283/27.10.2009",
        "permit_number": 41510283.0,
        "canonical_code": "BG4G000000Q007",
        "holder": "В и К ООД Перник",
        "facility_name": "ВС\"Вуйчинци\"",
        "facility_registration": "793/27.10.2009",
        "water_use_purpose": "питейно-битови",
        "mean_discharge_lps": 0.57,
        "max_discharge_lps": null,
        "daily_authorized_volume_m3": 49.3,
        "annual_authorized_volume_m3": 17985.4,
        "hydraulic_conductivity_m_day": null,
        "transmissivity_m2_day": null,
        "aquifer_thickness_m": null,
        "coordinate_method": "official_local",
        "national_register_row": null,
        "latitude_raw": "42° 27' 50,494\"",
        "longitude_raw": "23° 4' 48,031\"",
        "coordinate_note": null,
        "status": "active",
        "reference_date": "2026-08-04"
      }
    },
    {
      "type": "Feature",
      "geometry": {
        "type": "Point",
        "coordinates": [
          22.89071389,
          42.71351944
        ]
      },
      "properties": {
        "permit_number_date": "41520035/29.09.2012",
        "permit_number": 41520035.0,
        "canonical_code": "BG4G000000Q007",
        "holder": "Екоинвест 2009 ЕООД",
        "facility_name": "ТК-1",
        "facility_registration": null,
        "water_use_purpose": "напояване",
        "mean_discharge_lps": 0.525,
        "max_discharge_lps": 0.525,
        "daily_authorized_volume_m3": null,
        "annual_authorized_volume_m3": 8280.0,
        "hydraulic_conductivity_m_day": null,
        "transmissivity_m2_day": null,
        "aquifer_thickness_m": 6.0,
        "coordinate_method": "official_local",
        "national_register_row": null,
        "latitude_raw": "42° 42' 48,670\"",
        "longitude_raw": "22° 53' 26,570\"",
        "coordinate_note": null,
        "status": "active",
        "reference_date": "2026-08-04"
      }
    },
    {
      "type": "Feature",
      "geometry": {
        "type": "Point",
        "coordinates": [
          22.89063889,
          42.71480556
        ]
      },
      "properties": {
        "permit_number_date": "41520035/29.09.2012",
        "permit_number": 41520035.0,
        "canonical_code": "BG4G000000Q007",
        "holder": "Екоинвест 2009 ЕООД",
        "facility_name": "ТК-2",
        "facility_registration": null,
        "water_use_purpose": "напояване",
        "mean_discharge_lps": 0.525,
        "max_discharge_lps": 0.525,
        "daily_authorized_volume_m3": null,
        "annual_authorized_volume_m3": 8280.0,
        "hydraulic_conductivity_m_day": null,
        "transmissivity_m2_day": null,
        "aquifer_thickness_m": 6.0,
        "coordinate_method": "official_local",
        "national_register_row": null,
        "latitude_raw": "42° 42' 53,300\"",
        "longitude_raw": "22° 53' 26,300\"",
        "coordinate_note": null,
        "status": "active",
        "reference_date": "2026-08-04"
      }
    },
    {
      "type": "Feature",
      "geometry": {
        "type": "Point",
        "coordinates": [
          22.852375,
          42.75764722
        ]
      },
      "properties": {
        "permit_number_date": "41510505/25.04.2014",
        "permit_number": 41510505.0,
        "canonical_code": "BG4G000000Q007",
        "holder": "Водоснабдяване ЕООД",
        "facility_name": "Дренаж",
        "facility_registration": "913/25.04.2014",
        "water_use_purpose": "питейно-битови",
        "mean_discharge_lps": 6.0,
        "max_discharge_lps": 6.4,
        "daily_authorized_volume_m3": 518.0,
        "annual_authorized_volume_m3": 189070.0,
        "hydraulic_conductivity_m_day": 10.0,
        "transmissivity_m2_day": 44.0,
        "aquifer_thickness_m": null,
        "coordinate_method": "official_local",
        "national_register_row": null,
        "latitude_raw": "42° 45' 27,53\"",
        "longitude_raw": "22° 51' 08,55\"",
        "coordinate_note": null,
        "status": "active",
        "reference_date": "2026-08-04"
      }
    },
    {
      "type": "Feature",
      "geometry": {
        "type": "Point",
        "coordinates": [
          22.74251389,
          42.48515833
        ]
      },
      "properties": {
        "permit_number_date": "41530084/06.06.2014",
        "permit_number": 41530084.0,
        "canonical_code": "BG4G000000Q007",
        "holder": "Кариери и Вародобив АД",
        "facility_name": "ШК",
        "facility_registration": "540/13.07.2007",
        "water_use_purpose": "промишлени цели",
        "mean_discharge_lps": 0.12,
        "max_discharge_lps": 3.6,
        "daily_authorized_volume_m3": 10.36,
        "annual_authorized_volume_m3": 3780.0,
        "hydraulic_conductivity_m_day": 26.0,
        "transmissivity_m2_day": 79.0,
        "aquifer_thickness_m": 3.0,
        "coordinate_method": "official_local",
        "national_register_row": null,
        "latitude_raw": "42°29'06.57\"",
        "longitude_raw": "22°44'33.05\"",
        "coordinate_note": null,
        "status": "active",
        "reference_date": "2026-08-04"
      }
    },
    {
      "type": "Feature",
      "geometry": {
        "type": "Point",
        "coordinates": [
          22.69,
          42.56694444
        ]
      },
      "properties": {
        "permit_number_date": "41510511/25.06.2015",
        "permit_number": 41510511.0,
        "canonical_code": "BG4G000000Q007",
        "holder": "В и К ООД Перник",
        "facility_name": "ШК \"Капланица\"",
        "facility_registration": "173/04.02.2004",
        "water_use_purpose": "питейно-битово водоснабдяване",
        "mean_discharge_lps": 4.3,
        "max_discharge_lps": 8.0,
        "daily_authorized_volume_m3": null,
        "annual_authorized_volume_m3": 135000.0,
        "hydraulic_conductivity_m_day": null,
        "transmissivity_m2_day": 234.0,
        "aquifer_thickness_m": 7.6,
        "coordinate_method": "official_local",
        "national_register_row": null,
        "latitude_raw": "42° 34' 1,000\"",
        "longitude_raw": "22° 41' 24,000\"",
        "coordinate_note": null,
        "status": "active",
        "reference_date": "2026-08-04"
      }
    },
    {
      "type": "Feature",
      "geometry": {
        "type": "Point",
        "coordinates": [
          22.99713889,
          42.5305125
        ]
      },
      "properties": {
        "permit_number_date": "41510519/11.01.2016г.",
        "permit_number": 41510519.0,
        "canonical_code": "BG4G000000Q007",
        "holder": "Леяро ковашки машиностроителен комплекс ЕООД",
        "facility_name": "TK-1",
        "facility_registration": "407/12.03.2007",
        "water_use_purpose": "самостоятелно ПБВ,промишлени и охлаждане с подземни води",
        "mean_discharge_lps": 9.6,
        "max_discharge_lps": 11.0,
        "daily_authorized_volume_m3": 829.44,
        "annual_authorized_volume_m3": 300000.0,
        "hydraulic_conductivity_m_day": 46.9,
        "transmissivity_m2_day": 1032.0,
        "aquifer_thickness_m": 22.0,
        "coordinate_method": "official_local",
        "national_register_row": null,
        "latitude_raw": "42° 31' 49,845\"",
        "longitude_raw": "22° 59' 49,700\"",
        "coordinate_note": null,
        "status": "active",
        "reference_date": "2026-08-04"
      }
    },
    {
      "type": "Feature",
      "geometry": {
        "type": "Point",
        "coordinates": [
          22.95486667,
          42.52810833
        ]
      },
      "properties": {
        "permit_number_date": "41590181/14.05.2016",
        "permit_number": 41590181.0,
        "canonical_code": "BG4G000000Q007",
        "holder": "ЕТ РОСИЦА ПОПОВА",
        "facility_name": "ШК-1",
        "facility_registration": "1015/24.07.2015",
        "water_use_purpose": "За други цели- измиване на автомобили",
        "mean_discharge_lps": 0.032,
        "max_discharge_lps": 3.8,
        "daily_authorized_volume_m3": 2.76,
        "annual_authorized_volume_m3": 1007.4,
        "hydraulic_conductivity_m_day": 224.85,
        "transmissivity_m2_day": 2111.793,
        "aquifer_thickness_m": null,
        "coordinate_method": "official_local",
        "national_register_row": null,
        "latitude_raw": "42° 31' 41,190\"",
        "longitude_raw": "22° 57' 17,520\"",
        "coordinate_note": null,
        "status": "active",
        "reference_date": "2026-08-04"
      }
    },
    {
      "type": "Feature",
      "geometry": {
        "type": "Point",
        "coordinates": [
          23.03266944,
          42.48638611
        ]
      },
      "properties": {
        "permit_number_date": "41520071/17.11.2016",
        "permit_number": 41520071.0,
        "canonical_code": "BG4G000000Q007",
        "holder": "Стопаните БГ ЕООД",
        "facility_name": "ТК-1",
        "facility_registration": "1294/15.03.2023",
        "water_use_purpose": "За напояване на земеделски култури",
        "mean_discharge_lps": 0.1,
        "max_discharge_lps": 1.0,
        "daily_authorized_volume_m3": 8.65,
        "annual_authorized_volume_m3": 3156.0,
        "hydraulic_conductivity_m_day": null,
        "transmissivity_m2_day": null,
        "aquifer_thickness_m": null,
        "coordinate_method": "official_local",
        "national_register_row": null,
        "latitude_raw": "42°29'10.99\"",
        "longitude_raw": "23°1'57.61\"",
        "coordinate_note": null,
        "status": "active",
        "reference_date": "2026-08-04"
      }
    },
    {
      "type": "Feature",
      "geometry": {
        "type": "Point",
        "coordinates": [
          23.11307583,
          42.60271528
        ]
      },
      "properties": {
        "permit_number_date": "41590196/21.12.2016",
        "permit_number": 41590196.0,
        "canonical_code": "BG4G000000Q007",
        "holder": "Експрес консулт -16 ЕООД",
        "facility_name": "ТК-1",
        "facility_registration": null,
        "water_use_purpose": "За други цели- измиване на автомобили",
        "mean_discharge_lps": 0.5,
        "max_discharge_lps": 3.0,
        "daily_authorized_volume_m3": null,
        "annual_authorized_volume_m3": 15768.0,
        "hydraulic_conductivity_m_day": null,
        "transmissivity_m2_day": null,
        "aquifer_thickness_m": null,
        "coordinate_method": "official_local",
        "national_register_row": null,
        "latitude_raw": "42° 36' 9,775\"",
        "longitude_raw": "23° 6' 47,073\"",
        "coordinate_note": null,
        "status": "active",
        "reference_date": "2026-08-04"
      }
    },
    {
      "type": "Feature",
      "geometry": {
        "type": "Point",
        "coordinates": [
          22.99011111,
          42.52555556
        ]
      },
      "properties": {
        "permit_number_date": "41510546/04.09.2017",
        "permit_number": 41510546.0,
        "canonical_code": "BG4G000000Q007",
        "holder": "Булмашинъри Ентерпрайсис ООД",
        "facility_name": "СК-1",
        "facility_registration": "110/05.11.2002",
        "water_use_purpose": "За самостоятелно питейно-битово водоснабдяване и и за други цели -охлаждане на металообработващи машини и производствени нужди",
        "mean_discharge_lps": 0.46,
        "max_discharge_lps": 2.0,
        "daily_authorized_volume_m3": null,
        "annual_authorized_volume_m3": 14541.6,
        "hydraulic_conductivity_m_day": 0.5,
        "transmissivity_m2_day": 20.0,
        "aquifer_thickness_m": null,
        "coordinate_method": "official_local",
        "national_register_row": null,
        "latitude_raw": "42°31'32.'9\"",
        "longitude_raw": "22°59',24.4\"",
        "coordinate_note": null,
        "status": "active",
        "reference_date": "2026-08-04"
      }
    },
    {
      "type": "Feature",
      "geometry": {
        "type": "Point",
        "coordinates": [
          23.11007778,
          42.57456111
        ]
      },
      "properties": {
        "permit_number_date": "41530118/09.10.2020",
        "permit_number": 41530118.0,
        "canonical_code": "BG4G000000Q007",
        "holder": "ДЛВ ЕООД",
        "facility_name": "ШК",
        "facility_registration": "1271/23.02.2023",
        "water_use_purpose": "промишлено водоснабдяване-приготвяне на бетонови разтвори",
        "mean_discharge_lps": 0.3,
        "max_discharge_lps": 1.0,
        "daily_authorized_volume_m3": null,
        "annual_authorized_volume_m3": 9461.0,
        "hydraulic_conductivity_m_day": null,
        "transmissivity_m2_day": null,
        "aquifer_thickness_m": null,
        "coordinate_method": "official_local",
        "national_register_row": null,
        "latitude_raw": "42°34'28.42\"",
        "longitude_raw": "23°6'36.28\"",
        "coordinate_note": null,
        "status": "active",
        "reference_date": "2026-08-04"
      }
    },
    {
      "type": "Feature",
      "geometry": {
        "type": "Point",
        "coordinates": [
          22.75307778,
          42.48422222
        ]
      },
      "properties": {
        "permit_number_date": "41590245/04.12.2020",
        "permit_number": 41590245.0,
        "canonical_code": "BG4G000000Q007",
        "holder": "НИК-ИНДЪСТРИ ЕООД",
        "facility_name": "ТК",
        "facility_registration": null,
        "water_use_purpose": "други цели",
        "mean_discharge_lps": 0.16,
        "max_discharge_lps": 1.0,
        "daily_authorized_volume_m3": null,
        "annual_authorized_volume_m3": 4818.0,
        "hydraulic_conductivity_m_day": null,
        "transmissivity_m2_day": null,
        "aquifer_thickness_m": null,
        "coordinate_method": "official_local",
        "national_register_row": null,
        "latitude_raw": "42°29'3.2\"",
        "longitude_raw": "22°45'11.08\"",
        "coordinate_note": null,
        "status": "active",
        "reference_date": "2026-08-04"
      }
    },
    {
      "type": "Feature",
      "geometry": {
        "type": "Point",
        "coordinates": [
          22.84234722,
          42.53250833
        ]
      },
      "properties": {
        "permit_number_date": "41590247/29.01.2021",
        "permit_number": 41590247.0,
        "canonical_code": "BG4G000000Q007",
        "holder": "Пчелина-2011 ООД",
        "facility_name": "ТК",
        "facility_registration": "1079/20.08.2020",
        "water_use_purpose": "други цели",
        "mean_discharge_lps": 0.1,
        "max_discharge_lps": 0.2,
        "daily_authorized_volume_m3": null,
        "annual_authorized_volume_m3": 1920.0,
        "hydraulic_conductivity_m_day": null,
        "transmissivity_m2_day": null,
        "aquifer_thickness_m": null,
        "coordinate_method": "official_local",
        "national_register_row": null,
        "latitude_raw": "42°31'57.03\"",
        "longitude_raw": "22°50'32.45\"",
        "coordinate_note": null,
        "status": "active",
        "reference_date": "2026-08-04"
      }
    },
    {
      "type": "Feature",
      "geometry": {
        "type": "Point",
        "coordinates": [
          22.95882222,
          42.54094444
        ]
      },
      "properties": {
        "permit_number_date": "41590250/02.03.2021",
        "permit_number": 41590250.0,
        "canonical_code": "BG4G000000Q007",
        "holder": "НИКО 22 ЕООД",
        "facility_name": "ШК",
        "facility_registration": "1072/26.02.2020",
        "water_use_purpose": "други цели",
        "mean_discharge_lps": 0.1,
        "max_discharge_lps": 0.25,
        "daily_authorized_volume_m3": null,
        "annual_authorized_volume_m3": 3154.0,
        "hydraulic_conductivity_m_day": null,
        "transmissivity_m2_day": null,
        "aquifer_thickness_m": null,
        "coordinate_method": "official_local",
        "national_register_row": null,
        "latitude_raw": "42°32'27.4\"",
        "longitude_raw": "22°57'31.76\"",
        "coordinate_note": null,
        "status": "active",
        "reference_date": "2026-08-04"
      }
    },
    {
      "type": "Feature",
      "geometry": {
        "type": "Point",
        "coordinates": [
          22.95307778,
          42.54532778
        ]
      },
      "properties": {
        "permit_number_date": "41590255/05.08.2021",
        "permit_number": 41590255.0,
        "canonical_code": "BG4G000000Q007",
        "holder": "ВЕТПРОМ АД",
        "facility_name": "ШК",
        "facility_registration": "1083/16.11.2020",
        "water_use_purpose": "други цели-напояване на тревни площи, декоративни и плодни дървате",
        "mean_discharge_lps": 0.31,
        "max_discharge_lps": 4.2,
        "daily_authorized_volume_m3": null,
        "annual_authorized_volume_m3": 9720.0,
        "hydraulic_conductivity_m_day": null,
        "transmissivity_m2_day": null,
        "aquifer_thickness_m": null,
        "coordinate_method": "official_local",
        "national_register_row": null,
        "latitude_raw": "42°32'43.18\"",
        "longitude_raw": "22°57'11.08\"",
        "coordinate_note": null,
        "status": "active",
        "reference_date": "2026-08-04"
      }
    },
    {
      "type": "Feature",
      "geometry": {
        "type": "Point",
        "coordinates": [
          22.87616667,
          42.72475
        ]
      },
      "properties": {
        "permit_number_date": "41530123/25.10.2021",
        "permit_number": 41530123.0,
        "canonical_code": "BG4G000000Q007",
        "holder": "Трейс рисорсиз ЕООД",
        "facility_name": "ШК-1",
        "facility_registration": null,
        "water_use_purpose": "промишлено водоснабдяване",
        "mean_discharge_lps": 2.2,
        "max_discharge_lps": 4.0,
        "daily_authorized_volume_m3": null,
        "annual_authorized_volume_m3": 70325.0,
        "hydraulic_conductivity_m_day": null,
        "transmissivity_m2_day": null,
        "aquifer_thickness_m": null,
        "coordinate_method": "official_local",
        "national_register_row": null,
        "latitude_raw": "42°43'29.1\"",
        "longitude_raw": "22°52'34.2\"",
        "coordinate_note": null,
        "status": "active",
        "reference_date": "2026-08-04"
      }
    },
    {
      "type": "Feature",
      "geometry": {
        "type": "Point",
        "coordinates": [
          22.87661111,
          42.72397222
        ]
      },
      "properties": {
        "permit_number_date": "41530123/25.10.2021",
        "permit_number": 41530123.0,
        "canonical_code": "BG4G000000Q007",
        "holder": "Трейс рисорсиз ЕООД",
        "facility_name": "ШК-2",
        "facility_registration": null,
        "water_use_purpose": "промишлено водоснабдяване",
        "mean_discharge_lps": 2.2,
        "max_discharge_lps": 4.0,
        "daily_authorized_volume_m3": null,
        "annual_authorized_volume_m3": 70325.0,
        "hydraulic_conductivity_m_day": null,
        "transmissivity_m2_day": null,
        "aquifer_thickness_m": null,
        "coordinate_method": "official_local",
        "national_register_row": null,
        "latitude_raw": "42°43'26.3\"",
        "longitude_raw": "22°52'35.8\"",
        "coordinate_note": null,
        "status": "active",
        "reference_date": "2026-08-04"
      }
    },
    {
      "type": "Feature",
      "geometry": {
        "type": "Point",
        "coordinates": [
          22.87733333,
          42.72108333
        ]
      },
      "properties": {
        "permit_number_date": "41530123/25.10.2021",
        "permit_number": 41530123.0,
        "canonical_code": "BG4G000000Q007",
        "holder": "Трейс рисорсиз ЕООД",
        "facility_name": "ШК-3",
        "facility_registration": null,
        "water_use_purpose": "промишлено водоснабдяване",
        "mean_discharge_lps": 2.2,
        "max_discharge_lps": 4.0,
        "daily_authorized_volume_m3": null,
        "annual_authorized_volume_m3": 70325.0,
        "hydraulic_conductivity_m_day": null,
        "transmissivity_m2_day": null,
        "aquifer_thickness_m": null,
        "coordinate_method": "official_local",
        "national_register_row": null,
        "latitude_raw": "42°43'15.9\"",
        "longitude_raw": "22°52'38.4\"",
        "coordinate_note": null,
        "status": "active",
        "reference_date": "2026-08-04"
      }
    },
    {
      "type": "Feature",
      "geometry": {
        "type": "Point",
        "coordinates": [
          22.87875,
          42.71916667
        ]
      },
      "properties": {
        "permit_number_date": "41530123/25.10.2021",
        "permit_number": 41530123.0,
        "canonical_code": "BG4G000000Q007",
        "holder": "Трейс рисорсиз ЕООД",
        "facility_name": "ШК-4",
        "facility_registration": null,
        "water_use_purpose": "промишлено водоснабдяване",
        "mean_discharge_lps": 2.2,
        "max_discharge_lps": 4.0,
        "daily_authorized_volume_m3": null,
        "annual_authorized_volume_m3": 70325.0,
        "hydraulic_conductivity_m_day": null,
        "transmissivity_m2_day": null,
        "aquifer_thickness_m": null,
        "coordinate_method": "official_local",
        "national_register_row": null,
        "latitude_raw": "42°43'09.0\"",
        "longitude_raw": "22°52'43.5\"",
        "coordinate_note": null,
        "status": "active",
        "reference_date": "2026-08-04"
      }
    },
    {
      "type": "Feature",
      "geometry": {
        "type": "Point",
        "coordinates": [
          22.97073472,
          42.53791222
        ]
      },
      "properties": {
        "permit_number_date": "41590286/07.12.2023",
        "permit_number": 41590286.0,
        "canonical_code": "BG4G000000Q007",
        "holder": "Еврокомерс БГ ООД",
        "facility_name": "ТК",
        "facility_registration": null,
        "water_use_purpose": "други цели-измиване на автомобили",
        "mean_discharge_lps": 0.1,
        "max_discharge_lps": 0.5,
        "daily_authorized_volume_m3": null,
        "annual_authorized_volume_m3": 3154.0,
        "hydraulic_conductivity_m_day": null,
        "transmissivity_m2_day": null,
        "aquifer_thickness_m": null,
        "coordinate_method": "official_local",
        "national_register_row": null,
        "latitude_raw": "42°32'16.484\"",
        "longitude_raw": "22°58'14.645\"",
        "coordinate_note": null,
        "status": "active",
        "reference_date": "2026-08-04"
      }
    },
    {
      "type": "Feature",
      "geometry": {
        "type": "Point",
        "coordinates": [
          22.96978333,
          42.53158333
        ]
      },
      "properties": {
        "permit_number_date": "41510606/14.03.2024",
        "permit_number": 41510606.0,
        "canonical_code": "BG4G000000Q007",
        "holder": "В и К ООД Перник",
        "facility_name": "Дренаж \"Гърляница\" (Хоризонтален дренаж)",
        "facility_registration": "1225/05.12.2022",
        "water_use_purpose": "обществено питейно-битово водоснабдяване",
        "mean_discharge_lps": 0.02,
        "max_discharge_lps": null,
        "daily_authorized_volume_m3": null,
        "annual_authorized_volume_m3": 544.0,
        "hydraulic_conductivity_m_day": null,
        "transmissivity_m2_day": null,
        "aquifer_thickness_m": null,
        "coordinate_method": "official_local",
        "national_register_row": null,
        "latitude_raw": "42°31'53.7\"",
        "longitude_raw": "22°58'11.22\"",
        "coordinate_note": null,
        "status": "active",
        "reference_date": "2026-08-04"
      }
    },
    {
      "type": "Feature",
      "geometry": {
        "type": "Point",
        "coordinates": [
          23.0049832,
          42.6765168
        ]
      },
      "properties": {
        "permit_number_date": "41510610/20.09.2024",
        "permit_number": 41510610.0,
        "canonical_code": "BG4G000000Q007",
        "holder": "В и К ООД Перник",
        "facility_name": "Дренаж \"Извор\"",
        "facility_registration": "1212/05.12.2022",
        "water_use_purpose": "обществено питейно-битово водоснабдяване",
        "mean_discharge_lps": 0.167,
        "max_discharge_lps": null,
        "daily_authorized_volume_m3": null,
        "annual_authorized_volume_m3": 5256.0,
        "hydraulic_conductivity_m_day": null,
        "transmissivity_m2_day": null,
        "aquifer_thickness_m": null,
        "coordinate_method": "sondi_derived_centroid_of_official_national_points",
        "national_register_row": 1478.0,
        "latitude_raw": "Каптажна шахта 1- 42°40'34.6\" Каптажна шахта 2- 42°40'35.9\"",
        "longitude_raw": "Каптажна шахта 1- 23°00'18.3\" Каптажна шахта 2- 23°00'18.1\"",
        "coordinate_note": null,
        "status": "active",
        "reference_date": "2026-08-04"
      }
    },
    {
      "type": "Feature",
      "geometry": {
        "type": "Point",
        "coordinates": [
          23.09903889,
          42.605925
        ]
      },
      "properties": {
        "permit_number_date": "41590302/29.11.2024",
        "permit_number": 41590302.0,
        "canonical_code": "BG4G000000Q007",
        "holder": "АНКОР-8 ООД",
        "facility_name": "ТК",
        "facility_registration": "1448/19.06.2025",
        "water_use_purpose": "водоснабдяване на автомивка",
        "mean_discharge_lps": 0.3,
        "max_discharge_lps": 1.0,
        "daily_authorized_volume_m3": null,
        "annual_authorized_volume_m3": 9461.0,
        "hydraulic_conductivity_m_day": null,
        "transmissivity_m2_day": null,
        "aquifer_thickness_m": null,
        "coordinate_method": "official_local",
        "national_register_row": null,
        "latitude_raw": "42°36'21.33\"",
        "longitude_raw": "23°05'56.54\"",
        "coordinate_note": null,
        "status": "active",
        "reference_date": "2026-08-04"
      }
    },
    {
      "type": "Feature",
      "geometry": {
        "type": "Point",
        "coordinates": [
          22.82471389,
          42.55138611
        ]
      },
      "properties": {
        "permit_number_date": "41510620/17.01.2025",
        "permit_number": 41510620.0,
        "canonical_code": "BG4G000000Q007",
        "holder": "В и К ООД Перник",
        "facility_name": "ШК",
        "facility_registration": "759/22.04.2009",
        "water_use_purpose": "обществено питейно-битово водоснабдяване",
        "mean_discharge_lps": 1.89,
        "max_discharge_lps": null,
        "daily_authorized_volume_m3": "1,89л/сек",
        "annual_authorized_volume_m3": 59678.0,
        "hydraulic_conductivity_m_day": null,
        "transmissivity_m2_day": null,
        "aquifer_thickness_m": null,
        "coordinate_method": "official_local",
        "national_register_row": null,
        "latitude_raw": "42°33'04.99\"",
        "longitude_raw": "22°49'28.97\"",
        "coordinate_note": null,
        "status": "active",
        "reference_date": "2026-08-04"
      }
    },
    {
      "type": "Feature",
      "geometry": {
        "type": "Point",
        "coordinates": [
          22.82147222,
          42.56151111
        ]
      },
      "properties": {
        "permit_number_date": "41510629/08.07.2025",
        "permit_number": 41510629.0,
        "canonical_code": "BG4G000000Q007",
        "holder": "Национален СТЕМ център",
        "facility_name": "ТК-1",
        "facility_registration": "535/04.07.2007",
        "water_use_purpose": "самостоятелно питейно-битово водоснабдяване",
        "mean_discharge_lps": 0.3,
        "max_discharge_lps": 0.5,
        "daily_authorized_volume_m3": null,
        "annual_authorized_volume_m3": 9461.0,
        "hydraulic_conductivity_m_day": null,
        "transmissivity_m2_day": null,
        "aquifer_thickness_m": null,
        "coordinate_method": "official_local",
        "national_register_row": null,
        "latitude_raw": "42°33'41.44\"",
        "longitude_raw": "22°49'17.3\"",
        "coordinate_note": null,
        "status": "active",
        "reference_date": "2026-08-04"
      }
    },
    {
      "type": "Feature",
      "geometry": {
        "type": "Point",
        "coordinates": [
          22.82277778,
          42.50173333
        ]
      },
      "properties": {
        "permit_number_date": "41510661/26.02.2026",
        "permit_number": 41510661.0,
        "canonical_code": "BG4G000000Q007",
        "holder": "ВиК ООД Перник",
        "facility_name": "ТК \"Църковниче\"",
        "facility_registration": "740/11.12.2008",
        "water_use_purpose": "обществено питейно-битово водоснабдяване",
        "mean_discharge_lps": 1.62,
        "max_discharge_lps": 4.5,
        "daily_authorized_volume_m3": null,
        "annual_authorized_volume_m3": 51100.0,
        "hydraulic_conductivity_m_day": null,
        "transmissivity_m2_day": null,
        "aquifer_thickness_m": null,
        "coordinate_method": "official_local",
        "national_register_row": null,
        "latitude_raw": "42°30'06.24\"",
        "longitude_raw": "22°49'22.00\"",
        "coordinate_note": null,
        "status": "active",
        "reference_date": "2026-08-04"
      }
    },
    {
      "type": "Feature",
      "geometry": {
        "type": "Point",
        "coordinates": [
          22.84554444,
          42.52716944
        ]
      },
      "properties": {
        "permit_number_date": "41510667/27.05.2026",
        "permit_number": 41510667.0,
        "canonical_code": "BG4G000000Q007",
        "holder": "ГАЛАКСИ ЛП ООД",
        "facility_name": "ШК-1",
        "facility_registration": "1474/21.01.2026",
        "water_use_purpose": "за други цели",
        "mean_discharge_lps": 0.14,
        "max_discharge_lps": 0.2,
        "daily_authorized_volume_m3": null,
        "annual_authorized_volume_m3": 4572.0,
        "hydraulic_conductivity_m_day": null,
        "transmissivity_m2_day": null,
        "aquifer_thickness_m": null,
        "coordinate_method": "official_local",
        "national_register_row": null,
        "latitude_raw": "42°31'37.81\"",
        "longitude_raw": "22°50'43.96\"",
        "coordinate_note": null,
        "status": "active",
        "reference_date": "2026-08-04"
      }
    },
    {
      "type": "Feature",
      "geometry": {
        "type": "Point",
        "coordinates": [
          22.84544167,
          42.52748889
        ]
      },
      "properties": {
        "permit_number_date": "41510667/27.05.2026",
        "permit_number": 41510667.0,
        "canonical_code": "BG4G000000Q007",
        "holder": "ГАЛАКСИ ЛП ООД",
        "facility_name": "ШК-2",
        "facility_registration": "1473/21.01.2026",
        "water_use_purpose": "самостоятелно питейно-битово водоснабдяване",
        "mean_discharge_lps": 0.18,
        "max_discharge_lps": 1.2,
        "daily_authorized_volume_m3": null,
        "annual_authorized_volume_m3": 5573.0,
        "hydraulic_conductivity_m_day": null,
        "transmissivity_m2_day": null,
        "aquifer_thickness_m": null,
        "coordinate_method": "official_local",
        "national_register_row": null,
        "latitude_raw": "42°31'38.96\"",
        "longitude_raw": "22°50'43.59\"",
        "coordinate_note": null,
        "status": "active",
        "reference_date": "2026-08-04"
      }
    },
    {
      "type": "Feature",
      "geometry": {
        "type": "Point",
        "coordinates": [
          23.4677825,
          41.81048306
        ]
      },
      "properties": {
        "permit_number_date": "41510294/26.04.2010",
        "permit_number": 41510294.0,
        "canonical_code": "BG4G000000Q008",
        "holder": "В и К ЕООД Благоевград",
        "facility_name": "Каптаж \"Циганско кладенче\"",
        "facility_registration": "301/07.09.2005",
        "water_use_purpose": "питейно-битови и електроенергия",
        "mean_discharge_lps": 4.4,
        "max_discharge_lps": null,
        "daily_authorized_volume_m3": null,
        "annual_authorized_volume_m3": 138000.0,
        "hydraulic_conductivity_m_day": null,
        "transmissivity_m2_day": null,
        "aquifer_thickness_m": null,
        "coordinate_method": "official_local",
        "national_register_row": null,
        "latitude_raw": "41° 48' 37,739\"",
        "longitude_raw": "23° 28' 4,017\"",
        "coordinate_note": null,
        "status": "active",
        "reference_date": "2026-08-04"
      }
    },
    {
      "type": "Feature",
      "geometry": {
        "type": "Point",
        "coordinates": [
          23.47381194,
          41.810935
        ]
      },
      "properties": {
        "permit_number_date": "41510296/26.04.2010",
        "permit_number": 41510296.0,
        "canonical_code": "BG4G000000Q008",
        "holder": "В и К ЕООД Благоевград",
        "facility_name": "Каптаж \"Пепев кладенец 1\"",
        "facility_registration": "275/15.04.2005",
        "water_use_purpose": "питейно-битови и електроенергия",
        "mean_discharge_lps": 2.2,
        "max_discharge_lps": null,
        "daily_authorized_volume_m3": null,
        "annual_authorized_volume_m3": null,
        "hydraulic_conductivity_m_day": null,
        "transmissivity_m2_day": null,
        "aquifer_thickness_m": null,
        "coordinate_method": "official_local",
        "national_register_row": null,
        "latitude_raw": "41° 48' 39,366\"",
        "longitude_raw": "23° 28' 25,723\"",
        "coordinate_note": null,
        "status": "active",
        "reference_date": "2026-08-04"
      }
    },
    {
      "type": "Feature",
      "geometry": {
        "type": "Point",
        "coordinates": [
          23.4739325,
          41.81118694
        ]
      },
      "properties": {
        "permit_number_date": "41510296/26.04.2010",
        "permit_number": 41510296.0,
        "canonical_code": "BG4G000000Q008",
        "holder": "В и К ЕООД Благоевград",
        "facility_name": "Каптаж \"Пепев кладенец 2\"",
        "facility_registration": "276/15.04.2005",
        "water_use_purpose": "питейно-битови и електроенергия",
        "mean_discharge_lps": null,
        "max_discharge_lps": null,
        "daily_authorized_volume_m3": null,
        "annual_authorized_volume_m3": null,
        "hydraulic_conductivity_m_day": null,
        "transmissivity_m2_day": null,
        "aquifer_thickness_m": null,
        "coordinate_method": "official_local",
        "national_register_row": null,
        "latitude_raw": "41° 48' 40,273\"",
        "longitude_raw": "23° 28' 26,157\"",
        "coordinate_note": null,
        "status": "active",
        "reference_date": "2026-08-04"
      }
    },
    {
      "type": "Feature",
      "geometry": {
        "type": "Point",
        "coordinates": [
          23.47194194,
          41.81962389
        ]
      },
      "properties": {
        "permit_number_date": "41510312/26.07.2010",
        "permit_number": 41510312.0,
        "canonical_code": "BG4G000000Q008",
        "holder": "В и К ЕООД Благоевград",
        "facility_name": "Каптаж\"Мотиката и дренаж на р.Глазне\"",
        "facility_registration": "273/15.04.2005",
        "water_use_purpose": "питейно-битови",
        "mean_discharge_lps": 4.8,
        "max_discharge_lps": null,
        "daily_authorized_volume_m3": null,
        "annual_authorized_volume_m3": 150000.0,
        "hydraulic_conductivity_m_day": null,
        "transmissivity_m2_day": null,
        "aquifer_thickness_m": null,
        "coordinate_method": "official_local",
        "national_register_row": null,
        "latitude_raw": "41° 49' 10,646\"",
        "longitude_raw": "23° 28' 18,991\"",
        "coordinate_note": null,
        "status": "active",
        "reference_date": "2026-08-04"
      }
    },
    {
      "type": "Feature",
      "geometry": {
        "type": "Point",
        "coordinates": [
          23.48016667,
          41.85302778
        ]
      },
      "properties": {
        "permit_number_date": "41590188/23.08.2016",
        "permit_number": 41590188.0,
        "canonical_code": "BG4G000000Q008",
        "holder": "НИС ПЕТРОЛ ЕООД",
        "facility_name": "Дренажна система",
        "facility_registration": "813/04.08.2010",
        "water_use_purpose": "За други цели -за нуждите на автомивка",
        "mean_discharge_lps": 0.56,
        "max_discharge_lps": 2.0,
        "daily_authorized_volume_m3": 48.0,
        "annual_authorized_volume_m3": 17520.0,
        "hydraulic_conductivity_m_day": null,
        "transmissivity_m2_day": 120.0,
        "aquifer_thickness_m": null,
        "coordinate_method": "official_local",
        "national_register_row": null,
        "latitude_raw": "41° 51' 10,900\"",
        "longitude_raw": "23° 28' 48,600\"",
        "coordinate_note": null,
        "status": "active",
        "reference_date": "2026-08-04"
      }
    },
    {
      "type": "Feature",
      "geometry": {
        "type": "Point",
        "coordinates": [
          23.46138889,
          41.81
        ]
      },
      "properties": {
        "permit_number_date": "41510554/21.06.2018",
        "permit_number": 41510554.0,
        "canonical_code": "BG4G000000Q008",
        "holder": "КАТИ-М-78 ЕООД",
        "facility_name": "ТК-1",
        "facility_registration": "1052/25.07.2013",
        "water_use_purpose": "За самостоятелно питейно-битово водоснабдяване,когато черпената вода се ползва за питейно-битови цели",
        "mean_discharge_lps": 0.025,
        "max_discharge_lps": 1.6,
        "daily_authorized_volume_m3": null,
        "annual_authorized_volume_m3": 266.2,
        "hydraulic_conductivity_m_day": null,
        "transmissivity_m2_day": null,
        "aquifer_thickness_m": null,
        "coordinate_method": "official_local",
        "national_register_row": null,
        "latitude_raw": "41°48'36.'8\"",
        "longitude_raw": "23°27'41.'2\"",
        "coordinate_note": null,
        "status": "active",
        "reference_date": "2026-08-04"
      }
    },
    {
      "type": "Feature",
      "geometry": {
        "type": "Point",
        "coordinates": [
          23.46201667,
          41.82074444
        ]
      },
      "properties": {
        "permit_number_date": "41520115/09.10.2020",
        "permit_number": 41520115.0,
        "canonical_code": "BG4G000000Q008",
        "holder": "Георги Дурчов-земеделски производител",
        "facility_name": "ТК-1",
        "facility_registration": "1284/23.02.2023",
        "water_use_purpose": "напояване на земеделски култури",
        "mean_discharge_lps": 0.033,
        "max_discharge_lps": 0.15,
        "daily_authorized_volume_m3": null,
        "annual_authorized_volume_m3": 1030.0,
        "hydraulic_conductivity_m_day": null,
        "transmissivity_m2_day": null,
        "aquifer_thickness_m": null,
        "coordinate_method": "official_local",
        "national_register_row": null,
        "latitude_raw": "41°49'14.68\"",
        "longitude_raw": "23°27'43.26\"",
        "coordinate_note": null,
        "status": "active",
        "reference_date": "2026-08-04"
      }
    },
    {
      "type": "Feature",
      "geometry": {
        "type": "Point",
        "coordinates": [
          23.47484722,
          41.82872778
        ]
      },
      "properties": {
        "permit_number_date": "41590242/26.10.2020",
        "permit_number": 41590242.0,
        "canonical_code": "BG4G000000Q008",
        "holder": "НЮ БАНСКО ООД",
        "facility_name": "ТК-1",
        "facility_registration": "601/07.05.2008",
        "water_use_purpose": "други цели- поливане на зелени площи, хигиенизиране на външни настилки и спортни съоръгжения и допълване на климатична инсталация",
        "mean_discharge_lps": 0.18,
        "max_discharge_lps": 0.55,
        "daily_authorized_volume_m3": null,
        "annual_authorized_volume_m3": 11400.0,
        "hydraulic_conductivity_m_day": null,
        "transmissivity_m2_day": null,
        "aquifer_thickness_m": null,
        "coordinate_method": "official_local",
        "national_register_row": null,
        "latitude_raw": "41°49'43.42\"",
        "longitude_raw": "23°28'29.45\"",
        "coordinate_note": null,
        "status": "active",
        "reference_date": "2026-08-04"
      }
    },
    {
      "type": "Feature",
      "geometry": {
        "type": "Point",
        "coordinates": [
          23.472825,
          41.82706667
        ]
      },
      "properties": {
        "permit_number_date": "41590242/26.10.2020",
        "permit_number": 41590242.0,
        "canonical_code": "BG4G000000Q008",
        "holder": "НЮ БАНСКО ООД",
        "facility_name": "ТК-2",
        "facility_registration": "602/07.05.2008",
        "water_use_purpose": "други цели- поливане на зелени площи, хигиенизиране на външни настилки и спортни съоръгжения и допълване на климатична инсталация",
        "mean_discharge_lps": 0.18,
        "max_discharge_lps": 0.55,
        "daily_authorized_volume_m3": null,
        "annual_authorized_volume_m3": null,
        "hydraulic_conductivity_m_day": null,
        "transmissivity_m2_day": null,
        "aquifer_thickness_m": null,
        "coordinate_method": "official_local",
        "national_register_row": null,
        "latitude_raw": "41°49'37.44\"",
        "longitude_raw": "23°28'22.17\"",
        "coordinate_note": null,
        "status": "active",
        "reference_date": "2026-08-04"
      }
    },
    {
      "type": "Feature",
      "geometry": {
        "type": "Point",
        "coordinates": [
          23.47544444,
          41.8315
        ]
      },
      "properties": {
        "permit_number_date": "41590251/19.05.2021",
        "permit_number": 41590251.0,
        "canonical_code": "BG4G000000Q008",
        "holder": "КП-МОБИЛЕН ЕООД",
        "facility_name": "ТК",
        "facility_registration": null,
        "water_use_purpose": "други-цели-измиване и поливане",
        "mean_discharge_lps": 0.7,
        "max_discharge_lps": 1.5,
        "daily_authorized_volume_m3": null,
        "annual_authorized_volume_m3": 22075.0,
        "hydraulic_conductivity_m_day": null,
        "transmissivity_m2_day": null,
        "aquifer_thickness_m": null,
        "coordinate_method": "official_local",
        "national_register_row": null,
        "latitude_raw": "41°49'53.4\"",
        "longitude_raw": "23°28'31.6\"",
        "coordinate_note": null,
        "status": "active",
        "reference_date": "2026-08-04"
      }
    },
    {
      "type": "Feature",
      "geometry": {
        "type": "Point",
        "coordinates": [
          23.47050278,
          41.82222778
        ]
      },
      "properties": {
        "permit_number_date": "41510643/23.01.2026",
        "permit_number": 41510643.0,
        "canonical_code": "BG4G000000Q008",
        "holder": "Стажант ООД",
        "facility_name": "ТК",
        "facility_registration": "1422/14.03.2025",
        "water_use_purpose": "самостоятелно питейно-битово водоснабдяване и други цели",
        "mean_discharge_lps": 0.124,
        "max_discharge_lps": 1.5,
        "daily_authorized_volume_m3": null,
        "annual_authorized_volume_m3": 3937.6,
        "hydraulic_conductivity_m_day": null,
        "transmissivity_m2_day": null,
        "aquifer_thickness_m": null,
        "coordinate_method": "official_local",
        "national_register_row": null,
        "latitude_raw": "41°49'20.02\"",
        "longitude_raw": "23°28'13.81\"",
        "coordinate_note": null,
        "status": "active",
        "reference_date": "2026-08-04"
      }
    },
    {
      "type": "Feature",
      "geometry": {
        "type": "Point",
        "coordinates": [
          23.798835,
          41.54445056
        ]
      },
      "properties": {
        "permit_number_date": "400111-1/24.07.2006",
        "permit_number": 400111.0,
        "canonical_code": "BG4G000000Q009",
        "holder": "В и К ЕООД Благоевград",
        "facility_name": "СК-1",
        "facility_registration": "175/15.03.2004",
        "water_use_purpose": "питейно-битови",
        "mean_discharge_lps": 7.4,
        "max_discharge_lps": null,
        "daily_authorized_volume_m3": 1555.0,
        "annual_authorized_volume_m3": 233000.0,
        "hydraulic_conductivity_m_day": null,
        "transmissivity_m2_day": null,
        "aquifer_thickness_m": null,
        "coordinate_method": "official_local",
        "national_register_row": null,
        "latitude_raw": "41° 32' 40,022\"",
        "longitude_raw": "23° 47' 55,806\"",
        "coordinate_note": null,
        "status": "active",
        "reference_date": "2026-08-04"
      }
    },
    {
      "type": "Feature",
      "geometry": {
        "type": "Point",
        "coordinates": [
          23.81670722,
          41.53495472
        ]
      },
      "properties": {
        "permit_number_date": "41510270/09.09.2009",
        "permit_number": 41510270.0,
        "canonical_code": "BG4G000000Q009",
        "holder": "В и К ЕООД Благоевград",
        "facility_name": "ПС\"Колониали\"",
        "facility_registration": "779/09.09.2009",
        "water_use_purpose": "питейно-битови",
        "mean_discharge_lps": 1.6,
        "max_discharge_lps": 6.5,
        "daily_authorized_volume_m3": 137.0,
        "annual_authorized_volume_m3": 50000.0,
        "hydraulic_conductivity_m_day": null,
        "transmissivity_m2_day": null,
        "aquifer_thickness_m": null,
        "coordinate_method": "official_local",
        "national_register_row": null,
        "latitude_raw": "41° 32' 5,837\"",
        "longitude_raw": "23° 49' 0,146\"",
        "coordinate_note": null,
        "status": "active",
        "reference_date": "2026-08-04"
      }
    },
    {
      "type": "Feature",
      "geometry": {
        "type": "Point",
        "coordinates": [
          23.83887611,
          41.52231222
        ]
      },
      "properties": {
        "permit_number_date": "41510271/09.09.2009",
        "permit_number": 41510271.0,
        "canonical_code": "BG4G000000Q009",
        "holder": "В и К ЕООД Благоевград",
        "facility_name": "ПС\"Хаджидимово\" -ТК 1",
        "facility_registration": "780/09.09.2009",
        "water_use_purpose": "питейно-битови",
        "mean_discharge_lps": 1.45,
        "max_discharge_lps": 18.0,
        "daily_authorized_volume_m3": 246.6,
        "annual_authorized_volume_m3": 90000.0,
        "hydraulic_conductivity_m_day": null,
        "transmissivity_m2_day": null,
        "aquifer_thickness_m": null,
        "coordinate_method": "official_local",
        "national_register_row": null,
        "latitude_raw": "41° 31' 20,324\"",
        "longitude_raw": "23° 50' 19,954\"",
        "coordinate_note": null,
        "status": "active",
        "reference_date": "2026-08-04"
      }
    },
    {
      "type": "Feature",
      "geometry": {
        "type": "Point",
        "coordinates": [
          23.84076028,
          41.52100861
        ]
      },
      "properties": {
        "permit_number_date": "41510271/09.09.2009",
        "permit_number": 41510271.0,
        "canonical_code": "BG4G000000Q009",
        "holder": "В и К ЕООД Благоевград",
        "facility_name": "ПС\"Хаджидимово\" -ТК 2",
        "facility_registration": "781/09.09.2009",
        "water_use_purpose": "питейно-битови",
        "mean_discharge_lps": 1.45,
        "max_discharge_lps": 18.0,
        "daily_authorized_volume_m3": null,
        "annual_authorized_volume_m3": null,
        "hydraulic_conductivity_m_day": null,
        "transmissivity_m2_day": null,
        "aquifer_thickness_m": null,
        "coordinate_method": "official_local",
        "national_register_row": null,
        "latitude_raw": "41° 31' 15,631\"",
        "longitude_raw": "23° 50' 26,737\"",
        "coordinate_note": null,
        "status": "active",
        "reference_date": "2026-08-04"
      }
    },
    {
      "type": "Feature",
      "geometry": {
        "type": "Point",
        "coordinates": [
          23.73738889,
          41.57327778
        ]
      },
      "properties": {
        "permit_number_date": "41590097/10.05.2012",
        "permit_number": 41590097.0,
        "canonical_code": "BG4G000000Q009",
        "holder": "Община Гоце Делчев",
        "facility_name": "ТК-1",
        "facility_registration": null,
        "water_use_purpose": "други цели",
        "mean_discharge_lps": 1.0,
        "max_discharge_lps": 1.5,
        "daily_authorized_volume_m3": null,
        "annual_authorized_volume_m3": 126144.0,
        "hydraulic_conductivity_m_day": 2.07,
        "transmissivity_m2_day": 72.5,
        "aquifer_thickness_m": 35.8,
        "coordinate_method": "official_local",
        "national_register_row": null,
        "latitude_raw": "41°34'23,8\"",
        "longitude_raw": "23°44'14,6\"",
        "coordinate_note": null,
        "status": "active",
        "reference_date": "2026-08-04"
      }
    },
    {
      "type": "Feature",
      "geometry": {
        "type": "Point",
        "coordinates": [
          23.73677778,
          41.57319444
        ]
      },
      "properties": {
        "permit_number_date": "41590097/10.05.2012",
        "permit_number": 41590097.0,
        "canonical_code": "BG4G000000Q009",
        "holder": "Община Гоце Делчев",
        "facility_name": "ТК-2",
        "facility_registration": null,
        "water_use_purpose": "други цели",
        "mean_discharge_lps": 1.0,
        "max_discharge_lps": 1.5,
        "daily_authorized_volume_m3": null,
        "annual_authorized_volume_m3": null,
        "hydraulic_conductivity_m_day": 2.07,
        "transmissivity_m2_day": 72.5,
        "aquifer_thickness_m": 35.8,
        "coordinate_method": "official_local",
        "national_register_row": null,
        "latitude_raw": "41°34'23,5\"",
        "longitude_raw": "23°44'12,4\"",
        "coordinate_note": null,
        "status": "active",
        "reference_date": "2026-08-04"
      }
    },
    {
      "type": "Feature",
      "geometry": {
        "type": "Point",
        "coordinates": [
          23.73675,
          41.57261111
        ]
      },
      "properties": {
        "permit_number_date": "41590097/10.05.2012",
        "permit_number": 41590097.0,
        "canonical_code": "BG4G000000Q009",
        "holder": "Община Гоце Делчев",
        "facility_name": "ТК-3",
        "facility_registration": null,
        "water_use_purpose": "други цели",
        "mean_discharge_lps": 1.0,
        "max_discharge_lps": 1.5,
        "daily_authorized_volume_m3": null,
        "annual_authorized_volume_m3": null,
        "hydraulic_conductivity_m_day": 2.07,
        "transmissivity_m2_day": 72.5,
        "aquifer_thickness_m": 35.8,
        "coordinate_method": "official_local",
        "national_register_row": null,
        "latitude_raw": "41°34'21,4\"",
        "longitude_raw": "23°44'12,3\"",
        "coordinate_note": null,
        "status": "active",
        "reference_date": "2026-08-04"
      }
    },
    {
      "type": "Feature",
      "geometry": {
        "type": "Point",
        "coordinates": [
          23.73708333,
          41.57194444
        ]
      },
      "properties": {
        "permit_number_date": "41590097/10.05.2012",
        "permit_number": 41590097.0,
        "canonical_code": "BG4G000000Q009",
        "holder": "Община Гоце Делчев",
        "facility_name": "ТК-4",
        "facility_registration": null,
        "water_use_purpose": "други цели",
        "mean_discharge_lps": 1.0,
        "max_discharge_lps": 1.5,
        "daily_authorized_volume_m3": null,
        "annual_authorized_volume_m3": null,
        "hydraulic_conductivity_m_day": 2.07,
        "transmissivity_m2_day": 72.5,
        "aquifer_thickness_m": 35.8,
        "coordinate_method": "official_local",
        "national_register_row": null,
        "latitude_raw": "41°34'19,0\"",
        "longitude_raw": "23°44'13,5\"",
        "coordinate_note": null,
        "status": "active",
        "reference_date": "2026-08-04"
      }
    },
    {
      "type": "Feature",
      "geometry": {
        "type": "Point",
        "coordinates": [
          23.75321806,
          41.57605722
        ]
      },
      "properties": {
        "permit_number_date": "41530067/01.10.2012",
        "permit_number": 41530067.0,
        "canonical_code": "BG4G000000Q009",
        "holder": "Орбел 2001 АД",
        "facility_name": "ШК-1",
        "facility_registration": null,
        "water_use_purpose": "промишлени цели",
        "mean_discharge_lps": 1.01,
        "max_discharge_lps": 2.8,
        "daily_authorized_volume_m3": 87.7,
        "annual_authorized_volume_m3": 32000.0,
        "hydraulic_conductivity_m_day": 18.6,
        "transmissivity_m2_day": 260.4,
        "aquifer_thickness_m": 14.0,
        "coordinate_method": "official_local",
        "national_register_row": null,
        "latitude_raw": "41° 34' 33,806\"",
        "longitude_raw": "23° 45' 11,585\"",
        "coordinate_note": null,
        "status": "active",
        "reference_date": "2026-08-04"
      }
    },
    {
      "type": "Feature",
      "geometry": {
        "type": "Point",
        "coordinates": [
          23.75503889,
          41.58206111
        ]
      },
      "properties": {
        "permit_number_date": "41530077/29.10.2013",
        "permit_number": 41530077.0,
        "canonical_code": "BG4G000000Q009",
        "holder": "Интермар-90 ЕООД",
        "facility_name": "СК-1",
        "facility_registration": "382/21.12.2006",
        "water_use_purpose": "промишлени цели",
        "mean_discharge_lps": 0.5,
        "max_discharge_lps": 3.5,
        "daily_authorized_volume_m3": 100.8,
        "annual_authorized_volume_m3": 26100.0,
        "hydraulic_conductivity_m_day": 37.9,
        "transmissivity_m2_day": 481.2,
        "aquifer_thickness_m": 12.7,
        "coordinate_method": "official_local",
        "national_register_row": null,
        "latitude_raw": "41°34'55.42\"",
        "longitude_raw": "23°45'18.14\"",
        "coordinate_note": null,
        "status": "active",
        "reference_date": "2026-08-04"
      }
    },
    {
      "type": "Feature",
      "geometry": {
        "type": "Point",
        "coordinates": [
          23.74822333,
          41.57091861
        ]
      },
      "properties": {
        "permit_number_date": "41530081/15.04.2014",
        "permit_number": 41530081.0,
        "canonical_code": "BG4G000000Q009",
        "holder": "Наталия ММ ООД",
        "facility_name": "СК",
        "facility_registration": null,
        "water_use_purpose": "охлаждане",
        "mean_discharge_lps": 1.4,
        "max_discharge_lps": 1.4,
        "daily_authorized_volume_m3": 98.496,
        "annual_authorized_volume_m3": 36000.0,
        "hydraulic_conductivity_m_day": null,
        "transmissivity_m2_day": 225.0,
        "aquifer_thickness_m": 27.0,
        "coordinate_method": "official_local",
        "national_register_row": null,
        "latitude_raw": "41° 34' 15,307\"",
        "longitude_raw": "23° 44' 53,604\"",
        "coordinate_note": null,
        "status": "active",
        "reference_date": "2026-08-04"
      }
    },
    {
      "type": "Feature",
      "geometry": {
        "type": "Point",
        "coordinates": [
          23.80151667,
          41.517225
        ]
      },
      "properties": {
        "permit_number_date": "41530082/30.05.2014",
        "permit_number": 41530082.0,
        "canonical_code": "BG4G000000Q009",
        "holder": "Колоратекс ЕООД",
        "facility_name": "ТК-1",
        "facility_registration": "95/31.07.2002",
        "water_use_purpose": "промишлени цели",
        "mean_discharge_lps": 2.29,
        "max_discharge_lps": 3.0,
        "daily_authorized_volume_m3": 197.86,
        "annual_authorized_volume_m3": 72288.0,
        "hydraulic_conductivity_m_day": 0.52,
        "transmissivity_m2_day": 21.0,
        "aquifer_thickness_m": 40.0,
        "coordinate_method": "official_local",
        "national_register_row": null,
        "latitude_raw": "41°31'02.01\"",
        "longitude_raw": "23°48'5.46\"",
        "coordinate_note": null,
        "status": "active",
        "reference_date": "2026-08-04"
      }
    },
    {
      "type": "Feature",
      "geometry": {
        "type": "Point",
        "coordinates": [
          23.85173889,
          41.51918889
        ]
      },
      "properties": {
        "permit_number_date": "41590157/15.04.2015",
        "permit_number": 41590157.0,
        "canonical_code": "BG4G000000Q009",
        "holder": "ЖОСИ АД",
        "facility_name": "ТК-1",
        "facility_registration": null,
        "water_use_purpose": "други цели /хигиенни нужди/ охлаждане",
        "mean_discharge_lps": 0.1,
        "max_discharge_lps": 3.0,
        "daily_authorized_volume_m3": null,
        "annual_authorized_volume_m3": 2880.0,
        "hydraulic_conductivity_m_day": null,
        "transmissivity_m2_day": 150.0,
        "aquifer_thickness_m": 17.0,
        "coordinate_method": "official_local",
        "national_register_row": null,
        "latitude_raw": "41° 31' 9,080\"",
        "longitude_raw": "23° 51' 6,260\"",
        "coordinate_note": null,
        "status": "active",
        "reference_date": "2026-08-04"
      }
    },
    {
      "type": "Feature",
      "geometry": {
        "type": "Point",
        "coordinates": [
          23.75971389,
          41.57902222
        ]
      },
      "properties": {
        "permit_number_date": "41590158/26.05.2015",
        "permit_number": 41590158.0,
        "canonical_code": "BG4G000000Q009",
        "holder": "Билта ООД",
        "facility_name": "ТК-1",
        "facility_registration": "837/02.05.2011",
        "water_use_purpose": "напояване и други цели",
        "mean_discharge_lps": 1.0,
        "max_discharge_lps": 2.0,
        "daily_authorized_volume_m3": null,
        "annual_authorized_volume_m3": 31622.0,
        "hydraulic_conductivity_m_day": 6.4,
        "transmissivity_m2_day": 97.87,
        "aquifer_thickness_m": 15.3,
        "coordinate_method": "official_local",
        "national_register_row": null,
        "latitude_raw": "41°34'44.48\"",
        "longitude_raw": "23°45'34.97\"",
        "coordinate_note": null,
        "status": "active",
        "reference_date": "2026-08-04"
      }
    },
    {
      "type": "Feature",
      "geometry": {
        "type": "Point",
        "coordinates": [
          23.73444444,
          41.56986111
        ]
      },
      "properties": {
        "permit_number_date": "41590202/15.06.2017",
        "permit_number": 41590202.0,
        "canonical_code": "BG4G000000Q009",
        "holder": "Изи Сървиз ЕООД",
        "facility_name": "ШК",
        "facility_registration": "735/03.11.2008",
        "water_use_purpose": "За други цели - за автомивка",
        "mean_discharge_lps": 0.2,
        "max_discharge_lps": 0.6,
        "daily_authorized_volume_m3": 17.28,
        "annual_authorized_volume_m3": 6300.0,
        "hydraulic_conductivity_m_day": null,
        "transmissivity_m2_day": null,
        "aquifer_thickness_m": null,
        "coordinate_method": "official_local",
        "national_register_row": null,
        "latitude_raw": "41°34'11.50\"",
        "longitude_raw": "23°44'04,00\"",
        "coordinate_note": null,
        "status": "active",
        "reference_date": "2026-08-04"
      }
    },
    {
      "type": "Feature",
      "geometry": {
        "type": "Point",
        "coordinates": [
          23.77111111,
          41.54777778
        ]
      },
      "properties": {
        "permit_number_date": "41590217/05.11.2018",
        "permit_number": 41590217.0,
        "canonical_code": "BG4G000000Q009",
        "holder": "Гоце Делчев -Табак АД",
        "facility_name": "ТК-1",
        "facility_registration": "828/22.11.2010",
        "water_use_purpose": "За други цели-хигиенни нужди,напояване на тревни площи и противопожарни нужди",
        "mean_discharge_lps": 0.22,
        "max_discharge_lps": null,
        "daily_authorized_volume_m3": null,
        "annual_authorized_volume_m3": 6800.0,
        "hydraulic_conductivity_m_day": null,
        "transmissivity_m2_day": null,
        "aquifer_thickness_m": null,
        "coordinate_method": "official_local",
        "national_register_row": null,
        "latitude_raw": "41°32'52.'84\"",
        "longitude_raw": "23°46'16.'7\"",
        "coordinate_note": null,
        "status": "active",
        "reference_date": "2026-08-04"
      }
    },
    {
      "type": "Feature",
      "geometry": {
        "type": "Point",
        "coordinates": [
          23.81914444,
          41.56926667
        ]
      },
      "properties": {
        "permit_number_date": "41590233/17.02.2020",
        "permit_number": 41590233.0,
        "canonical_code": "BG4G000000Q009",
        "holder": "Билдинг тренд ЕООД",
        "facility_name": "ШК",
        "facility_registration": "1269/23.02.2023",
        "water_use_purpose": "За други цели; противопожарни нужди",
        "mean_discharge_lps": 0.083,
        "max_discharge_lps": 2.2,
        "daily_authorized_volume_m3": null,
        "annual_authorized_volume_m3": 2635.0,
        "hydraulic_conductivity_m_day": null,
        "transmissivity_m2_day": null,
        "aquifer_thickness_m": null,
        "coordinate_method": "official_local",
        "national_register_row": null,
        "latitude_raw": "41°34'9.36\"",
        "longitude_raw": "23°49'8.92\"",
        "coordinate_note": null,
        "status": "active",
        "reference_date": "2026-08-04"
      }
    },
    {
      "type": "Feature",
      "geometry": {
        "type": "Point",
        "coordinates": [
          23.77963889,
          41.57790278
        ]
      },
      "properties": {
        "permit_number_date": "41510600/18.10.2023",
        "permit_number": 41510600.0,
        "canonical_code": "BG4G000000Q009",
        "holder": "Роял хал ЕООД",
        "facility_name": "ТК",
        "facility_registration": "1142/21.03.2022",
        "water_use_purpose": "самостоятелно питейно-битово водоснабяване и други цели-измиване на улици и алеи, пълнене и допълване на басейни и противопожарни нужди",
        "mean_discharge_lps": 0.32,
        "max_discharge_lps": 3.5,
        "daily_authorized_volume_m3": null,
        "annual_authorized_volume_m3": 10100.0,
        "hydraulic_conductivity_m_day": null,
        "transmissivity_m2_day": null,
        "aquifer_thickness_m": null,
        "coordinate_method": "official_local",
        "national_register_row": null,
        "latitude_raw": "41°34'40.45\"",
        "longitude_raw": "23°46'46.7\"",
        "coordinate_note": null,
        "status": "active",
        "reference_date": "2026-08-04"
      }
    },
    {
      "type": "Feature",
      "geometry": {
        "type": "Point",
        "coordinates": [
          23.77969722,
          41.57791389
        ]
      },
      "properties": {
        "permit_number_date": "41510616/02.12.2024",
        "permit_number": 41510616.0,
        "canonical_code": "BG4G000000Q009",
        "holder": "Лукспелет ЕООД",
        "facility_name": "ТК-1",
        "facility_registration": "1142/21.03.2022",
        "water_use_purpose": "самостоятелно питейно-битово водоснабдяване",
        "mean_discharge_lps": 0.07,
        "max_discharge_lps": 3.5,
        "daily_authorized_volume_m3": 0.07,
        "annual_authorized_volume_m3": 2336.0,
        "hydraulic_conductivity_m_day": null,
        "transmissivity_m2_day": null,
        "aquifer_thickness_m": null,
        "coordinate_method": "official_local",
        "national_register_row": null,
        "latitude_raw": "41°34'40.49\"",
        "longitude_raw": "23°46'46,91\"",
        "coordinate_note": null,
        "status": "active",
        "reference_date": "2026-08-04"
      }
    },
    {
      "type": "Feature",
      "geometry": {
        "type": "Point",
        "coordinates": [
          23.72836944,
          41.571575
        ]
      },
      "properties": {
        "permit_number_date": "41590313/10.06.2025",
        "permit_number": 41590313.0,
        "canonical_code": "BG4G000000Q009",
        "holder": "Община Гоце Делчев",
        "facility_name": "ТК-1",
        "facility_registration": null,
        "water_use_purpose": "други цели",
        "mean_discharge_lps": 0.3,
        "max_discharge_lps": 1.0,
        "daily_authorized_volume_m3": null,
        "annual_authorized_volume_m3": 9514.0,
        "hydraulic_conductivity_m_day": null,
        "transmissivity_m2_day": null,
        "aquifer_thickness_m": null,
        "coordinate_method": "official_local",
        "national_register_row": null,
        "latitude_raw": "41°34'17,67\"",
        "longitude_raw": "23°43'42,13\"",
        "coordinate_note": null,
        "status": "active",
        "reference_date": "2026-08-04"
      }
    },
    {
      "type": "Feature",
      "geometry": {
        "type": "Point",
        "coordinates": [
          23.73143889,
          41.5715
        ]
      },
      "properties": {
        "permit_number_date": "41590314/10.06.2025",
        "permit_number": 41590314.0,
        "canonical_code": "BG4G000000Q009",
        "holder": "Община Гоце Делчев",
        "facility_name": "ТК-2",
        "facility_registration": null,
        "water_use_purpose": "други цели",
        "mean_discharge_lps": 0.2,
        "max_discharge_lps": 1.0,
        "daily_authorized_volume_m3": null,
        "annual_authorized_volume_m3": 6307.0,
        "hydraulic_conductivity_m_day": null,
        "transmissivity_m2_day": null,
        "aquifer_thickness_m": null,
        "coordinate_method": "official_local",
        "national_register_row": null,
        "latitude_raw": "41°34'17,4\"",
        "longitude_raw": "23°43'53,18\"",
        "coordinate_note": null,
        "status": "active",
        "reference_date": "2026-08-04"
      }
    },
    {
      "type": "Feature",
      "geometry": {
        "type": "Point",
        "coordinates": [
          23.72385556,
          41.5716
        ]
      },
      "properties": {
        "permit_number_date": "41590315/10.06.2025",
        "permit_number": 41590315.0,
        "canonical_code": "BG4G000000Q009",
        "holder": "Община Гоце Делчев",
        "facility_name": "ТК-3",
        "facility_registration": null,
        "water_use_purpose": "други цели",
        "mean_discharge_lps": 0.9,
        "max_discharge_lps": 1.5,
        "daily_authorized_volume_m3": null,
        "annual_authorized_volume_m3": 28385.0,
        "hydraulic_conductivity_m_day": null,
        "transmissivity_m2_day": null,
        "aquifer_thickness_m": null,
        "coordinate_method": "official_local",
        "national_register_row": null,
        "latitude_raw": "41°34'17,76\"",
        "longitude_raw": "23°43'25,88\"",
        "coordinate_note": null,
        "status": "active",
        "reference_date": "2026-08-04"
      }
    },
    {
      "type": "Feature",
      "geometry": {
        "type": "Point",
        "coordinates": [
          23.724475,
          41.57176944
        ]
      },
      "properties": {
        "permit_number_date": "41590316/10.06.2025",
        "permit_number": 41590316.0,
        "canonical_code": "BG4G000000Q009",
        "holder": "Община Гоце Делчев",
        "facility_name": "ТК-4",
        "facility_registration": null,
        "water_use_purpose": "други цели",
        "mean_discharge_lps": 0.1,
        "max_discharge_lps": 1.0,
        "daily_authorized_volume_m3": null,
        "annual_authorized_volume_m3": 3153.0,
        "hydraulic_conductivity_m_day": null,
        "transmissivity_m2_day": null,
        "aquifer_thickness_m": null,
        "coordinate_method": "official_local",
        "national_register_row": null,
        "latitude_raw": "41°34'18,37\"",
        "longitude_raw": "23°43'28,11\"",
        "coordinate_note": null,
        "status": "active",
        "reference_date": "2026-08-04"
      }
    },
    {
      "type": "Feature",
      "geometry": {
        "type": "Point",
        "coordinates": [
          23.72822778,
          41.57331111
        ]
      },
      "properties": {
        "permit_number_date": "41590317/10.06.2025",
        "permit_number": 41590317.0,
        "canonical_code": "BG4G000000Q009",
        "holder": "Община Гоце Делчев",
        "facility_name": "ТК-5",
        "facility_registration": null,
        "water_use_purpose": "други цели",
        "mean_discharge_lps": 0.2,
        "max_discharge_lps": 1.0,
        "daily_authorized_volume_m3": null,
        "annual_authorized_volume_m3": 6350.0,
        "hydraulic_conductivity_m_day": null,
        "transmissivity_m2_day": null,
        "aquifer_thickness_m": null,
        "coordinate_method": "official_local",
        "national_register_row": null,
        "latitude_raw": "41°34'23,92\"",
        "longitude_raw": "23°43'41,62\"",
        "coordinate_note": null,
        "status": "active",
        "reference_date": "2026-08-04"
      }
    },
    {
      "type": "Feature",
      "geometry": {
        "type": "Point",
        "coordinates": [
          23.72945,
          41.57655556
        ]
      },
      "properties": {
        "permit_number_date": "41590318/17.06.2025",
        "permit_number": 41590318.0,
        "canonical_code": "BG4G000000Q009",
        "holder": "Община Гоце Делчев",
        "facility_name": "ТК-6",
        "facility_registration": null,
        "water_use_purpose": "други цели",
        "mean_discharge_lps": 1.0,
        "max_discharge_lps": 2.0,
        "daily_authorized_volume_m3": null,
        "annual_authorized_volume_m3": 31795.0,
        "hydraulic_conductivity_m_day": null,
        "transmissivity_m2_day": null,
        "aquifer_thickness_m": null,
        "coordinate_method": "official_local",
        "national_register_row": null,
        "latitude_raw": "41°34'35.6\"",
        "longitude_raw": "23°43'46.02\"",
        "coordinate_note": null,
        "status": "active",
        "reference_date": "2026-08-04"
      }
    },
    {
      "type": "Feature",
      "geometry": {
        "type": "Point",
        "coordinates": [
          23.72945,
          41.57655556
        ]
      },
      "properties": {
        "permit_number_date": "41590319/17.06.2025",
        "permit_number": 41590319.0,
        "canonical_code": "BG4G000000Q009",
        "holder": "Община Гоце Делчев",
        "facility_name": "ТК-7",
        "facility_registration": null,
        "water_use_purpose": "други цели",
        "mean_discharge_lps": 0.2,
        "max_discharge_lps": 1.0,
        "daily_authorized_volume_m3": null,
        "annual_authorized_volume_m3": 6307.0,
        "hydraulic_conductivity_m_day": null,
        "transmissivity_m2_day": null,
        "aquifer_thickness_m": null,
        "coordinate_method": "official_local",
        "national_register_row": null,
        "latitude_raw": "41°34'35.6\"",
        "longitude_raw": "23°43'46.02\"",
        "coordinate_note": null,
        "status": "active",
        "reference_date": "2026-08-04"
      }
    },
    {
      "type": "Feature",
      "geometry": {
        "type": "Point",
        "coordinates": [
          23.78590278,
          41.57686667
        ]
      },
      "properties": {
        "permit_number_date": "41590325/23.10.2025",
        "permit_number": 41590325.0,
        "canonical_code": "BG4G000000Q009",
        "holder": "Европласт ООД",
        "facility_name": "ШК \"Европласт\"",
        "facility_registration": "1108/24.03.2021",
        "water_use_purpose": "за други цели",
        "mean_discharge_lps": 0.163,
        "max_discharge_lps": 1.94,
        "daily_authorized_volume_m3": null,
        "annual_authorized_volume_m3": 5128.0,
        "hydraulic_conductivity_m_day": null,
        "transmissivity_m2_day": null,
        "aquifer_thickness_m": null,
        "coordinate_method": "official_local",
        "national_register_row": null,
        "latitude_raw": "41°34'36.72\"",
        "longitude_raw": "23°47'09.25\"",
        "coordinate_note": null,
        "status": "active",
        "reference_date": "2026-08-04"
      }
    },
    {
      "type": "Feature",
      "geometry": {
        "type": "Point",
        "coordinates": [
          23.74455278,
          41.584825
        ]
      },
      "properties": {
        "permit_number_date": "41590334/20.04.2026",
        "permit_number": 41590334.0,
        "canonical_code": "BG4G000000Q009",
        "holder": "ДИНАМО АД",
        "facility_name": "ТК \"Динамо\"",
        "facility_registration": "1464/16.09.2025",
        "water_use_purpose": "за други цели",
        "mean_discharge_lps": 0.25,
        "max_discharge_lps": 1.333,
        "daily_authorized_volume_m3": null,
        "annual_authorized_volume_m3": 7880.0,
        "hydraulic_conductivity_m_day": null,
        "transmissivity_m2_day": null,
        "aquifer_thickness_m": null,
        "coordinate_method": "official_local",
        "national_register_row": null,
        "latitude_raw": "41°35'05,37''",
        "longitude_raw": "23°44'40.39''",
        "coordinate_note": null,
        "status": "active",
        "reference_date": "2026-08-04"
      }
    },
    {
      "type": "Feature",
      "geometry": {
        "type": "Point",
        "coordinates": [
          23.77739722,
          41.56480556
        ]
      },
      "properties": {
        "permit_number_date": "41520150/26.05.2026",
        "permit_number": 41520150.0,
        "canonical_code": "BG4G000000Q009",
        "holder": "АГРО НЕСТУМ КООП ЕООД",
        "facility_name": "ТК-1",
        "facility_registration": "1301/28.03.2023",
        "water_use_purpose": "Самостоятелно напояване на земеделски култури",
        "mean_discharge_lps": 0.46,
        "max_discharge_lps": 7.5,
        "daily_authorized_volume_m3": null,
        "annual_authorized_volume_m3": 14445.0,
        "hydraulic_conductivity_m_day": null,
        "transmissivity_m2_day": null,
        "aquifer_thickness_m": null,
        "coordinate_method": "official_local",
        "national_register_row": null,
        "latitude_raw": "41°33'53,3''",
        "longitude_raw": "23°46'38.63''",
        "coordinate_note": null,
        "status": "active",
        "reference_date": "2026-08-04"
      }
    },
    {
      "type": "Feature",
      "geometry": {
        "type": "Point",
        "coordinates": [
          23.77728333,
          41.580075
        ]
      },
      "properties": {
        "permit_number_date": "41520153/15.06.2026",
        "permit_number": 41520153.0,
        "canonical_code": "BG4G000000Q009",
        "holder": "ЕТ Неджми Караибраим",
        "facility_name": "ТК-1",
        "facility_registration": "1415/03.10.2024",
        "water_use_purpose": "самостоятелно водоснабдяване за напояване на земеделски култури",
        "mean_discharge_lps": 0.2,
        "max_discharge_lps": 1.5,
        "daily_authorized_volume_m3": null,
        "annual_authorized_volume_m3": 6200.0,
        "hydraulic_conductivity_m_day": null,
        "transmissivity_m2_day": null,
        "aquifer_thickness_m": null,
        "coordinate_method": "official_local",
        "national_register_row": null,
        "latitude_raw": "41°34'48,27''",
        "longitude_raw": "23°46'38.22''",
        "coordinate_note": null,
        "status": "active",
        "reference_date": "2026-08-04"
      }
    },
    {
      "type": "Feature",
      "geometry": {
        "type": "Point",
        "coordinates": [
          24.11650417,
          41.69699472
        ]
      },
      "properties": {
        "permit_number_date": "41510482/29.01.2014г.",
        "permit_number": 41510482.0,
        "canonical_code": "BG4G001QNPG010",
        "holder": "В и К ЕООД Смолян",
        "facility_name": "КЕИ \"Калейкоско 1\"",
        "facility_registration": "1377/21.02.2024",
        "water_use_purpose": "питейно-битови",
        "mean_discharge_lps": 0.19,
        "max_discharge_lps": null,
        "daily_authorized_volume_m3": 16.41,
        "annual_authorized_volume_m3": null,
        "hydraulic_conductivity_m_day": null,
        "transmissivity_m2_day": null,
        "aquifer_thickness_m": null,
        "coordinate_method": "official_local",
        "national_register_row": null,
        "latitude_raw": "41° 41' 49,181\"",
        "longitude_raw": "24° 6' 59,415\"",
        "coordinate_note": null,
        "status": "active",
        "reference_date": "2026-08-04"
      }
    },
    {
      "type": "Feature",
      "geometry": {
        "type": "Point",
        "coordinates": [
          24.11446833,
          41.69208583
        ]
      },
      "properties": {
        "permit_number_date": "41510482/29.01.2014г.",
        "permit_number": 41510482.0,
        "canonical_code": "BG4G001QNPG010",
        "holder": "В и К ЕООД Смолян",
        "facility_name": "КЕИ \"Калейкоско 2\"",
        "facility_registration": "1378/21.02.2024",
        "water_use_purpose": "питейно-битови",
        "mean_discharge_lps": 0.63,
        "max_discharge_lps": null,
        "daily_authorized_volume_m3": 54.43,
        "annual_authorized_volume_m3": null,
        "hydraulic_conductivity_m_day": null,
        "transmissivity_m2_day": null,
        "aquifer_thickness_m": null,
        "coordinate_method": "official_local",
        "national_register_row": null,
        "latitude_raw": "41° 41' 31,509\"",
        "longitude_raw": "24° 6' 52,086\"",
        "coordinate_note": null,
        "status": "active",
        "reference_date": "2026-08-04"
      }
    },
    {
      "type": "Feature",
      "geometry": {
        "type": "Point",
        "coordinates": [
          24.11634028,
          41.68946917
        ]
      },
      "properties": {
        "permit_number_date": "41510482/29.01.2014г.",
        "permit_number": 41510482.0,
        "canonical_code": "BG4G001QNPG010",
        "holder": "В и К ЕООД Смолян",
        "facility_name": "КЕИ \"Главата\"",
        "facility_registration": "1379/21.02.2024",
        "water_use_purpose": "питейно-битови",
        "mean_discharge_lps": 0.12,
        "max_discharge_lps": null,
        "daily_authorized_volume_m3": 10.37,
        "annual_authorized_volume_m3": null,
        "hydraulic_conductivity_m_day": null,
        "transmissivity_m2_day": null,
        "aquifer_thickness_m": null,
        "coordinate_method": "official_local",
        "national_register_row": null,
        "latitude_raw": "41° 41' 22,089\"",
        "longitude_raw": "24° 6' 58,825\"",
        "coordinate_note": null,
        "status": "active",
        "reference_date": "2026-08-04"
      }
    },
    {
      "type": "Feature",
      "geometry": {
        "type": "Point",
        "coordinates": [
          24.10838917,
          41.69993083
        ]
      },
      "properties": {
        "permit_number_date": "41510482/29.01.2014г.",
        "permit_number": 41510482.0,
        "canonical_code": "BG4G001QNPG010",
        "holder": "В и К ЕООД Смолян",
        "facility_name": "КЕИ \"Кайнарджа\"",
        "facility_registration": "1380/21.02.2024",
        "water_use_purpose": "питейно-битови",
        "mean_discharge_lps": 2.38,
        "max_discharge_lps": null,
        "daily_authorized_volume_m3": 205.63,
        "annual_authorized_volume_m3": null,
        "hydraulic_conductivity_m_day": null,
        "transmissivity_m2_day": null,
        "aquifer_thickness_m": null,
        "coordinate_method": "official_local",
        "national_register_row": null,
        "latitude_raw": "41° 41' 59,751\"",
        "longitude_raw": "24° 6' 30,201\"",
        "coordinate_note": null,
        "status": "active",
        "reference_date": "2026-08-04"
      }
    },
    {
      "type": "Feature",
      "geometry": {
        "type": "Point",
        "coordinates": [
          24.10838917,
          41.69993083
        ]
      },
      "properties": {
        "permit_number_date": "41510482/29.01.2014г.",
        "permit_number": 41510482.0,
        "canonical_code": "BG4G001QNPG010",
        "holder": "В и К ЕООД Смолян",
        "facility_name": "КЕИ\"Студения гьол\"",
        "facility_registration": "1381/21.02.2024",
        "water_use_purpose": "питейно-битови",
        "mean_discharge_lps": 2.38,
        "max_discharge_lps": null,
        "daily_authorized_volume_m3": 205.63,
        "annual_authorized_volume_m3": null,
        "hydraulic_conductivity_m_day": null,
        "transmissivity_m2_day": null,
        "aquifer_thickness_m": null,
        "coordinate_method": "official_local",
        "national_register_row": null,
        "latitude_raw": "41° 41' 59,751\"",
        "longitude_raw": "24° 6' 30,201\"",
        "coordinate_note": null,
        "status": "active",
        "reference_date": "2026-08-04"
      }
    },
    {
      "type": "Feature",
      "geometry": {
        "type": "Point",
        "coordinates": [
          24.165025,
          41.64131667
        ]
      },
      "properties": {
        "permit_number_date": "41530138/29.07.2025",
        "permit_number": 41530138.0,
        "canonical_code": "BG4G001QNPG010",
        "holder": "Хаджиеви 5588 ЕООД",
        "facility_name": "КЕИ",
        "facility_registration": "1400/22.07.2024",
        "water_use_purpose": "промишлено водоснабдяване",
        "mean_discharge_lps": 0.024,
        "max_discharge_lps": null,
        "daily_authorized_volume_m3": null,
        "annual_authorized_volume_m3": 750.0,
        "hydraulic_conductivity_m_day": null,
        "transmissivity_m2_day": null,
        "aquifer_thickness_m": null,
        "coordinate_method": "official_local",
        "national_register_row": null,
        "latitude_raw": "41°38'28.74\"",
        "longitude_raw": "24°09'54.09\"",
        "coordinate_note": null,
        "status": "active",
        "reference_date": "2026-08-04"
      }
    },
    {
      "type": "Feature",
      "geometry": {
        "type": "Point",
        "coordinates": [
          24.07987083,
          41.71626722
        ]
      },
      "properties": {
        "permit_number_date": "41590340/30.07.2026",
        "permit_number": 41590340.0,
        "canonical_code": "BG4G001QNPG010",
        "holder": "Доспатлес-2000 АД",
        "facility_name": "ТК-1",
        "facility_registration": "1426/01.04.2025",
        "water_use_purpose": "други цели",
        "mean_discharge_lps": 0.1,
        "max_discharge_lps": 1.25,
        "daily_authorized_volume_m3": null,
        "annual_authorized_volume_m3": 3154.0,
        "hydraulic_conductivity_m_day": null,
        "transmissivity_m2_day": null,
        "aquifer_thickness_m": null,
        "coordinate_method": "official_local",
        "national_register_row": null,
        "latitude_raw": "41°42'58.562\"",
        "longitude_raw": "24°04'47.535\"",
        "coordinate_note": null,
        "status": "active",
        "reference_date": "2026-08-04"
      }
    },
    {
      "type": "Feature",
      "geometry": {
        "type": "Point",
        "coordinates": [
          23.22212361,
          41.41079389
        ]
      },
      "properties": {
        "permit_number_date": "41530005/16.07.2007",
        "permit_number": 41530005.0,
        "canonical_code": "BG4G000000N011",
        "holder": "Монолит 21-Андонов и Захов ООД",
        "facility_name": "ТК-1",
        "facility_registration": "519/16.07.2007",
        "water_use_purpose": "промишлени и други цели",
        "mean_discharge_lps": 0.17,
        "max_discharge_lps": 5.5,
        "daily_authorized_volume_m3": 10.0,
        "annual_authorized_volume_m3": 2495.0,
        "hydraulic_conductivity_m_day": 10.6,
        "transmissivity_m2_day": 457.7,
        "aquifer_thickness_m": null,
        "coordinate_method": "official_local",
        "national_register_row": null,
        "latitude_raw": "41° 24' 38,858\"",
        "longitude_raw": "23° 13' 19,645\"",
        "coordinate_note": null,
        "status": "active",
        "reference_date": "2026-08-04"
      }
    },
    {
      "type": "Feature",
      "geometry": {
        "type": "Point",
        "coordinates": [
          23.24442167,
          41.45447139
        ]
      },
      "properties": {
        "permit_number_date": "41590026/10.01.2008",
        "permit_number": 41590026.0,
        "canonical_code": "BG4G000000N011",
        "holder": "Булгартрансгаз ЕАД",
        "facility_name": "СК",
        "facility_registration": "140/21.05.2003",
        "water_use_purpose": "други цели",
        "mean_discharge_lps": 0.58,
        "max_discharge_lps": 1.65,
        "daily_authorized_volume_m3": 50.0,
        "annual_authorized_volume_m3": 10850.0,
        "hydraulic_conductivity_m_day": null,
        "transmissivity_m2_day": null,
        "aquifer_thickness_m": null,
        "coordinate_method": "official_local",
        "national_register_row": null,
        "latitude_raw": "41° 27' 16,097\"",
        "longitude_raw": "23° 14' 39,918\"",
        "coordinate_note": null,
        "status": "active",
        "reference_date": "2026-08-04"
      }
    },
    {
      "type": "Feature",
      "geometry": {
        "type": "Point",
        "coordinates": [
          23.21352806,
          41.41874167
        ]
      },
      "properties": {
        "permit_number_date": "41590099/28.06.2012",
        "permit_number": 41590099.0,
        "canonical_code": "BG4G000000N011",
        "holder": "ЕТ Петър Рутев",
        "facility_name": "СК",
        "facility_registration": "160/02.10.2003",
        "water_use_purpose": "напояване",
        "mean_discharge_lps": 0.5,
        "max_discharge_lps": 4.0,
        "daily_authorized_volume_m3": 0.5,
        "annual_authorized_volume_m3": 15990.0,
        "hydraulic_conductivity_m_day": 8.1,
        "transmissivity_m2_day": 253.0,
        "aquifer_thickness_m": 31.2,
        "coordinate_method": "official_local",
        "national_register_row": null,
        "latitude_raw": "41° 25' 07,4700\"",
        "longitude_raw": "23° 12' 48,701\"",
        "coordinate_note": null,
        "status": "active",
        "reference_date": "2026-08-04"
      }
    },
    {
      "type": "Feature",
      "geometry": {
        "type": "Point",
        "coordinates": [
          23.21286111,
          41.40791667
        ]
      },
      "properties": {
        "permit_number_date": "41590159/08.06.2015",
        "permit_number": 41590159.0,
        "canonical_code": "BG4G000000N011",
        "holder": "Колор Фуудс ЕООД",
        "facility_name": "ТК-1",
        "facility_registration": "1037/06.02.2017",
        "water_use_purpose": "други цели",
        "mean_discharge_lps": 0.7,
        "max_discharge_lps": 3.0,
        "daily_authorized_volume_m3": 63.01,
        "annual_authorized_volume_m3": 23000.0,
        "hydraulic_conductivity_m_day": null,
        "transmissivity_m2_day": null,
        "aquifer_thickness_m": 90.0,
        "coordinate_method": "official_local",
        "national_register_row": null,
        "latitude_raw": "41° 24' 28,500\"",
        "longitude_raw": "23° 12' 46,300\"",
        "coordinate_note": null,
        "status": "active",
        "reference_date": "2026-08-04"
      }
    },
    {
      "type": "Feature",
      "geometry": {
        "type": "Point",
        "coordinates": [
          23.19680556,
          41.40702778
        ]
      },
      "properties": {
        "permit_number_date": "41530110/07.11.2016",
        "permit_number": 41530110.0,
        "canonical_code": "BG4G000000N011",
        "holder": "ЗАЕЧКИ ЕООД",
        "facility_name": "ТК- 1",
        "facility_registration": "1035/17.01.2017",
        "water_use_purpose": "За промишлени цели и за други-напояване на тревни площи",
        "mean_discharge_lps": 0.2,
        "max_discharge_lps": 1.0,
        "daily_authorized_volume_m3": 17.3,
        "annual_authorized_volume_m3": 6300.0,
        "hydraulic_conductivity_m_day": null,
        "transmissivity_m2_day": null,
        "aquifer_thickness_m": null,
        "coordinate_method": "official_local",
        "national_register_row": null,
        "latitude_raw": "41° 24' 25,300\"",
        "longitude_raw": "23° 11' 48,500\"",
        "coordinate_note": null,
        "status": "active",
        "reference_date": "2026-08-04"
      }
    },
    {
      "type": "Feature",
      "geometry": {
        "type": "Point",
        "coordinates": [
          23.21875,
          41.41863333
        ]
      },
      "properties": {
        "permit_number_date": "41520070/07.11.2016",
        "permit_number": 41520070.0,
        "canonical_code": "BG4G000000N011",
        "holder": "ЕТ ИВАН ПОПОВ",
        "facility_name": "ТК- 1",
        "facility_registration": "1036/19.01.2017",
        "water_use_purpose": "За напояване на земеделски култури",
        "mean_discharge_lps": 1.9,
        "max_discharge_lps": 4.0,
        "daily_authorized_volume_m3": 164.4,
        "annual_authorized_volume_m3": 60000.0,
        "hydraulic_conductivity_m_day": null,
        "transmissivity_m2_day": null,
        "aquifer_thickness_m": null,
        "coordinate_method": "official_local",
        "national_register_row": null,
        "latitude_raw": "41° 25' 7,080\"",
        "longitude_raw": "23° 13' 7,500\"",
        "coordinate_note": null,
        "status": "active",
        "reference_date": "2026-08-04"
      }
    },
    {
      "type": "Feature",
      "geometry": {
        "type": "Point",
        "coordinates": [
          23.12218056,
          41.37081111
        ]
      },
      "properties": {
        "permit_number_date": "41590248/25.01.2021",
        "permit_number": 41590248.0,
        "canonical_code": "BG4G000000N011",
        "holder": "Фамили партнерс ООД",
        "facility_name": "ТК",
        "facility_registration": "1077/14.08.2020",
        "water_use_purpose": "други цели",
        "mean_discharge_lps": 1.005,
        "max_discharge_lps": 4.9,
        "daily_authorized_volume_m3": null,
        "annual_authorized_volume_m3": 31680.0,
        "hydraulic_conductivity_m_day": null,
        "transmissivity_m2_day": null,
        "aquifer_thickness_m": null,
        "coordinate_method": "official_local",
        "national_register_row": null,
        "latitude_raw": "41°22'14.92\"",
        "longitude_raw": "23°7'19.85\"",
        "coordinate_note": null,
        "status": "active",
        "reference_date": "2026-08-04"
      }
    },
    {
      "type": "Feature",
      "geometry": {
        "type": "Point",
        "coordinates": [
          23.19381944,
          41.40218056
        ]
      },
      "properties": {
        "permit_number_date": "41530132/11.11.2024",
        "permit_number": 41530132.0,
        "canonical_code": "BG4G000000N011",
        "holder": "Биляна трико АД",
        "facility_name": "ТК-1",
        "facility_registration": "824/21.12.2011",
        "water_use_purpose": "промишлени водоснабдяване",
        "mean_discharge_lps": 1.5,
        "max_discharge_lps": 5.0,
        "daily_authorized_volume_m3": null,
        "annual_authorized_volume_m3": 47304.0,
        "hydraulic_conductivity_m_day": null,
        "transmissivity_m2_day": null,
        "aquifer_thickness_m": null,
        "coordinate_method": "official_local",
        "national_register_row": null,
        "latitude_raw": "41°24'7.85\"",
        "longitude_raw": "23°11'37.75\"",
        "coordinate_note": null,
        "status": "active",
        "reference_date": "2026-08-04"
      }
    },
    {
      "type": "Feature",
      "geometry": {
        "type": "Point",
        "coordinates": [
          23.27303361,
          41.53854528
        ]
      },
      "properties": {
        "permit_number_date": "41590025/05.11.2007",
        "permit_number": 41590025.0,
        "canonical_code": "BG4G000000N012",
        "holder": "Гилд груп ЕООД",
        "facility_name": "СК-1",
        "facility_registration": "587/05.11.2007",
        "water_use_purpose": "други цели",
        "mean_discharge_lps": 1.07,
        "max_discharge_lps": 2.5,
        "daily_authorized_volume_m3": 108.0,
        "annual_authorized_volume_m3": 33700.0,
        "hydraulic_conductivity_m_day": 0.24,
        "transmissivity_m2_day": 13.6,
        "aquifer_thickness_m": 57.0,
        "coordinate_method": "official_local",
        "national_register_row": null,
        "latitude_raw": "41° 32' 18,763\"",
        "longitude_raw": "23° 16' 22,921\"",
        "coordinate_note": null,
        "status": "active",
        "reference_date": "2026-08-04"
      }
    },
    {
      "type": "Feature",
      "geometry": {
        "type": "Point",
        "coordinates": [
          23.22361111,
          41.60972222
        ]
      },
      "properties": {
        "permit_number_date": "41590058/01.04.2009",
        "permit_number": 41590058.0,
        "canonical_code": "BG4G000000N012",
        "holder": "Шел България АД",
        "facility_name": "СК-1",
        "facility_registration": "131/04.03.2003",
        "water_use_purpose": "други цели",
        "mean_discharge_lps": 0.16,
        "max_discharge_lps": 3.0,
        "daily_authorized_volume_m3": 13.9,
        "annual_authorized_volume_m3": 5082.0,
        "hydraulic_conductivity_m_day": null,
        "transmissivity_m2_day": null,
        "aquifer_thickness_m": null,
        "coordinate_method": "official_local",
        "national_register_row": null,
        "latitude_raw": "41°36'35.'537\"",
        "longitude_raw": "23°13'25.'927\"",
        "coordinate_note": null,
        "status": "active",
        "reference_date": "2026-08-04"
      }
    },
    {
      "type": "Feature",
      "geometry": {
        "type": "Point",
        "coordinates": [
          23.29611111,
          41.48777778
        ]
      },
      "properties": {
        "permit_number_date": "41590060/01.04.2009",
        "permit_number": 41590060.0,
        "canonical_code": "BG4G000000N012",
        "holder": "Шел България АД",
        "facility_name": "СК-1",
        "facility_registration": "132/04.03.2003",
        "water_use_purpose": "други цели",
        "mean_discharge_lps": 0.118,
        "max_discharge_lps": 0.5,
        "daily_authorized_volume_m3": 10.2,
        "annual_authorized_volume_m3": 3710.0,
        "hydraulic_conductivity_m_day": null,
        "transmissivity_m2_day": null,
        "aquifer_thickness_m": null,
        "coordinate_method": "official_local",
        "national_register_row": null,
        "latitude_raw": "41°29'16.'823\"",
        "longitude_raw": "23°17'46.'290\"",
        "coordinate_note": null,
        "status": "active",
        "reference_date": "2026-08-04"
      }
    },
    {
      "type": "Feature",
      "geometry": {
        "type": "Point",
        "coordinates": [
          23.25720972,
          41.48205528
        ]
      },
      "properties": {
        "permit_number_date": "41590083/06.07.2011",
        "permit_number": 41590083.0,
        "canonical_code": "BG4G000000N012",
        "holder": "Лукойл - България ЕООД",
        "facility_name": "СК-1",
        "facility_registration": "21/03.07.2001",
        "water_use_purpose": "други цели",
        "mean_discharge_lps": 0.5,
        "max_discharge_lps": 0.6,
        "daily_authorized_volume_m3": 43.0,
        "annual_authorized_volume_m3": 15695.0,
        "hydraulic_conductivity_m_day": null,
        "transmissivity_m2_day": null,
        "aquifer_thickness_m": null,
        "coordinate_method": "official_local",
        "national_register_row": null,
        "latitude_raw": "41°28'55,399\"",
        "longitude_raw": "23°15'25,955\"",
        "coordinate_note": null,
        "status": "active",
        "reference_date": "2026-08-04"
      }
    },
    {
      "type": "Feature",
      "geometry": {
        "type": "Point",
        "coordinates": [
          23.20443917,
          41.63288889
        ]
      },
      "properties": {
        "permit_number_date": "41530061/27.04.2012",
        "permit_number": 41530061.0,
        "canonical_code": "BG4G000000N012",
        "holder": "Шанс 2002 ООД",
        "facility_name": "СК-1",
        "facility_registration": "332/15.05.2006",
        "water_use_purpose": "промишлени цели",
        "mean_discharge_lps": 0.27,
        "max_discharge_lps": 1.5,
        "daily_authorized_volume_m3": null,
        "annual_authorized_volume_m3": 8500.0,
        "hydraulic_conductivity_m_day": 43.9,
        "transmissivity_m2_day": 593.0,
        "aquifer_thickness_m": 13.5,
        "coordinate_method": "official_local",
        "national_register_row": null,
        "latitude_raw": "41°37'58,40\"",
        "longitude_raw": "23°12'15,981\"",
        "coordinate_note": null,
        "status": "active",
        "reference_date": "2026-08-04"
      }
    },
    {
      "type": "Feature",
      "geometry": {
        "type": "Point",
        "coordinates": [
          23.33127778,
          41.43733333
        ]
      },
      "properties": {
        "permit_number_date": "41530072/01.03.2013",
        "permit_number": 41530072.0,
        "canonical_code": "BG4G000000N012",
        "holder": "Фестони ЕООД",
        "facility_name": "ТК",
        "facility_registration": "1040/04.04.2017",
        "water_use_purpose": "промишлени цели,други цели,земеделски цели",
        "mean_discharge_lps": 0.25,
        "max_discharge_lps": 2.0,
        "daily_authorized_volume_m3": 21.9,
        "annual_authorized_volume_m3": 8010.2,
        "hydraulic_conductivity_m_day": null,
        "transmissivity_m2_day": 113.0,
        "aquifer_thickness_m": 50.0,
        "coordinate_method": "official_local",
        "national_register_row": null,
        "latitude_raw": "41° 26' 14,400\"",
        "longitude_raw": "23° 19' 52,600\"",
        "coordinate_note": null,
        "status": "active",
        "reference_date": "2026-08-04"
      }
    },
    {
      "type": "Feature",
      "geometry": {
        "type": "Point",
        "coordinates": [
          23.27717861,
          41.499775
        ]
      },
      "properties": {
        "permit_number_date": "41520044/29.01.2014",
        "permit_number": 41520044.0,
        "canonical_code": "BG4G000000N012",
        "holder": "А Б Кафтанови ООД",
        "facility_name": "ШК",
        "facility_registration": "408/12.03.2007",
        "water_use_purpose": "земеделски цели",
        "mean_discharge_lps": 0.285,
        "max_discharge_lps": 2.5,
        "daily_authorized_volume_m3": 24.6,
        "annual_authorized_volume_m3": 9000.0,
        "hydraulic_conductivity_m_day": 10.5,
        "transmissivity_m2_day": 158.1,
        "aquifer_thickness_m": 15.0,
        "coordinate_method": "official_local",
        "national_register_row": null,
        "latitude_raw": "41° 29' 59,190\"",
        "longitude_raw": "23° 16' 37,843\"",
        "coordinate_note": null,
        "status": "active",
        "reference_date": "2026-08-04"
      }
    },
    {
      "type": "Feature",
      "geometry": {
        "type": "Point",
        "coordinates": [
          23.36155556,
          41.48530556
        ]
      },
      "properties": {
        "permit_number_date": "41520043/29.01.2014",
        "permit_number": 41520043.0,
        "canonical_code": "BG4G000000N012",
        "holder": "Капатово ООД",
        "facility_name": "ТК-1",
        "facility_registration": "513/27.06.2007",
        "water_use_purpose": "напояване",
        "mean_discharge_lps": 0.66,
        "max_discharge_lps": 2.0,
        "daily_authorized_volume_m3": null,
        "annual_authorized_volume_m3": 20760.0,
        "hydraulic_conductivity_m_day": 0.3,
        "transmissivity_m2_day": 15.0,
        "aquifer_thickness_m": 51.0,
        "coordinate_method": "official_local",
        "national_register_row": null,
        "latitude_raw": "41°29'07.1\"",
        "longitude_raw": "23°21'41.6\"",
        "coordinate_note": null,
        "status": "active",
        "reference_date": "2026-08-04"
      }
    },
    {
      "type": "Feature",
      "geometry": {
        "type": "Point",
        "coordinates": [
          23.35497222,
          41.48016667
        ]
      },
      "properties": {
        "permit_number_date": "41520043/29.01.2014",
        "permit_number": 41520043.0,
        "canonical_code": "BG4G000000N012",
        "holder": "Капатово ООД",
        "facility_name": "ТК-2",
        "facility_registration": "514/27.06.2007",
        "water_use_purpose": "напояване",
        "mean_discharge_lps": 0.66,
        "max_discharge_lps": 2.0,
        "daily_authorized_volume_m3": null,
        "annual_authorized_volume_m3": 20760.0,
        "hydraulic_conductivity_m_day": 0.27,
        "transmissivity_m2_day": 14.4,
        "aquifer_thickness_m": 54.0,
        "coordinate_method": "official_local",
        "national_register_row": null,
        "latitude_raw": "41°28'48.6\"",
        "longitude_raw": "23°21'17.9\"",
        "coordinate_note": null,
        "status": "active",
        "reference_date": "2026-08-04"
      }
    },
    {
      "type": "Feature",
      "geometry": {
        "type": "Point",
        "coordinates": [
          23.35527778,
          41.48016667
        ]
      },
      "properties": {
        "permit_number_date": "41520043/29.01.2014",
        "permit_number": 41520043.0,
        "canonical_code": "BG4G000000N012",
        "holder": "Капатово ООД",
        "facility_name": "ТК-3",
        "facility_registration": "515/27.06.2007",
        "water_use_purpose": "напояване",
        "mean_discharge_lps": 1.3,
        "max_discharge_lps": 4.0,
        "daily_authorized_volume_m3": null,
        "annual_authorized_volume_m3": 41400.0,
        "hydraulic_conductivity_m_day": 0.55,
        "transmissivity_m2_day": 30.0,
        "aquifer_thickness_m": 55.0,
        "coordinate_method": "official_local",
        "national_register_row": null,
        "latitude_raw": "41°28'48.6\"",
        "longitude_raw": "23°21'19.0\"",
        "coordinate_note": null,
        "status": "active",
        "reference_date": "2026-08-04"
      }
    },
    {
      "type": "Feature",
      "geometry": {
        "type": "Point",
        "coordinates": [
          23.36402778,
          41.47941667
        ]
      },
      "properties": {
        "permit_number_date": "41520043/29.01.2014",
        "permit_number": 41520043.0,
        "canonical_code": "BG4G000000N012",
        "holder": "Капатово ООД",
        "facility_name": "ТК-4",
        "facility_registration": "516/27.06.2007",
        "water_use_purpose": "напояване",
        "mean_discharge_lps": 0.66,
        "max_discharge_lps": 2.0,
        "daily_authorized_volume_m3": null,
        "annual_authorized_volume_m3": 20760.0,
        "hydraulic_conductivity_m_day": 0.32,
        "transmissivity_m2_day": 16.7,
        "aquifer_thickness_m": 52.0,
        "coordinate_method": "official_local",
        "national_register_row": null,
        "latitude_raw": "41°28'45.9\"",
        "longitude_raw": "23°21'50.5\"",
        "coordinate_note": null,
        "status": "active",
        "reference_date": "2026-08-04"
      }
    },
    {
      "type": "Feature",
      "geometry": {
        "type": "Point",
        "coordinates": [
          23.36038889,
          41.47777778
        ]
      },
      "properties": {
        "permit_number_date": "41520043/29.01.2014",
        "permit_number": 41520043.0,
        "canonical_code": "BG4G000000N012",
        "holder": "Капатово ООД",
        "facility_name": "ТК-5",
        "facility_registration": "517/27.06.2007",
        "water_use_purpose": "напояване",
        "mean_discharge_lps": 0.66,
        "max_discharge_lps": 2.0,
        "daily_authorized_volume_m3": null,
        "annual_authorized_volume_m3": 20760.0,
        "hydraulic_conductivity_m_day": 0.29,
        "transmissivity_m2_day": 15.8,
        "aquifer_thickness_m": 55.0,
        "coordinate_method": "official_local",
        "national_register_row": null,
        "latitude_raw": "41°28'40.0\"",
        "longitude_raw": "23°21'37.4\"",
        "coordinate_note": null,
        "status": "active",
        "reference_date": "2026-08-04"
      }
    },
    {
      "type": "Feature",
      "geometry": {
        "type": "Point",
        "coordinates": [
          23.3650225,
          41.48357056
        ]
      },
      "properties": {
        "permit_number_date": "41520053/01.04.2015",
        "permit_number": 41520053.0,
        "canonical_code": "BG4G000000N012",
        "holder": "К. М. С.",
        "facility_name": "СК",
        "facility_registration": null,
        "water_use_purpose": "напояване",
        "mean_discharge_lps": 0.46,
        "max_discharge_lps": 3.0,
        "daily_authorized_volume_m3": null,
        "annual_authorized_volume_m3": 14580.0,
        "hydraulic_conductivity_m_day": null,
        "transmissivity_m2_day": 10.0,
        "aquifer_thickness_m": 100.0,
        "coordinate_method": "official_local",
        "national_register_row": null,
        "latitude_raw": "41° 29' 0,854\"",
        "longitude_raw": "23° 21' 54,081\"",
        "coordinate_note": null,
        "status": "active",
        "reference_date": "2026-08-04"
      }
    },
    {
      "type": "Feature",
      "geometry": {
        "type": "Point",
        "coordinates": [
          23.36032778,
          41.44666528
        ]
      },
      "properties": {
        "permit_number_date": "41590170/25.03.2016г.",
        "permit_number": 41590170.0,
        "canonical_code": "BG4G000000N012",
        "holder": "БИОВИНАРНА ОРБЕЛУС АД",
        "facility_name": "ТК",
        "facility_registration": "851/17.08.2011",
        "water_use_purpose": "За други цели- за технологични нужди и напояване на тревни площи",
        "mean_discharge_lps": 0.976,
        "max_discharge_lps": 1.5,
        "daily_authorized_volume_m3": 84.32,
        "annual_authorized_volume_m3": 11893.66,
        "hydraulic_conductivity_m_day": 0.077,
        "transmissivity_m2_day": 3.978,
        "aquifer_thickness_m": null,
        "coordinate_method": "official_local",
        "national_register_row": null,
        "latitude_raw": "41°26'47.995\"",
        "longitude_raw": "23°21'37.180\"",
        "coordinate_note": null,
        "status": "active",
        "reference_date": "2026-08-04"
      }
    },
    {
      "type": "Feature",
      "geometry": {
        "type": "Point",
        "coordinates": [
          23.36672222,
          41.49163889
        ]
      },
      "properties": {
        "permit_number_date": "41590187/10.08.2016",
        "permit_number": 41590187.0,
        "canonical_code": "BG4G000000N012",
        "holder": "ЛОЗЕНИЦА ООД",
        "facility_name": "ТК-1",
        "facility_registration": null,
        "water_use_purpose": "За други цели-напояване на тревни площи",
        "mean_discharge_lps": 0.174,
        "max_discharge_lps": 1.0,
        "daily_authorized_volume_m3": 15.1,
        "annual_authorized_volume_m3": 5500.0,
        "hydraulic_conductivity_m_day": 0.3,
        "transmissivity_m2_day": 15.0,
        "aquifer_thickness_m": 50.0,
        "coordinate_method": "official_local",
        "national_register_row": null,
        "latitude_raw": "41° 29' 29,900\"",
        "longitude_raw": "23° 22' 0,200\"",
        "coordinate_note": null,
        "status": "active",
        "reference_date": "2026-08-04"
      }
    },
    {
      "type": "Feature",
      "geometry": {
        "type": "Point",
        "coordinates": [
          23.31309806,
          41.47850306
        ]
      },
      "properties": {
        "permit_number_date": "41520067/13.09.2016",
        "permit_number": 41520067.0,
        "canonical_code": "BG4G000000N012",
        "holder": "Лумпарова къща АД",
        "facility_name": "ТК-1",
        "facility_registration": "834/08.03.2011",
        "water_use_purpose": "За напояване на земеделски култури-лозов масив; за противопожарни нужди;",
        "mean_discharge_lps": 0.18,
        "max_discharge_lps": 0.8,
        "daily_authorized_volume_m3": null,
        "annual_authorized_volume_m3": 5676.5,
        "hydraulic_conductivity_m_day": null,
        "transmissivity_m2_day": null,
        "aquifer_thickness_m": null,
        "coordinate_method": "official_local",
        "national_register_row": null,
        "latitude_raw": "41° 28' 42,611\"",
        "longitude_raw": "23° 18' 47,153\"",
        "coordinate_note": null,
        "status": "active",
        "reference_date": "2026-08-04"
      }
    },
    {
      "type": "Feature",
      "geometry": {
        "type": "Point",
        "coordinates": [
          23.31569444,
          41.47925
        ]
      },
      "properties": {
        "permit_number_date": "41520067/13.09.2016",
        "permit_number": 41520067.0,
        "canonical_code": "BG4G000000N012",
        "holder": "Лумпарова къща АД",
        "facility_name": "ТК-2",
        "facility_registration": "835/08.03.2011",
        "water_use_purpose": "За напояване на земеделски култури-лозов масив; за противопожарни нужди;",
        "mean_discharge_lps": 0.07,
        "max_discharge_lps": 0.3,
        "daily_authorized_volume_m3": null,
        "annual_authorized_volume_m3": 1923.5,
        "hydraulic_conductivity_m_day": null,
        "transmissivity_m2_day": null,
        "aquifer_thickness_m": null,
        "coordinate_method": "official_local",
        "national_register_row": null,
        "latitude_raw": "41° 28' 45,300\"",
        "longitude_raw": "23° 18' 56,500\"",
        "coordinate_note": null,
        "status": "active",
        "reference_date": "2026-08-04"
      }
    },
    {
      "type": "Feature",
      "geometry": {
        "type": "Point",
        "coordinates": [
          23.35944444,
          41.48713056
        ]
      },
      "properties": {
        "permit_number_date": "41520077/03.04.2017",
        "permit_number": 41520077.0,
        "canonical_code": "BG4G000000N012",
        "holder": "Либера Естейт ООД",
        "facility_name": "ТК-1",
        "facility_registration": null,
        "water_use_purpose": "За напояване на земеделски култури",
        "mean_discharge_lps": 0.39,
        "max_discharge_lps": 1.0,
        "daily_authorized_volume_m3": 67.15,
        "annual_authorized_volume_m3": 24510.0,
        "hydraulic_conductivity_m_day": null,
        "transmissivity_m2_day": null,
        "aquifer_thickness_m": null,
        "coordinate_method": "official_local",
        "national_register_row": null,
        "latitude_raw": "41°29'13.67\"",
        "longitude_raw": "23°21'34'.63\"",
        "coordinate_note": null,
        "status": "active",
        "reference_date": "2026-08-04"
      }
    },
    {
      "type": "Feature",
      "geometry": {
        "type": "Point",
        "coordinates": [
          23.35694444,
          41.487625
        ]
      },
      "properties": {
        "permit_number_date": "41520077/03.04.2017",
        "permit_number": 41520077.0,
        "canonical_code": "BG4G000000N012",
        "holder": "Либера Естейт ООД",
        "facility_name": "ТК-2",
        "facility_registration": null,
        "water_use_purpose": "За напояване на земеделски култури",
        "mean_discharge_lps": 0.39,
        "max_discharge_lps": 1.0,
        "daily_authorized_volume_m3": 67.15,
        "annual_authorized_volume_m3": 24510.0,
        "hydraulic_conductivity_m_day": null,
        "transmissivity_m2_day": null,
        "aquifer_thickness_m": null,
        "coordinate_method": "official_local",
        "national_register_row": null,
        "latitude_raw": "41°29'15.45\"",
        "longitude_raw": "23°21'25'.44\"",
        "coordinate_note": null,
        "status": "active",
        "reference_date": "2026-08-04"
      }
    },
    {
      "type": "Feature",
      "geometry": {
        "type": "Point",
        "coordinates": [
          23.27280611,
          41.55741417
        ]
      },
      "properties": {
        "permit_number_date": "41510544/02.06.2017",
        "permit_number": 41510544.0,
        "canonical_code": "BG4G000000N012",
        "holder": "М.Е. Маламатина ЕООД",
        "facility_name": "СК-1",
        "facility_registration": "808/30.06.2010",
        "water_use_purpose": "За други цели; за самостоятелно питейно-битово водоснабдяване,когато водата се ползва с цел производство на храни,лекарствени или козметични продукти; за самостоятелно питейно-битово водоснабдяване,когато водата ще се ползва за питейно-битови цели;",
        "mean_discharge_lps": 0.54,
        "max_discharge_lps": 1.5,
        "daily_authorized_volume_m3": 46.66,
        "annual_authorized_volume_m3": 17060.0,
        "hydraulic_conductivity_m_day": null,
        "transmissivity_m2_day": 61.4,
        "aquifer_thickness_m": null,
        "coordinate_method": "official_local",
        "national_register_row": null,
        "latitude_raw": "41°33'26.691\"",
        "longitude_raw": "23°16'22,102\"",
        "coordinate_note": null,
        "status": "active",
        "reference_date": "2026-08-04"
      }
    },
    {
      "type": "Feature",
      "geometry": {
        "type": "Point",
        "coordinates": [
          23.33049167,
          41.44256944
        ]
      },
      "properties": {
        "permit_number_date": "41590203/23.06.2017",
        "permit_number": 41590203.0,
        "canonical_code": "BG4G000000N012",
        "holder": "Милениум ООД",
        "facility_name": "TK-1",
        "facility_registration": "1263/23.02.2023",
        "water_use_purpose": "За други цели- измиване на работни площадки,асфалтови пътища и паркинг ,противопожарни нужди",
        "mean_discharge_lps": 0.04,
        "max_discharge_lps": 0.5,
        "daily_authorized_volume_m3": 3.45,
        "annual_authorized_volume_m3": 1105.0,
        "hydraulic_conductivity_m_day": null,
        "transmissivity_m2_day": null,
        "aquifer_thickness_m": null,
        "coordinate_method": "official_local",
        "national_register_row": null,
        "latitude_raw": "41°26'33.25\"",
        "longitude_raw": "23°19'49,77\"",
        "coordinate_note": null,
        "status": "active",
        "reference_date": "2026-08-04"
      }
    },
    {
      "type": "Feature",
      "geometry": {
        "type": "Point",
        "coordinates": [
          23.24725278,
          41.56304167
        ]
      },
      "properties": {
        "permit_number_date": "41590204/30.06.2017",
        "permit_number": 41590204.0,
        "canonical_code": "BG4G000000N012",
        "holder": "Подем-Григоров ЕООД",
        "facility_name": "СК-1",
        "facility_registration": "1256/23.02.2023",
        "water_use_purpose": "За други цели",
        "mean_discharge_lps": 0.06,
        "max_discharge_lps": 1.0,
        "daily_authorized_volume_m3": 5.184,
        "annual_authorized_volume_m3": 1800.0,
        "hydraulic_conductivity_m_day": null,
        "transmissivity_m2_day": null,
        "aquifer_thickness_m": null,
        "coordinate_method": "official_local",
        "national_register_row": null,
        "latitude_raw": "41°33'46.95\"",
        "longitude_raw": "23°14'50,11\"",
        "coordinate_note": null,
        "status": "active",
        "reference_date": "2026-08-04"
      }
    },
    {
      "type": "Feature",
      "geometry": {
        "type": "Point",
        "coordinates": [
          23.32698611,
          41.46736111
        ]
      },
      "properties": {
        "permit_number_date": "41520087/03.07.2017",
        "permit_number": 41520087.0,
        "canonical_code": "BG4G000000N012",
        "holder": "Терна Трейд ЕООД",
        "facility_name": "СК-1",
        "facility_registration": "1249/23.02.2023",
        "water_use_purpose": "За напояване на земеделски култури и за други цели-отопление и хигиенни нужди",
        "mean_discharge_lps": 2.36,
        "max_discharge_lps": 5.0,
        "daily_authorized_volume_m3": 203.9,
        "annual_authorized_volume_m3": 74300.0,
        "hydraulic_conductivity_m_day": null,
        "transmissivity_m2_day": null,
        "aquifer_thickness_m": null,
        "coordinate_method": "official_local",
        "national_register_row": null,
        "latitude_raw": "41°28'02.50\"",
        "longitude_raw": "23°19'37,15\"",
        "coordinate_note": null,
        "status": "active",
        "reference_date": "2026-08-04"
      }
    },
    {
      "type": "Feature",
      "geometry": {
        "type": "Point",
        "coordinates": [
          23.39522222,
          41.42472222
        ]
      },
      "properties": {
        "permit_number_date": "41520091/02.08.2017",
        "permit_number": 41520091.0,
        "canonical_code": "BG4G000000N012",
        "holder": "Диа Консулт ООД",
        "facility_name": "TK-1",
        "facility_registration": "1270/23.02.2023",
        "water_use_purpose": "За напояване на земеделски култури",
        "mean_discharge_lps": 2.37,
        "max_discharge_lps": 2.85,
        "daily_authorized_volume_m3": 204.7,
        "annual_authorized_volume_m3": 75000.0,
        "hydraulic_conductivity_m_day": null,
        "transmissivity_m2_day": null,
        "aquifer_thickness_m": null,
        "coordinate_method": "official_local",
        "national_register_row": null,
        "latitude_raw": "41°25'29\"",
        "longitude_raw": "23°23',42.8\"",
        "coordinate_note": null,
        "status": "active",
        "reference_date": "2026-08-04"
      }
    },
    {
      "type": "Feature",
      "geometry": {
        "type": "Point",
        "coordinates": [
          23.28916667,
          41.48944444
        ]
      },
      "properties": {
        "permit_number_date": "41520100/28.06.2018",
        "permit_number": 41520100.0,
        "canonical_code": "BG4G000000N012",
        "holder": "Пиринплод-Левуново ООД",
        "facility_name": "ТК",
        "facility_registration": "884/02.11.2012",
        "water_use_purpose": "За напояване на земеделски култури",
        "mean_discharge_lps": 0.71,
        "max_discharge_lps": 3.9,
        "daily_authorized_volume_m3": 61.1,
        "annual_authorized_volume_m3": 22300.0,
        "hydraulic_conductivity_m_day": null,
        "transmissivity_m2_day": null,
        "aquifer_thickness_m": null,
        "coordinate_method": "official_local",
        "national_register_row": null,
        "latitude_raw": "41°29'22.'96\"",
        "longitude_raw": "23°17'21.'44\"",
        "coordinate_note": null,
        "status": "active",
        "reference_date": "2026-08-04"
      }
    },
    {
      "type": "Feature",
      "geometry": {
        "type": "Point",
        "coordinates": [
          23.36111111,
          41.46055556
        ]
      },
      "properties": {
        "permit_number_date": "41530114/04.09.2018",
        "permit_number": 41530114.0,
        "canonical_code": "BG4G000000N012",
        "holder": "Екорепласт ЕООД",
        "facility_name": "ТК",
        "facility_registration": "1252/23.02.2023",
        "water_use_purpose": "За промишлени цели",
        "mean_discharge_lps": 3.0,
        "max_discharge_lps": 10.0,
        "daily_authorized_volume_m3": null,
        "annual_authorized_volume_m3": 94608.0,
        "hydraulic_conductivity_m_day": null,
        "transmissivity_m2_day": null,
        "aquifer_thickness_m": null,
        "coordinate_method": "official_local",
        "national_register_row": null,
        "latitude_raw": "41°27'38.'28\"",
        "longitude_raw": "23°21'40.'54\"",
        "coordinate_note": null,
        "status": "active",
        "reference_date": "2026-08-04"
      }
    },
    {
      "type": "Feature",
      "geometry": {
        "type": "Point",
        "coordinates": [
          23.36222222,
          41.40805556
        ]
      },
      "properties": {
        "permit_number_date": "41590219/05.11.2018",
        "permit_number": 41590219.0,
        "canonical_code": "BG4G000000N012",
        "holder": "Юриек-2001 ЕООД",
        "facility_name": "ТК",
        "facility_registration": "1911/13.11.2006",
        "water_use_purpose": "За други цели-поливане на зелени площи и измиване на площадки",
        "mean_discharge_lps": 0.27,
        "max_discharge_lps": 2.0,
        "daily_authorized_volume_m3": null,
        "annual_authorized_volume_m3": 4352.0,
        "hydraulic_conductivity_m_day": null,
        "transmissivity_m2_day": null,
        "aquifer_thickness_m": null,
        "coordinate_method": "official_local",
        "national_register_row": null,
        "latitude_raw": "41°24'29.'45\"",
        "longitude_raw": "23°21'44.'81\"",
        "coordinate_note": null,
        "status": "active",
        "reference_date": "2026-08-04"
      }
    },
    {
      "type": "Feature",
      "geometry": {
        "type": "Point",
        "coordinates": [
          23.42577778,
          41.43958889
        ]
      },
      "properties": {
        "permit_number_date": "41510579/11.10.2019",
        "permit_number": 41510579.0,
        "canonical_code": "BG4G000000N012",
        "holder": "ВИЗЕКС ПРО ЕАД",
        "facility_name": "ТК",
        "facility_registration": null,
        "water_use_purpose": "Бутилиране на изворна вода",
        "mean_discharge_lps": 0.83,
        "max_discharge_lps": 1.0,
        "daily_authorized_volume_m3": null,
        "annual_authorized_volume_m3": 25920.0,
        "hydraulic_conductivity_m_day": null,
        "transmissivity_m2_day": null,
        "aquifer_thickness_m": null,
        "coordinate_method": "official_local",
        "national_register_row": null,
        "latitude_raw": "41°26'22.52\"",
        "longitude_raw": "23°25'32.8\"",
        "coordinate_note": null,
        "status": "active",
        "reference_date": "2026-08-04"
      }
    },
    {
      "type": "Feature",
      "geometry": {
        "type": "Point",
        "coordinates": [
          23.38661389,
          41.48004722
        ]
      },
      "properties": {
        "permit_number_date": "41590230/25.11.2019",
        "permit_number": 41590230.0,
        "canonical_code": "BG4G000000N012",
        "holder": "СИЙУАЙНС АД",
        "facility_name": "ТК",
        "facility_registration": null,
        "water_use_purpose": "За други цели",
        "mean_discharge_lps": 0.54,
        "max_discharge_lps": 2.5,
        "daily_authorized_volume_m3": null,
        "annual_authorized_volume_m3": 17179.0,
        "hydraulic_conductivity_m_day": null,
        "transmissivity_m2_day": null,
        "aquifer_thickness_m": null,
        "coordinate_method": "official_local",
        "national_register_row": null,
        "latitude_raw": "41°28'48.17\"",
        "longitude_raw": "23°23'11.81\"",
        "coordinate_note": null,
        "status": "active",
        "reference_date": "2026-08-04"
      }
    },
    {
      "type": "Feature",
      "geometry": {
        "type": "Point",
        "coordinates": [
          23.38661111,
          41.47272222
        ]
      },
      "properties": {
        "permit_number_date": "41520108/04.02.2020",
        "permit_number": 41520108.0,
        "canonical_code": "BG4G000000N012",
        "holder": "Винарска изба-Вила Мелник ООД",
        "facility_name": "ТК",
        "facility_registration": "854/17.08.2011",
        "water_use_purpose": "За напояване",
        "mean_discharge_lps": 1.07,
        "max_discharge_lps": 3.3,
        "daily_authorized_volume_m3": null,
        "annual_authorized_volume_m3": 33764.0,
        "hydraulic_conductivity_m_day": null,
        "transmissivity_m2_day": null,
        "aquifer_thickness_m": null,
        "coordinate_method": "official_local",
        "national_register_row": null,
        "latitude_raw": "41°28'21.8\"",
        "longitude_raw": "23°23'11.8\"",
        "coordinate_note": null,
        "status": "active",
        "reference_date": "2026-08-04"
      }
    },
    {
      "type": "Feature",
      "geometry": {
        "type": "Point",
        "coordinates": [
          23.37358333,
          41.44905556
        ]
      },
      "properties": {
        "permit_number_date": "41520109/04.02.2020",
        "permit_number": 41520109.0,
        "canonical_code": "BG4G000000N012",
        "holder": "Доса плод ООД",
        "facility_name": "СК",
        "facility_registration": "1070/31.01.2020",
        "water_use_purpose": "за напояване",
        "mean_discharge_lps": 1.36,
        "max_discharge_lps": 4.6,
        "daily_authorized_volume_m3": null,
        "annual_authorized_volume_m3": 21510.0,
        "hydraulic_conductivity_m_day": null,
        "transmissivity_m2_day": null,
        "aquifer_thickness_m": null,
        "coordinate_method": "official_local",
        "national_register_row": null,
        "latitude_raw": "41°26'56.6\"",
        "longitude_raw": "23°22'24.9\"",
        "coordinate_note": null,
        "status": "active",
        "reference_date": "2026-08-04"
      }
    },
    {
      "type": "Feature",
      "geometry": {
        "type": "Point",
        "coordinates": [
          23.19890278,
          41.64385278
        ]
      },
      "properties": {
        "permit_number_date": "41520114/24.09.2020",
        "permit_number": 41520114.0,
        "canonical_code": "BG4G000000N012",
        "holder": "Александър Вълков-ЗП",
        "facility_name": "ТК-1",
        "facility_registration": "1074/20.05.2020",
        "water_use_purpose": "Напояване на земеделски култури",
        "mean_discharge_lps": 0.12,
        "max_discharge_lps": 1.67,
        "daily_authorized_volume_m3": null,
        "annual_authorized_volume_m3": 2240.0,
        "hydraulic_conductivity_m_day": null,
        "transmissivity_m2_day": null,
        "aquifer_thickness_m": null,
        "coordinate_method": "official_local",
        "national_register_row": null,
        "latitude_raw": "41°38'37.87\"",
        "longitude_raw": "23°11'56.05\"",
        "coordinate_note": null,
        "status": "active",
        "reference_date": "2026-08-04"
      }
    },
    {
      "type": "Feature",
      "geometry": {
        "type": "Point",
        "coordinates": [
          23.34594444,
          41.49747222
        ]
      },
      "properties": {
        "permit_number_date": "41520113/14.10.2020",
        "permit_number": 41520113.0,
        "canonical_code": "BG4G000000N012",
        "holder": "Фиго фрут ЕООД",
        "facility_name": "СК-1",
        "facility_registration": "1049/03.07.2017",
        "water_use_purpose": "напояване на земеделски култури",
        "mean_discharge_lps": 0.25,
        "max_discharge_lps": 1.2,
        "daily_authorized_volume_m3": null,
        "annual_authorized_volume_m3": 7944.0,
        "hydraulic_conductivity_m_day": null,
        "transmissivity_m2_day": null,
        "aquifer_thickness_m": null,
        "coordinate_method": "official_local",
        "national_register_row": null,
        "latitude_raw": "41°29'50.9\"",
        "longitude_raw": "23°20'45.4\"",
        "coordinate_note": null,
        "status": "active",
        "reference_date": "2026-08-04"
      }
    },
    {
      "type": "Feature",
      "geometry": {
        "type": "Point",
        "coordinates": [
          23.2384,
          41.65180278
        ]
      },
      "properties": {
        "permit_number_date": "41530122/05.08.2021",
        "permit_number": 41530122.0,
        "canonical_code": "BG4G000000N012",
        "holder": "КРИСМАР ЕООД",
        "facility_name": "СК-3",
        "facility_registration": "148/06.08.2003",
        "water_use_purpose": "охлаждане на машини",
        "mean_discharge_lps": 0.95,
        "max_discharge_lps": 5.0,
        "daily_authorized_volume_m3": null,
        "annual_authorized_volume_m3": 30000.0,
        "hydraulic_conductivity_m_day": null,
        "transmissivity_m2_day": null,
        "aquifer_thickness_m": null,
        "coordinate_method": "official_local",
        "national_register_row": null,
        "latitude_raw": "41°39'6.49\"",
        "longitude_raw": "23°14'18.24\"",
        "coordinate_note": null,
        "status": "active",
        "reference_date": "2026-08-04"
      }
    },
    {
      "type": "Feature",
      "geometry": {
        "type": "Point",
        "coordinates": [
          23.36767109,
          41.49765438
        ]
      },
      "properties": {
        "permit_number_date": "41520125/27.10.2022",
        "permit_number": 41520125.0,
        "canonical_code": "BG4G000000N012",
        "holder": "ЛОЗЕНИЦА 2018 ЕООД",
        "facility_name": "ТК-1",
        "facility_registration": "1114/09.04.2021",
        "water_use_purpose": "напояване на земеделски култури",
        "mean_discharge_lps": 0.23,
        "max_discharge_lps": 2.62,
        "daily_authorized_volume_m3": null,
        "annual_authorized_volume_m3": 7374.08,
        "hydraulic_conductivity_m_day": null,
        "transmissivity_m2_day": null,
        "aquifer_thickness_m": null,
        "coordinate_method": "official_local",
        "national_register_row": null,
        "latitude_raw": "41°29'51.55575\"",
        "longitude_raw": "23°22'03.61593\"",
        "coordinate_note": null,
        "status": "active",
        "reference_date": "2026-08-04"
      }
    },
    {
      "type": "Feature",
      "geometry": {
        "type": "Point",
        "coordinates": [
          23.325925,
          41.41381389
        ]
      },
      "properties": {
        "permit_number_date": "41520131/12.10.2023",
        "permit_number": 41520131.0,
        "canonical_code": "BG4G000000N012",
        "holder": "Дира фрукт ЕООД",
        "facility_name": "ТК-1",
        "facility_registration": "1238/10.01.2023",
        "water_use_purpose": "напояване",
        "mean_discharge_lps": 2.2,
        "max_discharge_lps": 10.0,
        "daily_authorized_volume_m3": null,
        "annual_authorized_volume_m3": 55680.0,
        "hydraulic_conductivity_m_day": null,
        "transmissivity_m2_day": null,
        "aquifer_thickness_m": null,
        "coordinate_method": "official_local",
        "national_register_row": null,
        "latitude_raw": "41°24'49.73\"",
        "longitude_raw": "23°19'33.33\"",
        "coordinate_note": null,
        "status": "active",
        "reference_date": "2026-08-04"
      }
    },
    {
      "type": "Feature",
      "geometry": {
        "type": "Point",
        "coordinates": [
          23.21631667,
          41.65665833
        ]
      },
      "properties": {
        "permit_number_date": "41520132/27.11.2023",
        "permit_number": 41520132.0,
        "canonical_code": "BG4G000000N012",
        "holder": "Вайнярд ЕООД",
        "facility_name": "ТК-1",
        "facility_registration": null,
        "water_use_purpose": "напояване на земеделски култури",
        "mean_discharge_lps": 0.06,
        "max_discharge_lps": 0.27,
        "daily_authorized_volume_m3": null,
        "annual_authorized_volume_m3": 1811.0,
        "hydraulic_conductivity_m_day": null,
        "transmissivity_m2_day": null,
        "aquifer_thickness_m": null,
        "coordinate_method": "official_local",
        "national_register_row": null,
        "latitude_raw": "41°39'23.97\"",
        "longitude_raw": "23°12'58.74\"",
        "coordinate_note": null,
        "status": "active",
        "reference_date": "2026-08-04"
      }
    },
    {
      "type": "Feature",
      "geometry": {
        "type": "Point",
        "coordinates": [
          23.26014722,
          41.54223889
        ]
      },
      "properties": {
        "permit_number_date": "41590294/05.07.2024",
        "permit_number": 41590294.0,
        "canonical_code": "BG4G000000N012",
        "holder": "Илматекс АД",
        "facility_name": "ТК-1",
        "facility_registration": "1300/27.03.2023",
        "water_use_purpose": "за други цели",
        "mean_discharge_lps": 0.2,
        "max_discharge_lps": 1.833,
        "daily_authorized_volume_m3": null,
        "annual_authorized_volume_m3": 6010.0,
        "hydraulic_conductivity_m_day": null,
        "transmissivity_m2_day": null,
        "aquifer_thickness_m": null,
        "coordinate_method": "official_local",
        "national_register_row": null,
        "latitude_raw": "41°32'32,06\"",
        "longitude_raw": "23°15'36,53\"",
        "coordinate_note": null,
        "status": "active",
        "reference_date": "2026-08-04"
      }
    },
    {
      "type": "Feature",
      "geometry": {
        "type": "Point",
        "coordinates": [
          23.36941944,
          41.49886389
        ]
      },
      "properties": {
        "permit_number_date": "41520138/11.11.2024",
        "permit_number": 41520138.0,
        "canonical_code": "BG4G000000N012",
        "holder": "ЛОЗЕНИЦА 2018 ЕООД",
        "facility_name": "ТК-2",
        "facility_registration": "1328/30.05.2023",
        "water_use_purpose": "самостоятелно водоснабдяване за напояване на земеделски култури",
        "mean_discharge_lps": 0.6,
        "max_discharge_lps": 1.666,
        "daily_authorized_volume_m3": 0.6,
        "annual_authorized_volume_m3": 18860.0,
        "hydraulic_conductivity_m_day": null,
        "transmissivity_m2_day": null,
        "aquifer_thickness_m": null,
        "coordinate_method": "official_local",
        "national_register_row": null,
        "latitude_raw": "41°29'55.91\"",
        "longitude_raw": "23°22'9.91\"",
        "coordinate_note": null,
        "status": "active",
        "reference_date": "2026-08-04"
      }
    },
    {
      "type": "Feature",
      "geometry": {
        "type": "Point",
        "coordinates": [
          23.27265,
          41.507675
        ]
      },
      "properties": {
        "permit_number_date": "41590301/15.11.2024",
        "permit_number": 41590301.0,
        "canonical_code": "BG4G000000N012",
        "holder": "Ники или Ники ЕООД",
        "facility_name": "ТК-1",
        "facility_registration": "1343/20.06.2023",
        "water_use_purpose": "за други цели",
        "mean_discharge_lps": 0.11,
        "max_discharge_lps": 0.5,
        "daily_authorized_volume_m3": 0.11,
        "annual_authorized_volume_m3": 3457.0,
        "hydraulic_conductivity_m_day": null,
        "transmissivity_m2_day": null,
        "aquifer_thickness_m": null,
        "coordinate_method": "official_local",
        "national_register_row": null,
        "latitude_raw": "41°30'27.63\"",
        "longitude_raw": "23°16'21.54\"",
        "coordinate_note": null,
        "status": "active",
        "reference_date": "2026-08-04"
      }
    },
    {
      "type": "Feature",
      "geometry": {
        "type": "Point",
        "coordinates": [
          23.361925,
          41.44652778
        ]
      },
      "properties": {
        "permit_number_date": "41520137/02.12.2024",
        "permit_number": 41520137.0,
        "canonical_code": "BG4G000000N012",
        "holder": "Чифлик ливади ЕООД",
        "facility_name": "ТК-1",
        "facility_registration": "1146/04.04.2022",
        "water_use_purpose": "самостоятелно водоснабдяване за напояване на земеделски култури",
        "mean_discharge_lps": 0.998,
        "max_discharge_lps": 5.55,
        "daily_authorized_volume_m3": 0.998,
        "annual_authorized_volume_m3": 31487.2,
        "hydraulic_conductivity_m_day": null,
        "transmissivity_m2_day": null,
        "aquifer_thickness_m": null,
        "coordinate_method": "official_local",
        "national_register_row": null,
        "latitude_raw": "41°26'47.5\"",
        "longitude_raw": "23°21'42.93\"",
        "coordinate_note": null,
        "status": "active",
        "reference_date": "2026-08-04"
      }
    },
    {
      "type": "Feature",
      "geometry": {
        "type": "Point",
        "coordinates": [
          23.26303611,
          41.45511111
        ]
      },
      "properties": {
        "permit_number_date": "41590306/14.01.2025",
        "permit_number": 41590306.0,
        "canonical_code": "BG4G000000N012",
        "holder": "Община Петрич",
        "facility_name": "ТК",
        "facility_registration": null,
        "water_use_purpose": "други цели-поливане на зелени площи",
        "mean_discharge_lps": 0.44,
        "max_discharge_lps": 1.0,
        "daily_authorized_volume_m3": "0,44л/сек",
        "annual_authorized_volume_m3": 13715.0,
        "hydraulic_conductivity_m_day": null,
        "transmissivity_m2_day": null,
        "aquifer_thickness_m": null,
        "coordinate_method": "official_local",
        "national_register_row": null,
        "latitude_raw": "41°27'18.4\"",
        "longitude_raw": "23°15'46.93\"",
        "coordinate_note": null,
        "status": "active",
        "reference_date": "2026-08-04"
      }
    },
    {
      "type": "Feature",
      "geometry": {
        "type": "Point",
        "coordinates": [
          23.188969,
          41.665464
        ]
      },
      "properties": {
        "permit_number_date": "41520143/24.11.2025",
        "permit_number": 41520143.0,
        "canonical_code": "BG4G000000N012",
        "holder": "Димо-2019 ЕООД",
        "facility_name": "ТК-1",
        "facility_registration": "1419/20.02.2025",
        "water_use_purpose": "самостоятелно водоснабдяване за напояване на земеделски култури",
        "mean_discharge_lps": 0.22,
        "max_discharge_lps": 3.0,
        "daily_authorized_volume_m3": null,
        "annual_authorized_volume_m3": 6885.0,
        "hydraulic_conductivity_m_day": null,
        "transmissivity_m2_day": null,
        "aquifer_thickness_m": null,
        "coordinate_method": "official_national_crosscheck",
        "national_register_row": 1553.0,
        "latitude_raw": "41°39'55.67\"",
        "longitude_raw": "23°115'20.29\"",
        "coordinate_note": null,
        "status": "active",
        "reference_date": "2026-08-04"
      }
    },
    {
      "type": "Feature",
      "geometry": {
        "type": "Point",
        "coordinates": [
          23.18926556,
          41.65723556
        ]
      },
      "properties": {
        "permit_number_date": "41530139/23.01.2026",
        "permit_number": 41530139.0,
        "canonical_code": "BG4G000000N012",
        "holder": "ГБС-Благоевград ЕАД",
        "facility_name": "ТК-Злинска река",
        "facility_registration": "1470/17.10.2025",
        "water_use_purpose": "промишлено водоснабдяване; други цели",
        "mean_discharge_lps": 0.78,
        "max_discharge_lps": 1.2,
        "daily_authorized_volume_m3": null,
        "annual_authorized_volume_m3": 18648.0,
        "hydraulic_conductivity_m_day": null,
        "transmissivity_m2_day": null,
        "aquifer_thickness_m": null,
        "coordinate_method": "official_local",
        "national_register_row": null,
        "latitude_raw": "41°39'26.048\"",
        "longitude_raw": "23°11'21.356\"",
        "coordinate_note": null,
        "status": "active",
        "reference_date": "2026-08-04"
      }
    },
    {
      "type": "Feature",
      "geometry": {
        "type": "Point",
        "coordinates": [
          23.35787778,
          41.44008889
        ]
      },
      "properties": {
        "permit_number_date": "41520151/04.06.2026",
        "permit_number": 41520151.0,
        "canonical_code": "BG4G000000N012",
        "holder": "ПИ ЕЙЧ ВАЙНС ЕООД",
        "facility_name": "ТК-1",
        "facility_registration": "1244/22.02.2023",
        "water_use_purpose": "самостоятелно водоснабдяване за напояване на земеделски култури",
        "mean_discharge_lps": 0.96,
        "max_discharge_lps": 2.78,
        "daily_authorized_volume_m3": null,
        "annual_authorized_volume_m3": 30311.0,
        "hydraulic_conductivity_m_day": null,
        "transmissivity_m2_day": null,
        "aquifer_thickness_m": null,
        "coordinate_method": "official_local",
        "national_register_row": null,
        "latitude_raw": "41°26'24.32\"",
        "longitude_raw": "23°21'28.36\"",
        "coordinate_note": null,
        "status": "active",
        "reference_date": "2026-08-04"
      }
    },
    {
      "type": "Feature",
      "geometry": {
        "type": "Point",
        "coordinates": [
          23.09197222,
          41.83686111
        ]
      },
      "properties": {
        "permit_number_date": "41510047/27.03.2007",
        "permit_number": 41510047.0,
        "canonical_code": "BG4G000000N013",
        "holder": "В и К ЕООД Благоевград",
        "facility_name": "ВС\"Ореха\"",
        "facility_registration": "454/27.03.2007",
        "water_use_purpose": "питейно-битови",
        "mean_discharge_lps": null,
        "max_discharge_lps": null,
        "daily_authorized_volume_m3": 34.5,
        "annual_authorized_volume_m3": 12600.0,
        "hydraulic_conductivity_m_day": null,
        "transmissivity_m2_day": null,
        "aquifer_thickness_m": null,
        "coordinate_method": "official_local",
        "national_register_row": null,
        "latitude_raw": "41°50'12.7\"",
        "longitude_raw": "23°05'31.1\"",
        "coordinate_note": null,
        "status": "active",
        "reference_date": "2026-08-04"
      }
    },
    {
      "type": "Feature",
      "geometry": {
        "type": "Point",
        "coordinates": [
          23.07474528,
          41.99014944
        ]
      },
      "properties": {
        "permit_number_date": "41510099/04.07.2007",
        "permit_number": 41510099.0,
        "canonical_code": "BG4G000000N014",
        "holder": "Неопак ЕООД",
        "facility_name": "ТК-1",
        "facility_registration": "534/04.07.2007",
        "water_use_purpose": "други цели",
        "mean_discharge_lps": 0.06,
        "max_discharge_lps": 0.5,
        "daily_authorized_volume_m3": 5.6,
        "annual_authorized_volume_m3": 1752.0,
        "hydraulic_conductivity_m_day": 0.4,
        "transmissivity_m2_day": 11.3,
        "aquifer_thickness_m": 17.6,
        "coordinate_method": "official_local",
        "national_register_row": null,
        "latitude_raw": "41° 59' 24,538\"",
        "longitude_raw": "23° 4' 29,083\"",
        "coordinate_note": null,
        "status": "active",
        "reference_date": "2026-08-04"
      }
    },
    {
      "type": "Feature",
      "geometry": {
        "type": "Point",
        "coordinates": [
          23.10047444,
          42.1970775
        ]
      },
      "properties": {
        "permit_number_date": "41510100/12.07.2007",
        "permit_number": 41510100.0,
        "canonical_code": "BG4G000000N014",
        "holder": "В и К Дупница ООД",
        "facility_name": "ТК-1",
        "facility_registration": "536/12.07.2007",
        "water_use_purpose": "питейно-битови",
        "mean_discharge_lps": 0.15,
        "max_discharge_lps": 2.31,
        "daily_authorized_volume_m3": null,
        "annual_authorized_volume_m3": 4777.85,
        "hydraulic_conductivity_m_day": null,
        "transmissivity_m2_day": null,
        "aquifer_thickness_m": null,
        "coordinate_method": "official_local",
        "national_register_row": null,
        "latitude_raw": "42° 11' 49,479\"",
        "longitude_raw": "23° 6' 1,708\"",
        "coordinate_note": null,
        "status": "active",
        "reference_date": "2026-08-04"
      }
    },
    {
      "type": "Feature",
      "geometry": {
        "type": "Point",
        "coordinates": [
          23.09599444,
          42.21302361
        ]
      },
      "properties": {
        "permit_number_date": "41510101/13.07.2007",
        "permit_number": 41510101.0,
        "canonical_code": "BG4G000000N014",
        "holder": "В и К Дупница ООД",
        "facility_name": "ПС\"Джерман-1\"",
        "facility_registration": "538/13.07.2007",
        "water_use_purpose": "питейно-битови",
        "mean_discharge_lps": 1.0,
        "max_discharge_lps": 1.0,
        "daily_authorized_volume_m3": null,
        "annual_authorized_volume_m3": 31536.0,
        "hydraulic_conductivity_m_day": null,
        "transmissivity_m2_day": null,
        "aquifer_thickness_m": null,
        "coordinate_method": "official_local",
        "national_register_row": null,
        "latitude_raw": "42° 12' 46,885\"",
        "longitude_raw": "23° 5' 45,580\"",
        "coordinate_note": null,
        "status": "active",
        "reference_date": "2026-08-04"
      }
    },
    {
      "type": "Feature",
      "geometry": {
        "type": "Point",
        "coordinates": [
          23.09611583,
          42.21293417
        ]
      },
      "properties": {
        "permit_number_date": "41510101/13.07.2007",
        "permit_number": 41510101.0,
        "canonical_code": "BG4G000000N014",
        "holder": "В и К Дупница ООД",
        "facility_name": "ПС\"Джерман-2\"",
        "facility_registration": "539/13.07.2007",
        "water_use_purpose": "питейно-битови",
        "mean_discharge_lps": null,
        "max_discharge_lps": 1.0,
        "daily_authorized_volume_m3": null,
        "annual_authorized_volume_m3": null,
        "hydraulic_conductivity_m_day": null,
        "transmissivity_m2_day": null,
        "aquifer_thickness_m": null,
        "coordinate_method": "official_local",
        "national_register_row": null,
        "latitude_raw": "42° 12' 46,563\"",
        "longitude_raw": "23° 5' 46,017\"",
        "coordinate_note": null,
        "status": "active",
        "reference_date": "2026-08-04"
      }
    },
    {
      "type": "Feature",
      "geometry": {
        "type": "Point",
        "coordinates": [
          23.04410556,
          42.00391667
        ]
      },
      "properties": {
        "permit_number_date": "41590008/13.07.2007",
        "permit_number": 41590008.0,
        "canonical_code": "BG4G000000N014",
        "holder": "Агромелиорации-Струместа ЕООД-Благоевград",
        "facility_name": "ТК-1",
        "facility_registration": "542/13.07.2007",
        "water_use_purpose": "други цели",
        "mean_discharge_lps": 0.023,
        "max_discharge_lps": 1.0,
        "daily_authorized_volume_m3": 8.0,
        "annual_authorized_volume_m3": 720.0,
        "hydraulic_conductivity_m_day": 0.38,
        "transmissivity_m2_day": 7.53,
        "aquifer_thickness_m": null,
        "coordinate_method": "official_local",
        "national_register_row": null,
        "latitude_raw": "42°00'14.10\"",
        "longitude_raw": "23°02'38.78\"",
        "coordinate_note": null,
        "status": "active",
        "reference_date": "2026-08-04"
      }
    },
    {
      "type": "Feature",
      "geometry": {
        "type": "Point",
        "coordinates": [
          23.04804771,
          42.03876696
        ]
      },
      "properties": {
        "permit_number_date": "41530034/20.02.2009",
        "permit_number": 41530034.0,
        "canonical_code": "BG4G000000N014",
        "holder": "Етерна кънстръкшън АД",
        "facility_name": "ТК",
        "facility_registration": "752/20.02.2009",
        "water_use_purpose": "промишлени цели",
        "mean_discharge_lps": 0.12,
        "max_discharge_lps": 1.0,
        "daily_authorized_volume_m3": 10.63,
        "annual_authorized_volume_m3": 3888.0,
        "hydraulic_conductivity_m_day": null,
        "transmissivity_m2_day": null,
        "aquifer_thickness_m": null,
        "coordinate_method": "official_local",
        "national_register_row": null,
        "latitude_raw": "42°02'19,56105\"",
        "longitude_raw": "23°02'52,97177\"",
        "coordinate_note": null,
        "status": "active",
        "reference_date": "2026-08-04"
      }
    },
    {
      "type": "Feature",
      "geometry": {
        "type": "Point",
        "coordinates": [
          23.04939722,
          42.04373333
        ]
      },
      "properties": {
        "permit_number_date": "41590074/05.11.2009",
        "permit_number": 41590074.0,
        "canonical_code": "BG4G000000N014",
        "holder": "Лукойл - България ЕООД",
        "facility_name": "СК-1",
        "facility_registration": "134/20.03.2003",
        "water_use_purpose": "други цели",
        "mean_discharge_lps": 0.081,
        "max_discharge_lps": 0.4,
        "daily_authorized_volume_m3": 7.0,
        "annual_authorized_volume_m3": 2555.0,
        "hydraulic_conductivity_m_day": null,
        "transmissivity_m2_day": null,
        "aquifer_thickness_m": null,
        "coordinate_method": "official_local",
        "national_register_row": null,
        "latitude_raw": "42° 2' 37,440\"",
        "longitude_raw": "23° 2' 57,830\"",
        "coordinate_note": null,
        "status": "active",
        "reference_date": "2026-08-04"
      }
    },
    {
      "type": "Feature",
      "geometry": {
        "type": "Point",
        "coordinates": [
          23.08641111,
          41.99008444
        ]
      },
      "properties": {
        "permit_number_date": "41590101/13.08.2012",
        "permit_number": 41590101.0,
        "canonical_code": "BG4G000000N014",
        "holder": "Община Благоевград",
        "facility_name": "ТК-2",
        "facility_registration": "845/27.07.2011",
        "water_use_purpose": "други цели",
        "mean_discharge_lps": 0.005,
        "max_discharge_lps": 1.0,
        "daily_authorized_volume_m3": 0.432,
        "annual_authorized_volume_m3": 150.0,
        "hydraulic_conductivity_m_day": 6.0,
        "transmissivity_m2_day": 210.0,
        "aquifer_thickness_m": 32.0,
        "coordinate_method": "official_local",
        "national_register_row": null,
        "latitude_raw": "41°59'24.304\"",
        "longitude_raw": "23°05'11.08\"",
        "coordinate_note": null,
        "status": "active",
        "reference_date": "2026-08-04"
      }
    },
    {
      "type": "Feature",
      "geometry": {
        "type": "Point",
        "coordinates": [
          23.0905,
          41.99530556
        ]
      },
      "properties": {
        "permit_number_date": "41590102/13.08.2012",
        "permit_number": 41590102.0,
        "canonical_code": "BG4G000000N014",
        "holder": "Община Благоевград",
        "facility_name": "ТК-1",
        "facility_registration": "846/27.07.2011",
        "water_use_purpose": "други цели",
        "mean_discharge_lps": 0.682,
        "max_discharge_lps": 1.0,
        "daily_authorized_volume_m3": 58.92,
        "annual_authorized_volume_m3": 21507.0,
        "hydraulic_conductivity_m_day": 0.03,
        "transmissivity_m2_day": 1.0,
        "aquifer_thickness_m": 30.0,
        "coordinate_method": "official_local",
        "national_register_row": null,
        "latitude_raw": "41°59'43.10\"",
        "longitude_raw": "23°05'25.8\"",
        "coordinate_note": null,
        "status": "active",
        "reference_date": "2026-08-04"
      }
    },
    {
      "type": "Feature",
      "geometry": {
        "type": "Point",
        "coordinates": [
          23.08013889,
          42.14578889
        ]
      },
      "properties": {
        "permit_number_date": "41590107/21.09.2012",
        "permit_number": 41590107.0,
        "canonical_code": "BG4G000000N014",
        "holder": "Българско вино ООД",
        "facility_name": "ТК",
        "facility_registration": "1462/15.09.2025",
        "water_use_purpose": "други цели",
        "mean_discharge_lps": 0.08,
        "max_discharge_lps": 2.0,
        "daily_authorized_volume_m3": 6.2,
        "annual_authorized_volume_m3": 2254.9,
        "hydraulic_conductivity_m_day": 5.0,
        "transmissivity_m2_day": 50.0,
        "aquifer_thickness_m": 50.0,
        "coordinate_method": "official_local",
        "national_register_row": null,
        "latitude_raw": "42° 8' 44,840\"",
        "longitude_raw": "23° 4' 48,500\"",
        "coordinate_note": null,
        "status": "active",
        "reference_date": "2026-08-04"
      }
    },
    {
      "type": "Feature",
      "geometry": {
        "type": "Point",
        "coordinates": [
          23.09519444,
          42.12916667
        ]
      },
      "properties": {
        "permit_number_date": "41520034/21.09.2012",
        "permit_number": 41520034.0,
        "canonical_code": "BG4G000000N014",
        "holder": "Българско вино ООД",
        "facility_name": "ТК",
        "facility_registration": "537/12.07.2007",
        "water_use_purpose": "земеделски цели",
        "mean_discharge_lps": 2.89,
        "max_discharge_lps": 3.0,
        "daily_authorized_volume_m3": 249.7,
        "annual_authorized_volume_m3": 91342.08,
        "hydraulic_conductivity_m_day": 5.0,
        "transmissivity_m2_day": 50.0,
        "aquifer_thickness_m": 11.0,
        "coordinate_method": "official_local",
        "national_register_row": null,
        "latitude_raw": "42°07'45.0\"",
        "longitude_raw": "23°05'42.7\"",
        "coordinate_note": null,
        "status": "active",
        "reference_date": "2026-08-04"
      }
    },
    {
      "type": "Feature",
      "geometry": {
        "type": "Point",
        "coordinates": [
          23.11666667,
          42.11431306
        ]
      },
      "properties": {
        "permit_number_date": "41510421/18.11.2013",
        "permit_number": 41510421.0,
        "canonical_code": "BG4G000000N014",
        "holder": "Кюстендилска вода ЕООД",
        "facility_name": "ВС\"Тополите\"",
        "facility_registration": "637/16.06.2008",
        "water_use_purpose": "питейно-битови",
        "mean_discharge_lps": 2.24,
        "max_discharge_lps": null,
        "daily_authorized_volume_m3": null,
        "annual_authorized_volume_m3": 71000.0,
        "hydraulic_conductivity_m_day": null,
        "transmissivity_m2_day": null,
        "aquifer_thickness_m": null,
        "coordinate_method": "official_local",
        "national_register_row": null,
        "latitude_raw": "42° 6' 51,527\"",
        "longitude_raw": "23° 7' 0,000\"",
        "coordinate_note": null,
        "status": "active",
        "reference_date": "2026-08-04"
      }
    },
    {
      "type": "Feature",
      "geometry": {
        "type": "Point",
        "coordinates": [
          23.07597361,
          42.09652417
        ]
      },
      "properties": {
        "permit_number_date": "41510422/11.12.2013",
        "permit_number": 41510422.0,
        "canonical_code": "BG4G000000N014",
        "holder": "Кюстендилска вода ЕООД",
        "facility_name": "ВС\"Треси бабица\"",
        "facility_registration": "638/16.06.2008",
        "water_use_purpose": "питейно-битови",
        "mean_discharge_lps": null,
        "max_discharge_lps": null,
        "daily_authorized_volume_m3": null,
        "annual_authorized_volume_m3": 43000.0,
        "hydraulic_conductivity_m_day": null,
        "transmissivity_m2_day": null,
        "aquifer_thickness_m": null,
        "coordinate_method": "official_local",
        "national_register_row": null,
        "latitude_raw": "42° 5' 47,487\"",
        "longitude_raw": "23° 4' 33,505\"",
        "coordinate_note": null,
        "status": "active",
        "reference_date": "2026-08-04"
      }
    },
    {
      "type": "Feature",
      "geometry": {
        "type": "Point",
        "coordinates": [
          23.05163889,
          42.04463889
        ]
      },
      "properties": {
        "permit_number_date": "41590152/16.12.2014",
        "permit_number": 41590152.0,
        "canonical_code": "BG4G000000N014",
        "holder": "Специализиран автосервиз Мастерверк-Благоевград\"ООД",
        "facility_name": "ТК",
        "facility_registration": "1046/29.08.2017",
        "water_use_purpose": "други цели",
        "mean_discharge_lps": 0.027,
        "max_discharge_lps": 2.0,
        "daily_authorized_volume_m3": null,
        "annual_authorized_volume_m3": 855.0,
        "hydraulic_conductivity_m_day": null,
        "transmissivity_m2_day": 113.0,
        "aquifer_thickness_m": 70.0,
        "coordinate_method": "official_local",
        "national_register_row": null,
        "latitude_raw": "42° 2' 40,700\"",
        "longitude_raw": "23° 3' 5,900\"",
        "coordinate_note": null,
        "status": "active",
        "reference_date": "2026-08-04"
      }
    },
    {
      "type": "Feature",
      "geometry": {
        "type": "Point",
        "coordinates": [
          23.10247833,
          42.09274472
        ]
      },
      "properties": {
        "permit_number_date": "41510514/30.07.2015",
        "permit_number": 41510514.0,
        "canonical_code": "BG4G000000N014",
        "holder": "Рилана ЕАД",
        "facility_name": "ТК-1",
        "facility_registration": "962/10.11.2006",
        "water_use_purpose": "самостоятелно ПБВ - бутилиране на трапезна вода",
        "mean_discharge_lps": 0.12,
        "max_discharge_lps": 1.0,
        "daily_authorized_volume_m3": null,
        "annual_authorized_volume_m3": 4000.0,
        "hydraulic_conductivity_m_day": 0.1,
        "transmissivity_m2_day": 16.13,
        "aquifer_thickness_m": null,
        "coordinate_method": "official_local",
        "national_register_row": null,
        "latitude_raw": "42° 5' 33,881\"",
        "longitude_raw": "23° 6' 8,922\"",
        "coordinate_note": null,
        "status": "active",
        "reference_date": "2026-08-04"
      }
    },
    {
      "type": "Feature",
      "geometry": {
        "type": "Point",
        "coordinates": [
          23.07805556,
          42.01944444
        ]
      },
      "properties": {
        "permit_number_date": "41590208/27.04.2018",
        "permit_number": 41590208.0,
        "canonical_code": "BG4G000000N014",
        "holder": "ЮЗУ Неофит Рилски",
        "facility_name": "ТК-1",
        "facility_registration": "1264/23.02.2023",
        "water_use_purpose": "За други-напояване на тревни площи",
        "mean_discharge_lps": 0.5,
        "max_discharge_lps": 1.0,
        "daily_authorized_volume_m3": 43.2,
        "annual_authorized_volume_m3": 15768.0,
        "hydraulic_conductivity_m_day": null,
        "transmissivity_m2_day": null,
        "aquifer_thickness_m": null,
        "coordinate_method": "official_local",
        "national_register_row": null,
        "latitude_raw": "42°1'10.'8\"",
        "longitude_raw": "23°4'41.'5\"",
        "coordinate_note": null,
        "status": "active",
        "reference_date": "2026-08-04"
      }
    },
    {
      "type": "Feature",
      "geometry": {
        "type": "Point",
        "coordinates": [
          23.07888889,
          41.99722222
        ]
      },
      "properties": {
        "permit_number_date": "41590214/20.09.2018",
        "permit_number": 41590214.0,
        "canonical_code": "BG4G000000N014",
        "holder": "Бай Санде ООД",
        "facility_name": "ТК",
        "facility_registration": null,
        "water_use_purpose": "За други-поливане на спортни игрища",
        "mean_discharge_lps": 0.162,
        "max_discharge_lps": 3.3,
        "daily_authorized_volume_m3": null,
        "annual_authorized_volume_m3": 3000.0,
        "hydraulic_conductivity_m_day": null,
        "transmissivity_m2_day": null,
        "aquifer_thickness_m": null,
        "coordinate_method": "official_local",
        "national_register_row": null,
        "latitude_raw": "41°59'50.'83\"",
        "longitude_raw": "23°4'44.'05\"",
        "coordinate_note": null,
        "status": "active",
        "reference_date": "2026-08-04"
      }
    },
    {
      "type": "Feature",
      "geometry": {
        "type": "Point",
        "coordinates": [
          23.07863889,
          42.04663889
        ]
      },
      "properties": {
        "permit_number_date": "41520112/17.09.2020",
        "permit_number": 41520112.0,
        "canonical_code": "BG4G000000N014",
        "holder": "ЕТ Ивайло Попов-Еврика",
        "facility_name": "ТК",
        "facility_registration": "734/23.10.2008",
        "water_use_purpose": "Напояване на земеделски култури",
        "mean_discharge_lps": 0.01,
        "max_discharge_lps": 0.05,
        "daily_authorized_volume_m3": null,
        "annual_authorized_volume_m3": 300.0,
        "hydraulic_conductivity_m_day": null,
        "transmissivity_m2_day": null,
        "aquifer_thickness_m": null,
        "coordinate_method": "official_local",
        "national_register_row": null,
        "latitude_raw": "42°2'47.9\"",
        "longitude_raw": "23°4'43.1\"",
        "coordinate_note": null,
        "status": "active",
        "reference_date": "2026-08-04"
      }
    },
    {
      "type": "Feature",
      "geometry": {
        "type": "Point",
        "coordinates": [
          23.09436389,
          41.99748333
        ]
      },
      "properties": {
        "permit_number_date": "41590246/03.12.2020",
        "permit_number": 41590246.0,
        "canonical_code": "BG4G000000N014",
        "holder": "БЕТА СТАР ЕООД",
        "facility_name": "ТК",
        "facility_registration": "1080/31.08.2020",
        "water_use_purpose": "други цели",
        "mean_discharge_lps": 0.19,
        "max_discharge_lps": 1.0,
        "daily_authorized_volume_m3": null,
        "annual_authorized_volume_m3": 6004.0,
        "hydraulic_conductivity_m_day": null,
        "transmissivity_m2_day": null,
        "aquifer_thickness_m": null,
        "coordinate_method": "official_local",
        "national_register_row": null,
        "latitude_raw": "41°59'50.94\"",
        "longitude_raw": "23°5'39.71\"",
        "coordinate_note": null,
        "status": "active",
        "reference_date": "2026-08-04"
      }
    },
    {
      "type": "Feature",
      "geometry": {
        "type": "Point",
        "coordinates": [
          23.06274444,
          41.98661944
        ]
      },
      "properties": {
        "permit_number_date": "41590258/03.09.2021",
        "permit_number": 41590258.0,
        "canonical_code": "BG4G000000N014",
        "holder": "УКЕВ ТРАНС ЕООД",
        "facility_name": "ТК-1",
        "facility_registration": "1100/23.02.2021",
        "water_use_purpose": "други цели",
        "mean_discharge_lps": 0.04,
        "max_discharge_lps": 1.39,
        "daily_authorized_volume_m3": null,
        "annual_authorized_volume_m3": 1400.0,
        "hydraulic_conductivity_m_day": null,
        "transmissivity_m2_day": null,
        "aquifer_thickness_m": null,
        "coordinate_method": "official_local",
        "national_register_row": null,
        "latitude_raw": "41°59'11.83\"",
        "longitude_raw": "23°3'45.88\"",
        "coordinate_note": null,
        "status": "active",
        "reference_date": "2026-08-04"
      }
    },
    {
      "type": "Feature",
      "geometry": {
        "type": "Point",
        "coordinates": [
          23.08847222,
          41.99515278
        ]
      },
      "properties": {
        "permit_number_date": "41590262/23.12.2021",
        "permit_number": 41590262.0,
        "canonical_code": "BG4G000000N014",
        "holder": "ЗОРА ЕС ЕООД",
        "facility_name": "ТК-1",
        "facility_registration": "1081/02.09.2020",
        "water_use_purpose": "други цели",
        "mean_discharge_lps": 0.05,
        "max_discharge_lps": 0.75,
        "daily_authorized_volume_m3": null,
        "annual_authorized_volume_m3": 1600.0,
        "hydraulic_conductivity_m_day": null,
        "transmissivity_m2_day": null,
        "aquifer_thickness_m": null,
        "coordinate_method": "official_local",
        "national_register_row": null,
        "latitude_raw": "41°59'42.55\"",
        "longitude_raw": "23°5'18.5\"",
        "coordinate_note": null,
        "status": "active",
        "reference_date": "2026-08-04"
      }
    },
    {
      "type": "Feature",
      "geometry": {
        "type": "Point",
        "coordinates": [
          23.06851944,
          42.12008056
        ]
      },
      "properties": {
        "permit_number_date": "41520129/01.03.2023",
        "permit_number": 41520129.0,
        "canonical_code": "BG4G000000N014",
        "holder": "Смочево Проджект ЕООД",
        "facility_name": "ТК-1",
        "facility_registration": "1235/06.12.2022",
        "water_use_purpose": "напояване на земеделски култури",
        "mean_discharge_lps": 1.26,
        "max_discharge_lps": 2.5,
        "daily_authorized_volume_m3": null,
        "annual_authorized_volume_m3": 39906.0,
        "hydraulic_conductivity_m_day": null,
        "transmissivity_m2_day": null,
        "aquifer_thickness_m": null,
        "coordinate_method": "official_local",
        "national_register_row": null,
        "latitude_raw": "42°07'12.29\"",
        "longitude_raw": "23°04'06.67\"",
        "coordinate_note": null,
        "status": "active",
        "reference_date": "2026-08-04"
      }
    },
    {
      "type": "Feature",
      "geometry": {
        "type": "Point",
        "coordinates": [
          23.13130278,
          42.11805278
        ]
      },
      "properties": {
        "permit_number_date": "41590291/22.02.2024",
        "permit_number": 41590291.0,
        "canonical_code": "BG4G000000N014",
        "holder": "Рила мес ЕООД",
        "facility_name": "ТК-1",
        "facility_registration": "1124/29.06.2021",
        "water_use_purpose": "други цели",
        "mean_discharge_lps": 0.1,
        "max_discharge_lps": 1.0,
        "daily_authorized_volume_m3": null,
        "annual_authorized_volume_m3": 3154.0,
        "hydraulic_conductivity_m_day": null,
        "transmissivity_m2_day": null,
        "aquifer_thickness_m": null,
        "coordinate_method": "official_local",
        "national_register_row": null,
        "latitude_raw": "42°7'4.99\"",
        "longitude_raw": "23°7'52.69\"",
        "coordinate_note": null,
        "status": "active",
        "reference_date": "2026-08-04"
      }
    },
    {
      "type": "Feature",
      "geometry": {
        "type": "Point",
        "coordinates": [
          23.09255278,
          42.00743611
        ]
      },
      "properties": {
        "permit_number_date": "41590299/31.10.2024",
        "permit_number": 41590299.0,
        "canonical_code": "BG4G000000N014",
        "holder": "Карол Фернандес миит ООД",
        "facility_name": "ТК-1",
        "facility_registration": "1138/10.03.2022",
        "water_use_purpose": "за други цели",
        "mean_discharge_lps": 0.02,
        "max_discharge_lps": 0.83,
        "daily_authorized_volume_m3": null,
        "annual_authorized_volume_m3": 645.0,
        "hydraulic_conductivity_m_day": null,
        "transmissivity_m2_day": null,
        "aquifer_thickness_m": null,
        "coordinate_method": "official_local",
        "national_register_row": null,
        "latitude_raw": "42°0'26.77\"",
        "longitude_raw": "23°5'33.19\"",
        "coordinate_note": null,
        "status": "active",
        "reference_date": "2026-08-04"
      }
    },
    {
      "type": "Feature",
      "geometry": {
        "type": "Point",
        "coordinates": [
          22.74972222,
          42.46972222
        ]
      },
      "properties": {
        "permit_number_date": "400087/04.02.2004",
        "permit_number": 400087.0,
        "canonical_code": "BG4G000000N015",
        "holder": "В и К ООД Перник",
        "facility_name": "Каптаж \"Груева махала\"",
        "facility_registration": "171/04.02.2004",
        "water_use_purpose": "питейно-битови",
        "mean_discharge_lps": 0.018,
        "max_discharge_lps": null,
        "daily_authorized_volume_m3": 1.54,
        "annual_authorized_volume_m3": 562.0,
        "hydraulic_conductivity_m_day": null,
        "transmissivity_m2_day": null,
        "aquifer_thickness_m": null,
        "coordinate_method": "official_local",
        "national_register_row": null,
        "latitude_raw": "42° 28' 11,000\"",
        "longitude_raw": "22° 44' 59,000\"",
        "coordinate_note": null,
        "status": "active",
        "reference_date": "2026-08-04"
      }
    },
    {
      "type": "Feature",
      "geometry": {
        "type": "Point",
        "coordinates": [
          22.77401111,
          42.64777778
        ]
      },
      "properties": {
        "permit_number_date": "41520093/04.09.2017",
        "permit_number": 41520093.0,
        "canonical_code": "BG4G000000N015",
        "holder": "Симеонов Вет ЕООД",
        "facility_name": "TK-1",
        "facility_registration": null,
        "water_use_purpose": "За животновъдство и за напояване на земеделски култури",
        "mean_discharge_lps": 0.2,
        "max_discharge_lps": 1.0,
        "daily_authorized_volume_m3": 17.63,
        "annual_authorized_volume_m3": 6434.75,
        "hydraulic_conductivity_m_day": null,
        "transmissivity_m2_day": null,
        "aquifer_thickness_m": null,
        "coordinate_method": "official_local",
        "national_register_row": null,
        "latitude_raw": "42°38'52.'67\"",
        "longitude_raw": "22°46',26.44\"",
        "coordinate_note": null,
        "status": "active",
        "reference_date": "2026-08-04"
      }
    },
    {
      "type": "Feature",
      "geometry": {
        "type": "Point",
        "coordinates": [
          22.84394444,
          42.73733333
        ]
      },
      "properties": {
        "permit_number_date": "41510591/26.05.2021",
        "permit_number": 41510591.0,
        "canonical_code": "BG4G000000N015",
        "holder": "Община Брезник",
        "facility_name": "ТК",
        "facility_registration": "1279/23.02.2023",
        "water_use_purpose": "питейно-битови цели",
        "mean_discharge_lps": 1.8,
        "max_discharge_lps": 2.5,
        "daily_authorized_volume_m3": null,
        "annual_authorized_volume_m3": 56765.0,
        "hydraulic_conductivity_m_day": null,
        "transmissivity_m2_day": null,
        "aquifer_thickness_m": null,
        "coordinate_method": "official_local",
        "national_register_row": null,
        "latitude_raw": "42°44'14.4\"",
        "longitude_raw": "22°50'38.2\"",
        "coordinate_note": null,
        "status": "active",
        "reference_date": "2026-08-04"
      }
    },
    {
      "type": "Feature",
      "geometry": {
        "type": "Point",
        "coordinates": [
          23.56561111,
          41.82555556
        ]
      },
      "properties": {
        "permit_number_date": "41590205/27.09.2017",
        "permit_number": 41590205.0,
        "canonical_code": "BG4G000000N016",
        "holder": "Хотел Русковец ЕООД",
        "facility_name": "TK-1",
        "facility_registration": "911/12.03.2014",
        "water_use_purpose": "За други цели-за поливане на зелени площи и измиване на улици и алеи",
        "mean_discharge_lps": 0.24,
        "max_discharge_lps": 2.0,
        "daily_authorized_volume_m3": 20.73,
        "annual_authorized_volume_m3": null,
        "hydraulic_conductivity_m_day": null,
        "transmissivity_m2_day": null,
        "aquifer_thickness_m": null,
        "coordinate_method": "official_local",
        "national_register_row": null,
        "latitude_raw": "41°49'32.'3\"",
        "longitude_raw": "23°33',56.2\"",
        "coordinate_note": null,
        "status": "active",
        "reference_date": "2026-08-04"
      }
    },
    {
      "type": "Feature",
      "geometry": {
        "type": "Point",
        "coordinates": [
          23.56580556,
          41.825
        ]
      },
      "properties": {
        "permit_number_date": "41590205/27.09.2017",
        "permit_number": 41590205.0,
        "canonical_code": "BG4G000000N016",
        "holder": "Хотел Русковец ЕООД",
        "facility_name": "ТК-резервен",
        "facility_registration": "912/17.05.2013",
        "water_use_purpose": "За други цели-за поливане на зелени площи и измиване на улици и алеи",
        "mean_discharge_lps": null,
        "max_discharge_lps": null,
        "daily_authorized_volume_m3": null,
        "annual_authorized_volume_m3": 7385.23,
        "hydraulic_conductivity_m_day": null,
        "transmissivity_m2_day": null,
        "aquifer_thickness_m": null,
        "coordinate_method": "official_local",
        "national_register_row": null,
        "latitude_raw": "41°49'30.'8\"",
        "longitude_raw": "23°33',56.9\"",
        "coordinate_note": null,
        "status": "active",
        "reference_date": "2026-08-04"
      }
    },
    {
      "type": "Feature",
      "geometry": {
        "type": "Point",
        "coordinates": [
          23.47831111,
          41.84674444
        ]
      },
      "properties": {
        "permit_number_date": "41590308/23.01.2025",
        "permit_number": 41590308.0,
        "canonical_code": "BG4G000000N016",
        "holder": "ЕРИ И КОЛД ООД",
        "facility_name": "ТК \"ЕРИ И КОЛД\"",
        "facility_registration": "1088/22.12.2020",
        "water_use_purpose": "други цели",
        "mean_discharge_lps": 0.23,
        "max_discharge_lps": 0.8,
        "daily_authorized_volume_m3": "0,23л/сек",
        "annual_authorized_volume_m3": null,
        "hydraulic_conductivity_m_day": null,
        "transmissivity_m2_day": null,
        "aquifer_thickness_m": null,
        "coordinate_method": "official_local",
        "national_register_row": null,
        "latitude_raw": "41°50'48.28\"",
        "longitude_raw": "23°28'41.92\"",
        "coordinate_note": "SONDI-derived correction: one-degree coordinate correction validated by official GWB assignment and unique +/-1 degree spatial match.",
        "status": "active",
        "reference_date": "2026-08-04"
      }
    },
    {
      "type": "Feature",
      "geometry": {
        "type": "Point",
        "coordinates": [
          23.85008333,
          41.48286111
        ]
      },
      "properties": {
        "permit_number_date": "41510348/24.01.2012",
        "permit_number": 41510348.0,
        "canonical_code": "BG4G000000N017",
        "holder": "В и К ЕООД Благоевград",
        "facility_name": "ВС\"Калин ливада 1\"",
        "facility_registration": "390/26.01.2007",
        "water_use_purpose": "питейно-битови цели",
        "mean_discharge_lps": 0.14,
        "max_discharge_lps": 1.0,
        "daily_authorized_volume_m3": 12.06,
        "annual_authorized_volume_m3": 4400.0,
        "hydraulic_conductivity_m_day": null,
        "transmissivity_m2_day": null,
        "aquifer_thickness_m": null,
        "coordinate_method": "official_local",
        "national_register_row": null,
        "latitude_raw": "41°28'58.3\"",
        "longitude_raw": "23°51'00.3\"",
        "coordinate_note": null,
        "status": "active",
        "reference_date": "2026-08-04"
      }
    },
    {
      "type": "Feature",
      "geometry": {
        "type": "Point",
        "coordinates": [
          23.85008333,
          41.48286111
        ]
      },
      "properties": {
        "permit_number_date": "41510348/24.01.2012",
        "permit_number": 41510348.0,
        "canonical_code": "BG4G000000N017",
        "holder": "В и К ЕООД Благоевград",
        "facility_name": "ВС\"Калин ливада 2\"",
        "facility_registration": "391/26.01.2007",
        "water_use_purpose": "питейно-битови цели",
        "mean_discharge_lps": 0.14,
        "max_discharge_lps": 0.5,
        "daily_authorized_volume_m3": 7.14,
        "annual_authorized_volume_m3": 2600.0,
        "hydraulic_conductivity_m_day": null,
        "transmissivity_m2_day": null,
        "aquifer_thickness_m": null,
        "coordinate_method": "official_local",
        "national_register_row": null,
        "latitude_raw": "41°28'58.3\"",
        "longitude_raw": "23°51'00.3\"",
        "coordinate_note": null,
        "status": "active",
        "reference_date": "2026-08-04"
      }
    },
    {
      "type": "Feature",
      "geometry": {
        "type": "Point",
        "coordinates": [
          23.88977778,
          41.48375
        ]
      },
      "properties": {
        "permit_number_date": "41520042/13.01.2014",
        "permit_number": 41520042.0,
        "canonical_code": "BG4G000000N017",
        "holder": "Макс-строй 91 ЕООД",
        "facility_name": "ТК-1",
        "facility_registration": null,
        "water_use_purpose": "други цели и животновъдство",
        "mean_discharge_lps": 0.1,
        "max_discharge_lps": 1.0,
        "daily_authorized_volume_m3": null,
        "annual_authorized_volume_m3": 4250.0,
        "hydraulic_conductivity_m_day": 0.5,
        "transmissivity_m2_day": 20.0,
        "aquifer_thickness_m": "30-50",
        "coordinate_method": "official_local",
        "national_register_row": null,
        "latitude_raw": "41° 29' 1,500\"",
        "longitude_raw": "23° 53' 23,200\"",
        "coordinate_note": null,
        "status": "active",
        "reference_date": "2026-08-04"
      }
    },
    {
      "type": "Feature",
      "geometry": {
        "type": "Point",
        "coordinates": [
          23.73582833,
          41.56495222
        ]
      },
      "properties": {
        "permit_number_date": "41590146/09.09.2014",
        "permit_number": 41590146.0,
        "canonical_code": "BG4G000000N017",
        "holder": "Пирин текс ЕООД",
        "facility_name": "ТК-1",
        "facility_registration": "594/04.03.2008",
        "water_use_purpose": "други цели",
        "mean_discharge_lps": 0.162,
        "max_discharge_lps": 1.5,
        "daily_authorized_volume_m3": 14.0,
        "annual_authorized_volume_m3": 5110.0,
        "hydraulic_conductivity_m_day": 0.24,
        "transmissivity_m2_day": 11.4,
        "aquifer_thickness_m": 47.0,
        "coordinate_method": "official_local",
        "national_register_row": null,
        "latitude_raw": "41° 33' 53,828\"",
        "longitude_raw": "23° 44' 8,982\"",
        "coordinate_note": null,
        "status": "active",
        "reference_date": "2026-08-04"
      }
    },
    {
      "type": "Feature",
      "geometry": {
        "type": "Point",
        "coordinates": [
          23.77694444,
          41.57916667
        ]
      },
      "properties": {
        "permit_number_date": "41510556/08.06.2018",
        "permit_number": 41510556.0,
        "canonical_code": "BG4G000000N017",
        "holder": "ЕТ ЗП Неджми Караибраим",
        "facility_name": "ТК-1",
        "facility_registration": "1267/23.02.2023",
        "water_use_purpose": "За самостоятелно питейно-битово водоснабдяване, когато черпената вода се ползва с цел производство на хранителни,лекарствени или козметични продукти,за други цели-напояване на тревни площи,за противопожарни нужди",
        "mean_discharge_lps": 0.38,
        "max_discharge_lps": 2.0,
        "daily_authorized_volume_m3": null,
        "annual_authorized_volume_m3": 12000.0,
        "hydraulic_conductivity_m_day": null,
        "transmissivity_m2_day": null,
        "aquifer_thickness_m": null,
        "coordinate_method": "official_local",
        "national_register_row": null,
        "latitude_raw": "41°34'45.'12\"",
        "longitude_raw": "23°46'37.'92\"",
        "coordinate_note": null,
        "status": "active",
        "reference_date": "2026-08-04"
      }
    },
    {
      "type": "Feature",
      "geometry": {
        "type": "Point",
        "coordinates": [
          23.73964444,
          41.61421389
        ]
      },
      "properties": {
        "permit_number_date": "41520140/17.03.2025",
        "permit_number": 41520140.0,
        "canonical_code": "BG4G000000N017",
        "holder": "ЗП Сане Ибраим Грошар",
        "facility_name": "ТК Сане Грошар",
        "facility_registration": null,
        "water_use_purpose": "самостоятелно водоснабдяване за напояване на земеделски култури",
        "mean_discharge_lps": 0.081,
        "max_discharge_lps": 1.39,
        "daily_authorized_volume_m3": null,
        "annual_authorized_volume_m3": 2560.0,
        "hydraulic_conductivity_m_day": null,
        "transmissivity_m2_day": null,
        "aquifer_thickness_m": null,
        "coordinate_method": "official_local",
        "national_register_row": null,
        "latitude_raw": "41°36'51.17\"",
        "longitude_raw": "23°44'22.72\"",
        "coordinate_note": null,
        "status": "active",
        "reference_date": "2026-08-04"
      }
    },
    {
      "type": "Feature",
      "geometry": {
        "type": "Point",
        "coordinates": [
          23.74343889,
          41.58439167
        ]
      },
      "properties": {
        "permit_number_date": "41590320/17.06.2025",
        "permit_number": 41590320.0,
        "canonical_code": "BG4G000000N017",
        "holder": "Община Гоце Делчев",
        "facility_name": "ТК-8",
        "facility_registration": null,
        "water_use_purpose": "други цели",
        "mean_discharge_lps": 0.5,
        "max_discharge_lps": 1.0,
        "daily_authorized_volume_m3": null,
        "annual_authorized_volume_m3": 15883.0,
        "hydraulic_conductivity_m_day": null,
        "transmissivity_m2_day": null,
        "aquifer_thickness_m": null,
        "coordinate_method": "official_local",
        "national_register_row": null,
        "latitude_raw": "41°35'03.81\"",
        "longitude_raw": "23°44'36.38\"",
        "coordinate_note": null,
        "status": "active",
        "reference_date": "2026-08-04"
      }
    },
    {
      "type": "Feature",
      "geometry": {
        "type": "Point",
        "coordinates": [
          23.74117778,
          41.74275
        ]
      },
      "properties": {
        "permit_number_date": "41510049/27.03.2007",
        "permit_number": 41510049.0,
        "canonical_code": "BG4G00001PG018",
        "holder": "В и К ЕООД Благоевград",
        "facility_name": "ВС\"Требишко дере\"",
        "facility_registration": "452/27.03.2007",
        "water_use_purpose": "питейно-битови",
        "mean_discharge_lps": null,
        "max_discharge_lps": null,
        "daily_authorized_volume_m3": 63.0,
        "annual_authorized_volume_m3": 23000.0,
        "hydraulic_conductivity_m_day": null,
        "transmissivity_m2_day": null,
        "aquifer_thickness_m": null,
        "coordinate_method": "official_local",
        "national_register_row": null,
        "latitude_raw": "41°44'33,9\"",
        "longitude_raw": "23°44'28,24\"",
        "coordinate_note": null,
        "status": "active",
        "reference_date": "2026-08-04"
      }
    },
    {
      "type": "Feature",
      "geometry": {
        "type": "Point",
        "coordinates": [
          23.79210694,
          41.66816583
        ]
      },
      "properties": {
        "permit_number_date": "41510073/30.03.2007",
        "permit_number": 41510073.0,
        "canonical_code": "BG4G00001PG018",
        "holder": "В и К ЕООД Благоевград",
        "facility_name": "ВС\"ПС Скребатно\"",
        "facility_registration": "482/30.03.2007",
        "water_use_purpose": "питейно-битови",
        "mean_discharge_lps": null,
        "max_discharge_lps": null,
        "daily_authorized_volume_m3": 19.2,
        "annual_authorized_volume_m3": 7000.0,
        "hydraulic_conductivity_m_day": null,
        "transmissivity_m2_day": null,
        "aquifer_thickness_m": null,
        "coordinate_method": "official_local",
        "national_register_row": null,
        "latitude_raw": "41° 40' 5,397\"",
        "longitude_raw": "23° 47' 31,585\"",
        "coordinate_note": null,
        "status": "active",
        "reference_date": "2026-08-04"
      }
    },
    {
      "type": "Feature",
      "geometry": {
        "type": "Point",
        "coordinates": [
          23.559022,
          41.946893
        ]
      },
      "properties": {
        "permit_number_date": "41590285/14.11.2023",
        "permit_number": 41590285.0,
        "canonical_code": "BG4G00001PG018",
        "holder": "Джали 90 ЕООД",
        "facility_name": "ШК-1",
        "facility_registration": "1353/05.10.2023",
        "water_use_purpose": "други цели-измиване на автомобили",
        "mean_discharge_lps": 0.1,
        "max_discharge_lps": 0.7,
        "daily_authorized_volume_m3": null,
        "annual_authorized_volume_m3": 3154.0,
        "hydraulic_conductivity_m_day": null,
        "transmissivity_m2_day": null,
        "aquifer_thickness_m": null,
        "coordinate_method": "official_national_crosscheck",
        "national_register_row": 1444.0,
        "latitude_raw": "41°56'48.81\"",
        "longitude_raw": "23°3332.48\"",
        "coordinate_note": null,
        "status": "active",
        "reference_date": "2026-08-04"
      }
    },
    {
      "type": "Feature",
      "geometry": {
        "type": "Point",
        "coordinates": [
          23.69523547,
          41.71513456
        ]
      },
      "properties": {
        "permit_number_date": "41520139/06.01.2025",
        "permit_number": 41520139.0,
        "canonical_code": "BG4G00001PG018",
        "holder": "КЪЗ КАЛЕСИ ЕООД",
        "facility_name": "ТК",
        "facility_registration": "1082/29.10.2020",
        "water_use_purpose": "напояване на земеделски култури",
        "mean_discharge_lps": 0.019,
        "max_discharge_lps": 2.08,
        "daily_authorized_volume_m3": null,
        "annual_authorized_volume_m3": 590.0,
        "hydraulic_conductivity_m_day": null,
        "transmissivity_m2_day": null,
        "aquifer_thickness_m": null,
        "coordinate_method": "official_local",
        "national_register_row": null,
        "latitude_raw": "41°42'54.4844\"",
        "longitude_raw": "23°41'42.8477\"",
        "coordinate_note": null,
        "status": "active",
        "reference_date": "2026-08-04"
      }
    },
    {
      "type": "Feature",
      "geometry": {
        "type": "Point",
        "coordinates": [
          22.93677389,
          41.89393306
        ]
      },
      "properties": {
        "permit_number_date": "41510092/11.05.2007",
        "permit_number": 41510092.0,
        "canonical_code": "BG4G00001PG038",
        "holder": "В и К ЕООД Благоевград",
        "facility_name": "ВС\"Бука\"",
        "facility_registration": "510/11.05.2007",
        "water_use_purpose": "питейно-битови",
        "mean_discharge_lps": null,
        "max_discharge_lps": null,
        "daily_authorized_volume_m3": 8.2,
        "annual_authorized_volume_m3": 3000.0,
        "hydraulic_conductivity_m_day": null,
        "transmissivity_m2_day": null,
        "aquifer_thickness_m": null,
        "coordinate_method": "official_local",
        "national_register_row": null,
        "latitude_raw": "41°53'38.159\"",
        "longitude_raw": "22°56'12.386\"",
        "coordinate_note": null,
        "status": "active",
        "reference_date": "2026-08-04"
      }
    },
    {
      "type": "Feature",
      "geometry": {
        "type": "Point",
        "coordinates": [
          22.99248694,
          41.93471833
        ]
      },
      "properties": {
        "permit_number_date": "41510214/23.06.2008",
        "permit_number": 41510214.0,
        "canonical_code": "BG4G00001PG038",
        "holder": "В и К ЕООД Благоевград",
        "facility_name": "ШК\"Падеш\"",
        "facility_registration": "687/23.06.2008",
        "water_use_purpose": "питейно-битови",
        "mean_discharge_lps": 1.83,
        "max_discharge_lps": 12.0,
        "daily_authorized_volume_m3": 159.0,
        "annual_authorized_volume_m3": 58000.0,
        "hydraulic_conductivity_m_day": null,
        "transmissivity_m2_day": null,
        "aquifer_thickness_m": null,
        "coordinate_method": "official_local",
        "national_register_row": null,
        "latitude_raw": "41° 56' 4,986\"",
        "longitude_raw": "22° 59' 32,953\"",
        "coordinate_note": null,
        "status": "active",
        "reference_date": "2026-08-04"
      }
    },
    {
      "type": "Feature",
      "geometry": {
        "type": "Point",
        "coordinates": [
          23.95231944,
          41.93098333
        ]
      },
      "properties": {
        "permit_number_date": "41510538/29.11.2016",
        "permit_number": 41510538.0,
        "canonical_code": "BG4G00001PG038",
        "holder": "В и К ЕООД Благоевград",
        "facility_name": "ВС \"Рекарски извор\" (Каптаж на извор)",
        "facility_registration": "656/20.06.2008",
        "water_use_purpose": "За питейно-битово водоснабдяване",
        "mean_discharge_lps": 0.06,
        "max_discharge_lps": null,
        "daily_authorized_volume_m3": null,
        "annual_authorized_volume_m3": 2000.0,
        "hydraulic_conductivity_m_day": null,
        "transmissivity_m2_day": null,
        "aquifer_thickness_m": null,
        "coordinate_method": "official_local",
        "national_register_row": null,
        "latitude_raw": "41°55'51.54\"",
        "longitude_raw": "23°57'8.35\"",
        "coordinate_note": null,
        "status": "active",
        "reference_date": "2026-08-04"
      }
    },
    {
      "type": "Feature",
      "geometry": {
        "type": "Point",
        "coordinates": [
          22.99694444,
          41.93027778
        ]
      },
      "properties": {
        "permit_number_date": "41590213/27.06.2018",
        "permit_number": 41590213.0,
        "canonical_code": "BG4G00001PG038",
        "holder": "Община Благоевград",
        "facility_name": "ТК-1",
        "facility_registration": "1281/23.02.2023",
        "water_use_purpose": "За други -напояване на спортни терени",
        "mean_discharge_lps": 0.2,
        "max_discharge_lps": 0.4,
        "daily_authorized_volume_m3": 17.28,
        "annual_authorized_volume_m3": 6307.0,
        "hydraulic_conductivity_m_day": null,
        "transmissivity_m2_day": null,
        "aquifer_thickness_m": null,
        "coordinate_method": "official_local",
        "national_register_row": null,
        "latitude_raw": "41°55'49.'305\"",
        "longitude_raw": "22°59'49.'169\"",
        "coordinate_note": null,
        "status": "active",
        "reference_date": "2026-08-04"
      }
    },
    {
      "type": "Feature",
      "geometry": {
        "type": "Point",
        "coordinates": [
          22.94894722,
          41.99226389
        ]
      },
      "properties": {
        "permit_number_date": "41590280/11.09.2023",
        "permit_number": 41590280.0,
        "canonical_code": "BG4G00001PG038",
        "holder": "Логодиви ЕООД",
        "facility_name": "ТК-1",
        "facility_registration": "1150/14.04.2022",
        "water_use_purpose": "за други цели",
        "mean_discharge_lps": 0.1,
        "max_discharge_lps": 2.7,
        "daily_authorized_volume_m3": null,
        "annual_authorized_volume_m3": 3154.0,
        "hydraulic_conductivity_m_day": null,
        "transmissivity_m2_day": null,
        "aquifer_thickness_m": null,
        "coordinate_method": "official_local",
        "national_register_row": null,
        "latitude_raw": "41°59'32,15''",
        "longitude_raw": "22°56'56.21''",
        "coordinate_note": null,
        "status": "active",
        "reference_date": "2026-08-04"
      }
    },
    {
      "type": "Feature",
      "geometry": {
        "type": "Point",
        "coordinates": [
          22.94899722,
          41.99275833
        ]
      },
      "properties": {
        "permit_number_date": "41520145/02.04.2026",
        "permit_number": 41520145.0,
        "canonical_code": "BG4G00001PG038",
        "holder": "Логодиви ЕООД",
        "facility_name": "ТК-2",
        "facility_registration": "1406/30.07.2024",
        "water_use_purpose": "Самостоятелно напояване на земеделски култури",
        "mean_discharge_lps": 0.03,
        "max_discharge_lps": 0.75,
        "daily_authorized_volume_m3": null,
        "annual_authorized_volume_m3": 951.0,
        "hydraulic_conductivity_m_day": null,
        "transmissivity_m2_day": null,
        "aquifer_thickness_m": null,
        "coordinate_method": "official_local",
        "national_register_row": null,
        "latitude_raw": "41°59'33,93''",
        "longitude_raw": "22°56'56.39''",
        "coordinate_note": null,
        "status": "active",
        "reference_date": "2026-08-04"
      }
    },
    {
      "type": "Feature",
      "geometry": {
        "type": "Point",
        "coordinates": [
          22.94895,
          41.993
        ]
      },
      "properties": {
        "permit_number_date": "41520145/02.04.2026",
        "permit_number": 41520145.0,
        "canonical_code": "BG4G00001PG038",
        "holder": "Логодиви ЕООД",
        "facility_name": "ТК-3",
        "facility_registration": "1407/30.07.2024",
        "water_use_purpose": "Самостоятелно напояване на земеделски култури",
        "mean_discharge_lps": 0.05,
        "max_discharge_lps": 0.75,
        "daily_authorized_volume_m3": null,
        "annual_authorized_volume_m3": 1585.0,
        "hydraulic_conductivity_m_day": null,
        "transmissivity_m2_day": null,
        "aquifer_thickness_m": null,
        "coordinate_method": "official_local",
        "national_register_row": null,
        "latitude_raw": "41°59'34,8''",
        "longitude_raw": "22°56'56.22''",
        "coordinate_note": null,
        "status": "active",
        "reference_date": "2026-08-04"
      }
    },
    {
      "type": "Feature",
      "geometry": {
        "type": "Point",
        "coordinates": [
          22.48537639,
          42.22050417
        ]
      },
      "properties": {
        "permit_number_date": "41510384/15.05.2013",
        "permit_number": 41510384.0,
        "canonical_code": "BG4G00001PG039",
        "holder": "Кюстендилска вода ЕООД",
        "facility_name": "ВС\"Миалевица\"",
        "facility_registration": "594/05.06.2008",
        "water_use_purpose": "питейно-битови",
        "mean_discharge_lps": null,
        "max_discharge_lps": null,
        "daily_authorized_volume_m3": null,
        "annual_authorized_volume_m3": 3100.0,
        "hydraulic_conductivity_m_day": null,
        "transmissivity_m2_day": null,
        "aquifer_thickness_m": null,
        "coordinate_method": "official_local",
        "national_register_row": null,
        "latitude_raw": "42° 13' 13,815\"",
        "longitude_raw": "22° 29' 7,355\"",
        "coordinate_note": null,
        "status": "active",
        "reference_date": "2026-08-04"
      }
    },
    {
      "type": "Feature",
      "geometry": {
        "type": "Point",
        "coordinates": [
          22.97603417,
          42.2549575
        ]
      },
      "properties": {
        "permit_number_date": "41510130/10.06.2008",
        "permit_number": 41510130.0,
        "canonical_code": "BG4G00001PG138",
        "holder": "В и К ЕООД Кюстендил",
        "facility_name": "ТК\"Голем Върбовник\"",
        "facility_registration": "600/10.06.2008",
        "water_use_purpose": "питейно-битови",
        "mean_discharge_lps": 0.6,
        "max_discharge_lps": 4.0,
        "daily_authorized_volume_m3": 52.0,
        "annual_authorized_volume_m3": 19000.0,
        "hydraulic_conductivity_m_day": null,
        "transmissivity_m2_day": null,
        "aquifer_thickness_m": null,
        "coordinate_method": "official_local",
        "national_register_row": null,
        "latitude_raw": "42° 15' 17,847\"",
        "longitude_raw": "22° 58' 33,723\"",
        "coordinate_note": null,
        "status": "active",
        "reference_date": "2026-08-04"
      }
    },
    {
      "type": "Feature",
      "geometry": {
        "type": "Point",
        "coordinates": [
          22.97111694,
          42.33134167
        ]
      },
      "properties": {
        "permit_number_date": "41510209/23.06.2008",
        "permit_number": 41510209.0,
        "canonical_code": "BG4G00001PG138",
        "holder": "В и К ЕООД Кюстендил",
        "facility_name": "ШК\"Новоселяне\"",
        "facility_registration": "663/23.06.2008",
        "water_use_purpose": "питейно-битови",
        "mean_discharge_lps": 0.2,
        "max_discharge_lps": 3.0,
        "daily_authorized_volume_m3": 17.28,
        "annual_authorized_volume_m3": 6307.0,
        "hydraulic_conductivity_m_day": null,
        "transmissivity_m2_day": null,
        "aquifer_thickness_m": null,
        "coordinate_method": "official_local",
        "national_register_row": null,
        "latitude_raw": "42° 19' 52,830\"",
        "longitude_raw": "22° 58' 16,021\"",
        "coordinate_note": null,
        "status": "active",
        "reference_date": "2026-08-04"
      }
    },
    {
      "type": "Feature",
      "geometry": {
        "type": "Point",
        "coordinates": [
          22.95933333,
          42.35991667
        ]
      },
      "properties": {
        "permit_number_date": "41510212/23.06.2008",
        "permit_number": 41510212.0,
        "canonical_code": "BG4G00001PG138",
        "holder": "В и К ЕООД Кюстендил",
        "facility_name": "ШК \"Мала Фуча\"",
        "facility_registration": "665/23.06.2008",
        "water_use_purpose": "питейно-битови",
        "mean_discharge_lps": 0.35,
        "max_discharge_lps": 4.5,
        "daily_authorized_volume_m3": 30.0,
        "annual_authorized_volume_m3": 11000.0,
        "hydraulic_conductivity_m_day": null,
        "transmissivity_m2_day": null,
        "aquifer_thickness_m": null,
        "coordinate_method": "official_local",
        "national_register_row": null,
        "latitude_raw": "42° 21' 35,700\"",
        "longitude_raw": "22° 57' 33,600\"",
        "coordinate_note": null,
        "status": "active",
        "reference_date": "2026-08-04"
      }
    },
    {
      "type": "Feature",
      "geometry": {
        "type": "Point",
        "coordinates": [
          22.92151083,
          42.40789056
        ]
      },
      "properties": {
        "permit_number_date": "41510277/27.10.2009",
        "permit_number": 41510277.0,
        "canonical_code": "BG4G00001PG138",
        "holder": "В и К ООД Перник",
        "facility_name": "ВС\"Свети Никола\"",
        "facility_registration": "787/27.10.2009",
        "water_use_purpose": "питейно-битови",
        "mean_discharge_lps": 0.381,
        "max_discharge_lps": null,
        "daily_authorized_volume_m3": 33.0,
        "annual_authorized_volume_m3": 12023.1,
        "hydraulic_conductivity_m_day": null,
        "transmissivity_m2_day": null,
        "aquifer_thickness_m": null,
        "coordinate_method": "official_local",
        "national_register_row": null,
        "latitude_raw": "42° 24' 28,406\"",
        "longitude_raw": "22° 55' 17,439\"",
        "coordinate_note": null,
        "status": "active",
        "reference_date": "2026-08-04"
      }
    },
    {
      "type": "Feature",
      "geometry": {
        "type": "Point",
        "coordinates": [
          22.73822,
          42.21338472
        ]
      },
      "properties": {
        "permit_number_date": "41510368/25.10.2012",
        "permit_number": 41510368.0,
        "canonical_code": "BG4G00001PG138",
        "holder": "Кюстендилска вода ЕООД",
        "facility_name": "ВС\"Света вода\"",
        "facility_registration": "394/07.03.2007",
        "water_use_purpose": "питейно-битови",
        "mean_discharge_lps": 0.04,
        "max_discharge_lps": null,
        "daily_authorized_volume_m3": 3.8,
        "annual_authorized_volume_m3": 1400.0,
        "hydraulic_conductivity_m_day": null,
        "transmissivity_m2_day": null,
        "aquifer_thickness_m": null,
        "coordinate_method": "official_local",
        "national_register_row": null,
        "latitude_raw": "42° 12' 48,185\"",
        "longitude_raw": "22° 44' 17,592\"",
        "coordinate_note": null,
        "status": "active",
        "reference_date": "2026-08-04"
      }
    },
    {
      "type": "Feature",
      "geometry": {
        "type": "Point",
        "coordinates": [
          22.81994444,
          42.31069444
        ]
      },
      "properties": {
        "permit_number_date": "41510371/03.12.2012",
        "permit_number": 41510371.0,
        "canonical_code": "BG4G00001PG138",
        "holder": "Кюстендилска вода ЕООД",
        "facility_name": "ВС\"Извево\"",
        "facility_registration": "347/31.08.2006",
        "water_use_purpose": "питейно-битови",
        "mean_discharge_lps": null,
        "max_discharge_lps": null,
        "daily_authorized_volume_m3": 28.8,
        "annual_authorized_volume_m3": 10500.0,
        "hydraulic_conductivity_m_day": null,
        "transmissivity_m2_day": null,
        "aquifer_thickness_m": null,
        "coordinate_method": "official_local",
        "national_register_row": null,
        "latitude_raw": "42°18'38.5\"",
        "longitude_raw": "22°49'11.8\"",
        "coordinate_note": null,
        "status": "active",
        "reference_date": "2026-08-04"
      }
    },
    {
      "type": "Feature",
      "geometry": {
        "type": "Point",
        "coordinates": [
          22.94914611,
          42.38789694
        ]
      },
      "properties": {
        "permit_number_date": "41510389/31.10.2013",
        "permit_number": 41510389.0,
        "canonical_code": "BG4G00001PG138",
        "holder": "Кюстендилска вода ЕООД",
        "facility_name": "ВС\"Фучка чешма\"",
        "facility_registration": "604/11.06.2008",
        "water_use_purpose": "питейно-битови",
        "mean_discharge_lps": null,
        "max_discharge_lps": null,
        "daily_authorized_volume_m3": null,
        "annual_authorized_volume_m3": 5000.0,
        "hydraulic_conductivity_m_day": null,
        "transmissivity_m2_day": null,
        "aquifer_thickness_m": null,
        "coordinate_method": "official_local",
        "national_register_row": null,
        "latitude_raw": "42° 23' 16,429\"",
        "longitude_raw": "22° 56' 56,926\"",
        "coordinate_note": null,
        "status": "active",
        "reference_date": "2026-08-04"
      }
    },
    {
      "type": "Feature",
      "geometry": {
        "type": "Point",
        "coordinates": [
          22.98638917,
          42.28472194
        ]
      },
      "properties": {
        "permit_number_date": "41510390/04.11.2013",
        "permit_number": 41510390.0,
        "canonical_code": "BG4G00001PG138",
        "holder": "Кюстендилска вода ЕООД",
        "facility_name": "ВС\"Стоянова махала\"",
        "facility_registration": "602/11.06.2008",
        "water_use_purpose": "питейно-битови",
        "mean_discharge_lps": null,
        "max_discharge_lps": null,
        "daily_authorized_volume_m3": null,
        "annual_authorized_volume_m3": 700.0,
        "hydraulic_conductivity_m_day": null,
        "transmissivity_m2_day": null,
        "aquifer_thickness_m": null,
        "coordinate_method": "official_local",
        "national_register_row": null,
        "latitude_raw": "42° 17' 4,999\"",
        "longitude_raw": "22° 59' 11,001\"",
        "coordinate_note": null,
        "status": "active",
        "reference_date": "2026-08-04"
      }
    },
    {
      "type": "Feature",
      "geometry": {
        "type": "Point",
        "coordinates": [
          22.81188528,
          42.10330361
        ]
      },
      "properties": {
        "permit_number_date": "41510443/10.12.2013",
        "permit_number": 41510443.0,
        "canonical_code": "BG4G00001PG138",
        "holder": "Кюстендилска вода ЕООД",
        "facility_name": "ВС\"Змиярника\"",
        "facility_registration": "679/23.06.2008",
        "water_use_purpose": "питейно-битови",
        "mean_discharge_lps": null,
        "max_discharge_lps": null,
        "daily_authorized_volume_m3": null,
        "annual_authorized_volume_m3": 1000.0,
        "hydraulic_conductivity_m_day": null,
        "transmissivity_m2_day": null,
        "aquifer_thickness_m": null,
        "coordinate_method": "official_local",
        "national_register_row": null,
        "latitude_raw": "42° 6' 11,893\"",
        "longitude_raw": "22° 48' 42,787\"",
        "coordinate_note": null,
        "status": "active",
        "reference_date": "2026-08-04"
      }
    },
    {
      "type": "Feature",
      "geometry": {
        "type": "Point",
        "coordinates": [
          22.79115639,
          42.07205222
        ]
      },
      "properties": {
        "permit_number_date": "41510444/16.12.2013",
        "permit_number": 41510444.0,
        "canonical_code": "BG4G00001PG138",
        "holder": "Кюстендилска вода ЕООД",
        "facility_name": "ВС\"Студена вода\"",
        "facility_registration": "678/23.06.2008",
        "water_use_purpose": "питейно-битови",
        "mean_discharge_lps": null,
        "max_discharge_lps": null,
        "daily_authorized_volume_m3": null,
        "annual_authorized_volume_m3": 2000.0,
        "hydraulic_conductivity_m_day": null,
        "transmissivity_m2_day": null,
        "aquifer_thickness_m": null,
        "coordinate_method": "official_local",
        "national_register_row": null,
        "latitude_raw": "42° 4' 19,388\"",
        "longitude_raw": "22° 47' 28,163\"",
        "coordinate_note": null,
        "status": "active",
        "reference_date": "2026-08-04"
      }
    },
    {
      "type": "Feature",
      "geometry": {
        "type": "Point",
        "coordinates": [
          22.82181222,
          42.04248
        ]
      },
      "properties": {
        "permit_number_date": "41510445/16.12.2013",
        "permit_number": 41510445.0,
        "canonical_code": "BG4G00001PG138",
        "holder": "Кюстендилска вода ЕООД",
        "facility_name": "ВС\"Богатия извор\"",
        "facility_registration": "677/23.06.2008",
        "water_use_purpose": "питейно-битови",
        "mean_discharge_lps": null,
        "max_discharge_lps": null,
        "daily_authorized_volume_m3": null,
        "annual_authorized_volume_m3": 5000.0,
        "hydraulic_conductivity_m_day": null,
        "transmissivity_m2_day": null,
        "aquifer_thickness_m": null,
        "coordinate_method": "official_local",
        "national_register_row": null,
        "latitude_raw": "42° 2' 32,928\"",
        "longitude_raw": "22° 49' 18,524\"",
        "coordinate_note": null,
        "status": "active",
        "reference_date": "2026-08-04"
      }
    },
    {
      "type": "Feature",
      "geometry": {
        "type": "Point",
        "coordinates": [
          22.80902167,
          42.10289167
        ]
      },
      "properties": {
        "permit_number_date": "41510458/19.12.2013",
        "permit_number": 41510458.0,
        "canonical_code": "BG4G00001PG138",
        "holder": "Кюстендилска вода ЕООД",
        "facility_name": "ВС\"Студени дол\"",
        "facility_registration": "676/23.06.2008",
        "water_use_purpose": "питейно-битови",
        "mean_discharge_lps": null,
        "max_discharge_lps": null,
        "daily_authorized_volume_m3": null,
        "annual_authorized_volume_m3": 3000.0,
        "hydraulic_conductivity_m_day": null,
        "transmissivity_m2_day": null,
        "aquifer_thickness_m": null,
        "coordinate_method": "official_local",
        "national_register_row": null,
        "latitude_raw": "42° 6' 10,410\"",
        "longitude_raw": "22° 48' 32,478\"",
        "coordinate_note": null,
        "status": "active",
        "reference_date": "2026-08-04"
      }
    },
    {
      "type": "Feature",
      "geometry": {
        "type": "Point",
        "coordinates": [
          22.78953778,
          42.07085944
        ]
      },
      "properties": {
        "permit_number_date": "41510461/19.12.2013",
        "permit_number": 41510461.0,
        "canonical_code": "BG4G00001PG138",
        "holder": "Кюстендилска вода ЕООД",
        "facility_name": "ВС\"Усуека\"",
        "facility_registration": "680/23.06.2008",
        "water_use_purpose": "питейно-битови",
        "mean_discharge_lps": null,
        "max_discharge_lps": null,
        "daily_authorized_volume_m3": null,
        "annual_authorized_volume_m3": 2000.0,
        "hydraulic_conductivity_m_day": null,
        "transmissivity_m2_day": null,
        "aquifer_thickness_m": null,
        "coordinate_method": "official_local",
        "national_register_row": null,
        "latitude_raw": "42° 4' 15,094\"",
        "longitude_raw": "22° 47' 22,336\"",
        "coordinate_note": null,
        "status": "active",
        "reference_date": "2026-08-04"
      }
    },
    {
      "type": "Feature",
      "geometry": {
        "type": "Point",
        "coordinates": [
          22.86388167,
          42.14744583
        ]
      },
      "properties": {
        "permit_number_date": "41510456/17.01.2014",
        "permit_number": 41510456.0,
        "canonical_code": "BG4G00001PG138",
        "holder": "Кюстендилска вода ЕООД",
        "facility_name": "ВС\"Студена вода\"",
        "facility_registration": "669/23.06.2008",
        "water_use_purpose": "питейно-битови",
        "mean_discharge_lps": null,
        "max_discharge_lps": null,
        "daily_authorized_volume_m3": null,
        "annual_authorized_volume_m3": 2000.0,
        "hydraulic_conductivity_m_day": null,
        "transmissivity_m2_day": null,
        "aquifer_thickness_m": null,
        "coordinate_method": "official_local",
        "national_register_row": null,
        "latitude_raw": "42° 8' 50,805\"",
        "longitude_raw": "22° 51' 49,974\"",
        "coordinate_note": null,
        "status": "active",
        "reference_date": "2026-08-04"
      }
    },
    {
      "type": "Feature",
      "geometry": {
        "type": "Point",
        "coordinates": [
          22.95485028,
          42.32323083
        ]
      },
      "properties": {
        "permit_number_date": "41510465/20.01.2014",
        "permit_number": 41510465.0,
        "canonical_code": "BG4G00001PG138",
        "holder": "Кюстендилска вода ЕООД",
        "facility_name": "ВС\"Черквата\"",
        "facility_registration": "673/23.06.2008",
        "water_use_purpose": "питейно-битови",
        "mean_discharge_lps": null,
        "max_discharge_lps": null,
        "daily_authorized_volume_m3": null,
        "annual_authorized_volume_m3": 3000.0,
        "hydraulic_conductivity_m_day": null,
        "transmissivity_m2_day": null,
        "aquifer_thickness_m": null,
        "coordinate_method": "official_local",
        "national_register_row": null,
        "latitude_raw": "42° 19' 23,631\"",
        "longitude_raw": "22° 57' 17,461\"",
        "coordinate_note": null,
        "status": "active",
        "reference_date": "2026-08-04"
      }
    },
    {
      "type": "Feature",
      "geometry": {
        "type": "Point",
        "coordinates": [
          22.96472444,
          42.32453444
        ]
      },
      "properties": {
        "permit_number_date": "41510466/20.01.2014",
        "permit_number": 41510466.0,
        "canonical_code": "BG4G00001PG138",
        "holder": "Кюстендилска вода ЕООД",
        "facility_name": "ВС\"Шамако\"",
        "facility_registration": "674/23.06.2008",
        "water_use_purpose": "питейно-битови",
        "mean_discharge_lps": null,
        "max_discharge_lps": null,
        "daily_authorized_volume_m3": null,
        "annual_authorized_volume_m3": 4700.0,
        "hydraulic_conductivity_m_day": null,
        "transmissivity_m2_day": null,
        "aquifer_thickness_m": null,
        "coordinate_method": "official_local",
        "national_register_row": null,
        "latitude_raw": "42° 19' 28,324\"",
        "longitude_raw": "22° 57' 53,008\"",
        "coordinate_note": null,
        "status": "active",
        "reference_date": "2026-08-04"
      }
    },
    {
      "type": "Feature",
      "geometry": {
        "type": "Point",
        "coordinates": [
          22.96810889,
          42.31707639
        ]
      },
      "properties": {
        "permit_number_date": "41510467/20.01.2014",
        "permit_number": 41510467.0,
        "canonical_code": "BG4G00001PG138",
        "holder": "Кюстендилска вода ЕООД",
        "facility_name": "ВС\"Широки валог\"",
        "facility_registration": "675/23.06.2008",
        "water_use_purpose": "питейно-битови",
        "mean_discharge_lps": null,
        "max_discharge_lps": null,
        "daily_authorized_volume_m3": null,
        "annual_authorized_volume_m3": 3000.0,
        "hydraulic_conductivity_m_day": null,
        "transmissivity_m2_day": null,
        "aquifer_thickness_m": null,
        "coordinate_method": "official_local",
        "national_register_row": null,
        "latitude_raw": "42° 19' 1,475\"",
        "longitude_raw": "22° 58' 5,192\"",
        "coordinate_note": null,
        "status": "active",
        "reference_date": "2026-08-04"
      }
    },
    {
      "type": "Feature",
      "geometry": {
        "type": "Point",
        "coordinates": [
          23.03367389,
          42.20692333
        ]
      },
      "properties": {
        "permit_number_date": "41510460/29.01.2014",
        "permit_number": 41510460.0,
        "canonical_code": "BG4G00001PG138",
        "holder": "Кюстендилска вода ЕООД",
        "facility_name": "ВС\"Блажиево\"",
        "facility_registration": "662/23.06.2008",
        "water_use_purpose": "питейно-битови",
        "mean_discharge_lps": null,
        "max_discharge_lps": null,
        "daily_authorized_volume_m3": null,
        "annual_authorized_volume_m3": 27000.0,
        "hydraulic_conductivity_m_day": null,
        "transmissivity_m2_day": null,
        "aquifer_thickness_m": null,
        "coordinate_method": "official_local",
        "national_register_row": null,
        "latitude_raw": "42° 12' 24,924\"",
        "longitude_raw": "23° 2' 1,226\"",
        "coordinate_note": null,
        "status": "active",
        "reference_date": "2026-08-04"
      }
    },
    {
      "type": "Feature",
      "geometry": {
        "type": "Point",
        "coordinates": [
          22.818215,
          42.19635361
        ]
      },
      "properties": {
        "permit_number_date": "41510473/30.01.2014",
        "permit_number": 41510473.0,
        "canonical_code": "BG4G00001PG138",
        "holder": "Кюстендилска вода ЕООД",
        "facility_name": "ВС\"Горна Еремия\"",
        "facility_registration": "681/23.06.2008",
        "water_use_purpose": "питейно-битови",
        "mean_discharge_lps": null,
        "max_discharge_lps": null,
        "daily_authorized_volume_m3": null,
        "annual_authorized_volume_m3": 2000.0,
        "hydraulic_conductivity_m_day": null,
        "transmissivity_m2_day": null,
        "aquifer_thickness_m": null,
        "coordinate_method": "official_local",
        "national_register_row": null,
        "latitude_raw": "42° 11' 46,873\"",
        "longitude_raw": "22° 49' 5,574\"",
        "coordinate_note": null,
        "status": "active",
        "reference_date": "2026-08-04"
      }
    },
    {
      "type": "Feature",
      "geometry": {
        "type": "Point",
        "coordinates": [
          22.74161167,
          42.16951806
        ]
      },
      "properties": {
        "permit_number_date": "41510474/31.01.2014",
        "permit_number": 41510474.0,
        "canonical_code": "BG4G00001PG138",
        "holder": "Кюстендилска вода ЕООД",
        "facility_name": "ВС\"Янкова махала 1\"",
        "facility_registration": "697/26.06.2008",
        "water_use_purpose": "питейно-битови",
        "mean_discharge_lps": null,
        "max_discharge_lps": null,
        "daily_authorized_volume_m3": null,
        "annual_authorized_volume_m3": 2000.0,
        "hydraulic_conductivity_m_day": null,
        "transmissivity_m2_day": null,
        "aquifer_thickness_m": null,
        "coordinate_method": "official_local",
        "national_register_row": null,
        "latitude_raw": "42° 10' 10,265\"",
        "longitude_raw": "22° 44' 29,802\"",
        "coordinate_note": null,
        "status": "active",
        "reference_date": "2026-08-04"
      }
    },
    {
      "type": "Feature",
      "geometry": {
        "type": "Point",
        "coordinates": [
          22.74218806,
          42.16984639
        ]
      },
      "properties": {
        "permit_number_date": "41510475/31.01.2014",
        "permit_number": 41510475.0,
        "canonical_code": "BG4G00001PG138",
        "holder": "Кюстендилска вода ЕООД",
        "facility_name": "ВС\"Янкова махала 2\"",
        "facility_registration": "698/26.06.2008",
        "water_use_purpose": "питейно-битови",
        "mean_discharge_lps": null,
        "max_discharge_lps": null,
        "daily_authorized_volume_m3": null,
        "annual_authorized_volume_m3": 4000.0,
        "hydraulic_conductivity_m_day": null,
        "transmissivity_m2_day": null,
        "aquifer_thickness_m": null,
        "coordinate_method": "official_local",
        "national_register_row": null,
        "latitude_raw": "42° 10' 11,447\"",
        "longitude_raw": "22° 44' 31,877\"",
        "coordinate_note": null,
        "status": "active",
        "reference_date": "2026-08-04"
      }
    },
    {
      "type": "Feature",
      "geometry": {
        "type": "Point",
        "coordinates": [
          22.77928444,
          42.19128056
        ]
      },
      "properties": {
        "permit_number_date": "41510476/31.01.2014",
        "permit_number": 41510476.0,
        "canonical_code": "BG4G00001PG138",
        "holder": "Кюстендилска вода ЕООД",
        "facility_name": "ВС\"Каменица 1\"",
        "facility_registration": "699/26.06.2008",
        "water_use_purpose": "питейно-битови",
        "mean_discharge_lps": null,
        "max_discharge_lps": null,
        "daily_authorized_volume_m3": null,
        "annual_authorized_volume_m3": 2000.0,
        "hydraulic_conductivity_m_day": null,
        "transmissivity_m2_day": null,
        "aquifer_thickness_m": null,
        "coordinate_method": "official_local",
        "national_register_row": null,
        "latitude_raw": "42° 11' 28,610\"",
        "longitude_raw": "22° 46' 45,424\"",
        "coordinate_note": null,
        "status": "active",
        "reference_date": "2026-08-04"
      }
    },
    {
      "type": "Feature",
      "geometry": {
        "type": "Point",
        "coordinates": [
          22.77916639,
          42.19353556
        ]
      },
      "properties": {
        "permit_number_date": "41510477/04.02.2014",
        "permit_number": 41510477.0,
        "canonical_code": "BG4G00001PG138",
        "holder": "Кюстендилска вода ЕООД",
        "facility_name": "ВС\"Каменица 2\"",
        "facility_registration": "700/26.06.2008",
        "water_use_purpose": "питейно-битови",
        "mean_discharge_lps": null,
        "max_discharge_lps": null,
        "daily_authorized_volume_m3": null,
        "annual_authorized_volume_m3": 4000.0,
        "hydraulic_conductivity_m_day": null,
        "transmissivity_m2_day": null,
        "aquifer_thickness_m": null,
        "coordinate_method": "official_local",
        "national_register_row": null,
        "latitude_raw": "42° 11' 36,728\"",
        "longitude_raw": "22° 46' 44,999\"",
        "coordinate_note": null,
        "status": "active",
        "reference_date": "2026-08-04"
      }
    },
    {
      "type": "Feature",
      "geometry": {
        "type": "Point",
        "coordinates": [
          22.83906778,
          42.20916778
        ]
      },
      "properties": {
        "permit_number_date": "41510478/04.02.2014",
        "permit_number": 41510478.0,
        "canonical_code": "BG4G00001PG138",
        "holder": "Кюстендилска вода ЕООД",
        "facility_name": "ВС\"Стойкова махала 1\"",
        "facility_registration": "702/26.06.2008",
        "water_use_purpose": "питейно-битови",
        "mean_discharge_lps": null,
        "max_discharge_lps": null,
        "daily_authorized_volume_m3": null,
        "annual_authorized_volume_m3": 2000.0,
        "hydraulic_conductivity_m_day": null,
        "transmissivity_m2_day": null,
        "aquifer_thickness_m": null,
        "coordinate_method": "official_local",
        "national_register_row": null,
        "latitude_raw": "42° 12' 33,004\"",
        "longitude_raw": "22° 50' 20,644\"",
        "coordinate_note": null,
        "status": "active",
        "reference_date": "2026-08-04"
      }
    },
    {
      "type": "Feature",
      "geometry": {
        "type": "Point",
        "coordinates": [
          22.83868889,
          42.20963861
        ]
      },
      "properties": {
        "permit_number_date": "41510479/04.02.2014",
        "permit_number": 41510479.0,
        "canonical_code": "BG4G00001PG138",
        "holder": "Кюстендилска вода ЕООД",
        "facility_name": "ВС\"Стойкова махала 2\"",
        "facility_registration": "703/26.06.2008",
        "water_use_purpose": "питейно-битови",
        "mean_discharge_lps": null,
        "max_discharge_lps": null,
        "daily_authorized_volume_m3": null,
        "annual_authorized_volume_m3": 2000.0,
        "hydraulic_conductivity_m_day": null,
        "transmissivity_m2_day": null,
        "aquifer_thickness_m": null,
        "coordinate_method": "official_local",
        "national_register_row": null,
        "latitude_raw": "42° 12' 34,699\"",
        "longitude_raw": "22° 50' 19,280\"",
        "coordinate_note": null,
        "status": "active",
        "reference_date": "2026-08-04"
      }
    },
    {
      "type": "Feature",
      "geometry": {
        "type": "Point",
        "coordinates": [
          22.79549306,
          42.15128778
        ]
      },
      "properties": {
        "permit_number_date": "41510480/04.02.2014",
        "permit_number": 41510480.0,
        "canonical_code": "BG4G00001PG138",
        "holder": "Кюстендилска вода ЕООД",
        "facility_name": "ВС\"Траскето\"",
        "facility_registration": "704/26.06.2008",
        "water_use_purpose": "питейно-битови",
        "mean_discharge_lps": null,
        "max_discharge_lps": null,
        "daily_authorized_volume_m3": null,
        "annual_authorized_volume_m3": 1500.0,
        "hydraulic_conductivity_m_day": null,
        "transmissivity_m2_day": null,
        "aquifer_thickness_m": null,
        "coordinate_method": "official_local",
        "national_register_row": null,
        "latitude_raw": "42° 9' 4,636\"",
        "longitude_raw": "22° 47' 43,775\"",
        "coordinate_note": null,
        "status": "active",
        "reference_date": "2026-08-04"
      }
    },
    {
      "type": "Feature",
      "geometry": {
        "type": "Point",
        "coordinates": [
          22.79981083,
          42.1658925
        ]
      },
      "properties": {
        "permit_number_date": "41510481/11.02.2014",
        "permit_number": 41510481.0,
        "canonical_code": "BG4G00001PG138",
        "holder": "Кюстендилска вода ЕООД",
        "facility_name": "ВС\"Вучки дол\"",
        "facility_registration": "705/26.06.2008",
        "water_use_purpose": "питейно-битови",
        "mean_discharge_lps": null,
        "max_discharge_lps": null,
        "daily_authorized_volume_m3": null,
        "annual_authorized_volume_m3": 1000.0,
        "hydraulic_conductivity_m_day": null,
        "transmissivity_m2_day": null,
        "aquifer_thickness_m": null,
        "coordinate_method": "official_local",
        "national_register_row": null,
        "latitude_raw": "42° 9' 57,213\"",
        "longitude_raw": "22° 47' 59,319\"",
        "coordinate_note": null,
        "status": "active",
        "reference_date": "2026-08-04"
      }
    },
    {
      "type": "Feature",
      "geometry": {
        "type": "Point",
        "coordinates": [
          22.995,
          42.34313889
        ]
      },
      "properties": {
        "permit_number_date": "41520081/26.05.2017",
        "permit_number": 41520081.0,
        "canonical_code": "BG4G00001PG138",
        "holder": "Еко Био Земеделие ЕООД",
        "facility_name": "ТК-1",
        "facility_registration": null,
        "water_use_purpose": "За напояване на земеделски култури",
        "mean_discharge_lps": 0.55,
        "max_discharge_lps": 2.0,
        "daily_authorized_volume_m3": 74.2,
        "annual_authorized_volume_m3": 17200.0,
        "hydraulic_conductivity_m_day": null,
        "transmissivity_m2_day": null,
        "aquifer_thickness_m": null,
        "coordinate_method": "official_local",
        "national_register_row": null,
        "latitude_raw": "42°20'35.3\"",
        "longitude_raw": "22°59'42\"",
        "coordinate_note": null,
        "status": "active",
        "reference_date": "2026-08-04"
      }
    },
    {
      "type": "Feature",
      "geometry": {
        "type": "Point",
        "coordinates": [
          22.99625,
          42.34069444
        ]
      },
      "properties": {
        "permit_number_date": "41520082/26.05.2017",
        "permit_number": 41520082.0,
        "canonical_code": "BG4G00001PG138",
        "holder": "Еко Био Земеделие ЕООД",
        "facility_name": "ТК-2",
        "facility_registration": null,
        "water_use_purpose": "За напояване на земеделски култури",
        "mean_discharge_lps": 0.71,
        "max_discharge_lps": 2.0,
        "daily_authorized_volume_m3": 61.3,
        "annual_authorized_volume_m3": 22400.0,
        "hydraulic_conductivity_m_day": null,
        "transmissivity_m2_day": null,
        "aquifer_thickness_m": null,
        "coordinate_method": "official_local",
        "national_register_row": null,
        "latitude_raw": "42°20'26.5\"",
        "longitude_raw": "22°59'46,5\"",
        "coordinate_note": null,
        "status": "active",
        "reference_date": "2026-08-04"
      }
    },
    {
      "type": "Feature",
      "geometry": {
        "type": "Point",
        "coordinates": [
          23.00616667,
          42.3305
        ]
      },
      "properties": {
        "permit_number_date": "41520083/26.05.2017",
        "permit_number": 41520083.0,
        "canonical_code": "BG4G00001PG138",
        "holder": "Еко Био Земеделие ЕООД",
        "facility_name": "ТК-3",
        "facility_registration": null,
        "water_use_purpose": "За напояване на земеделски култури",
        "mean_discharge_lps": 1.0,
        "max_discharge_lps": 3.0,
        "daily_authorized_volume_m3": 87.34,
        "annual_authorized_volume_m3": 63762.0,
        "hydraulic_conductivity_m_day": null,
        "transmissivity_m2_day": null,
        "aquifer_thickness_m": null,
        "coordinate_method": "official_local",
        "national_register_row": null,
        "latitude_raw": "42°19'49.8\"",
        "longitude_raw": "23°0'22,2\"",
        "coordinate_note": null,
        "status": "active",
        "reference_date": "2026-08-04"
      }
    },
    {
      "type": "Feature",
      "geometry": {
        "type": "Point",
        "coordinates": [
          23.00425,
          42.33283333
        ]
      },
      "properties": {
        "permit_number_date": "41520083/26.05.2017",
        "permit_number": 41520083.0,
        "canonical_code": "BG4G00001PG138",
        "holder": "Еко Био Земеделие ЕООД",
        "facility_name": "ТК-4",
        "facility_registration": null,
        "water_use_purpose": "За напояване на земеделски култури",
        "mean_discharge_lps": 1.0,
        "max_discharge_lps": 3.0,
        "daily_authorized_volume_m3": 87.34,
        "annual_authorized_volume_m3": 63762.0,
        "hydraulic_conductivity_m_day": null,
        "transmissivity_m2_day": null,
        "aquifer_thickness_m": null,
        "coordinate_method": "official_local",
        "national_register_row": null,
        "latitude_raw": "42°19'58.2\"",
        "longitude_raw": "23°0'15,3\"",
        "coordinate_note": null,
        "status": "active",
        "reference_date": "2026-08-04"
      }
    },
    {
      "type": "Feature",
      "geometry": {
        "type": "Point",
        "coordinates": [
          23.00043889,
          42.3356
        ]
      },
      "properties": {
        "permit_number_date": "41520120/08.07.2021",
        "permit_number": 41520120.0,
        "canonical_code": "BG4G00001PG138",
        "holder": "Орлин Димитров ЗП",
        "facility_name": "ШК",
        "facility_registration": "1086/30.11.2020",
        "water_use_purpose": "напояване на земеделски култури",
        "mean_discharge_lps": 0.2,
        "max_discharge_lps": 0.6,
        "daily_authorized_volume_m3": null,
        "annual_authorized_volume_m3": 6308.0,
        "hydraulic_conductivity_m_day": null,
        "transmissivity_m2_day": null,
        "aquifer_thickness_m": null,
        "coordinate_method": "official_local",
        "national_register_row": null,
        "latitude_raw": "42°20'8.16\"",
        "longitude_raw": "23°0'1.58\"",
        "coordinate_note": null,
        "status": "active",
        "reference_date": "2026-08-04"
      }
    },
    {
      "type": "Feature",
      "geometry": {
        "type": "Point",
        "coordinates": [
          23.05814167,
          42.26833611
        ]
      },
      "properties": {
        "permit_number_date": "41590269/14.10.2022",
        "permit_number": 41590269.0,
        "canonical_code": "BG4G00001PG138",
        "holder": "И ЕНД А ЕООД",
        "facility_name": "ТК",
        "facility_registration": "1107/19.03.2021",
        "water_use_purpose": "други цели",
        "mean_discharge_lps": 0.07,
        "max_discharge_lps": 5.0,
        "daily_authorized_volume_m3": null,
        "annual_authorized_volume_m3": 2219.0,
        "hydraulic_conductivity_m_day": null,
        "transmissivity_m2_day": null,
        "aquifer_thickness_m": null,
        "coordinate_method": "official_local",
        "national_register_row": null,
        "latitude_raw": "42°16'6.01\"",
        "longitude_raw": "23°3'29.31\"",
        "coordinate_note": null,
        "status": "active",
        "reference_date": "2026-08-04"
      }
    },
    {
      "type": "Feature",
      "geometry": {
        "type": "Point",
        "coordinates": [
          23.00283056,
          42.32412778
        ]
      },
      "properties": {
        "permit_number_date": "41520134/19.02.2024",
        "permit_number": 41520134.0,
        "canonical_code": "BG4G00001PG138",
        "holder": "ЗС О. А. Д.",
        "facility_name": "ТК-1",
        "facility_registration": "1121/31.05.2021",
        "water_use_purpose": "напояване на земеделски култури",
        "mean_discharge_lps": 0.3,
        "max_discharge_lps": 2.0,
        "daily_authorized_volume_m3": null,
        "annual_authorized_volume_m3": 9461.0,
        "hydraulic_conductivity_m_day": null,
        "transmissivity_m2_day": null,
        "aquifer_thickness_m": null,
        "coordinate_method": "official_local",
        "national_register_row": null,
        "latitude_raw": "42°19'26.86\"",
        "longitude_raw": "23°0'10.19\"",
        "coordinate_note": null,
        "status": "active",
        "reference_date": "2026-08-04"
      }
    },
    {
      "type": "Feature",
      "geometry": {
        "type": "Point",
        "coordinates": [
          22.93878611,
          42.32655833
        ]
      },
      "properties": {
        "permit_number_date": "41510632/12.08.2025",
        "permit_number": 41510632.0,
        "canonical_code": "BG4G00001PG138",
        "holder": "Кюстендилска вода ЕООД",
        "facility_name": "ШК \"Коркина\"",
        "facility_registration": "1427/08.04.2025",
        "water_use_purpose": "обществено питейно-битово водоснабдяване",
        "mean_discharge_lps": 0.188,
        "max_discharge_lps": 7.0,
        "daily_authorized_volume_m3": null,
        "annual_authorized_volume_m3": 5944.0,
        "hydraulic_conductivity_m_day": null,
        "transmissivity_m2_day": null,
        "aquifer_thickness_m": null,
        "coordinate_method": "official_local",
        "national_register_row": null,
        "latitude_raw": "42°19'35.61\"",
        "longitude_raw": "22°56'19.63\"",
        "coordinate_note": null,
        "status": "active",
        "reference_date": "2026-08-04"
      }
    },
    {
      "type": "Feature",
      "geometry": {
        "type": "Point",
        "coordinates": [
          22.96713889,
          42.65791667
        ]
      },
      "properties": {
        "permit_number_date": "41510282/27.10.2009",
        "permit_number": 41510282.0,
        "canonical_code": "BG4G00001PG238",
        "holder": "В и К ООД Перник",
        "facility_name": "ВС\"Извора\"",
        "facility_registration": "792/27.10.2009",
        "water_use_purpose": "питейно-битови",
        "mean_discharge_lps": 0.08,
        "max_discharge_lps": null,
        "daily_authorized_volume_m3": 6.9,
        "annual_authorized_volume_m3": 2513.0,
        "hydraulic_conductivity_m_day": null,
        "transmissivity_m2_day": null,
        "aquifer_thickness_m": null,
        "coordinate_method": "official_local",
        "national_register_row": null,
        "latitude_raw": "42° 39' 28,500\"",
        "longitude_raw": "22° 58' 1,700\"",
        "coordinate_note": null,
        "status": "active",
        "reference_date": "2026-08-04"
      }
    },
    {
      "type": "Feature",
      "geometry": {
        "type": "Point",
        "coordinates": [
          23.13280556,
          42.60866667
        ]
      },
      "properties": {
        "permit_number_date": "41510509/21.05.2015",
        "permit_number": 41510509.0,
        "canonical_code": "BG4G00001PG238",
        "holder": "ОМВ България ООД",
        "facility_name": "TK",
        "facility_registration": null,
        "water_use_purpose": "самостоятелно питейно-битови и други цели",
        "mean_discharge_lps": 0.5,
        "max_discharge_lps": 1.0,
        "daily_authorized_volume_m3": 43.2,
        "annual_authorized_volume_m3": 15768.0,
        "hydraulic_conductivity_m_day": 0.1,
        "transmissivity_m2_day": 5.0,
        "aquifer_thickness_m": 200.0,
        "coordinate_method": "official_local",
        "national_register_row": null,
        "latitude_raw": "42° 36' 31,200\"",
        "longitude_raw": "23° 7' 58,100\"",
        "coordinate_note": null,
        "status": "active",
        "reference_date": "2026-08-04"
      }
    },
    {
      "type": "Feature",
      "geometry": {
        "type": "Point",
        "coordinates": [
          23.1775,
          42.61777778
        ]
      },
      "properties": {
        "permit_number_date": "41590215/25.10.2018",
        "permit_number": 41590215.0,
        "canonical_code": "BG4G00001PG238",
        "holder": "Лукойл България ЕООД",
        "facility_name": "ТК-1- Лукойл Б36-Витоша",
        "facility_registration": "1058/20.08.2012",
        "water_use_purpose": "За други цели",
        "mean_discharge_lps": 0.5,
        "max_discharge_lps": 0.5,
        "daily_authorized_volume_m3": null,
        "annual_authorized_volume_m3": 15768.0,
        "hydraulic_conductivity_m_day": null,
        "transmissivity_m2_day": null,
        "aquifer_thickness_m": null,
        "coordinate_method": "official_local",
        "national_register_row": null,
        "latitude_raw": "42°37'4.'36\"",
        "longitude_raw": "23°10'39.'52\"",
        "coordinate_note": null,
        "status": "active",
        "reference_date": "2026-08-04"
      }
    },
    {
      "type": "Feature",
      "geometry": {
        "type": "Point",
        "coordinates": [
          23.09777778,
          42.61201389
        ]
      },
      "properties": {
        "permit_number_date": "41590244/01.12.2020",
        "permit_number": 41590244.0,
        "canonical_code": "BG4G00001PG238",
        "holder": "Лещански 08 ЕООД",
        "facility_name": "ШК-1",
        "facility_registration": "90/03.07.2002",
        "water_use_purpose": "За други-измиване на автомобили",
        "mean_discharge_lps": 0.1,
        "max_discharge_lps": 0.5,
        "daily_authorized_volume_m3": null,
        "annual_authorized_volume_m3": 3285.0,
        "hydraulic_conductivity_m_day": null,
        "transmissivity_m2_day": null,
        "aquifer_thickness_m": null,
        "coordinate_method": "official_local",
        "national_register_row": null,
        "latitude_raw": "42°36'43.25\"",
        "longitude_raw": "23°5'52\"",
        "coordinate_note": null,
        "status": "active",
        "reference_date": "2026-08-04"
      }
    },
    {
      "type": "Feature",
      "geometry": {
        "type": "Point",
        "coordinates": [
          23.094733,
          42.600206
        ]
      },
      "properties": {
        "permit_number_date": "41530121/19.05.2021",
        "permit_number": 41530121.0,
        "canonical_code": "BG4G00001PG238",
        "holder": "Стомана индъстри АД",
        "facility_name": "ТК",
        "facility_registration": "1280/23.02.2023",
        "water_use_purpose": "Охлаждане",
        "mean_discharge_lps": 0.6,
        "max_discharge_lps": 1.0,
        "daily_authorized_volume_m3": null,
        "annual_authorized_volume_m3": 18922.0,
        "hydraulic_conductivity_m_day": null,
        "transmissivity_m2_day": null,
        "aquifer_thickness_m": null,
        "coordinate_method": "official_national_crosscheck",
        "national_register_row": 1376.0,
        "latitude_raw": "42°36'74\"",
        "longitude_raw": "23°5'41.04\"",
        "coordinate_note": null,
        "status": "active",
        "reference_date": "2026-08-04"
      }
    },
    {
      "type": "Feature",
      "geometry": {
        "type": "Point",
        "coordinates": [
          23.04151389,
          42.61784167
        ]
      },
      "properties": {
        "permit_number_date": "41590298/11.09.2024",
        "permit_number": 41590298.0,
        "canonical_code": "BG4G00001PG238",
        "holder": "Автоелит ЕООД",
        "facility_name": "ТК-1",
        "facility_registration": "1382/28.02.2024",
        "water_use_purpose": "за други цели",
        "mean_discharge_lps": 0.035,
        "max_discharge_lps": 0.463,
        "daily_authorized_volume_m3": null,
        "annual_authorized_volume_m3": 1095.0,
        "hydraulic_conductivity_m_day": null,
        "transmissivity_m2_day": null,
        "aquifer_thickness_m": null,
        "coordinate_method": "official_local",
        "national_register_row": null,
        "latitude_raw": "42°37'4.23\"",
        "longitude_raw": "23°2'29.45\"",
        "coordinate_note": null,
        "status": "active",
        "reference_date": "2026-08-04"
      }
    },
    {
      "type": "Feature",
      "geometry": {
        "type": "Point",
        "coordinates": [
          23.09122739,
          42.60590096
        ]
      },
      "properties": {
        "permit_number_date": "41530133/26.11.2024",
        "permit_number": 41530133.0,
        "canonical_code": "BG4G00001PG238",
        "holder": "Софурбан ЕООД",
        "facility_name": "ТК-1",
        "facility_registration": "1134/02.12.2021",
        "water_use_purpose": "промишлени водоснабдяване",
        "mean_discharge_lps": 0.1,
        "max_discharge_lps": 0.33,
        "daily_authorized_volume_m3": 0.1,
        "annual_authorized_volume_m3": 3154.0,
        "hydraulic_conductivity_m_day": null,
        "transmissivity_m2_day": null,
        "aquifer_thickness_m": null,
        "coordinate_method": "official_local",
        "national_register_row": null,
        "latitude_raw": "42°36'21.24346\"",
        "longitude_raw": "23°05'28.41862\"",
        "coordinate_note": null,
        "status": "active",
        "reference_date": "2026-08-04"
      }
    },
    {
      "type": "Feature",
      "geometry": {
        "type": "Point",
        "coordinates": [
          23.04044772,
          42.61351864
        ]
      },
      "properties": {
        "permit_number_date": "41590303/02.12.2024",
        "permit_number": 41590303.0,
        "canonical_code": "BG4G00001PG238",
        "holder": "ЕТ Борис Михалков",
        "facility_name": "ТК",
        "facility_registration": "1236/08.12.2022",
        "water_use_purpose": "други цели",
        "mean_discharge_lps": 0.1,
        "max_discharge_lps": 0.4,
        "daily_authorized_volume_m3": 0.1,
        "annual_authorized_volume_m3": 2730.0,
        "hydraulic_conductivity_m_day": null,
        "transmissivity_m2_day": null,
        "aquifer_thickness_m": null,
        "coordinate_method": "official_local",
        "national_register_row": null,
        "latitude_raw": "42°36'48.66712\"",
        "longitude_raw": "23°02'25.61180\"",
        "coordinate_note": null,
        "status": "active",
        "reference_date": "2026-08-04"
      }
    },
    {
      "type": "Feature",
      "geometry": {
        "type": "Point",
        "coordinates": [
          23.26172222,
          41.87886111
        ]
      },
      "properties": {
        "permit_number_date": "41510087/11.05.2007",
        "permit_number": 41510087.0,
        "canonical_code": "BG4G1PZC2PG019",
        "holder": "В и К ЕООД Благоевград",
        "facility_name": "ВС\"Попова бука-1\"",
        "facility_registration": "505/11.05.2007",
        "water_use_purpose": "питейно-битови",
        "mean_discharge_lps": null,
        "max_discharge_lps": null,
        "daily_authorized_volume_m3": 86.3,
        "annual_authorized_volume_m3": 31500.0,
        "hydraulic_conductivity_m_day": null,
        "transmissivity_m2_day": null,
        "aquifer_thickness_m": null,
        "coordinate_method": "official_local",
        "national_register_row": null,
        "latitude_raw": "41°52'43.9\"",
        "longitude_raw": "23°15'42.2\"",
        "coordinate_note": null,
        "status": "active",
        "reference_date": "2026-08-04"
      }
    },
    {
      "type": "Feature",
      "geometry": {
        "type": "Point",
        "coordinates": [
          23.26097222,
          41.87816667
        ]
      },
      "properties": {
        "permit_number_date": "41510087/11.05.2007",
        "permit_number": 41510087.0,
        "canonical_code": "BG4G1PZC2PG019",
        "holder": "В и К ЕООД Благоевград",
        "facility_name": "ВС\"Попова бука-2\"",
        "facility_registration": "506/11.05.2007",
        "water_use_purpose": "питейно-битови",
        "mean_discharge_lps": null,
        "max_discharge_lps": null,
        "daily_authorized_volume_m3": null,
        "annual_authorized_volume_m3": null,
        "hydraulic_conductivity_m_day": null,
        "transmissivity_m2_day": null,
        "aquifer_thickness_m": null,
        "coordinate_method": "official_local",
        "national_register_row": null,
        "latitude_raw": "41°52'41.4\"",
        "longitude_raw": "23°15'39.5\"",
        "coordinate_note": null,
        "status": "active",
        "reference_date": "2026-08-04"
      }
    },
    {
      "type": "Feature",
      "geometry": {
        "type": "Point",
        "coordinates": [
          23.26111111,
          41.87788889
        ]
      },
      "properties": {
        "permit_number_date": "41510087/11.05.2007",
        "permit_number": 41510087.0,
        "canonical_code": "BG4G1PZC2PG019",
        "holder": "В и К ЕООД Благоевград",
        "facility_name": "ВС\"Попова бука-3\"",
        "facility_registration": "507/11.05.2007",
        "water_use_purpose": "питейно-битови",
        "mean_discharge_lps": null,
        "max_discharge_lps": null,
        "daily_authorized_volume_m3": null,
        "annual_authorized_volume_m3": null,
        "hydraulic_conductivity_m_day": null,
        "transmissivity_m2_day": null,
        "aquifer_thickness_m": null,
        "coordinate_method": "official_local",
        "national_register_row": null,
        "latitude_raw": "41°52'40.4\"",
        "longitude_raw": "23°15'40.0\"",
        "coordinate_note": null,
        "status": "active",
        "reference_date": "2026-08-04"
      }
    },
    {
      "type": "Feature",
      "geometry": {
        "type": "Point",
        "coordinates": [
          23.31166667,
          41.86066667
        ]
      },
      "properties": {
        "permit_number_date": "41510103/23.07.2007",
        "permit_number": 41510103.0,
        "canonical_code": "BG4G1PZC2PG019",
        "holder": "В и К ЕООД Благоевград",
        "facility_name": "ВС\"Засеците-1\"",
        "facility_registration": "556/23.07.2007",
        "water_use_purpose": "питейно-битови",
        "mean_discharge_lps": null,
        "max_discharge_lps": null,
        "daily_authorized_volume_m3": 1270.1,
        "annual_authorized_volume_m3": 463580.0,
        "hydraulic_conductivity_m_day": null,
        "transmissivity_m2_day": null,
        "aquifer_thickness_m": null,
        "coordinate_method": "official_local",
        "national_register_row": null,
        "latitude_raw": "41°51'38.4\"",
        "longitude_raw": "23°18'42.0\"",
        "coordinate_note": null,
        "status": "active",
        "reference_date": "2026-08-04"
      }
    },
    {
      "type": "Feature",
      "geometry": {
        "type": "Point",
        "coordinates": [
          23.31186111,
          41.86147222
        ]
      },
      "properties": {
        "permit_number_date": "41510103/23.07.2007",
        "permit_number": 41510103.0,
        "canonical_code": "BG4G1PZC2PG019",
        "holder": "В и К ЕООД Благоевград",
        "facility_name": "ВС\"Засеците-2\"",
        "facility_registration": "557/23.07.2007",
        "water_use_purpose": "питейно-битови",
        "mean_discharge_lps": null,
        "max_discharge_lps": null,
        "daily_authorized_volume_m3": null,
        "annual_authorized_volume_m3": null,
        "hydraulic_conductivity_m_day": null,
        "transmissivity_m2_day": null,
        "aquifer_thickness_m": null,
        "coordinate_method": "official_local",
        "national_register_row": null,
        "latitude_raw": "41°51'41.3\"",
        "longitude_raw": "23°18'42.7\"",
        "coordinate_note": null,
        "status": "active",
        "reference_date": "2026-08-04"
      }
    },
    {
      "type": "Feature",
      "geometry": {
        "type": "Point",
        "coordinates": [
          23.30738889,
          41.86186111
        ]
      },
      "properties": {
        "permit_number_date": "41510103/23.07.2007",
        "permit_number": 41510103.0,
        "canonical_code": "BG4G1PZC2PG019",
        "holder": "В и К ЕООД Благоевград",
        "facility_name": "ВС\"Засеците-3\"",
        "facility_registration": "558/23.07.2007",
        "water_use_purpose": "питейно-битови",
        "mean_discharge_lps": null,
        "max_discharge_lps": null,
        "daily_authorized_volume_m3": null,
        "annual_authorized_volume_m3": null,
        "hydraulic_conductivity_m_day": null,
        "transmissivity_m2_day": null,
        "aquifer_thickness_m": null,
        "coordinate_method": "official_local",
        "national_register_row": null,
        "latitude_raw": "41°51'42.7\"",
        "longitude_raw": "23°18'26.6\"",
        "coordinate_note": null,
        "status": "active",
        "reference_date": "2026-08-04"
      }
    },
    {
      "type": "Feature",
      "geometry": {
        "type": "Point",
        "coordinates": [
          23.30783333,
          41.86219444
        ]
      },
      "properties": {
        "permit_number_date": "41510103/23.07.2007",
        "permit_number": 41510103.0,
        "canonical_code": "BG4G1PZC2PG019",
        "holder": "В и К ЕООД Благоевград",
        "facility_name": "ВС\"Засеците-4\"",
        "facility_registration": "559/23.07.2007",
        "water_use_purpose": "питейно-битови",
        "mean_discharge_lps": null,
        "max_discharge_lps": null,
        "daily_authorized_volume_m3": null,
        "annual_authorized_volume_m3": null,
        "hydraulic_conductivity_m_day": null,
        "transmissivity_m2_day": null,
        "aquifer_thickness_m": null,
        "coordinate_method": "official_local",
        "national_register_row": null,
        "latitude_raw": "41°51'43.9\"",
        "longitude_raw": "23°18'28.2\"",
        "coordinate_note": null,
        "status": "active",
        "reference_date": "2026-08-04"
      }
    },
    {
      "type": "Feature",
      "geometry": {
        "type": "Point",
        "coordinates": [
          23.30752778,
          41.86222222
        ]
      },
      "properties": {
        "permit_number_date": "41510103/23.07.2007",
        "permit_number": 41510103.0,
        "canonical_code": "BG4G1PZC2PG019",
        "holder": "В и К ЕООД Благоевград",
        "facility_name": "ВС\"Засеците-5\"",
        "facility_registration": "560/23.07.2007",
        "water_use_purpose": "питейно-битови",
        "mean_discharge_lps": null,
        "max_discharge_lps": null,
        "daily_authorized_volume_m3": null,
        "annual_authorized_volume_m3": null,
        "hydraulic_conductivity_m_day": null,
        "transmissivity_m2_day": null,
        "aquifer_thickness_m": null,
        "coordinate_method": "official_local",
        "national_register_row": null,
        "latitude_raw": "41°51'44.0\"",
        "longitude_raw": "23°18'27.1\"",
        "coordinate_note": null,
        "status": "active",
        "reference_date": "2026-08-04"
      }
    },
    {
      "type": "Feature",
      "geometry": {
        "type": "Point",
        "coordinates": [
          23.30713889,
          41.86263889
        ]
      },
      "properties": {
        "permit_number_date": "41510103/23.07.2007",
        "permit_number": 41510103.0,
        "canonical_code": "BG4G1PZC2PG019",
        "holder": "В и К ЕООД Благоевград",
        "facility_name": "ВС\"Засеците-6\"",
        "facility_registration": "561/23.07.2007",
        "water_use_purpose": "питейно-битови",
        "mean_discharge_lps": null,
        "max_discharge_lps": null,
        "daily_authorized_volume_m3": null,
        "annual_authorized_volume_m3": null,
        "hydraulic_conductivity_m_day": null,
        "transmissivity_m2_day": null,
        "aquifer_thickness_m": null,
        "coordinate_method": "official_local",
        "national_register_row": null,
        "latitude_raw": "41°51'45.5\"",
        "longitude_raw": "23°18'25.7\"",
        "coordinate_note": null,
        "status": "active",
        "reference_date": "2026-08-04"
      }
    },
    {
      "type": "Feature",
      "geometry": {
        "type": "Point",
        "coordinates": [
          23.30691667,
          41.86283333
        ]
      },
      "properties": {
        "permit_number_date": "41510103/23.07.2007",
        "permit_number": 41510103.0,
        "canonical_code": "BG4G1PZC2PG019",
        "holder": "В и К ЕООД Благоевград",
        "facility_name": "ВС\"Засеците-7\"",
        "facility_registration": "562/23.07.2007",
        "water_use_purpose": "питейно-битови",
        "mean_discharge_lps": null,
        "max_discharge_lps": null,
        "daily_authorized_volume_m3": null,
        "annual_authorized_volume_m3": null,
        "hydraulic_conductivity_m_day": null,
        "transmissivity_m2_day": null,
        "aquifer_thickness_m": null,
        "coordinate_method": "official_local",
        "national_register_row": null,
        "latitude_raw": "41°51'46.2\"",
        "longitude_raw": "23°18'24.9\"",
        "coordinate_note": null,
        "status": "active",
        "reference_date": "2026-08-04"
      }
    },
    {
      "type": "Feature",
      "geometry": {
        "type": "Point",
        "coordinates": [
          23.30666667,
          41.86269444
        ]
      },
      "properties": {
        "permit_number_date": "41510103/23.07.2007",
        "permit_number": 41510103.0,
        "canonical_code": "BG4G1PZC2PG019",
        "holder": "В и К ЕООД Благоевград",
        "facility_name": "ВС\"Засеците-8\"",
        "facility_registration": "563/23.07.2007",
        "water_use_purpose": "питейно-битови",
        "mean_discharge_lps": null,
        "max_discharge_lps": null,
        "daily_authorized_volume_m3": null,
        "annual_authorized_volume_m3": null,
        "hydraulic_conductivity_m_day": null,
        "transmissivity_m2_day": null,
        "aquifer_thickness_m": null,
        "coordinate_method": "official_local",
        "national_register_row": null,
        "latitude_raw": "41°51'45.7\"",
        "longitude_raw": "23°18'24.0\"",
        "coordinate_note": null,
        "status": "active",
        "reference_date": "2026-08-04"
      }
    },
    {
      "type": "Feature",
      "geometry": {
        "type": "Point",
        "coordinates": [
          23.57633333,
          41.65127778
        ]
      },
      "properties": {
        "permit_number_date": "41510086/09.12.2010",
        "permit_number": 41510086.0,
        "canonical_code": "BG4G1PZC2PG019",
        "holder": "В и К ЕООД Благоевград",
        "facility_name": "ВС\"Бараката-1\"",
        "facility_registration": "498/03.04.2007",
        "water_use_purpose": "питейно-битови цели",
        "mean_discharge_lps": 3.17,
        "max_discharge_lps": null,
        "daily_authorized_volume_m3": null,
        "annual_authorized_volume_m3": 99969.12,
        "hydraulic_conductivity_m_day": null,
        "transmissivity_m2_day": null,
        "aquifer_thickness_m": null,
        "coordinate_method": "official_local",
        "national_register_row": null,
        "latitude_raw": "41°39'4,6\"",
        "longitude_raw": "23°34'34,8\"",
        "coordinate_note": null,
        "status": "active",
        "reference_date": "2026-08-04"
      }
    },
    {
      "type": "Feature",
      "geometry": {
        "type": "Point",
        "coordinates": [
          23.57622222,
          41.65147222
        ]
      },
      "properties": {
        "permit_number_date": "41510086/09.12.2010",
        "permit_number": 41510086.0,
        "canonical_code": "BG4G1PZC2PG019",
        "holder": "В и К ЕООД Благоевград",
        "facility_name": "ВС\"Бараката-2\"",
        "facility_registration": "499/03.04.2007",
        "water_use_purpose": "питейно-битови цели",
        "mean_discharge_lps": null,
        "max_discharge_lps": null,
        "daily_authorized_volume_m3": null,
        "annual_authorized_volume_m3": null,
        "hydraulic_conductivity_m_day": null,
        "transmissivity_m2_day": null,
        "aquifer_thickness_m": null,
        "coordinate_method": "official_local",
        "national_register_row": null,
        "latitude_raw": "41°39'5,3\"",
        "longitude_raw": "23°34'34,4\"",
        "coordinate_note": null,
        "status": "active",
        "reference_date": "2026-08-04"
      }
    },
    {
      "type": "Feature",
      "geometry": {
        "type": "Point",
        "coordinates": [
          23.57620556,
          41.65138889
        ]
      },
      "properties": {
        "permit_number_date": "41510086/09.12.2010",
        "permit_number": 41510086.0,
        "canonical_code": "BG4G1PZC2PG019",
        "holder": "В и К ЕООД Благоевград",
        "facility_name": "ВС\"Бараката-3\"",
        "facility_registration": "500/03.04.2007",
        "water_use_purpose": "питейно-битови цели",
        "mean_discharge_lps": null,
        "max_discharge_lps": null,
        "daily_authorized_volume_m3": null,
        "annual_authorized_volume_m3": null,
        "hydraulic_conductivity_m_day": null,
        "transmissivity_m2_day": null,
        "aquifer_thickness_m": null,
        "coordinate_method": "official_local",
        "national_register_row": null,
        "latitude_raw": "41°39'5,0\"",
        "longitude_raw": "23°34'34,34\"",
        "coordinate_note": null,
        "status": "active",
        "reference_date": "2026-08-04"
      }
    },
    {
      "type": "Feature",
      "geometry": {
        "type": "Point",
        "coordinates": [
          23.35372694,
          41.85761778
        ]
      },
      "properties": {
        "permit_number_date": "41510346/24.01.2012",
        "permit_number": 41510346.0,
        "canonical_code": "BG4G1PZC2PG019",
        "holder": "Еко ботълс ЕООД",
        "facility_name": "ВС\"Калугерица-каптаж 3\"",
        "facility_registration": "240/14.03.2005",
        "water_use_purpose": "питейно-битови цели/бутилиране на трапезна вода/",
        "mean_discharge_lps": 1.0,
        "max_discharge_lps": null,
        "daily_authorized_volume_m3": 60.0,
        "annual_authorized_volume_m3": 24000.0,
        "hydraulic_conductivity_m_day": null,
        "transmissivity_m2_day": null,
        "aquifer_thickness_m": null,
        "coordinate_method": "official_local",
        "national_register_row": null,
        "latitude_raw": "41° 51' 27,424\"",
        "longitude_raw": "23° 21' 13,417\"",
        "coordinate_note": null,
        "status": "active",
        "reference_date": "2026-08-04"
      }
    },
    {
      "type": "Feature",
      "geometry": {
        "type": "Point",
        "coordinates": [
          23.58355306,
          41.64505528
        ]
      },
      "properties": {
        "permit_number_date": "41510355/02.04.2012",
        "permit_number": 41510355.0,
        "canonical_code": "BG4G1PZC2PG019",
        "holder": "В и К ЕООД Благоевград",
        "facility_name": "ВС\"Софията-резервен 1\"",
        "facility_registration": "387/24.01.2007",
        "water_use_purpose": "питейно-битови",
        "mean_discharge_lps": 3.17,
        "max_discharge_lps": null,
        "daily_authorized_volume_m3": null,
        "annual_authorized_volume_m3": 100000.0,
        "hydraulic_conductivity_m_day": null,
        "transmissivity_m2_day": null,
        "aquifer_thickness_m": null,
        "coordinate_method": "official_local",
        "national_register_row": null,
        "latitude_raw": "41° 38' 42,199\"",
        "longitude_raw": "23° 35' 0,791\"",
        "coordinate_note": null,
        "status": "active",
        "reference_date": "2026-08-04"
      }
    },
    {
      "type": "Feature",
      "geometry": {
        "type": "Point",
        "coordinates": [
          23.58355889,
          41.6448375
        ]
      },
      "properties": {
        "permit_number_date": "41510355/02.04.2012",
        "permit_number": 41510355.0,
        "canonical_code": "BG4G1PZC2PG019",
        "holder": "В и К ЕООД Благоевград",
        "facility_name": "ВС\"Софията-резервен 2\"",
        "facility_registration": "388/24.01.2007",
        "water_use_purpose": "питейно-битови",
        "mean_discharge_lps": null,
        "max_discharge_lps": null,
        "daily_authorized_volume_m3": null,
        "annual_authorized_volume_m3": null,
        "hydraulic_conductivity_m_day": null,
        "transmissivity_m2_day": null,
        "aquifer_thickness_m": null,
        "coordinate_method": "official_local",
        "national_register_row": null,
        "latitude_raw": "41° 38' 41,415\"",
        "longitude_raw": "23° 35' 0,812\"",
        "coordinate_note": null,
        "status": "active",
        "reference_date": "2026-08-04"
      }
    },
    {
      "type": "Feature",
      "geometry": {
        "type": "Point",
        "coordinates": [
          23.58356139,
          41.64494556
        ]
      },
      "properties": {
        "permit_number_date": "41510355/02.04.2012",
        "permit_number": 41510355.0,
        "canonical_code": "BG4G1PZC2PG019",
        "holder": "В и К ЕООД Благоевград",
        "facility_name": "ВС\"Софията-резервен 3\"",
        "facility_registration": "389/24.01.2007",
        "water_use_purpose": "питейно-битови",
        "mean_discharge_lps": null,
        "max_discharge_lps": null,
        "daily_authorized_volume_m3": null,
        "annual_authorized_volume_m3": null,
        "hydraulic_conductivity_m_day": null,
        "transmissivity_m2_day": null,
        "aquifer_thickness_m": null,
        "coordinate_method": "official_local",
        "national_register_row": null,
        "latitude_raw": "41° 38' 41,804\"",
        "longitude_raw": "23° 35' 0,821\"",
        "coordinate_note": null,
        "status": "active",
        "reference_date": "2026-08-04"
      }
    },
    {
      "type": "Feature",
      "geometry": {
        "type": "Point",
        "coordinates": [
          23.52336111,
          41.76361111
        ]
      },
      "properties": {
        "permit_number_date": "41510356/14.05.2012",
        "permit_number": 41510356.0,
        "canonical_code": "BG4G1PZC2PG019",
        "holder": "В и К ЕООД Благоевград",
        "facility_name": "Каптаж\"Липев пожар\"",
        "facility_registration": "288/25.04.2005",
        "water_use_purpose": "питейно-битови",
        "mean_discharge_lps": 2.2,
        "max_discharge_lps": 7.0,
        "daily_authorized_volume_m3": 186.0,
        "annual_authorized_volume_m3": 68000.0,
        "hydraulic_conductivity_m_day": null,
        "transmissivity_m2_day": null,
        "aquifer_thickness_m": null,
        "coordinate_method": "official_local",
        "national_register_row": null,
        "latitude_raw": "41°45'49,0\"",
        "longitude_raw": "23°31'24,1\"",
        "coordinate_note": null,
        "status": "active",
        "reference_date": "2026-08-04"
      }
    },
    {
      "type": "Feature",
      "geometry": {
        "type": "Point",
        "coordinates": [
          23.56391667,
          41.70891667
        ]
      },
      "properties": {
        "permit_number_date": "41510382/08.01.2013",
        "permit_number": 41510382.0,
        "canonical_code": "BG4G1PZC2PG019",
        "holder": "Община Банско",
        "facility_name": "КЕИ\"Сарафимов чарк\"",
        "facility_registration": "287/21.04.2005",
        "water_use_purpose": "питейно-битови",
        "mean_discharge_lps": 1.8,
        "max_discharge_lps": 2.78,
        "daily_authorized_volume_m3": 155.62,
        "annual_authorized_volume_m3": 56800.0,
        "hydraulic_conductivity_m_day": null,
        "transmissivity_m2_day": null,
        "aquifer_thickness_m": null,
        "coordinate_method": "official_local",
        "national_register_row": null,
        "latitude_raw": "41°42'32.1\"",
        "longitude_raw": "23°33'50.1\"",
        "coordinate_note": null,
        "status": "active",
        "reference_date": "2026-08-04"
      }
    },
    {
      "type": "Feature",
      "geometry": {
        "type": "Point",
        "coordinates": [
          23.37194444,
          41.65583333
        ]
      },
      "properties": {
        "permit_number_date": "41590212/26.06.2018",
        "permit_number": 41590212.0,
        "canonical_code": "BG4G1PZC2PG019",
        "holder": "БЕТОН ЕООД",
        "facility_name": "ШК-1",
        "facility_registration": "1259/23.02.2023",
        "water_use_purpose": "За други цели",
        "mean_discharge_lps": 0.28,
        "max_discharge_lps": 2.2,
        "daily_authorized_volume_m3": 24.2,
        "annual_authorized_volume_m3": 4400.0,
        "hydraulic_conductivity_m_day": null,
        "transmissivity_m2_day": null,
        "aquifer_thickness_m": null,
        "coordinate_method": "official_local",
        "national_register_row": null,
        "latitude_raw": "41°39'21.'7\"",
        "longitude_raw": "23°22'19.'6\"",
        "coordinate_note": null,
        "status": "active",
        "reference_date": "2026-08-04"
      }
    },
    {
      "type": "Feature",
      "geometry": {
        "type": "Point",
        "coordinates": [
          23.40916667,
          41.58116389
        ]
      },
      "properties": {
        "permit_number_date": "41510566/10.12.2018",
        "permit_number": 41510566.0,
        "canonical_code": "BG4G1PZC2PG019",
        "holder": "Увекс ЕООД Сандански",
        "facility_name": "ВС \"Дъбовица\" (Каптаж на извор)",
        "facility_registration": "1061/08.06.2018",
        "water_use_purpose": "За питейно-битово водоснабдяване",
        "mean_discharge_lps": 0.14,
        "max_discharge_lps": null,
        "daily_authorized_volume_m3": null,
        "annual_authorized_volume_m3": 4438.4,
        "hydraulic_conductivity_m_day": null,
        "transmissivity_m2_day": null,
        "aquifer_thickness_m": null,
        "coordinate_method": "official_local",
        "national_register_row": null,
        "latitude_raw": "41°34'52.19\"",
        "longitude_raw": "23°24'33.'65\"",
        "coordinate_note": null,
        "status": "active",
        "reference_date": "2026-08-04"
      }
    },
    {
      "type": "Feature",
      "geometry": {
        "type": "Point",
        "coordinates": [
          23.46091667,
          41.7705
        ]
      },
      "properties": {
        "permit_number_date": "41510585/30.09.2020",
        "permit_number": 41510585.0,
        "canonical_code": "BG4G1PZC2PG019",
        "holder": "Община Банско",
        "facility_name": "КЕИ \"Караманица-2\"",
        "facility_registration": "256/30.03.2005",
        "water_use_purpose": "питейно-битово водоснабдяване",
        "mean_discharge_lps": 9.5,
        "max_discharge_lps": null,
        "daily_authorized_volume_m3": null,
        "annual_authorized_volume_m3": null,
        "hydraulic_conductivity_m_day": null,
        "transmissivity_m2_day": null,
        "aquifer_thickness_m": null,
        "coordinate_method": "official_local",
        "national_register_row": null,
        "latitude_raw": "41°46'13.8\"",
        "longitude_raw": "23°27'39.3\"",
        "coordinate_note": null,
        "status": "active",
        "reference_date": "2026-08-04"
      }
    },
    {
      "type": "Feature",
      "geometry": {
        "type": "Point",
        "coordinates": [
          23.46072222,
          41.77061111
        ]
      },
      "properties": {
        "permit_number_date": "41510585/30.09.2020",
        "permit_number": 41510585.0,
        "canonical_code": "BG4G1PZC2PG019",
        "holder": "Община Банско",
        "facility_name": "КЕИ \"Караманица-3\"",
        "facility_registration": "257/30.03.2005",
        "water_use_purpose": "питейно-битово водоснабдяване",
        "mean_discharge_lps": 7.0,
        "max_discharge_lps": null,
        "daily_authorized_volume_m3": null,
        "annual_authorized_volume_m3": 520344.0,
        "hydraulic_conductivity_m_day": null,
        "transmissivity_m2_day": null,
        "aquifer_thickness_m": null,
        "coordinate_method": "official_local",
        "national_register_row": null,
        "latitude_raw": "41°46'14.2\"",
        "longitude_raw": "23°27'38.6\"",
        "coordinate_note": null,
        "status": "active",
        "reference_date": "2026-08-04"
      }
    },
    {
      "type": "Feature",
      "geometry": {
        "type": "Point",
        "coordinates": [
          23.57633333,
          41.65127778
        ]
      },
      "properties": {
        "permit_number_date": "41590267/30.08.2022",
        "permit_number": 41590267.0,
        "canonical_code": "BG4G1PZC2PG019",
        "holder": "Пирин спринг АД",
        "facility_name": "Каптиран извор \"Бараката-1\"",
        "facility_registration": "498/03.04.2007",
        "water_use_purpose": "самостоятелно питейно-битово водоснабдяване, когато отнетата вода се ползва за бутилиране на изворна вода",
        "mean_discharge_lps": 4.5,
        "max_discharge_lps": 4.5,
        "daily_authorized_volume_m3": null,
        "annual_authorized_volume_m3": 141912.0,
        "hydraulic_conductivity_m_day": null,
        "transmissivity_m2_day": null,
        "aquifer_thickness_m": null,
        "coordinate_method": "official_local",
        "national_register_row": null,
        "latitude_raw": "41°39'04.6\"",
        "longitude_raw": "23°34'34.8\"",
        "coordinate_note": null,
        "status": "active",
        "reference_date": "2026-08-04"
      }
    },
    {
      "type": "Feature",
      "geometry": {
        "type": "Point",
        "coordinates": [
          23.57622222,
          41.65147222
        ]
      },
      "properties": {
        "permit_number_date": "41590267/30.08.2022",
        "permit_number": 41590267.0,
        "canonical_code": "BG4G1PZC2PG019",
        "holder": "Пирин спринг АД",
        "facility_name": "Каптиран извор \"Бараката-2\"",
        "facility_registration": "499/03.04.2007",
        "water_use_purpose": "самостоятелно питейно-битово водоснабдяване, когато отнетата вода се ползва за бутилиране на изворна вода",
        "mean_discharge_lps": null,
        "max_discharge_lps": null,
        "daily_authorized_volume_m3": null,
        "annual_authorized_volume_m3": null,
        "hydraulic_conductivity_m_day": null,
        "transmissivity_m2_day": null,
        "aquifer_thickness_m": null,
        "coordinate_method": "official_local",
        "national_register_row": null,
        "latitude_raw": "41°39'05.3\"",
        "longitude_raw": "23°34'34.4\"",
        "coordinate_note": null,
        "status": "active",
        "reference_date": "2026-08-04"
      }
    },
    {
      "type": "Feature",
      "geometry": {
        "type": "Point",
        "coordinates": [
          23.57611111,
          41.65138889
        ]
      },
      "properties": {
        "permit_number_date": "41590267/30.08.2022",
        "permit_number": 41590267.0,
        "canonical_code": "BG4G1PZC2PG019",
        "holder": "Пирин спринг АД",
        "facility_name": "Каптиран извор \"Бараката-3\"",
        "facility_registration": "500/03.04.2007",
        "water_use_purpose": "самостоятелно питейно-битово водоснабдяване, когато отнетата вода се ползва за бутилиране на изворна вода",
        "mean_discharge_lps": null,
        "max_discharge_lps": null,
        "daily_authorized_volume_m3": null,
        "annual_authorized_volume_m3": null,
        "hydraulic_conductivity_m_day": null,
        "transmissivity_m2_day": null,
        "aquifer_thickness_m": null,
        "coordinate_method": "official_local",
        "national_register_row": null,
        "latitude_raw": "41°39'05.0\"",
        "longitude_raw": "23°34'34.0\"",
        "coordinate_note": null,
        "status": "active",
        "reference_date": "2026-08-04"
      }
    },
    {
      "type": "Feature",
      "geometry": {
        "type": "Point",
        "coordinates": [
          23.41324444,
          41.68169444
        ]
      },
      "properties": {
        "permit_number_date": "41590288/25.01.2024",
        "permit_number": 41590288.0,
        "canonical_code": "BG4G1PZC2PG019",
        "holder": "Енерго-про България ЕАД",
        "facility_name": "КЕИ \"Мозговица\"",
        "facility_registration": "1127/20.07.2021",
        "water_use_purpose": "други цели",
        "mean_discharge_lps": 0.008,
        "max_discharge_lps": null,
        "daily_authorized_volume_m3": null,
        "annual_authorized_volume_m3": 264.0,
        "hydraulic_conductivity_m_day": null,
        "transmissivity_m2_day": null,
        "aquifer_thickness_m": null,
        "coordinate_method": "official_local",
        "national_register_row": null,
        "latitude_raw": "41°40'54.1\"",
        "longitude_raw": "23°24'47.68\"",
        "coordinate_note": null,
        "status": "active",
        "reference_date": "2026-08-04"
      }
    },
    {
      "type": "Feature",
      "geometry": {
        "type": "Point",
        "coordinates": [
          23.51668056,
          41.76439167
        ]
      },
      "properties": {
        "permit_number_date": "41510607/15.04.2024",
        "permit_number": 41510607.0,
        "canonical_code": "BG4G1PZC2PG019",
        "holder": "Община Банско",
        "facility_name": "КЕИ \"Шолай\"",
        "facility_registration": "1201/01.11.2022",
        "water_use_purpose": "обществено питейно-битово водоснабдяване",
        "mean_discharge_lps": 5.0,
        "max_discharge_lps": null,
        "daily_authorized_volume_m3": null,
        "annual_authorized_volume_m3": 157680.0,
        "hydraulic_conductivity_m_day": null,
        "transmissivity_m2_day": null,
        "aquifer_thickness_m": null,
        "coordinate_method": "official_local",
        "national_register_row": null,
        "latitude_raw": "41°45'51.81\"",
        "longitude_raw": "23°31'00.05\"",
        "coordinate_note": null,
        "status": "active",
        "reference_date": "2026-08-04"
      }
    },
    {
      "type": "Feature",
      "geometry": {
        "type": "Point",
        "coordinates": [
          23.4156832,
          41.7566786
        ]
      },
      "properties": {
        "permit_number_date": "41510668/18.06.2026",
        "permit_number": 41510668.0,
        "canonical_code": "BG4G1PZC2PG019",
        "holder": "НСА Васил Левски",
        "facility_name": "КЕИ \"Вихрен\"",
        "facility_registration": "1203/01.11.2022",
        "water_use_purpose": "самостоятелно питейно-битово водоснабдяване, когато отнетата вода се ползва за питейно-битови цели",
        "mean_discharge_lps": 0.2,
        "max_discharge_lps": null,
        "daily_authorized_volume_m3": null,
        "annual_authorized_volume_m3": 6307.0,
        "hydraulic_conductivity_m_day": null,
        "transmissivity_m2_day": null,
        "aquifer_thickness_m": null,
        "coordinate_method": "sondi_derived_centroid_of_official_national_points",
        "national_register_row": 1605.0,
        "latitude_raw": "Каптажна шахта с точки на четирите ъгъла Каптажна шахта т.1- 41°45'24.05\" Каптажна шахта т.2- 41°45'24.086\" Каптажна шахта т.3- 41°45'23.901\" Каптажна шахта т.3- 41°45'23.866\"",
        "longitude_raw": "Каптажна шахта с точки на четирите ъгъла Каптажна шахта т.1- 23°24'56.434\" Каптажна шахта т.2- 23°24'56.643\" Каптажна шахта т.3- 23°24'56.698\" Каптажна шахта т.4- 23°24'56.488\"",
        "coordinate_note": null,
        "status": "active",
        "reference_date": "2026-08-04"
      }
    },
    {
      "type": "Feature",
      "geometry": {
        "type": "Point",
        "coordinates": [
          23.62638889,
          42.08363889
        ]
      },
      "properties": {
        "permit_number_date": "41510055/27.03.2007",
        "permit_number": 41510055.0,
        "canonical_code": "BG4G001PZC2021",
        "holder": "В и К ЕООД Благоевград",
        "facility_name": "ВС\"Трещеник-1\"",
        "facility_registration": "444/27.03.2007",
        "water_use_purpose": "питейно-битови",
        "mean_discharge_lps": null,
        "max_discharge_lps": null,
        "daily_authorized_volume_m3": 283.6,
        "annual_authorized_volume_m3": 213000.0,
        "hydraulic_conductivity_m_day": 6.6,
        "transmissivity_m2_day": 11.9,
        "aquifer_thickness_m": null,
        "coordinate_method": "official_local",
        "national_register_row": null,
        "latitude_raw": "42°05'01,100\"",
        "longitude_raw": "23°37'35,000\"",
        "coordinate_note": null,
        "status": "active",
        "reference_date": "2026-08-04"
      }
    },
    {
      "type": "Feature",
      "geometry": {
        "type": "Point",
        "coordinates": [
          23.62547222,
          42.08377778
        ]
      },
      "properties": {
        "permit_number_date": "41510055/27.03.2007",
        "permit_number": 41510055.0,
        "canonical_code": "BG4G001PZC2021",
        "holder": "В и К ЕООД Благоевград",
        "facility_name": "ВС\"Трещеник-2\"",
        "facility_registration": "445/27.03.2007",
        "water_use_purpose": "питейно-битови",
        "mean_discharge_lps": null,
        "max_discharge_lps": null,
        "daily_authorized_volume_m3": null,
        "annual_authorized_volume_m3": null,
        "hydraulic_conductivity_m_day": 15.03,
        "transmissivity_m2_day": 45.1,
        "aquifer_thickness_m": null,
        "coordinate_method": "official_local",
        "national_register_row": null,
        "latitude_raw": "42°05'01,600\"",
        "longitude_raw": "23°37'31,700\"",
        "coordinate_note": null,
        "status": "active",
        "reference_date": "2026-08-04"
      }
    },
    {
      "type": "Feature",
      "geometry": {
        "type": "Point",
        "coordinates": [
          23.62586111,
          42.08327778
        ]
      },
      "properties": {
        "permit_number_date": "41510055/27.03.2007",
        "permit_number": 41510055.0,
        "canonical_code": "BG4G001PZC2021",
        "holder": "В и К ЕООД Благоевград",
        "facility_name": "ВС\"Трещеник-3\"",
        "facility_registration": "446/27.03.2007",
        "water_use_purpose": "питейно-битови",
        "mean_discharge_lps": null,
        "max_discharge_lps": null,
        "daily_authorized_volume_m3": null,
        "annual_authorized_volume_m3": null,
        "hydraulic_conductivity_m_day": 97.6,
        "transmissivity_m2_day": 1025.0,
        "aquifer_thickness_m": null,
        "coordinate_method": "official_local",
        "national_register_row": null,
        "latitude_raw": "42°04'59,800\"",
        "longitude_raw": "23°37'33,100\"",
        "coordinate_note": null,
        "status": "active",
        "reference_date": "2026-08-04"
      }
    },
    {
      "type": "Feature",
      "geometry": {
        "type": "Point",
        "coordinates": [
          23.63130556,
          42.08322222
        ]
      },
      "properties": {
        "permit_number_date": "41510055/27.03.2007",
        "permit_number": 41510055.0,
        "canonical_code": "BG4G001PZC2021",
        "holder": "В и К ЕООД Благоевград",
        "facility_name": "ВС\"Нехтенски чучур\"",
        "facility_registration": "447/27.03.2007",
        "water_use_purpose": "питейно-битови",
        "mean_discharge_lps": null,
        "max_discharge_lps": null,
        "daily_authorized_volume_m3": null,
        "annual_authorized_volume_m3": null,
        "hydraulic_conductivity_m_day": 241.7,
        "transmissivity_m2_day": 1440.0,
        "aquifer_thickness_m": null,
        "coordinate_method": "official_local",
        "national_register_row": null,
        "latitude_raw": "42°04'59,600\"",
        "longitude_raw": "23°37'52,700\"",
        "coordinate_note": null,
        "status": "active",
        "reference_date": "2026-08-04"
      }
    },
    {
      "type": "Feature",
      "geometry": {
        "type": "Point",
        "coordinates": [
          23.14322222,
          41.98708333
        ]
      },
      "properties": {
        "permit_number_date": "41510059/28.03.2007",
        "permit_number": 41510059.0,
        "canonical_code": "BG4G001PZC2021",
        "holder": "В и К ЕООД Благоевград",
        "facility_name": "ВС\"Дерето\"",
        "facility_registration": "464/28.03.2007",
        "water_use_purpose": "питейно-битови",
        "mean_discharge_lps": null,
        "max_discharge_lps": null,
        "daily_authorized_volume_m3": 129.6,
        "annual_authorized_volume_m3": 47300.0,
        "hydraulic_conductivity_m_day": null,
        "transmissivity_m2_day": null,
        "aquifer_thickness_m": null,
        "coordinate_method": "official_local",
        "national_register_row": null,
        "latitude_raw": "41°59'13,5",
        "longitude_raw": "23°08'35,6",
        "coordinate_note": null,
        "status": "active",
        "reference_date": "2026-08-04"
      }
    },
    {
      "type": "Feature",
      "geometry": {
        "type": "Point",
        "coordinates": [
          23.14322222,
          41.98708333
        ]
      },
      "properties": {
        "permit_number_date": "41510059/28.03.2007",
        "permit_number": 41510059.0,
        "canonical_code": "BG4G001PZC2021",
        "holder": "В и К ЕООД Благоевград",
        "facility_name": "ВС\"Дерето-асфалтова база\"",
        "facility_registration": "465/28.03.2007",
        "water_use_purpose": "питейно-битови",
        "mean_discharge_lps": null,
        "max_discharge_lps": null,
        "daily_authorized_volume_m3": null,
        "annual_authorized_volume_m3": null,
        "hydraulic_conductivity_m_day": null,
        "transmissivity_m2_day": null,
        "aquifer_thickness_m": null,
        "coordinate_method": "official_local",
        "national_register_row": null,
        "latitude_raw": "41°59'13,5",
        "longitude_raw": "23°08'35,6",
        "coordinate_note": null,
        "status": "active",
        "reference_date": "2026-08-04"
      }
    },
    {
      "type": "Feature",
      "geometry": {
        "type": "Point",
        "coordinates": [
          23.13755556,
          42.00086111
        ]
      },
      "properties": {
        "permit_number_date": "41510077/30.03.2007",
        "permit_number": 41510077.0,
        "canonical_code": "BG4G001PZC2021",
        "holder": "В и К ЕООД Благоевград",
        "facility_name": "ВС\"Бресто-2\"",
        "facility_registration": "478/30.03.2007",
        "water_use_purpose": "питейно-битови",
        "mean_discharge_lps": null,
        "max_discharge_lps": null,
        "daily_authorized_volume_m3": 8.63,
        "annual_authorized_volume_m3": 3150.0,
        "hydraulic_conductivity_m_day": null,
        "transmissivity_m2_day": null,
        "aquifer_thickness_m": null,
        "coordinate_method": "official_local",
        "national_register_row": null,
        "latitude_raw": "42°00'3,1\"",
        "longitude_raw": "23°08'15,2\"",
        "coordinate_note": null,
        "status": "active",
        "reference_date": "2026-08-04"
      }
    },
    {
      "type": "Feature",
      "geometry": {
        "type": "Point",
        "coordinates": [
          23.12705556,
          42.51227778
        ]
      },
      "properties": {
        "permit_number_date": "41510075/30.03.2007",
        "permit_number": 41510075.0,
        "canonical_code": "BG4G001PZC2021",
        "holder": "В и К ЕООД Благоевград",
        "facility_name": "ВС\"ПС-Баража\"",
        "facility_registration": "480/30.03.2007",
        "water_use_purpose": "питейно-битови",
        "mean_discharge_lps": null,
        "max_discharge_lps": null,
        "daily_authorized_volume_m3": 328.8,
        "annual_authorized_volume_m3": 120000.0,
        "hydraulic_conductivity_m_day": null,
        "transmissivity_m2_day": null,
        "aquifer_thickness_m": null,
        "coordinate_method": "official_local",
        "national_register_row": null,
        "latitude_raw": "42°30'44,2\"",
        "longitude_raw": "23°07'37,4\"",
        "coordinate_note": null,
        "status": "active",
        "reference_date": "2026-08-04"
      }
    },
    {
      "type": "Feature",
      "geometry": {
        "type": "Point",
        "coordinates": [
          23.20311111,
          41.63080556
        ]
      },
      "properties": {
        "permit_number_date": "41510072/30.03.2007",
        "permit_number": 41510072.0,
        "canonical_code": "BG4G001PZC2021",
        "holder": "В и К ЕООД Благоевград",
        "facility_name": "ВС\"Бачиново\"",
        "facility_registration": "487/30.03.2007",
        "water_use_purpose": "питейно-битови",
        "mean_discharge_lps": null,
        "max_discharge_lps": null,
        "daily_authorized_volume_m3": 301.4,
        "annual_authorized_volume_m3": 110000.0,
        "hydraulic_conductivity_m_day": null,
        "transmissivity_m2_day": null,
        "aquifer_thickness_m": null,
        "coordinate_method": "official_local",
        "national_register_row": null,
        "latitude_raw": "41°37'50,9\"",
        "longitude_raw": "23°12'11,2\"",
        "coordinate_note": null,
        "status": "active",
        "reference_date": "2026-08-04"
      }
    },
    {
      "type": "Feature",
      "geometry": {
        "type": "Point",
        "coordinates": [
          23.12754056,
          42.20473639
        ]
      },
      "properties": {
        "permit_number_date": "41510083/03.04.2007",
        "permit_number": 41510083.0,
        "canonical_code": "BG4G001PZC2021",
        "holder": "В и К Дупница ООД",
        "facility_name": "Каптаж \"Бялата вода-ІІ\"",
        "facility_registration": "495/03.04.2007",
        "water_use_purpose": "питейно-битови",
        "mean_discharge_lps": null,
        "max_discharge_lps": null,
        "daily_authorized_volume_m3": 129.6,
        "annual_authorized_volume_m3": 47304.0,
        "hydraulic_conductivity_m_day": null,
        "transmissivity_m2_day": null,
        "aquifer_thickness_m": null,
        "coordinate_method": "official_local",
        "national_register_row": null,
        "latitude_raw": "42° 12' 17,051\"",
        "longitude_raw": "23° 7' 39,146\"",
        "coordinate_note": null,
        "status": "active",
        "reference_date": "2026-08-04"
      }
    },
    {
      "type": "Feature",
      "geometry": {
        "type": "Point",
        "coordinates": [
          23.40480556,
          42.15875
        ]
      },
      "properties": {
        "permit_number_date": "41510122/03.06.2008",
        "permit_number": 41510122.0,
        "canonical_code": "BG4G001PZC2021",
        "holder": "ЕТ Фешън топ модълс-Димитрина Калъмбова",
        "facility_name": "Каптаж \"Кърколиците\"",
        "facility_registration": "592/03.06.2008",
        "water_use_purpose": "самостоятелно питейно-битови",
        "mean_discharge_lps": null,
        "max_discharge_lps": null,
        "daily_authorized_volume_m3": 130.0,
        "annual_authorized_volume_m3": 47160.0,
        "hydraulic_conductivity_m_day": null,
        "transmissivity_m2_day": null,
        "aquifer_thickness_m": null,
        "coordinate_method": "official_local",
        "national_register_row": null,
        "latitude_raw": "42°09'31.5\"",
        "longitude_raw": "23°24'17.3\"",
        "coordinate_note": null,
        "status": "active",
        "reference_date": "2026-08-04"
      }
    },
    {
      "type": "Feature",
      "geometry": {
        "type": "Point",
        "coordinates": [
          23.28931944,
          42.26058333
        ]
      },
      "properties": {
        "permit_number_date": "41510257/13.02.2009",
        "permit_number": 41510257.0,
        "canonical_code": "BG4G001PZC2021",
        "holder": "В и К Паничище ЕООД",
        "facility_name": "Каптаж\"р.Валявица\"",
        "facility_registration": "749/13.02.2009",
        "water_use_purpose": "питейно-битови",
        "mean_discharge_lps": 14.0,
        "max_discharge_lps": null,
        "daily_authorized_volume_m3": null,
        "annual_authorized_volume_m3": 441504.0,
        "hydraulic_conductivity_m_day": null,
        "transmissivity_m2_day": null,
        "aquifer_thickness_m": null,
        "coordinate_method": "official_local",
        "national_register_row": null,
        "latitude_raw": "42° 15' 38,100\"",
        "longitude_raw": "23° 17' 21,550\"",
        "coordinate_note": null,
        "status": "active",
        "reference_date": "2026-08-04"
      }
    },
    {
      "type": "Feature",
      "geometry": {
        "type": "Point",
        "coordinates": [
          23.2674975,
          42.28367556
        ]
      },
      "properties": {
        "permit_number_date": "41510258/13.02.2009",
        "permit_number": 41510258.0,
        "canonical_code": "BG4G001PZC2021",
        "holder": "В и К Паничище ЕООД",
        "facility_name": "Каптаж\"Извора\"",
        "facility_registration": "750/13.02.2009",
        "water_use_purpose": "питейно-битови",
        "mean_discharge_lps": 4.0,
        "max_discharge_lps": null,
        "daily_authorized_volume_m3": null,
        "annual_authorized_volume_m3": 126144.0,
        "hydraulic_conductivity_m_day": null,
        "transmissivity_m2_day": null,
        "aquifer_thickness_m": null,
        "coordinate_method": "official_local",
        "national_register_row": null,
        "latitude_raw": "42° 17' 1,232\"",
        "longitude_raw": "23° 16' 2,991\"",
        "coordinate_note": null,
        "status": "active",
        "reference_date": "2026-08-04"
      }
    },
    {
      "type": "Feature",
      "geometry": {
        "type": "Point",
        "coordinates": [
          23.12630472,
          41.99233333
        ]
      },
      "properties": {
        "permit_number_date": "41590066/18.05.2009",
        "permit_number": 41590066.0,
        "canonical_code": "BG4G001PZC2021",
        "holder": "Благоустройствени строежи ООД",
        "facility_name": "СК-1",
        "facility_registration": "762/18.05.2009",
        "water_use_purpose": "промишлени и други цели",
        "mean_discharge_lps": 0.7,
        "max_discharge_lps": 2.5,
        "daily_authorized_volume_m3": 60.1,
        "annual_authorized_volume_m3": 21950.0,
        "hydraulic_conductivity_m_day": null,
        "transmissivity_m2_day": null,
        "aquifer_thickness_m": null,
        "coordinate_method": "official_local",
        "national_register_row": null,
        "latitude_raw": "41° 59' 32,400\"",
        "longitude_raw": "23° 7' 34,697\"",
        "coordinate_note": null,
        "status": "active",
        "reference_date": "2026-08-04"
      }
    },
    {
      "type": "Feature",
      "geometry": {
        "type": "Point",
        "coordinates": [
          23.18780556,
          42.05777778
        ]
      },
      "properties": {
        "permit_number_date": "41590072/04.08.2009",
        "permit_number": 41590072.0,
        "canonical_code": "BG4G001PZC2021",
        "holder": "ЕТ Георги Цветанов-Йорго",
        "facility_name": "Каптаж \"Извора\"",
        "facility_registration": "189/26.05.2004",
        "water_use_purpose": "други цели",
        "mean_discharge_lps": 0.032,
        "max_discharge_lps": null,
        "daily_authorized_volume_m3": null,
        "annual_authorized_volume_m3": 1000.0,
        "hydraulic_conductivity_m_day": null,
        "transmissivity_m2_day": null,
        "aquifer_thickness_m": null,
        "coordinate_method": "official_local",
        "national_register_row": null,
        "latitude_raw": "42°03'28,0\"",
        "longitude_raw": "23°11'16,1\"",
        "coordinate_note": null,
        "status": "active",
        "reference_date": "2026-08-04"
      }
    },
    {
      "type": "Feature",
      "geometry": {
        "type": "Point",
        "coordinates": [
          23.50880556,
          42.06491667
        ]
      },
      "properties": {
        "permit_number_date": "41510338/21.12.2011",
        "permit_number": 41510338.0,
        "canonical_code": "BG4G001PZC2021",
        "holder": "В и К ЕООД Благоевград",
        "facility_name": "ВС\"Реджепица-1\"",
        "facility_registration": "375/21.12.2006",
        "water_use_purpose": "питейно-битови цели",
        "mean_discharge_lps": 3.4,
        "max_discharge_lps": null,
        "daily_authorized_volume_m3": null,
        "annual_authorized_volume_m3": 107200.0,
        "hydraulic_conductivity_m_day": null,
        "transmissivity_m2_day": null,
        "aquifer_thickness_m": null,
        "coordinate_method": "official_local",
        "national_register_row": null,
        "latitude_raw": "42°03'53,7\"",
        "longitude_raw": "23°30'31,7\"",
        "coordinate_note": null,
        "status": "active",
        "reference_date": "2026-08-04"
      }
    },
    {
      "type": "Feature",
      "geometry": {
        "type": "Point",
        "coordinates": [
          23.50955556,
          42.06438889
        ]
      },
      "properties": {
        "permit_number_date": "41510338/21.12.2011",
        "permit_number": 41510338.0,
        "canonical_code": "BG4G001PZC2021",
        "holder": "В и К ЕООД Благоевград",
        "facility_name": "ВС\"Реджепица-2\"",
        "facility_registration": "376/21.12.2006",
        "water_use_purpose": "питейно-битови цели",
        "mean_discharge_lps": null,
        "max_discharge_lps": null,
        "daily_authorized_volume_m3": null,
        "annual_authorized_volume_m3": null,
        "hydraulic_conductivity_m_day": null,
        "transmissivity_m2_day": null,
        "aquifer_thickness_m": null,
        "coordinate_method": "official_local",
        "national_register_row": null,
        "latitude_raw": "42°03'51,8\"",
        "longitude_raw": "23°30'34,4\"",
        "coordinate_note": null,
        "status": "active",
        "reference_date": "2026-08-04"
      }
    },
    {
      "type": "Feature",
      "geometry": {
        "type": "Point",
        "coordinates": [
          23.54051028,
          42.05340778
        ]
      },
      "properties": {
        "permit_number_date": "41510339/21.12.2011",
        "permit_number": 41510339.0,
        "canonical_code": "BG4G001PZC2021",
        "holder": "В и К ЕООД Благоевград",
        "facility_name": "ВС\"Муратовото-каптаж 1\"",
        "facility_registration": "369/21.12.2006",
        "water_use_purpose": "питейно-битови цели",
        "mean_discharge_lps": 1.8,
        "max_discharge_lps": null,
        "daily_authorized_volume_m3": null,
        "annual_authorized_volume_m3": 56800.0,
        "hydraulic_conductivity_m_day": null,
        "transmissivity_m2_day": null,
        "aquifer_thickness_m": null,
        "coordinate_method": "official_local",
        "national_register_row": null,
        "latitude_raw": "42° 3' 12,268\"",
        "longitude_raw": "23° 32' 25,837\"",
        "coordinate_note": null,
        "status": "active",
        "reference_date": "2026-08-04"
      }
    },
    {
      "type": "Feature",
      "geometry": {
        "type": "Point",
        "coordinates": [
          23.53978111,
          42.055165
        ]
      },
      "properties": {
        "permit_number_date": "41510339/21.12.2011",
        "permit_number": 41510339.0,
        "canonical_code": "BG4G001PZC2021",
        "holder": "В и К ЕООД Благоевград",
        "facility_name": "ВС\"Муратовото-каптаж 2\"",
        "facility_registration": "370/21.12.2006",
        "water_use_purpose": "питейно-битови цели",
        "mean_discharge_lps": null,
        "max_discharge_lps": null,
        "daily_authorized_volume_m3": null,
        "annual_authorized_volume_m3": null,
        "hydraulic_conductivity_m_day": null,
        "transmissivity_m2_day": null,
        "aquifer_thickness_m": null,
        "coordinate_method": "official_local",
        "national_register_row": null,
        "latitude_raw": "42° 3' 18,594\"",
        "longitude_raw": "23° 32' 23,212\"",
        "coordinate_note": null,
        "status": "active",
        "reference_date": "2026-08-04"
      }
    },
    {
      "type": "Feature",
      "geometry": {
        "type": "Point",
        "coordinates": [
          23.54081417,
          42.05319861
        ]
      },
      "properties": {
        "permit_number_date": "41510339/21.12.2011",
        "permit_number": 41510339.0,
        "canonical_code": "BG4G001PZC2021",
        "holder": "В и К ЕООД Благоевград",
        "facility_name": "ВС\"Муратовото-каптаж 3\"",
        "facility_registration": "371/21.12.2006",
        "water_use_purpose": "питейно-битови цели",
        "mean_discharge_lps": null,
        "max_discharge_lps": null,
        "daily_authorized_volume_m3": null,
        "annual_authorized_volume_m3": null,
        "hydraulic_conductivity_m_day": null,
        "transmissivity_m2_day": null,
        "aquifer_thickness_m": null,
        "coordinate_method": "official_local",
        "national_register_row": null,
        "latitude_raw": "42° 3' 11,515\"",
        "longitude_raw": "23° 32' 26,931\"",
        "coordinate_note": null,
        "status": "active",
        "reference_date": "2026-08-04"
      }
    },
    {
      "type": "Feature",
      "geometry": {
        "type": "Point",
        "coordinates": [
          23.54223944,
          42.05249417
        ]
      },
      "properties": {
        "permit_number_date": "41510339/21.12.2011",
        "permit_number": 41510339.0,
        "canonical_code": "BG4G001PZC2021",
        "holder": "В и К ЕООД Благоевград",
        "facility_name": "ВС\"Муратовото-каптаж 4\"",
        "facility_registration": "372/21.12.2006",
        "water_use_purpose": "питейно-битови цели",
        "mean_discharge_lps": null,
        "max_discharge_lps": null,
        "daily_authorized_volume_m3": null,
        "annual_authorized_volume_m3": null,
        "hydraulic_conductivity_m_day": null,
        "transmissivity_m2_day": null,
        "aquifer_thickness_m": null,
        "coordinate_method": "official_local",
        "national_register_row": null,
        "latitude_raw": "42° 3' 8,979\"",
        "longitude_raw": "23° 32' 32,062\"",
        "coordinate_note": null,
        "status": "active",
        "reference_date": "2026-08-04"
      }
    },
    {
      "type": "Feature",
      "geometry": {
        "type": "Point",
        "coordinates": [
          23.46702778,
          42.04488889
        ]
      },
      "properties": {
        "permit_number_date": "41510340/21.12.2011",
        "permit_number": 41510340.0,
        "canonical_code": "BG4G001PZC2021",
        "holder": "В и К ЕООД Благоевград",
        "facility_name": "ВС\"Динков дол-1\"",
        "facility_registration": "377/21.12.2006",
        "water_use_purpose": "питейно-битови цели",
        "mean_discharge_lps": 3.3,
        "max_discharge_lps": 3.3,
        "daily_authorized_volume_m3": 285.2,
        "annual_authorized_volume_m3": 104100.0,
        "hydraulic_conductivity_m_day": null,
        "transmissivity_m2_day": null,
        "aquifer_thickness_m": null,
        "coordinate_method": "official_local",
        "national_register_row": null,
        "latitude_raw": "42°02'41,6\"",
        "longitude_raw": "23°28'01,3\"",
        "coordinate_note": null,
        "status": "active",
        "reference_date": "2026-08-04"
      }
    },
    {
      "type": "Feature",
      "geometry": {
        "type": "Point",
        "coordinates": [
          23.46797222,
          42.04483333
        ]
      },
      "properties": {
        "permit_number_date": "41510340/21.12.2011",
        "permit_number": 41510340.0,
        "canonical_code": "BG4G001PZC2021",
        "holder": "В и К ЕООД Благоевград",
        "facility_name": "ВС\"Динков дол-2\"",
        "facility_registration": "378/21.12.2006",
        "water_use_purpose": "питейно-битови цели",
        "mean_discharge_lps": null,
        "max_discharge_lps": null,
        "daily_authorized_volume_m3": null,
        "annual_authorized_volume_m3": null,
        "hydraulic_conductivity_m_day": null,
        "transmissivity_m2_day": null,
        "aquifer_thickness_m": null,
        "coordinate_method": "official_local",
        "national_register_row": null,
        "latitude_raw": "42°02'41,4\"",
        "longitude_raw": "23°28'04,7\"",
        "coordinate_note": null,
        "status": "active",
        "reference_date": "2026-08-04"
      }
    },
    {
      "type": "Feature",
      "geometry": {
        "type": "Point",
        "coordinates": [
          23.46958333,
          42.04472222
        ]
      },
      "properties": {
        "permit_number_date": "41510340/21.12.2011",
        "permit_number": 41510340.0,
        "canonical_code": "BG4G001PZC2021",
        "holder": "В и К ЕООД Благоевград",
        "facility_name": "ВС\"Динков дол-3\"",
        "facility_registration": "379/21.12.2006",
        "water_use_purpose": "питейно-битови цели",
        "mean_discharge_lps": null,
        "max_discharge_lps": null,
        "daily_authorized_volume_m3": null,
        "annual_authorized_volume_m3": null,
        "hydraulic_conductivity_m_day": null,
        "transmissivity_m2_day": null,
        "aquifer_thickness_m": null,
        "coordinate_method": "official_local",
        "national_register_row": null,
        "latitude_raw": "42°02'41,0\"",
        "longitude_raw": "23°28'10,5\"",
        "coordinate_note": null,
        "status": "active",
        "reference_date": "2026-08-04"
      }
    },
    {
      "type": "Feature",
      "geometry": {
        "type": "Point",
        "coordinates": [
          23.53066667,
          42.03808333
        ]
      },
      "properties": {
        "permit_number_date": "41510341/21.12.2011",
        "permit_number": 41510341.0,
        "canonical_code": "BG4G001PZC2021",
        "holder": "В и К ЕООД Благоевград",
        "facility_name": "Каптаж \"Марценковото\"",
        "facility_registration": "374/21.12.2006",
        "water_use_purpose": "питейно-битови",
        "mean_discharge_lps": 0.1,
        "max_discharge_lps": 0.1,
        "daily_authorized_volume_m3": 5.48,
        "annual_authorized_volume_m3": 2000.0,
        "hydraulic_conductivity_m_day": null,
        "transmissivity_m2_day": null,
        "aquifer_thickness_m": null,
        "coordinate_method": "official_local",
        "national_register_row": null,
        "latitude_raw": "42°02'17,1\"",
        "longitude_raw": "23°31'50,4\"",
        "coordinate_note": null,
        "status": "active",
        "reference_date": "2026-08-04"
      }
    },
    {
      "type": "Feature",
      "geometry": {
        "type": "Point",
        "coordinates": [
          23.40654194,
          42.095415
        ]
      },
      "properties": {
        "permit_number_date": "41590128/06.02.2014",
        "permit_number": 41590128.0,
        "canonical_code": "BG4G001PZC2021",
        "holder": "НЕК ЕАД",
        "facility_name": "КЕИ\"Белеборско дере\"",
        "facility_registration": "869/20.10.2011",
        "water_use_purpose": "други цели/санитарни нужди и хигиенизиране на площадки/",
        "mean_discharge_lps": 0.006,
        "max_discharge_lps": null,
        "daily_authorized_volume_m3": null,
        "annual_authorized_volume_m3": 183.0,
        "hydraulic_conductivity_m_day": null,
        "transmissivity_m2_day": null,
        "aquifer_thickness_m": null,
        "coordinate_method": "official_local",
        "national_register_row": null,
        "latitude_raw": "42° 5' 43,494\"",
        "longitude_raw": "23° 24' 23,551\"",
        "coordinate_note": null,
        "status": "active",
        "reference_date": "2026-08-04"
      }
    },
    {
      "type": "Feature",
      "geometry": {
        "type": "Point",
        "coordinates": [
          23.68086972,
          42.13691528
        ]
      },
      "properties": {
        "permit_number_date": "41590136/24.03.2014",
        "permit_number": 41590136.0,
        "canonical_code": "BG4G001PZC2021",
        "holder": "НЕК ЕАД",
        "facility_name": "КЕИ\"Гурдеви скали\"",
        "facility_registration": "866/03.10.2011",
        "water_use_purpose": "други цели/санитарни нужди и хигиенизиране на площадки/",
        "mean_discharge_lps": 0.0013,
        "max_discharge_lps": null,
        "daily_authorized_volume_m3": null,
        "annual_authorized_volume_m3": 40.5,
        "hydraulic_conductivity_m_day": null,
        "transmissivity_m2_day": null,
        "aquifer_thickness_m": null,
        "coordinate_method": "official_local",
        "national_register_row": null,
        "latitude_raw": "42° 8' 12,895\"",
        "longitude_raw": "23° 40' 51,131\"",
        "coordinate_note": null,
        "status": "active",
        "reference_date": "2026-08-04"
      }
    },
    {
      "type": "Feature",
      "geometry": {
        "type": "Point",
        "coordinates": [
          23.36563889,
          42.14305556
        ]
      },
      "properties": {
        "permit_number_date": "41510518/16.12.2015г.",
        "permit_number": 41510518.0,
        "canonical_code": "BG4G001PZC2021",
        "holder": "РИЛСКА СВЕТА ОБИТЕЛ",
        "facility_name": "Каптаж\"Черней\"",
        "facility_registration": "745/02.02.2009;",
        "water_use_purpose": "самостоятелно ПБВ - на Рилския манастир и обекти,собственост на Рилската Света обител; други цели-общо водовземане от 5 бр.чешмички в района на Рилския манастир",
        "mean_discharge_lps": 0.96,
        "max_discharge_lps": null,
        "daily_authorized_volume_m3": 212.544,
        "annual_authorized_volume_m3": 79058.0,
        "hydraulic_conductivity_m_day": null,
        "transmissivity_m2_day": null,
        "aquifer_thickness_m": null,
        "coordinate_method": "official_local",
        "national_register_row": null,
        "latitude_raw": "42° 8' 35,000\"",
        "longitude_raw": "23° 21' 56,300\"",
        "coordinate_note": null,
        "status": "active",
        "reference_date": "2026-08-04"
      }
    },
    {
      "type": "Feature",
      "geometry": {
        "type": "Point",
        "coordinates": [
          23.3589375,
          42.14597917
        ]
      },
      "properties": {
        "permit_number_date": "41510518/16.12.2015г.",
        "permit_number": 41510518.0,
        "canonical_code": "BG4G001PZC2021",
        "holder": "РИЛСКА СВЕТА ОБИТЕЛ",
        "facility_name": "Каптаж\"Черней\"",
        "facility_registration": "745/02.02.2009;",
        "water_use_purpose": "самостоятелно ПБВ - на Рилския манастир и обекти,собственост на Рилската Света обител; други цели-общо водовземане от 5 бр.чешмички в района на Рилския манастир",
        "mean_discharge_lps": 0.96,
        "max_discharge_lps": null,
        "daily_authorized_volume_m3": 212.544,
        "annual_authorized_volume_m3": 79058.0,
        "hydraulic_conductivity_m_day": null,
        "transmissivity_m2_day": null,
        "aquifer_thickness_m": null,
        "coordinate_method": "official_local",
        "national_register_row": null,
        "latitude_raw": "42° 8' 45,525\"",
        "longitude_raw": "23° 21' 32,175\"",
        "coordinate_note": null,
        "status": "active",
        "reference_date": "2026-08-04"
      }
    },
    {
      "type": "Feature",
      "geometry": {
        "type": "Point",
        "coordinates": [
          23.153219,
          42.044122
        ]
      },
      "properties": {
        "permit_number_date": "41510535/29.11.2016",
        "permit_number": 41510535.0,
        "canonical_code": "BG4G001PZC2021",
        "holder": "В и К ЕООД Благоевград",
        "facility_name": "TK-1-резервен",
        "facility_registration": "543/16.07.2007",
        "water_use_purpose": "За питейно-битово водоснабдяване",
        "mean_discharge_lps": null,
        "max_discharge_lps": null,
        "daily_authorized_volume_m3": null,
        "annual_authorized_volume_m3": null,
        "hydraulic_conductivity_m_day": null,
        "transmissivity_m2_day": null,
        "aquifer_thickness_m": null,
        "coordinate_method": "official_national_crosscheck",
        "national_register_row": 1159.0,
        "latitude_raw": "42° 2' 37,678\" 42° 2' 38,845\"",
        "longitude_raw": "23° 9' 10,081\" 23° 9' 11,594\"",
        "coordinate_note": null,
        "status": "active",
        "reference_date": "2026-08-04"
      }
    },
    {
      "type": "Feature",
      "geometry": {
        "type": "Point",
        "coordinates": [
          23.15280028,
          42.04379944
        ]
      },
      "properties": {
        "permit_number_date": "41510535/29.11.2016",
        "permit_number": 41510535.0,
        "canonical_code": "BG4G001PZC2021",
        "holder": "В и К ЕООД Благоевград",
        "facility_name": "ТК-2-резервен",
        "facility_registration": "544/16.07.2007",
        "water_use_purpose": "За питейно-битово водоснабдяване",
        "mean_discharge_lps": null,
        "max_discharge_lps": null,
        "daily_authorized_volume_m3": null,
        "annual_authorized_volume_m3": null,
        "hydraulic_conductivity_m_day": null,
        "transmissivity_m2_day": null,
        "aquifer_thickness_m": null,
        "coordinate_method": "official_local",
        "national_register_row": null,
        "latitude_raw": "42° 2' 37,678\"",
        "longitude_raw": "23° 9' 10,081\"",
        "coordinate_note": null,
        "status": "active",
        "reference_date": "2026-08-04"
      }
    },
    {
      "type": "Feature",
      "geometry": {
        "type": "Point",
        "coordinates": [
          23.1519375,
          42.04303833
        ]
      },
      "properties": {
        "permit_number_date": "41510535/29.11.2016",
        "permit_number": 41510535.0,
        "canonical_code": "BG4G001PZC2021",
        "holder": "В и К ЕООД Благоевград",
        "facility_name": "ТК-3-резервен",
        "facility_registration": "545/16.07.2007",
        "water_use_purpose": "За питейно-битово водоснабдяване",
        "mean_discharge_lps": null,
        "max_discharge_lps": null,
        "daily_authorized_volume_m3": null,
        "annual_authorized_volume_m3": null,
        "hydraulic_conductivity_m_day": null,
        "transmissivity_m2_day": null,
        "aquifer_thickness_m": null,
        "coordinate_method": "official_local",
        "national_register_row": null,
        "latitude_raw": "42° 2' 34,938\"",
        "longitude_raw": "23° 9' 6,975\"",
        "coordinate_note": null,
        "status": "active",
        "reference_date": "2026-08-04"
      }
    },
    {
      "type": "Feature",
      "geometry": {
        "type": "Point",
        "coordinates": [
          23.15126278,
          42.04264694
        ]
      },
      "properties": {
        "permit_number_date": "41510535/29.11.2016",
        "permit_number": 41510535.0,
        "canonical_code": "BG4G001PZC2021",
        "holder": "В и К ЕООД Благоевград",
        "facility_name": "ТК-4",
        "facility_registration": "546/16.07.2007",
        "water_use_purpose": "За питейно-битово водоснабдяване",
        "mean_discharge_lps": 1.48,
        "max_discharge_lps": 9.0,
        "daily_authorized_volume_m3": null,
        "annual_authorized_volume_m3": null,
        "hydraulic_conductivity_m_day": null,
        "transmissivity_m2_day": null,
        "aquifer_thickness_m": null,
        "coordinate_method": "official_local",
        "national_register_row": null,
        "latitude_raw": "42° 2' 33,529\"",
        "longitude_raw": "23° 9' 4,546\"",
        "coordinate_note": null,
        "status": "active",
        "reference_date": "2026-08-04"
      }
    },
    {
      "type": "Feature",
      "geometry": {
        "type": "Point",
        "coordinates": [
          23.15064889,
          42.04214944
        ]
      },
      "properties": {
        "permit_number_date": "41510535/29.11.2016",
        "permit_number": 41510535.0,
        "canonical_code": "BG4G001PZC2021",
        "holder": "В и К ЕООД Благоевград",
        "facility_name": "ТК-5",
        "facility_registration": "547/16.07.2007",
        "water_use_purpose": "За питейно-битово водоснабдяване",
        "mean_discharge_lps": 1.48,
        "max_discharge_lps": 9.0,
        "daily_authorized_volume_m3": null,
        "annual_authorized_volume_m3": null,
        "hydraulic_conductivity_m_day": null,
        "transmissivity_m2_day": null,
        "aquifer_thickness_m": null,
        "coordinate_method": "official_local",
        "national_register_row": null,
        "latitude_raw": "42° 2' 31,738\"",
        "longitude_raw": "23° 9' 2,336\"",
        "coordinate_note": null,
        "status": "active",
        "reference_date": "2026-08-04"
      }
    },
    {
      "type": "Feature",
      "geometry": {
        "type": "Point",
        "coordinates": [
          23.15001861,
          42.04182306
        ]
      },
      "properties": {
        "permit_number_date": "41510535/29.11.2016",
        "permit_number": 41510535.0,
        "canonical_code": "BG4G001PZC2021",
        "holder": "В и К ЕООД Благоевград",
        "facility_name": "ТК-6",
        "facility_registration": "548/16.07.2007",
        "water_use_purpose": "За питейно-битово водоснабдяване",
        "mean_discharge_lps": 1.48,
        "max_discharge_lps": 9.0,
        "daily_authorized_volume_m3": null,
        "annual_authorized_volume_m3": null,
        "hydraulic_conductivity_m_day": null,
        "transmissivity_m2_day": null,
        "aquifer_thickness_m": null,
        "coordinate_method": "official_local",
        "national_register_row": null,
        "latitude_raw": "42° 2' 30,563\"",
        "longitude_raw": "23° 9' 0,067\"",
        "coordinate_note": null,
        "status": "active",
        "reference_date": "2026-08-04"
      }
    },
    {
      "type": "Feature",
      "geometry": {
        "type": "Point",
        "coordinates": [
          23.15228972,
          42.04344611
        ]
      },
      "properties": {
        "permit_number_date": "41510535/29.11.2016",
        "permit_number": 41510535.0,
        "canonical_code": "BG4G001PZC2021",
        "holder": "В и К ЕООД Благоевград",
        "facility_name": "ТК-79-резервен",
        "facility_registration": "549/16.07.2007",
        "water_use_purpose": "За питейно-битово водоснабдяване",
        "mean_discharge_lps": null,
        "max_discharge_lps": null,
        "daily_authorized_volume_m3": null,
        "annual_authorized_volume_m3": 140000.0,
        "hydraulic_conductivity_m_day": null,
        "transmissivity_m2_day": null,
        "aquifer_thickness_m": null,
        "coordinate_method": "official_local",
        "national_register_row": null,
        "latitude_raw": "42° 2' 36,406\"",
        "longitude_raw": "23° 9' 8,243\"",
        "coordinate_note": null,
        "status": "active",
        "reference_date": "2026-08-04"
      }
    },
    {
      "type": "Feature",
      "geometry": {
        "type": "Point",
        "coordinates": [
          23.13253611,
          41.97025556
        ]
      },
      "properties": {
        "permit_number_date": "41510536/29.11.2016",
        "permit_number": 41510536.0,
        "canonical_code": "BG4G001PZC2021",
        "holder": "В и К ЕООД Благоевград",
        "facility_name": "ВС \"Дерето-ПС\"(хоризонтален дренаж)",
        "facility_registration": "511/11.05.2007",
        "water_use_purpose": "За питейно-битово водоснабдяване",
        "mean_discharge_lps": 0.57,
        "max_discharge_lps": null,
        "daily_authorized_volume_m3": null,
        "annual_authorized_volume_m3": 18000.0,
        "hydraulic_conductivity_m_day": null,
        "transmissivity_m2_day": null,
        "aquifer_thickness_m": null,
        "coordinate_method": "official_local",
        "national_register_row": null,
        "latitude_raw": "41°58'12.92\"",
        "longitude_raw": "23°7'57.13\"",
        "coordinate_note": null,
        "status": "active",
        "reference_date": "2026-08-04"
      }
    },
    {
      "type": "Feature",
      "geometry": {
        "type": "Point",
        "coordinates": [
          23.16433333,
          41.95641667
        ]
      },
      "properties": {
        "permit_number_date": "41510540/01.12.2016",
        "permit_number": 41510540.0,
        "canonical_code": "BG4G001PZC2021",
        "holder": "В и К ЕООД Благоевград",
        "facility_name": "ВС \"Подруслов дренаж\"",
        "facility_registration": "479/30.03.2007",
        "water_use_purpose": "За питейно-битово водоснабдяване",
        "mean_discharge_lps": 0.2,
        "max_discharge_lps": null,
        "daily_authorized_volume_m3": null,
        "annual_authorized_volume_m3": 6300.0,
        "hydraulic_conductivity_m_day": null,
        "transmissivity_m2_day": null,
        "aquifer_thickness_m": null,
        "coordinate_method": "official_local",
        "national_register_row": null,
        "latitude_raw": "41°57'23.1\"",
        "longitude_raw": "23°09'51.6\"",
        "coordinate_note": null,
        "status": "active",
        "reference_date": "2026-08-04"
      }
    },
    {
      "type": "Feature",
      "geometry": {
        "type": "Point",
        "coordinates": [
          23.09841111,
          42.03852778
        ]
      },
      "properties": {
        "permit_number_date": "41520085/06.06.2017",
        "permit_number": 41520085.0,
        "canonical_code": "BG4G001PZC2021",
        "holder": "Т. В. В.",
        "facility_name": "TK-1",
        "facility_registration": null,
        "water_use_purpose": "За напояване на земеделски култури",
        "mean_discharge_lps": 0.2,
        "max_discharge_lps": 2.0,
        "daily_authorized_volume_m3": 17.28,
        "annual_authorized_volume_m3": 7160.0,
        "hydraulic_conductivity_m_day": null,
        "transmissivity_m2_day": null,
        "aquifer_thickness_m": null,
        "coordinate_method": "official_local",
        "national_register_row": null,
        "latitude_raw": "42°02'18.70\"",
        "longitude_raw": "23°05'54,28\"",
        "coordinate_note": null,
        "status": "active",
        "reference_date": "2026-08-04"
      }
    },
    {
      "type": "Feature",
      "geometry": {
        "type": "Point",
        "coordinates": [
          23.31333333,
          42.20555556
        ]
      },
      "properties": {
        "permit_number_date": "41510547/11.01.2018",
        "permit_number": 41510547.0,
        "canonical_code": "BG4G001PZC2021",
        "holder": "ТАНИН 09 ЕООД",
        "facility_name": "КЕИ \"Ледената вода\"",
        "facility_registration": "1044/07.07.2017",
        "water_use_purpose": "За самостоятелно питейно-битово водоснабдяване ,когато черпената вода се ползва за питейно-битови цели",
        "mean_discharge_lps": 0.093,
        "max_discharge_lps": null,
        "daily_authorized_volume_m3": 8.0,
        "annual_authorized_volume_m3": 976.0,
        "hydraulic_conductivity_m_day": null,
        "transmissivity_m2_day": null,
        "aquifer_thickness_m": null,
        "coordinate_method": "official_local",
        "national_register_row": null,
        "latitude_raw": "42°12'20.'53\"",
        "longitude_raw": "23°18'48.'1\"",
        "coordinate_note": null,
        "status": "active",
        "reference_date": "2026-08-04"
      }
    },
    {
      "type": "Feature",
      "geometry": {
        "type": "Point",
        "coordinates": [
          23.63638889,
          42.30027778
        ]
      },
      "properties": {
        "permit_number_date": "41510560/06.08.2018",
        "permit_number": 41510560.0,
        "canonical_code": "BG4G001PZC2021",
        "holder": "Чамкория Чалетс А109 ООД",
        "facility_name": "TK-1",
        "facility_registration": "1272/23.02.2023",
        "water_use_purpose": "За самостоятелно питейно-битово водоснабдяване",
        "mean_discharge_lps": 0.26,
        "max_discharge_lps": null,
        "daily_authorized_volume_m3": null,
        "annual_authorized_volume_m3": 8100.0,
        "hydraulic_conductivity_m_day": null,
        "transmissivity_m2_day": null,
        "aquifer_thickness_m": null,
        "coordinate_method": "official_local",
        "national_register_row": null,
        "latitude_raw": "42°18'1.'79\"",
        "longitude_raw": "23°38'11.'17\"",
        "coordinate_note": null,
        "status": "active",
        "reference_date": "2026-08-04"
      }
    },
    {
      "type": "Feature",
      "geometry": {
        "type": "Point",
        "coordinates": [
          23.24944444,
          42.27861111
        ]
      },
      "properties": {
        "permit_number_date": "41510562/02.10.2018",
        "permit_number": 41510562.0,
        "canonical_code": "BG4G001PZC2021",
        "holder": "АДИУМ ЕООД",
        "facility_name": "ТК-1",
        "facility_registration": null,
        "water_use_purpose": "За самостоятелно питейно-битово водоснабдяване;за други цели-напояване на тревни площи;за други цели-пълнене на закрит плувен басейн",
        "mean_discharge_lps": 0.059,
        "max_discharge_lps": 1.0,
        "daily_authorized_volume_m3": null,
        "annual_authorized_volume_m3": 1860.624,
        "hydraulic_conductivity_m_day": null,
        "transmissivity_m2_day": null,
        "aquifer_thickness_m": null,
        "coordinate_method": "official_local",
        "national_register_row": null,
        "latitude_raw": "42°16'.43\"",
        "longitude_raw": "23°14'58.'44\"",
        "coordinate_note": null,
        "status": "active",
        "reference_date": "2026-08-04"
      }
    },
    {
      "type": "Feature",
      "geometry": {
        "type": "Point",
        "coordinates": [
          23.31838889,
          42.22172222
        ]
      },
      "properties": {
        "permit_number_date": "41510575/21.05.2019",
        "permit_number": 41510575.0,
        "canonical_code": "BG4G001PZC2021",
        "holder": "ДНП Рила",
        "facility_name": "КЕИ",
        "facility_registration": null,
        "water_use_purpose": "За питейно-битово водоснабдяване",
        "mean_discharge_lps": 0.004,
        "max_discharge_lps": 0.026,
        "daily_authorized_volume_m3": null,
        "annual_authorized_volume_m3": 121.0,
        "hydraulic_conductivity_m_day": null,
        "transmissivity_m2_day": null,
        "aquifer_thickness_m": null,
        "coordinate_method": "official_local",
        "national_register_row": null,
        "latitude_raw": "42°13'18.2\"",
        "longitude_raw": "23°19'6.2\"",
        "coordinate_note": null,
        "status": "active",
        "reference_date": "2026-08-04"
      }
    },
    {
      "type": "Feature",
      "geometry": {
        "type": "Point",
        "coordinates": [
          23.09518333,
          42.03583333
        ]
      },
      "properties": {
        "permit_number_date": "41590226/20.06.2019",
        "permit_number": 41590226.0,
        "canonical_code": "BG4G001PZC2021",
        "holder": "Нуртс-България ЕАД",
        "facility_name": "TK",
        "facility_registration": null,
        "water_use_purpose": "За други цели",
        "mean_discharge_lps": 0.1,
        "max_discharge_lps": 0.8,
        "daily_authorized_volume_m3": null,
        "annual_authorized_volume_m3": 365.0,
        "hydraulic_conductivity_m_day": null,
        "transmissivity_m2_day": null,
        "aquifer_thickness_m": null,
        "coordinate_method": "official_local",
        "national_register_row": null,
        "latitude_raw": "42°2'.9\"",
        "longitude_raw": "23°5'42.66\"",
        "coordinate_note": null,
        "status": "active",
        "reference_date": "2026-08-04"
      }
    },
    {
      "type": "Feature",
      "geometry": {
        "type": "Point",
        "coordinates": [
          23.31838889,
          42.22172222
        ]
      },
      "properties": {
        "permit_number_date": "41510578/21.10.2019",
        "permit_number": 41510578.0,
        "canonical_code": "BG4G001PZC2021",
        "holder": "Рила дриймс хотелс 1989 ЕООД",
        "facility_name": "КЕИ 1",
        "facility_registration": null,
        "water_use_purpose": "Самостоятелно битво водоснабдяване",
        "mean_discharge_lps": 0.162,
        "max_discharge_lps": 0.705,
        "daily_authorized_volume_m3": null,
        "annual_authorized_volume_m3": 5077.3,
        "hydraulic_conductivity_m_day": null,
        "transmissivity_m2_day": null,
        "aquifer_thickness_m": null,
        "coordinate_method": "official_local",
        "national_register_row": null,
        "latitude_raw": "42°13'18.2\"",
        "longitude_raw": "23°19'06.2\"",
        "coordinate_note": null,
        "status": "active",
        "reference_date": "2026-08-04"
      }
    },
    {
      "type": "Feature",
      "geometry": {
        "type": "Point",
        "coordinates": [
          23.31858333,
          42.22144444
        ]
      },
      "properties": {
        "permit_number_date": "41510578/21.10.2019",
        "permit_number": 41510578.0,
        "canonical_code": "BG4G001PZC2021",
        "holder": "Рила дриймс хотелс 1989 ЕООД",
        "facility_name": "КЕИ 2",
        "facility_registration": null,
        "water_use_purpose": "Самостоятелно битво водоснабдяване",
        "mean_discharge_lps": null,
        "max_discharge_lps": null,
        "daily_authorized_volume_m3": null,
        "annual_authorized_volume_m3": null,
        "hydraulic_conductivity_m_day": null,
        "transmissivity_m2_day": null,
        "aquifer_thickness_m": null,
        "coordinate_method": "official_local",
        "national_register_row": null,
        "latitude_raw": "42°13'17.2\"",
        "longitude_raw": "23°19'06.9\"",
        "coordinate_note": null,
        "status": "active",
        "reference_date": "2026-08-04"
      }
    },
    {
      "type": "Feature",
      "geometry": {
        "type": "Point",
        "coordinates": [
          23.31991667,
          42.22052778
        ]
      },
      "properties": {
        "permit_number_date": "41510578/21.10.2019",
        "permit_number": 41510578.0,
        "canonical_code": "BG4G001PZC2021",
        "holder": "Рила дриймс хотелс 1989 ЕООД",
        "facility_name": "КЕИ 3",
        "facility_registration": null,
        "water_use_purpose": "Самостоятелно битво водоснабдяване",
        "mean_discharge_lps": null,
        "max_discharge_lps": null,
        "daily_authorized_volume_m3": null,
        "annual_authorized_volume_m3": null,
        "hydraulic_conductivity_m_day": null,
        "transmissivity_m2_day": null,
        "aquifer_thickness_m": null,
        "coordinate_method": "official_local",
        "national_register_row": null,
        "latitude_raw": "42°13'13.9\"",
        "longitude_raw": "23°19'11.7\"",
        "coordinate_note": null,
        "status": "active",
        "reference_date": "2026-08-04"
      }
    },
    {
      "type": "Feature",
      "geometry": {
        "type": "Point",
        "coordinates": [
          23.57619444,
          42.45030556
        ]
      },
      "properties": {
        "permit_number_date": "41590234/30.04.2020",
        "permit_number": 41590234.0,
        "canonical_code": "BG4G001PZC2021",
        "holder": "Грийн проджект инвесмънтс енд файненс ЕООД",
        "facility_name": "ТК",
        "facility_registration": "890/17.04.2013",
        "water_use_purpose": "други цели-поливане на зелени площи и измиване на площадки",
        "mean_discharge_lps": 0.21,
        "max_discharge_lps": 1.0,
        "daily_authorized_volume_m3": null,
        "annual_authorized_volume_m3": 6900.0,
        "hydraulic_conductivity_m_day": null,
        "transmissivity_m2_day": null,
        "aquifer_thickness_m": null,
        "coordinate_method": "official_local",
        "national_register_row": null,
        "latitude_raw": "42°27'1.1\"",
        "longitude_raw": "23°34'34.3\"",
        "coordinate_note": null,
        "status": "active",
        "reference_date": "2026-08-04"
      }
    },
    {
      "type": "Feature",
      "geometry": {
        "type": "Point",
        "coordinates": [
          23.36046667,
          42.04373333
        ]
      },
      "properties": {
        "permit_number_date": "41590253/21.06.2021",
        "permit_number": 41590253.0,
        "canonical_code": "BG4G001PZC2021",
        "holder": "Прима инвест БГ ООД",
        "facility_name": "ШК",
        "facility_registration": "1120/18.05.2021",
        "water_use_purpose": "водоснабдяване на оръдия за производство на сняг",
        "mean_discharge_lps": 2.85,
        "max_discharge_lps": 11.0,
        "daily_authorized_volume_m3": null,
        "annual_authorized_volume_m3": 90000.0,
        "hydraulic_conductivity_m_day": null,
        "transmissivity_m2_day": null,
        "aquifer_thickness_m": null,
        "coordinate_method": "official_local",
        "national_register_row": null,
        "latitude_raw": "42°2'37.44\"",
        "longitude_raw": "23°21'37.68\"",
        "coordinate_note": null,
        "status": "active",
        "reference_date": "2026-08-04"
      }
    },
    {
      "type": "Feature",
      "geometry": {
        "type": "Point",
        "coordinates": [
          23.63643611,
          42.30049722
        ]
      },
      "properties": {
        "permit_number_date": "41510594/18.05.2022",
        "permit_number": 41510594.0,
        "canonical_code": "BG4G001PZC2021",
        "holder": "Концепт България ООД",
        "facility_name": "ТК-1",
        "facility_registration": null,
        "water_use_purpose": "самостоятелно питейно-битово водоснабдяване",
        "mean_discharge_lps": 0.47,
        "max_discharge_lps": 1.5,
        "daily_authorized_volume_m3": null,
        "annual_authorized_volume_m3": 14848.2,
        "hydraulic_conductivity_m_day": null,
        "transmissivity_m2_day": null,
        "aquifer_thickness_m": null,
        "coordinate_method": "official_local",
        "national_register_row": null,
        "latitude_raw": "42°18'1.79\"",
        "longitude_raw": "23°38'11.17\"",
        "coordinate_note": null,
        "status": "active",
        "reference_date": "2026-08-04"
      }
    },
    {
      "type": "Feature",
      "geometry": {
        "type": "Point",
        "coordinates": [
          23.12734722,
          42.03544722
        ]
      },
      "properties": {
        "permit_number_date": "41590311/05.05.2025",
        "permit_number": 41590311.0,
        "canonical_code": "BG4G001PZC2021",
        "holder": "ГЕЙТ ООД",
        "facility_name": "ТК-1",
        "facility_registration": "147/29.07.2003",
        "water_use_purpose": "други цели",
        "mean_discharge_lps": 0.06,
        "max_discharge_lps": 0.75,
        "daily_authorized_volume_m3": null,
        "annual_authorized_volume_m3": 1943.5,
        "hydraulic_conductivity_m_day": null,
        "transmissivity_m2_day": null,
        "aquifer_thickness_m": null,
        "coordinate_method": "official_local",
        "national_register_row": null,
        "latitude_raw": "42°2'7.61\"",
        "longitude_raw": "23°7'38.45\"",
        "coordinate_note": null,
        "status": "active",
        "reference_date": "2026-08-04"
      }
    },
    {
      "type": "Feature",
      "geometry": {
        "type": "Point",
        "coordinates": [
          23.54136389,
          41.95955306
        ]
      },
      "properties": {
        "permit_number_date": "41510638/05.01.2026",
        "permit_number": 41510638.0,
        "canonical_code": "BG4G001PZC2021",
        "holder": "Рила фиш ЕООД",
        "facility_name": "ШК",
        "facility_registration": "1442/30.05.2025",
        "water_use_purpose": "самостоятелно питейно-битово водоснабдяване",
        "mean_discharge_lps": 0.1,
        "max_discharge_lps": 0.5,
        "daily_authorized_volume_m3": null,
        "annual_authorized_volume_m3": 3154.0,
        "hydraulic_conductivity_m_day": null,
        "transmissivity_m2_day": null,
        "aquifer_thickness_m": null,
        "coordinate_method": "official_local",
        "national_register_row": null,
        "latitude_raw": "41°57'34.391\"",
        "longitude_raw": "23°32'28.91\"",
        "coordinate_note": null,
        "status": "active",
        "reference_date": "2026-08-04"
      }
    },
    {
      "type": "Feature",
      "geometry": {
        "type": "Point",
        "coordinates": [
          23.12820389,
          41.35854611
        ]
      },
      "properties": {
        "permit_number_date": "41510439/23.08.2013",
        "permit_number": 41510439.0,
        "canonical_code": "BG4G001PTPZ025",
        "holder": "Фамили партнерс ООД",
        "facility_name": "Каптиран извор",
        "facility_registration": "57/30.01.2002",
        "water_use_purpose": "питейно-битови и промишлени цели",
        "mean_discharge_lps": 0.45,
        "max_discharge_lps": 0.58,
        "daily_authorized_volume_m3": 50.12,
        "annual_authorized_volume_m3": 14033.6,
        "hydraulic_conductivity_m_day": null,
        "transmissivity_m2_day": null,
        "aquifer_thickness_m": null,
        "coordinate_method": "official_local",
        "national_register_row": null,
        "latitude_raw": "41° 21' 30,766\"",
        "longitude_raw": "23° 07' 41,534\"",
        "coordinate_note": null,
        "status": "active",
        "reference_date": "2026-08-04"
      }
    },
    {
      "type": "Feature",
      "geometry": {
        "type": "Point",
        "coordinates": [
          23.13716972,
          41.33033583
        ]
      },
      "properties": {
        "permit_number_date": "41510499/10.04.2014",
        "permit_number": 41510499.0,
        "canonical_code": "BG4G001PTPZ025",
        "holder": "В и К Петрич ЕООД",
        "facility_name": "КЕИ\"Ръжена-1\"",
        "facility_registration": "909/10.04.2014",
        "water_use_purpose": "питейно-битови",
        "mean_discharge_lps": 0.634,
        "max_discharge_lps": 1.33,
        "daily_authorized_volume_m3": 54.808,
        "annual_authorized_volume_m3": 20004.92,
        "hydraulic_conductivity_m_day": null,
        "transmissivity_m2_day": null,
        "aquifer_thickness_m": null,
        "coordinate_method": "official_local",
        "national_register_row": null,
        "latitude_raw": "41° 19' 49,209\"",
        "longitude_raw": "23° 8' 13,811\"",
        "coordinate_note": null,
        "status": "active",
        "reference_date": "2026-08-04"
      }
    },
    {
      "type": "Feature",
      "geometry": {
        "type": "Point",
        "coordinates": [
          23.09689167,
          41.34563056
        ]
      },
      "properties": {
        "permit_number_date": "41510568/25.01.2019",
        "permit_number": 41510568.0,
        "canonical_code": "BG4G001PTPZ025",
        "holder": "В и К ЕООД Петрич",
        "facility_name": "КИ \"Леврен\"",
        "facility_registration": null,
        "water_use_purpose": "За питейно-битово водоснабдяване",
        "mean_discharge_lps": 1.58,
        "max_discharge_lps": null,
        "daily_authorized_volume_m3": null,
        "annual_authorized_volume_m3": 49743.7,
        "hydraulic_conductivity_m_day": null,
        "transmissivity_m2_day": null,
        "aquifer_thickness_m": null,
        "coordinate_method": "official_local",
        "national_register_row": null,
        "latitude_raw": "41°20'44.27\"",
        "longitude_raw": "23°5'48.81\"",
        "coordinate_note": null,
        "status": "active",
        "reference_date": "2026-08-04"
      }
    },
    {
      "type": "Feature",
      "geometry": {
        "type": "Point",
        "coordinates": [
          23.03397778,
          41.35745833
        ]
      },
      "properties": {
        "permit_number_date": "41510569/25.01.2019",
        "permit_number": 41510569.0,
        "canonical_code": "BG4G001PTPZ025",
        "holder": "В и К ЕООД Петрич",
        "facility_name": "КИ \"Вретенаговец 2\" (Каптаж на извор)",
        "facility_registration": null,
        "water_use_purpose": "За питейно-битово водоснабдяване",
        "mean_discharge_lps": 1.5,
        "max_discharge_lps": null,
        "daily_authorized_volume_m3": null,
        "annual_authorized_volume_m3": 47433.2,
        "hydraulic_conductivity_m_day": null,
        "transmissivity_m2_day": null,
        "aquifer_thickness_m": null,
        "coordinate_method": "official_local",
        "national_register_row": null,
        "latitude_raw": "41°21'26.85\"",
        "longitude_raw": "23°2'2.32\"",
        "coordinate_note": null,
        "status": "active",
        "reference_date": "2026-08-04"
      }
    },
    {
      "type": "Feature",
      "geometry": {
        "type": "Point",
        "coordinates": [
          23.03177722,
          41.35806417
        ]
      },
      "properties": {
        "permit_number_date": "41510573/12.02.2019",
        "permit_number": 41510573.0,
        "canonical_code": "BG4G001PTPZ025",
        "holder": "В и К ЕООД Петрич",
        "facility_name": "КИ \"Вретенаговец 1\"",
        "facility_registration": null,
        "water_use_purpose": "За питейно-битово водоснабдяване",
        "mean_discharge_lps": 0.6,
        "max_discharge_lps": null,
        "daily_authorized_volume_m3": null,
        "annual_authorized_volume_m3": 18947.2,
        "hydraulic_conductivity_m_day": null,
        "transmissivity_m2_day": null,
        "aquifer_thickness_m": null,
        "coordinate_method": "official_local",
        "national_register_row": null,
        "latitude_raw": "41°21'29.031\"",
        "longitude_raw": "23°1'54.398\"",
        "coordinate_note": null,
        "status": "active",
        "reference_date": "2026-08-04"
      }
    },
    {
      "type": "Feature",
      "geometry": {
        "type": "Point",
        "coordinates": [
          23.25338889,
          41.40494444
        ]
      },
      "properties": {
        "permit_number_date": "41590254/26.07.2021",
        "permit_number": 41590254.0,
        "canonical_code": "BG4G001PTPZ025",
        "holder": "Община Петрич",
        "facility_name": "ТК-1",
        "facility_registration": "1318/12.05.2023",
        "water_use_purpose": "водоснабдяване на депо за битови отпадъци",
        "mean_discharge_lps": 0.43,
        "max_discharge_lps": 3.0,
        "daily_authorized_volume_m3": null,
        "annual_authorized_volume_m3": 13401.6,
        "hydraulic_conductivity_m_day": null,
        "transmissivity_m2_day": null,
        "aquifer_thickness_m": null,
        "coordinate_method": "official_local",
        "national_register_row": null,
        "latitude_raw": "41°24'17.8\"",
        "longitude_raw": "23°15'12.2\"",
        "coordinate_note": null,
        "status": "active",
        "reference_date": "2026-08-04"
      }
    },
    {
      "type": "Feature",
      "geometry": {
        "type": "Point",
        "coordinates": [
          23.128225,
          41.35867222
        ]
      },
      "properties": {
        "permit_number_date": "41590259/09.11.2021",
        "permit_number": 41590259.0,
        "canonical_code": "BG4G001PTPZ025",
        "holder": "ФЕН-ПЛАСТ ТРЕЙД ООД",
        "facility_name": "ВС \"Зелениката\" (Хоризонтален дренаж)",
        "facility_registration": "57/30.01.2002",
        "water_use_purpose": "1.самостоятелно питейно-битово водоснабдяване; 2.Други цели-поливане на тревни площи, измиване на площадки",
        "mean_discharge_lps": 0.5,
        "max_discharge_lps": null,
        "daily_authorized_volume_m3": null,
        "annual_authorized_volume_m3": 15763.6,
        "hydraulic_conductivity_m_day": null,
        "transmissivity_m2_day": null,
        "aquifer_thickness_m": null,
        "coordinate_method": "official_local",
        "national_register_row": null,
        "latitude_raw": "41°21'31.22\"",
        "longitude_raw": "23°7'41.61\"",
        "coordinate_note": null,
        "status": "active",
        "reference_date": "2026-08-04"
      }
    },
    {
      "type": "Feature",
      "geometry": {
        "type": "Point",
        "coordinates": [
          23.62511111,
          41.96105556
        ]
      },
      "properties": {
        "permit_number_date": "41510104/23.07.2007",
        "permit_number": 41510104.0,
        "canonical_code": "BG4G001PTPZ026",
        "holder": "В и К ЕООД Благоевград",
        "facility_name": "ВС\"Дерето\"",
        "facility_registration": "555/23.07.2007",
        "water_use_purpose": "питейно-битови",
        "mean_discharge_lps": null,
        "max_discharge_lps": null,
        "daily_authorized_volume_m3": 32.9,
        "annual_authorized_volume_m3": 12000.0,
        "hydraulic_conductivity_m_day": null,
        "transmissivity_m2_day": null,
        "aquifer_thickness_m": null,
        "coordinate_method": "sondi_derived_centroid_of_official_local_points",
        "national_register_row": null,
        "latitude_raw": "Дренаж №1 41°58,12.7\" Дренаж №2 41°57,09.0\"",
        "longitude_raw": "Дренаж №1 23°37,44.1\" Дренаж №2 23°37,54.1\"",
        "coordinate_note": null,
        "status": "active",
        "reference_date": "2026-08-04"
      }
    },
    {
      "type": "Feature",
      "geometry": {
        "type": "Point",
        "coordinates": [
          24.24388861,
          41.61186056
        ]
      },
      "properties": {
        "permit_number_date": "41510251/22.12.2008",
        "permit_number": 41510251.0,
        "canonical_code": "BG4G001PTPZ026",
        "holder": "В и К ЕООД Смолян",
        "facility_name": "ВС\"Бял Дунав\"",
        "facility_registration": "743/22.12.2008",
        "water_use_purpose": "питейно-битови",
        "mean_discharge_lps": null,
        "max_discharge_lps": null,
        "daily_authorized_volume_m3": 164.0,
        "annual_authorized_volume_m3": 59860.0,
        "hydraulic_conductivity_m_day": null,
        "transmissivity_m2_day": null,
        "aquifer_thickness_m": null,
        "coordinate_method": "official_local",
        "national_register_row": null,
        "latitude_raw": "41° 36' 42,698\"",
        "longitude_raw": "24° 14' 37,999\"",
        "coordinate_note": null,
        "status": "active",
        "reference_date": "2026-08-04"
      }
    },
    {
      "type": "Feature",
      "geometry": {
        "type": "Point",
        "coordinates": [
          24.17525,
          41.64405
        ]
      },
      "properties": {
        "permit_number_date": "41590071/04.08.2009",
        "permit_number": 41590071.0,
        "canonical_code": "BG4G001PTPZ026",
        "holder": "Доспатлес-2000 АД",
        "facility_name": "Каптаж \"Сухата ливада\"",
        "facility_registration": "776/04.08.2009",
        "water_use_purpose": "други цели",
        "mean_discharge_lps": 0.12,
        "max_discharge_lps": null,
        "daily_authorized_volume_m3": null,
        "annual_authorized_volume_m3": 3750.0,
        "hydraulic_conductivity_m_day": null,
        "transmissivity_m2_day": null,
        "aquifer_thickness_m": null,
        "coordinate_method": "official_local",
        "national_register_row": null,
        "latitude_raw": "41° 38' 38,580\"",
        "longitude_raw": "24° 10' 30,900\"",
        "coordinate_note": null,
        "status": "active",
        "reference_date": "2026-08-04"
      }
    },
    {
      "type": "Feature",
      "geometry": {
        "type": "Point",
        "coordinates": [
          23.71688889,
          41.98636111
        ]
      },
      "properties": {
        "permit_number_date": "41510335/08.11.2011",
        "permit_number": 41510335.0,
        "canonical_code": "BG4G001PTPZ026",
        "holder": "В и К ЕООД Благоевград",
        "facility_name": "ВС\"Калейко\"",
        "facility_registration": "878/08.11.2011",
        "water_use_purpose": "питейно-битови цели",
        "mean_discharge_lps": 0.54,
        "max_discharge_lps": null,
        "daily_authorized_volume_m3": null,
        "annual_authorized_volume_m3": 17000.0,
        "hydraulic_conductivity_m_day": null,
        "transmissivity_m2_day": null,
        "aquifer_thickness_m": null,
        "coordinate_method": "official_local",
        "national_register_row": null,
        "latitude_raw": "41°59'10.9\"",
        "longitude_raw": "23°43'00.8\"",
        "coordinate_note": null,
        "status": "active",
        "reference_date": "2026-08-04"
      }
    },
    {
      "type": "Feature",
      "geometry": {
        "type": "Point",
        "coordinates": [
          23.8361675,
          41.69052722
        ]
      },
      "properties": {
        "permit_number_date": "41510342/20.01.2012",
        "permit_number": 41510342.0,
        "canonical_code": "BG4G001PTPZ026",
        "holder": "В и К ЕООД Благоевград",
        "facility_name": "ВС\"Горно ливаде\"",
        "facility_registration": "385/24.01.2007",
        "water_use_purpose": "питейно-битови цели",
        "mean_discharge_lps": 0.02,
        "max_discharge_lps": null,
        "daily_authorized_volume_m3": null,
        "annual_authorized_volume_m3": 5000.0,
        "hydraulic_conductivity_m_day": null,
        "transmissivity_m2_day": null,
        "aquifer_thickness_m": null,
        "coordinate_method": "official_local",
        "national_register_row": null,
        "latitude_raw": "41° 41' 25,898\"",
        "longitude_raw": "23° 50' 10,203\"",
        "coordinate_note": null,
        "status": "active",
        "reference_date": "2026-08-04"
      }
    },
    {
      "type": "Feature",
      "geometry": {
        "type": "Point",
        "coordinates": [
          23.83211806,
          41.6964775
        ]
      },
      "properties": {
        "permit_number_date": "41510342/20.01.2012",
        "permit_number": 41510342.0,
        "canonical_code": "BG4G001PTPZ026",
        "holder": "В и К ЕООД Благоевград",
        "facility_name": "ВС\"Рударя\"",
        "facility_registration": "386/24.01.2007",
        "water_use_purpose": "питейно-битови цели",
        "mean_discharge_lps": 0.02,
        "max_discharge_lps": null,
        "daily_authorized_volume_m3": null,
        "annual_authorized_volume_m3": null,
        "hydraulic_conductivity_m_day": null,
        "transmissivity_m2_day": null,
        "aquifer_thickness_m": null,
        "coordinate_method": "official_local",
        "national_register_row": null,
        "latitude_raw": "41° 41' 47,319\"",
        "longitude_raw": "23° 49' 55,625\"",
        "coordinate_note": null,
        "status": "active",
        "reference_date": "2026-08-04"
      }
    },
    {
      "type": "Feature",
      "geometry": {
        "type": "Point",
        "coordinates": [
          23.83095917,
          41.69375361
        ]
      },
      "properties": {
        "permit_number_date": "41510342/20.01.2012",
        "permit_number": 41510342.0,
        "canonical_code": "BG4G001PTPZ026",
        "holder": "В и К ЕООД Благоевград",
        "facility_name": "ВС\"Паласовото\"",
        "facility_registration": "387/24.01.2007",
        "water_use_purpose": "питейно-битови цели",
        "mean_discharge_lps": 0.12,
        "max_discharge_lps": null,
        "daily_authorized_volume_m3": null,
        "annual_authorized_volume_m3": null,
        "hydraulic_conductivity_m_day": null,
        "transmissivity_m2_day": null,
        "aquifer_thickness_m": null,
        "coordinate_method": "official_local",
        "national_register_row": null,
        "latitude_raw": "41° 41' 37,513\"",
        "longitude_raw": "23° 49' 51,453\"",
        "coordinate_note": null,
        "status": "active",
        "reference_date": "2026-08-04"
      }
    },
    {
      "type": "Feature",
      "geometry": {
        "type": "Point",
        "coordinates": [
          23.8361525,
          41.75388889
        ]
      },
      "properties": {
        "permit_number_date": "41590129/06.02.2014",
        "permit_number": 41590129.0,
        "canonical_code": "BG4G001PTPZ026",
        "holder": "НЕК ЕАД",
        "facility_name": "КЕИ\"Вищерица\"",
        "facility_registration": "855/19.08.2011",
        "water_use_purpose": "други цели/санитарни нужди и хигиенизиране на площадки/",
        "mean_discharge_lps": 0.00037,
        "max_discharge_lps": null,
        "daily_authorized_volume_m3": null,
        "annual_authorized_volume_m3": 11.7,
        "hydraulic_conductivity_m_day": null,
        "transmissivity_m2_day": null,
        "aquifer_thickness_m": null,
        "coordinate_method": "official_local",
        "national_register_row": null,
        "latitude_raw": "41° 45' 14,000\"",
        "longitude_raw": "23° 50' 10,149\"",
        "coordinate_note": null,
        "status": "active",
        "reference_date": "2026-08-04"
      }
    },
    {
      "type": "Feature",
      "geometry": {
        "type": "Point",
        "coordinates": [
          23.88436583,
          41.71284056
        ]
      },
      "properties": {
        "permit_number_date": "41590131/06.02.2014",
        "permit_number": 41590131.0,
        "canonical_code": "BG4G001PTPZ026",
        "holder": "НЕК ЕАД",
        "facility_name": "КЕИ\"Чифте чарк\"",
        "facility_registration": "865/03.10.2011",
        "water_use_purpose": "други цели/санитарни нужди и хигиенизиране на площадки/",
        "mean_discharge_lps": 0.00093,
        "max_discharge_lps": null,
        "daily_authorized_volume_m3": null,
        "annual_authorized_volume_m3": 29.5,
        "hydraulic_conductivity_m_day": null,
        "transmissivity_m2_day": null,
        "aquifer_thickness_m": null,
        "coordinate_method": "official_local",
        "national_register_row": null,
        "latitude_raw": "41° 42' 46,226\"",
        "longitude_raw": "23° 53' 3,717\"",
        "coordinate_note": null,
        "status": "active",
        "reference_date": "2026-08-04"
      }
    },
    {
      "type": "Feature",
      "geometry": {
        "type": "Point",
        "coordinates": [
          23.90765056,
          41.7411875
        ]
      },
      "properties": {
        "permit_number_date": "41590132/06.02.2014г.",
        "permit_number": 41590132.0,
        "canonical_code": "BG4G001PTPZ026",
        "holder": "НЕК ЕАД",
        "facility_name": "КЕИ\"Кайли дере\"",
        "facility_registration": "864/03.10.2011",
        "water_use_purpose": "други цели/санитарни нужди и хигиенизиране на площадки/",
        "mean_discharge_lps": 0.00023,
        "max_discharge_lps": null,
        "daily_authorized_volume_m3": null,
        "annual_authorized_volume_m3": 7.5,
        "hydraulic_conductivity_m_day": null,
        "transmissivity_m2_day": null,
        "aquifer_thickness_m": null,
        "coordinate_method": "official_local",
        "national_register_row": null,
        "latitude_raw": "41° 44' 28,275\"",
        "longitude_raw": "23° 54' 27,542\"",
        "coordinate_note": null,
        "status": "active",
        "reference_date": "2026-08-04"
      }
    },
    {
      "type": "Feature",
      "geometry": {
        "type": "Point",
        "coordinates": [
          23.75324139,
          41.97724222
        ]
      },
      "properties": {
        "permit_number_date": "41510504/22.04.2014",
        "permit_number": 41510504.0,
        "canonical_code": "BG4G001PTPZ026",
        "holder": "Община Якоруда",
        "facility_name": "КЕИ\"Бел Камен\"",
        "facility_registration": "910/22.04.2014",
        "water_use_purpose": "питейно-битови",
        "mean_discharge_lps": 4.3,
        "max_discharge_lps": 5.2,
        "daily_authorized_volume_m3": 371.52,
        "annual_authorized_volume_m3": 135604.8,
        "hydraulic_conductivity_m_day": null,
        "transmissivity_m2_day": null,
        "aquifer_thickness_m": null,
        "coordinate_method": "official_local",
        "national_register_row": null,
        "latitude_raw": "41° 58' 38,072\"",
        "longitude_raw": "23° 45' 11,669\"",
        "coordinate_note": null,
        "status": "active",
        "reference_date": "2026-08-04"
      }
    },
    {
      "type": "Feature",
      "geometry": {
        "type": "Point",
        "coordinates": [
          23.94593917,
          41.849795
        ]
      },
      "properties": {
        "permit_number_date": "41510506/29.05.2014",
        "permit_number": 41510506.0,
        "canonical_code": "BG4G001PTPZ026",
        "holder": "ЮЦДП-ТП ДЛС Чепино",
        "facility_name": "КЕИ",
        "facility_registration": "914/29.05.2014",
        "water_use_purpose": "питейно-битови",
        "mean_discharge_lps": 0.05,
        "max_discharge_lps": 0.6,
        "daily_authorized_volume_m3": 3.89,
        "annual_authorized_volume_m3": 700.0,
        "hydraulic_conductivity_m_day": null,
        "transmissivity_m2_day": null,
        "aquifer_thickness_m": null,
        "coordinate_method": "official_local",
        "national_register_row": null,
        "latitude_raw": "41° 50' 59,262\"",
        "longitude_raw": "23° 56' 45,381\"",
        "coordinate_note": null,
        "status": "active",
        "reference_date": "2026-08-04"
      }
    },
    {
      "type": "Feature",
      "geometry": {
        "type": "Point",
        "coordinates": [
          23.92786667,
          41.8706
        ]
      },
      "properties": {
        "permit_number_date": "41510469/06.06.2014",
        "permit_number": 41510469.0,
        "canonical_code": "BG4G001PTPZ026",
        "holder": "ЮДП ДП",
        "facility_name": "КИ-1",
        "facility_registration": "915/06.06.2014",
        "water_use_purpose": "питейно-битови",
        "mean_discharge_lps": 0.07,
        "max_discharge_lps": null,
        "daily_authorized_volume_m3": null,
        "annual_authorized_volume_m3": 1500.0,
        "hydraulic_conductivity_m_day": null,
        "transmissivity_m2_day": null,
        "aquifer_thickness_m": null,
        "coordinate_method": "official_local",
        "national_register_row": null,
        "latitude_raw": "41° 52' 14,160\"",
        "longitude_raw": "23° 55' 40,320\"",
        "coordinate_note": null,
        "status": "active",
        "reference_date": "2026-08-04"
      }
    },
    {
      "type": "Feature",
      "geometry": {
        "type": "Point",
        "coordinates": [
          24.193667,
          41.548139
        ]
      },
      "properties": {
        "permit_number_date": "41510528/31.10.2016",
        "permit_number": 41510528.0,
        "canonical_code": "BG4G001PTPZ026",
        "holder": "Фалкос ЕООД",
        "facility_name": "Каптаж на извор \"Гърчево\"",
        "facility_registration": "769/09.07.2009",
        "water_use_purpose": "За самостоятелно питейно-битово водоснабдяване",
        "mean_discharge_lps": 0.037,
        "max_discharge_lps": 0.5,
        "daily_authorized_volume_m3": 3.2,
        "annual_authorized_volume_m3": 1175.0,
        "hydraulic_conductivity_m_day": null,
        "transmissivity_m2_day": null,
        "aquifer_thickness_m": null,
        "coordinate_method": "official_national_crosscheck",
        "national_register_row": 1132.0,
        "latitude_raw": "40°32'53,3\"",
        "longitude_raw": "24°11'37,2\"",
        "coordinate_note": null,
        "status": "active",
        "reference_date": "2026-08-04"
      }
    },
    {
      "type": "Feature",
      "geometry": {
        "type": "Point",
        "coordinates": [
          23.63694444,
          41.93972222
        ]
      },
      "properties": {
        "permit_number_date": "41510548/30.03.2018",
        "permit_number": 41510548.0,
        "canonical_code": "BG4G001PTPZ026",
        "holder": "В и К ЕООД Благоевград",
        "facility_name": "КЕИ \"Стобора\"",
        "facility_registration": null,
        "water_use_purpose": "За питейно-битово водоснабдяване",
        "mean_discharge_lps": 0.6,
        "max_discharge_lps": null,
        "daily_authorized_volume_m3": null,
        "annual_authorized_volume_m3": null,
        "hydraulic_conductivity_m_day": null,
        "transmissivity_m2_day": null,
        "aquifer_thickness_m": null,
        "coordinate_method": "official_local",
        "national_register_row": null,
        "latitude_raw": "41°56'23.'37\"",
        "longitude_raw": "23°38'13.'26\"",
        "coordinate_note": null,
        "status": "active",
        "reference_date": "2026-08-04"
      }
    },
    {
      "type": "Feature",
      "geometry": {
        "type": "Point",
        "coordinates": [
          23.63805556,
          41.94
        ]
      },
      "properties": {
        "permit_number_date": "41510548/30.03.2018",
        "permit_number": 41510548.0,
        "canonical_code": "BG4G001PTPZ026",
        "holder": "В и К ЕООД Благоевград",
        "facility_name": "КЕИ \"Извор\" 1",
        "facility_registration": null,
        "water_use_purpose": "За питейно-битово водоснабдяване",
        "mean_discharge_lps": null,
        "max_discharge_lps": null,
        "daily_authorized_volume_m3": null,
        "annual_authorized_volume_m3": null,
        "hydraulic_conductivity_m_day": null,
        "transmissivity_m2_day": null,
        "aquifer_thickness_m": null,
        "coordinate_method": "official_local",
        "national_register_row": null,
        "latitude_raw": "41°56'24.'45\"",
        "longitude_raw": "23°38'17.'73\"",
        "coordinate_note": null,
        "status": "active",
        "reference_date": "2026-08-04"
      }
    },
    {
      "type": "Feature",
      "geometry": {
        "type": "Point",
        "coordinates": [
          23.63722222,
          41.93833333
        ]
      },
      "properties": {
        "permit_number_date": "41510548/30.03.2018",
        "permit_number": 41510548.0,
        "canonical_code": "BG4G001PTPZ026",
        "holder": "В и К ЕООД Благоевград",
        "facility_name": "КЕИ \"Извор\" 2",
        "facility_registration": null,
        "water_use_purpose": "За питейно-битово водоснабдяване",
        "mean_discharge_lps": null,
        "max_discharge_lps": null,
        "daily_authorized_volume_m3": null,
        "annual_authorized_volume_m3": 18855.9,
        "hydraulic_conductivity_m_day": null,
        "transmissivity_m2_day": null,
        "aquifer_thickness_m": null,
        "coordinate_method": "official_local",
        "national_register_row": null,
        "latitude_raw": "41°56'18.'99\"",
        "longitude_raw": "23°38'14.'84\"",
        "coordinate_note": null,
        "status": "active",
        "reference_date": "2026-08-04"
      }
    },
    {
      "type": "Feature",
      "geometry": {
        "type": "Point",
        "coordinates": [
          24.02972222,
          41.775
        ]
      },
      "properties": {
        "permit_number_date": "41510558/23.07.2018",
        "permit_number": 41510558.0,
        "canonical_code": "BG4G001PTPZ026",
        "holder": "Водоснабдяване,канализация и териториален водоинженеринг ЕООД",
        "facility_name": "КИ\" Скарата 1\"",
        "facility_registration": "365/19.12.2006",
        "water_use_purpose": "За обществено питейно-битово водоснабдяване",
        "mean_discharge_lps": 0.5,
        "max_discharge_lps": null,
        "daily_authorized_volume_m3": 43.2,
        "annual_authorized_volume_m3": 15768.0,
        "hydraulic_conductivity_m_day": null,
        "transmissivity_m2_day": null,
        "aquifer_thickness_m": null,
        "coordinate_method": "official_local",
        "national_register_row": null,
        "latitude_raw": "41°46'30.'7\"",
        "longitude_raw": "24°1'47.'39\"",
        "coordinate_note": null,
        "status": "active",
        "reference_date": "2026-08-04"
      }
    },
    {
      "type": "Feature",
      "geometry": {
        "type": "Point",
        "coordinates": [
          23.94611111,
          41.83138889
        ]
      },
      "properties": {
        "permit_number_date": "41510559/01.08.2018",
        "permit_number": 41510559.0,
        "canonical_code": "BG4G001PTPZ026",
        "holder": "Водоснабдяване,канализация и териториален водоинженеринг ЕООД",
        "facility_name": "КИ \"Побит камък\" 1",
        "facility_registration": "1054/18.01.2018",
        "water_use_purpose": "За питейно-битово водоснабдяване",
        "mean_discharge_lps": 0.8,
        "max_discharge_lps": null,
        "daily_authorized_volume_m3": null,
        "annual_authorized_volume_m3": 50458.0,
        "hydraulic_conductivity_m_day": null,
        "transmissivity_m2_day": null,
        "aquifer_thickness_m": null,
        "coordinate_method": "official_local",
        "national_register_row": null,
        "latitude_raw": "41°49'53.'82\"",
        "longitude_raw": "23°56'46.'16\"",
        "coordinate_note": null,
        "status": "active",
        "reference_date": "2026-08-04"
      }
    },
    {
      "type": "Feature",
      "geometry": {
        "type": "Point",
        "coordinates": [
          23.92805556,
          41.83111111
        ]
      },
      "properties": {
        "permit_number_date": "41510559/01.08.2018",
        "permit_number": 41510559.0,
        "canonical_code": "BG4G001PTPZ026",
        "holder": "Водоснабдяване,канализация и териториален водоинженеринг ЕООД",
        "facility_name": "КИ \"Побит камък\" 2",
        "facility_registration": "1055/18.01.2018",
        "water_use_purpose": "За питейно-битово водоснабдяване",
        "mean_discharge_lps": 0.6,
        "max_discharge_lps": null,
        "daily_authorized_volume_m3": null,
        "annual_authorized_volume_m3": 50458.0,
        "hydraulic_conductivity_m_day": null,
        "transmissivity_m2_day": null,
        "aquifer_thickness_m": null,
        "coordinate_method": "official_local",
        "national_register_row": null,
        "latitude_raw": "41°49'52.'13\"",
        "longitude_raw": "23°55'41.'98\"",
        "coordinate_note": null,
        "status": "active",
        "reference_date": "2026-08-04"
      }
    },
    {
      "type": "Feature",
      "geometry": {
        "type": "Point",
        "coordinates": [
          23.92805556,
          41.83083333
        ]
      },
      "properties": {
        "permit_number_date": "41510559/01.08.2018",
        "permit_number": 41510559.0,
        "canonical_code": "BG4G001PTPZ026",
        "holder": "Водоснабдяване,канализация и териториален водоинженеринг ЕООД",
        "facility_name": "КИ \"Побит камък\" 3",
        "facility_registration": "1056/18.01.2018",
        "water_use_purpose": "За питейно-битово водоснабдяване",
        "mean_discharge_lps": 0.2,
        "max_discharge_lps": null,
        "daily_authorized_volume_m3": null,
        "annual_authorized_volume_m3": 50458.0,
        "hydraulic_conductivity_m_day": null,
        "transmissivity_m2_day": null,
        "aquifer_thickness_m": null,
        "coordinate_method": "official_local",
        "national_register_row": null,
        "latitude_raw": "41°49'51.'75\"",
        "longitude_raw": "23°55'41.'22\"",
        "coordinate_note": null,
        "status": "active",
        "reference_date": "2026-08-04"
      }
    },
    {
      "type": "Feature",
      "geometry": {
        "type": "Point",
        "coordinates": [
          23.78611111,
          41.86138889
        ]
      },
      "properties": {
        "permit_number_date": "41510561/24.08.2018",
        "permit_number": 41510561.0,
        "canonical_code": "BG4G001PTPZ026",
        "holder": "Водоснабдяване,канализация и териториален водоинженеринг ЕООД",
        "facility_name": "КИ \"Медени поляни 1\"",
        "facility_registration": null,
        "water_use_purpose": "За питейно-битово водоснабдяване",
        "mean_discharge_lps": 0.1,
        "max_discharge_lps": null,
        "daily_authorized_volume_m3": null,
        "annual_authorized_volume_m3": 91454.0,
        "hydraulic_conductivity_m_day": null,
        "transmissivity_m2_day": null,
        "aquifer_thickness_m": null,
        "coordinate_method": "official_local",
        "national_register_row": null,
        "latitude_raw": "41°51'41\"",
        "longitude_raw": "23°47'10.'8\"",
        "coordinate_note": null,
        "status": "active",
        "reference_date": "2026-08-04"
      }
    },
    {
      "type": "Feature",
      "geometry": {
        "type": "Point",
        "coordinates": [
          23.78666667,
          41.86194444
        ]
      },
      "properties": {
        "permit_number_date": "41510561/24.08.2018",
        "permit_number": 41510561.0,
        "canonical_code": "BG4G001PTPZ026",
        "holder": "Водоснабдяване,канализация и териториален водоинженеринг ЕООД",
        "facility_name": "КИ \"Медени поляни 2\"",
        "facility_registration": null,
        "water_use_purpose": "За питейно-битово водоснабдяване",
        "mean_discharge_lps": 0.2,
        "max_discharge_lps": null,
        "daily_authorized_volume_m3": null,
        "annual_authorized_volume_m3": 91454.0,
        "hydraulic_conductivity_m_day": null,
        "transmissivity_m2_day": null,
        "aquifer_thickness_m": null,
        "coordinate_method": "official_local",
        "national_register_row": null,
        "latitude_raw": "41°51'43.'6\"",
        "longitude_raw": "23°47'12.'8\"",
        "coordinate_note": null,
        "status": "active",
        "reference_date": "2026-08-04"
      }
    },
    {
      "type": "Feature",
      "geometry": {
        "type": "Point",
        "coordinates": [
          23.78825,
          41.86277778
        ]
      },
      "properties": {
        "permit_number_date": "41510561/24.08.2018",
        "permit_number": 41510561.0,
        "canonical_code": "BG4G001PTPZ026",
        "holder": "Водоснабдяване,канализация и териториален водоинженеринг ЕООД",
        "facility_name": "КИ \"Медени поляни 3\"",
        "facility_registration": null,
        "water_use_purpose": "За питейно-битово водоснабдяване",
        "mean_discharge_lps": 0.5,
        "max_discharge_lps": null,
        "daily_authorized_volume_m3": null,
        "annual_authorized_volume_m3": 91454.0,
        "hydraulic_conductivity_m_day": null,
        "transmissivity_m2_day": null,
        "aquifer_thickness_m": null,
        "coordinate_method": "official_local",
        "national_register_row": null,
        "latitude_raw": "41°51'46\"",
        "longitude_raw": "23°47'17.7\"",
        "coordinate_note": null,
        "status": "active",
        "reference_date": "2026-08-04"
      }
    },
    {
      "type": "Feature",
      "geometry": {
        "type": "Point",
        "coordinates": [
          23.79,
          41.86305556
        ]
      },
      "properties": {
        "permit_number_date": "41510561/24.08.2018",
        "permit_number": 41510561.0,
        "canonical_code": "BG4G001PTPZ026",
        "holder": "Водоснабдяване,канализация и териториален водоинженеринг ЕООД",
        "facility_name": "КИ \"Медени поляни 4\"",
        "facility_registration": null,
        "water_use_purpose": "За питейно-битово водоснабдяване",
        "mean_discharge_lps": 0.9,
        "max_discharge_lps": null,
        "daily_authorized_volume_m3": null,
        "annual_authorized_volume_m3": 91454.0,
        "hydraulic_conductivity_m_day": null,
        "transmissivity_m2_day": null,
        "aquifer_thickness_m": null,
        "coordinate_method": "official_local",
        "national_register_row": null,
        "latitude_raw": "41°51'47.'8\"",
        "longitude_raw": "23°47'24.'9\"",
        "coordinate_note": null,
        "status": "active",
        "reference_date": "2026-08-04"
      }
    },
    {
      "type": "Feature",
      "geometry": {
        "type": "Point",
        "coordinates": [
          23.7925,
          41.85916667
        ]
      },
      "properties": {
        "permit_number_date": "41510561/24.08.2018",
        "permit_number": 41510561.0,
        "canonical_code": "BG4G001PTPZ026",
        "holder": "Водоснабдяване,канализация и териториален водоинженеринг ЕООД",
        "facility_name": "КИ \"Медени поляни 5\"",
        "facility_registration": null,
        "water_use_purpose": "За питейно-битово водоснабдяване",
        "mean_discharge_lps": 1.2,
        "max_discharge_lps": null,
        "daily_authorized_volume_m3": null,
        "annual_authorized_volume_m3": 91454.0,
        "hydraulic_conductivity_m_day": null,
        "transmissivity_m2_day": null,
        "aquifer_thickness_m": null,
        "coordinate_method": "official_local",
        "national_register_row": null,
        "latitude_raw": "41°51'33.'1\"",
        "longitude_raw": "23°47'33.'3\"",
        "coordinate_note": null,
        "status": "active",
        "reference_date": "2026-08-04"
      }
    },
    {
      "type": "Feature",
      "geometry": {
        "type": "Point",
        "coordinates": [
          23.65916667,
          41.95944444
        ]
      },
      "properties": {
        "permit_number_date": "41510564/02.11.2018",
        "permit_number": 41510564.0,
        "canonical_code": "BG4G001PTPZ026",
        "holder": "Община Белица",
        "facility_name": "КЕИ (Каптаж на извор)",
        "facility_registration": null,
        "water_use_purpose": "За питейно-битово водоснабдяване",
        "mean_discharge_lps": 0.41,
        "max_discharge_lps": 0.5,
        "daily_authorized_volume_m3": null,
        "annual_authorized_volume_m3": 12928.0,
        "hydraulic_conductivity_m_day": null,
        "transmissivity_m2_day": null,
        "aquifer_thickness_m": null,
        "coordinate_method": "official_local",
        "national_register_row": null,
        "latitude_raw": "41°57'34.'69\"",
        "longitude_raw": "23°39'33.'21\"",
        "coordinate_note": null,
        "status": "active",
        "reference_date": "2026-08-04"
      }
    },
    {
      "type": "Feature",
      "geometry": {
        "type": "Point",
        "coordinates": [
          23.67688056,
          41.97547222
        ]
      },
      "properties": {
        "permit_number_date": "41510570/04.02.2019",
        "permit_number": 41510570.0,
        "canonical_code": "BG4G001PTPZ026",
        "holder": "В и К ЕООД Благоевград",
        "facility_name": "КЕИ \"Бельова ливада\" (Каптаж на извор)",
        "facility_registration": "894/26.11.2013",
        "water_use_purpose": "За питейно-битово водоснабдяване",
        "mean_discharge_lps": 0.206,
        "max_discharge_lps": null,
        "daily_authorized_volume_m3": null,
        "annual_authorized_volume_m3": 6497.0,
        "hydraulic_conductivity_m_day": null,
        "transmissivity_m2_day": null,
        "aquifer_thickness_m": null,
        "coordinate_method": "official_local",
        "national_register_row": null,
        "latitude_raw": "41°58'31.7\"",
        "longitude_raw": "23°40'36.77\"",
        "coordinate_note": null,
        "status": "active",
        "reference_date": "2026-08-04"
      }
    },
    {
      "type": "Feature",
      "geometry": {
        "type": "Point",
        "coordinates": [
          23.74714167,
          41.92976389
        ]
      },
      "properties": {
        "permit_number_date": "41510572/06.02.2019",
        "permit_number": 41510572.0,
        "canonical_code": "BG4G001PTPZ026",
        "holder": "В и К ЕООД Благоевград",
        "facility_name": "КЕИ \"Изворите\"",
        "facility_registration": "892/26.11.2013",
        "water_use_purpose": "За питейно-битово водоснабдяване",
        "mean_discharge_lps": 0.313,
        "max_discharge_lps": 0.6,
        "daily_authorized_volume_m3": null,
        "annual_authorized_volume_m3": 9855.0,
        "hydraulic_conductivity_m_day": null,
        "transmissivity_m2_day": null,
        "aquifer_thickness_m": null,
        "coordinate_method": "official_local",
        "national_register_row": null,
        "latitude_raw": "41°55'47.15\"",
        "longitude_raw": "23°44'49.71\"",
        "coordinate_note": null,
        "status": "active",
        "reference_date": "2026-08-04"
      }
    },
    {
      "type": "Feature",
      "geometry": {
        "type": "Point",
        "coordinates": [
          23.70372778,
          41.96105556
        ]
      },
      "properties": {
        "permit_number_date": "41510571/06.02.2019",
        "permit_number": 41510571.0,
        "canonical_code": "BG4G001PTPZ026",
        "holder": "В и К ЕООД Благоевград",
        "facility_name": "КЕИ \"Фикьовото\"",
        "facility_registration": "891/28.11.2013",
        "water_use_purpose": "За питейно-битово водоснабдяване",
        "mean_discharge_lps": 0.313,
        "max_discharge_lps": 0.313,
        "daily_authorized_volume_m3": null,
        "annual_authorized_volume_m3": 9855.0,
        "hydraulic_conductivity_m_day": null,
        "transmissivity_m2_day": null,
        "aquifer_thickness_m": null,
        "coordinate_method": "official_local",
        "national_register_row": null,
        "latitude_raw": "41°57'39.8\"",
        "longitude_raw": "23°42'13.42\"",
        "coordinate_note": null,
        "status": "active",
        "reference_date": "2026-08-04"
      }
    },
    {
      "type": "Feature",
      "geometry": {
        "type": "Point",
        "coordinates": [
          23.72374444,
          41.930925
        ]
      },
      "properties": {
        "permit_number_date": "41510590/28.04.2021",
        "permit_number": 41510590.0,
        "canonical_code": "BG4G001PTPZ026",
        "holder": "Община Белица",
        "facility_name": "КЕИ \"Крънчова воденица\"",
        "facility_registration": "1115/15.04.2021",
        "water_use_purpose": "питейно-битови цели",
        "mean_discharge_lps": 0.59,
        "max_discharge_lps": 0.59,
        "daily_authorized_volume_m3": null,
        "annual_authorized_volume_m3": 18469.0,
        "hydraulic_conductivity_m_day": null,
        "transmissivity_m2_day": null,
        "aquifer_thickness_m": null,
        "coordinate_method": "official_local",
        "national_register_row": null,
        "latitude_raw": "41°55'51.33\"",
        "longitude_raw": "23°43'25.48\"",
        "coordinate_note": null,
        "status": "active",
        "reference_date": "2026-08-04"
      }
    },
    {
      "type": "Feature",
      "geometry": {
        "type": "Point",
        "coordinates": [
          24.12205556,
          41.551
        ]
      },
      "properties": {
        "permit_number_date": "41510592/07.07.2021",
        "permit_number": 41510592.0,
        "canonical_code": "BG4G001PTPZ026",
        "holder": "Община Доспат",
        "facility_name": "Каптаж \"11 застава\"",
        "facility_registration": "768/09.07.2009",
        "water_use_purpose": "питейно-битово водоснабдяване",
        "mean_discharge_lps": 0.6,
        "max_discharge_lps": null,
        "daily_authorized_volume_m3": null,
        "annual_authorized_volume_m3": 18980.0,
        "hydraulic_conductivity_m_day": null,
        "transmissivity_m2_day": null,
        "aquifer_thickness_m": null,
        "coordinate_method": "official_local",
        "national_register_row": null,
        "latitude_raw": "41°33'3.6\"",
        "longitude_raw": "24°7'19.4\"",
        "coordinate_note": null,
        "status": "active",
        "reference_date": "2026-08-04"
      }
    },
    {
      "type": "Feature",
      "geometry": {
        "type": "Point",
        "coordinates": [
          23.76252778,
          41.75234167
        ]
      },
      "properties": {
        "permit_number_date": "41510603/14.11.2023",
        "permit_number": 41510603.0,
        "canonical_code": "BG4G001PTPZ026",
        "holder": "В и К ЕООД Благоевград",
        "facility_name": "КЕИ \"Кутреви блата\"",
        "facility_registration": "1116/15.04.2021",
        "water_use_purpose": "обществено питейно-битово водоснабдяване",
        "mean_discharge_lps": 0.38,
        "max_discharge_lps": 0.38,
        "daily_authorized_volume_m3": null,
        "annual_authorized_volume_m3": 11984.0,
        "hydraulic_conductivity_m_day": null,
        "transmissivity_m2_day": null,
        "aquifer_thickness_m": null,
        "coordinate_method": "official_local",
        "national_register_row": null,
        "latitude_raw": "41°45'8.43\"",
        "longitude_raw": "23°45'45.1\"",
        "coordinate_note": null,
        "status": "active",
        "reference_date": "2026-08-04"
      }
    },
    {
      "type": "Feature",
      "geometry": {
        "type": "Point",
        "coordinates": [
          24.16960278,
          41.62981944
        ]
      },
      "properties": {
        "permit_number_date": "41530129/14.03.2024",
        "permit_number": 41530129.0,
        "canonical_code": "BG4G001PTPZ026",
        "holder": "СЕВА 3 ЕООД",
        "facility_name": "ШК-1",
        "facility_registration": "1291/28.02.2023",
        "water_use_purpose": "промишлено водоснабдяване",
        "mean_discharge_lps": 0.08,
        "max_discharge_lps": 1.666,
        "daily_authorized_volume_m3": null,
        "annual_authorized_volume_m3": 2500.0,
        "hydraulic_conductivity_m_day": null,
        "transmissivity_m2_day": null,
        "aquifer_thickness_m": null,
        "coordinate_method": "official_local",
        "national_register_row": null,
        "latitude_raw": "41°37'47.35\"",
        "longitude_raw": "24°10'10.57\"",
        "coordinate_note": null,
        "status": "active",
        "reference_date": "2026-08-04"
      }
    },
    {
      "type": "Feature",
      "geometry": {
        "type": "Point",
        "coordinates": [
          24.237139,
          41.578083
        ]
      },
      "properties": {
        "permit_number_date": "41510608/26.06.2024",
        "permit_number": 41510608.0,
        "canonical_code": "BG4G001PTPZ026",
        "holder": "В и К ЕООД Смолян",
        "facility_name": "ВС \"Османова авлия\"; Каптажна шахта",
        "facility_registration": "766/22.06.2009",
        "water_use_purpose": "обществено питейно-битово водоснабдяване",
        "mean_discharge_lps": "ВС \"Османова авлия\" каптаж -1,088; ВС \"Османова авлия\" Каптажна шахта -0,469 ; общо 1,5",
        "max_discharge_lps": null,
        "daily_authorized_volume_m3": null,
        "annual_authorized_volume_m3": 47450.0,
        "hydraulic_conductivity_m_day": null,
        "transmissivity_m2_day": null,
        "aquifer_thickness_m": null,
        "coordinate_method": "official_national_crosscheck",
        "national_register_row": 1470.0,
        "latitude_raw": "ВС \"Османова Авлия\" 41°34'41.1\" ; Каптажна шахта 41°34'38.1\"",
        "longitude_raw": "ВС \"Османова Авлия\" 24°14'13.7\"; Каптажна шахта 24°14'8.3\";",
        "coordinate_note": null,
        "status": "active",
        "reference_date": "2026-08-04"
      }
    },
    {
      "type": "Feature",
      "geometry": {
        "type": "Point",
        "coordinates": [
          24.10851667,
          41.65666111
        ]
      },
      "properties": {
        "permit_number_date": "41510622/17.03.2025",
        "permit_number": 41510622.0,
        "canonical_code": "BG4G001PTPZ026",
        "holder": "ВиК ЕООД Смолян",
        "facility_name": "КЕИ \"Ючулук\"",
        "facility_registration": "1305/29.03.2023",
        "water_use_purpose": "обществено питейно-битово водоснабдяване",
        "mean_discharge_lps": 0.11,
        "max_discharge_lps": null,
        "daily_authorized_volume_m3": null,
        "annual_authorized_volume_m3": 3467.0,
        "hydraulic_conductivity_m_day": null,
        "transmissivity_m2_day": null,
        "aquifer_thickness_m": null,
        "coordinate_method": "official_local",
        "national_register_row": null,
        "latitude_raw": "41°39'23.98\"",
        "longitude_raw": "24°06'30.66\"",
        "coordinate_note": null,
        "status": "active",
        "reference_date": "2026-08-04"
      }
    },
    {
      "type": "Feature",
      "geometry": {
        "type": "Point",
        "coordinates": [
          23.76671944,
          41.72261667
        ]
      },
      "properties": {
        "permit_number_date": "41590310/24.03.2025",
        "permit_number": 41590310.0,
        "canonical_code": "BG4G001PTPZ026",
        "holder": "Община Гърмен",
        "facility_name": "ТК",
        "facility_registration": "1469/09.10.2025",
        "water_use_purpose": "други цели",
        "mean_discharge_lps": 0.035,
        "max_discharge_lps": 1.0,
        "daily_authorized_volume_m3": null,
        "annual_authorized_volume_m3": 1100.0,
        "hydraulic_conductivity_m_day": null,
        "transmissivity_m2_day": null,
        "aquifer_thickness_m": null,
        "coordinate_method": "official_local",
        "national_register_row": null,
        "latitude_raw": "41°43'21.42\"",
        "longitude_raw": "23°46'00.19\"",
        "coordinate_note": null,
        "status": "active",
        "reference_date": "2026-08-04"
      }
    },
    {
      "type": "Feature",
      "geometry": {
        "type": "Point",
        "coordinates": [
          23.68415833,
          41.95878056
        ]
      },
      "properties": {
        "permit_number_date": "41510630/01.10.2025",
        "permit_number": 41510630.0,
        "canonical_code": "BG4G001PTPZ026",
        "holder": "В и К ЕООД Благоевград",
        "facility_name": "КЕИ \"Карекашка\"",
        "facility_registration": "893/28.11.2013",
        "water_use_purpose": "обществено питейно-битово водоснабдяване",
        "mean_discharge_lps": 0.1,
        "max_discharge_lps": 0.11,
        "daily_authorized_volume_m3": null,
        "annual_authorized_volume_m3": 3285.0,
        "hydraulic_conductivity_m_day": null,
        "transmissivity_m2_day": null,
        "aquifer_thickness_m": null,
        "coordinate_method": "official_local",
        "national_register_row": null,
        "latitude_raw": "41°57'31.61\"",
        "longitude_raw": "23°41'02.97\"",
        "coordinate_note": null,
        "status": "active",
        "reference_date": "2026-08-04"
      }
    },
    {
      "type": "Feature",
      "geometry": {
        "type": "Point",
        "coordinates": [
          23.16885694,
          42.40750306
        ]
      },
      "properties": {
        "permit_number_date": "0533/10.09.2001",
        "permit_number": 533.0,
        "canonical_code": "BG4G001PTPZ027",
        "holder": "SOS- Детски селища в България",
        "facility_name": "ТК",
        "facility_registration": "31/10.09.2001",
        "water_use_purpose": "питейно-битови цели",
        "mean_discharge_lps": 0.32,
        "max_discharge_lps": 1.5,
        "daily_authorized_volume_m3": 28.0,
        "annual_authorized_volume_m3": 10092.0,
        "hydraulic_conductivity_m_day": null,
        "transmissivity_m2_day": null,
        "aquifer_thickness_m": null,
        "coordinate_method": "official_local",
        "national_register_row": null,
        "latitude_raw": "42° 24' 27,011\"",
        "longitude_raw": "23° 10' 7,885\"",
        "coordinate_note": null,
        "status": "active",
        "reference_date": "2026-08-04"
      }
    },
    {
      "type": "Feature",
      "geometry": {
        "type": "Point",
        "coordinates": [
          23.09944611,
          42.38354778
        ]
      },
      "properties": {
        "permit_number_date": "41510085/03.04.2007",
        "permit_number": 41510085.0,
        "canonical_code": "BG4G001PTPZ027",
        "holder": "В и К Дупница ООД",
        "facility_name": "Каптаж \"Извора\"",
        "facility_registration": "496/03.04.2007",
        "water_use_purpose": "питейно-битови",
        "mean_discharge_lps": 1.24,
        "max_discharge_lps": null,
        "daily_authorized_volume_m3": null,
        "annual_authorized_volume_m3": 39104.64,
        "hydraulic_conductivity_m_day": null,
        "transmissivity_m2_day": null,
        "aquifer_thickness_m": null,
        "coordinate_method": "official_local",
        "national_register_row": null,
        "latitude_raw": "42° 23' 0,772\"",
        "longitude_raw": "23° 5' 58,006\"",
        "coordinate_note": null,
        "status": "active",
        "reference_date": "2026-08-04"
      }
    },
    {
      "type": "Feature",
      "geometry": {
        "type": "Point",
        "coordinates": [
          23.05577778,
          42.36727778
        ]
      },
      "properties": {
        "permit_number_date": "41510084/03.04.2007",
        "permit_number": 41510084.0,
        "canonical_code": "BG4G001PTPZ027",
        "holder": "В и К Дупница ООД",
        "facility_name": "Каптаж \"Дерето\"",
        "facility_registration": "497/03.04.2007",
        "water_use_purpose": "питейно-битови",
        "mean_discharge_lps": null,
        "max_discharge_lps": null,
        "daily_authorized_volume_m3": 9.39,
        "annual_authorized_volume_m3": 3427.4,
        "hydraulic_conductivity_m_day": null,
        "transmissivity_m2_day": null,
        "aquifer_thickness_m": null,
        "coordinate_method": "official_local",
        "national_register_row": null,
        "latitude_raw": "42°22'2.2\"",
        "longitude_raw": "23°03'20.8\"",
        "coordinate_note": null,
        "status": "active",
        "reference_date": "2026-08-04"
      }
    },
    {
      "type": "Feature",
      "geometry": {
        "type": "Point",
        "coordinates": [
          23.16176556,
          42.40739278
        ]
      },
      "properties": {
        "permit_number_date": "41510272/21.10.2009",
        "permit_number": 41510272.0,
        "canonical_code": "BG4G001PTPZ027",
        "holder": "В и К ООД Перник",
        "facility_name": "ВС\"Селото\"",
        "facility_registration": "783/21.10.2010",
        "water_use_purpose": "питейно-битови",
        "mean_discharge_lps": 0.102,
        "max_discharge_lps": null,
        "daily_authorized_volume_m3": 8.77,
        "annual_authorized_volume_m3": 3203.0,
        "hydraulic_conductivity_m_day": null,
        "transmissivity_m2_day": null,
        "aquifer_thickness_m": null,
        "coordinate_method": "official_local",
        "national_register_row": null,
        "latitude_raw": "42° 24' 26,614\"",
        "longitude_raw": "23° 9' 42,356\"",
        "coordinate_note": null,
        "status": "active",
        "reference_date": "2026-08-04"
      }
    },
    {
      "type": "Feature",
      "geometry": {
        "type": "Point",
        "coordinates": [
          23.00947222,
          42.70377778
        ]
      },
      "properties": {
        "permit_number_date": "41510276/27.10.2009",
        "permit_number": 41510276.0,
        "canonical_code": "BG4G001PTPZ027",
        "holder": "В и К ООД Перник",
        "facility_name": "ВС\"Зли дол\"",
        "facility_registration": "786/27.10.2009",
        "water_use_purpose": "питейно-битови",
        "mean_discharge_lps": 0.13,
        "max_discharge_lps": null,
        "daily_authorized_volume_m3": 11.2,
        "annual_authorized_volume_m3": 4089.8,
        "hydraulic_conductivity_m_day": null,
        "transmissivity_m2_day": null,
        "aquifer_thickness_m": null,
        "coordinate_method": "official_local",
        "national_register_row": null,
        "latitude_raw": "42° 42' 13,600\"",
        "longitude_raw": "23° 0' 34,100\"",
        "coordinate_note": null,
        "status": "active",
        "reference_date": "2026-08-04"
      }
    },
    {
      "type": "Feature",
      "geometry": {
        "type": "Point",
        "coordinates": [
          22.96186111,
          42.72341667
        ]
      },
      "properties": {
        "permit_number_date": "41510278/27.10.2009",
        "permit_number": 41510278.0,
        "canonical_code": "BG4G001PTPZ027",
        "holder": "В и К ООД Перник",
        "facility_name": "ВС\"Горна чешма\"",
        "facility_registration": "788/27.10.2009",
        "water_use_purpose": "питейно-битови",
        "mean_discharge_lps": 0.098,
        "max_discharge_lps": null,
        "daily_authorized_volume_m3": 8.5,
        "annual_authorized_volume_m3": 3104.3,
        "hydraulic_conductivity_m_day": null,
        "transmissivity_m2_day": null,
        "aquifer_thickness_m": null,
        "coordinate_method": "official_local",
        "national_register_row": null,
        "latitude_raw": "42° 43' 24,300\"",
        "longitude_raw": "22° 57' 42,700\"",
        "coordinate_note": null,
        "status": "active",
        "reference_date": "2026-08-04"
      }
    },
    {
      "type": "Feature",
      "geometry": {
        "type": "Point",
        "coordinates": [
          23.05297222,
          42.66925
        ]
      },
      "properties": {
        "permit_number_date": "41510284/27.10.2009",
        "permit_number": 41510284.0,
        "canonical_code": "BG4G001PTPZ027",
        "holder": "В и К ООД Перник",
        "facility_name": "ВС\"Света вода\"",
        "facility_registration": "794/27.10.2009",
        "water_use_purpose": "питейно-битови",
        "mean_discharge_lps": 0.381,
        "max_discharge_lps": null,
        "daily_authorized_volume_m3": 32.9,
        "annual_authorized_volume_m3": 12023.1,
        "hydraulic_conductivity_m_day": null,
        "transmissivity_m2_day": null,
        "aquifer_thickness_m": null,
        "coordinate_method": "official_local",
        "national_register_row": null,
        "latitude_raw": "42° 40' 9,300\"",
        "longitude_raw": "23° 3' 10,700\"",
        "coordinate_note": null,
        "status": "active",
        "reference_date": "2026-08-04"
      }
    },
    {
      "type": "Feature",
      "geometry": {
        "type": "Point",
        "coordinates": [
          23.06881639,
          42.39614972
        ]
      },
      "properties": {
        "permit_number_date": "41510290/27.10.2009",
        "permit_number": 41510290.0,
        "canonical_code": "BG4G001PTPZ027",
        "holder": "В и К ООД Перник",
        "facility_name": "ВС\"Дервена\"",
        "facility_registration": "800/27.10.2009",
        "water_use_purpose": "питейно-битови",
        "mean_discharge_lps": 0.07,
        "max_discharge_lps": null,
        "daily_authorized_volume_m3": 6.1,
        "annual_authorized_volume_m3": 2217.4,
        "hydraulic_conductivity_m_day": null,
        "transmissivity_m2_day": null,
        "aquifer_thickness_m": null,
        "coordinate_method": "official_local",
        "national_register_row": null,
        "latitude_raw": "42° 23' 46,139\"",
        "longitude_raw": "23° 4' 7,739\"",
        "coordinate_note": null,
        "status": "active",
        "reference_date": "2026-08-04"
      }
    },
    {
      "type": "Feature",
      "geometry": {
        "type": "Point",
        "coordinates": [
          23.18524194,
          42.40739139
        ]
      },
      "properties": {
        "permit_number_date": "41510490/07.03.2014",
        "permit_number": 41510490.0,
        "canonical_code": "BG4G001PTPZ027",
        "holder": "Призма-филм ЕООД",
        "facility_name": "КЕИ\"Вадата\"",
        "facility_registration": "897/07.03.2014",
        "water_use_purpose": "питейно-битови",
        "mean_discharge_lps": 0.019,
        "max_discharge_lps": null,
        "daily_authorized_volume_m3": null,
        "annual_authorized_volume_m3": 584.0,
        "hydraulic_conductivity_m_day": null,
        "transmissivity_m2_day": null,
        "aquifer_thickness_m": null,
        "coordinate_method": "official_local",
        "national_register_row": null,
        "latitude_raw": "42° 24' 26,609\"",
        "longitude_raw": "23° 11' 6,871\"",
        "coordinate_note": null,
        "status": "active",
        "reference_date": "2026-08-04"
      }
    },
    {
      "type": "Feature",
      "geometry": {
        "type": "Point",
        "coordinates": [
          22.90241667,
          42.70256389
        ]
      },
      "properties": {
        "permit_number_date": "41510508/25.02.2015",
        "permit_number": 41510508.0,
        "canonical_code": "BG4G001PTPZ027",
        "holder": "СД Асро-Ем-Асенов и сие",
        "facility_name": "ТК",
        "facility_registration": "356/15.11.2006",
        "water_use_purpose": "питейно-битови цели",
        "mean_discharge_lps": 0.082,
        "max_discharge_lps": 1.0,
        "daily_authorized_volume_m3": 7.0,
        "annual_authorized_volume_m3": 2556.0,
        "hydraulic_conductivity_m_day": 8.972,
        "transmissivity_m2_day": 50.871,
        "aquifer_thickness_m": null,
        "coordinate_method": "official_local",
        "national_register_row": null,
        "latitude_raw": "42°42'09.23\"",
        "longitude_raw": "22°54'08.7\"",
        "coordinate_note": null,
        "status": "active",
        "reference_date": "2026-08-04"
      }
    },
    {
      "type": "Feature",
      "geometry": {
        "type": "Point",
        "coordinates": [
          22.80919444,
          42.68919444
        ]
      },
      "properties": {
        "permit_number_date": "41520126/30.01.2023",
        "permit_number": 41520126.0,
        "canonical_code": "BG4G001PTPZ027",
        "holder": "ЕТ Натурекс-Иванка Христова\"",
        "facility_name": "ТК-1",
        "facility_registration": null,
        "water_use_purpose": "напояване на земеделски култури",
        "mean_discharge_lps": 0.1,
        "max_discharge_lps": 1.8,
        "daily_authorized_volume_m3": null,
        "annual_authorized_volume_m3": 4074.0,
        "hydraulic_conductivity_m_day": null,
        "transmissivity_m2_day": null,
        "aquifer_thickness_m": null,
        "coordinate_method": "official_local",
        "national_register_row": null,
        "latitude_raw": "42°41'21.1\"",
        "longitude_raw": "22°48'33.1\"",
        "coordinate_note": null,
        "status": "active",
        "reference_date": "2026-08-04"
      }
    },
    {
      "type": "Feature",
      "geometry": {
        "type": "Point",
        "coordinates": [
          22.80463889,
          42.72013889
        ]
      },
      "properties": {
        "permit_number_date": "41510611/20.09.2024",
        "permit_number": 41510611.0,
        "canonical_code": "BG4G001PTPZ027",
        "holder": "В и К ООД Перник",
        "facility_name": "Дренаж \"Света вода\"",
        "facility_registration": "1178/10.10.2022",
        "water_use_purpose": "обществено питейно-битово водоснабдяване",
        "mean_discharge_lps": 0.051,
        "max_discharge_lps": null,
        "daily_authorized_volume_m3": null,
        "annual_authorized_volume_m3": 1610.0,
        "hydraulic_conductivity_m_day": null,
        "transmissivity_m2_day": null,
        "aquifer_thickness_m": null,
        "coordinate_method": "official_local",
        "national_register_row": null,
        "latitude_raw": "Каптажна шахта- 42°43'12.5\"",
        "longitude_raw": "Каптажна шахта- 22°48'16.7\"",
        "coordinate_note": null,
        "status": "active",
        "reference_date": "2026-08-04"
      }
    },
    {
      "type": "Feature",
      "geometry": {
        "type": "Point",
        "coordinates": [
          22.91615833,
          42.69598056
        ]
      },
      "properties": {
        "permit_number_date": "41510618/17.01.2025",
        "permit_number": 41510618.0,
        "canonical_code": "BG4G001PTPZ027",
        "holder": "В и К ООД Перник",
        "facility_name": "Дренаж \"Перчовица\"",
        "facility_registration": "1232/05.12.2022",
        "water_use_purpose": "обществено питейно-битово водоснабдяване",
        "mean_discharge_lps": 0.012,
        "max_discharge_lps": null,
        "daily_authorized_volume_m3": null,
        "annual_authorized_volume_m3": 365.0,
        "hydraulic_conductivity_m_day": null,
        "transmissivity_m2_day": null,
        "aquifer_thickness_m": null,
        "coordinate_method": "official_local",
        "national_register_row": null,
        "latitude_raw": "42°41'45.53\"",
        "longitude_raw": "22°54'58.17\"",
        "coordinate_note": null,
        "status": "active",
        "reference_date": "2026-08-04"
      }
    },
    {
      "type": "Feature",
      "geometry": {
        "type": "Point",
        "coordinates": [
          22.86401667,
          42.60133333
        ]
      },
      "properties": {
        "permit_number_date": "41510634/15.10.2025",
        "permit_number": 41510634.0,
        "canonical_code": "BG4G001PTPZ027",
        "holder": "Община Перник",
        "facility_name": "КЕИ \"Дупката\"",
        "facility_registration": "1421/14.03.2025",
        "water_use_purpose": "обществено питейно-битово водоснабдяване",
        "mean_discharge_lps": 0.07,
        "max_discharge_lps": null,
        "daily_authorized_volume_m3": null,
        "annual_authorized_volume_m3": 2190.0,
        "hydraulic_conductivity_m_day": null,
        "transmissivity_m2_day": null,
        "aquifer_thickness_m": null,
        "coordinate_method": "official_local",
        "national_register_row": null,
        "latitude_raw": "42°36'04.8\"",
        "longitude_raw": "22°51'50.46\"",
        "coordinate_note": "SONDI-derived correction: one-degree coordinate correction validated by official GWB assignment and unique +/-1 degree spatial match.",
        "status": "active",
        "reference_date": "2026-08-04"
      }
    },
    {
      "type": "Feature",
      "geometry": {
        "type": "Point",
        "coordinates": [
          22.918625,
          42.70901667
        ]
      },
      "properties": {
        "permit_number_date": "41510637/17.12.2025",
        "permit_number": 41510637.0,
        "canonical_code": "BG4G001PTPZ027",
        "holder": "ВиК ООД Перник",
        "facility_name": "Извор \"Каменитец\"",
        "facility_registration": "1172/10.10.2022",
        "water_use_purpose": "обществено питейно-битово водоснабдяване",
        "mean_discharge_lps": 0.086,
        "max_discharge_lps": null,
        "daily_authorized_volume_m3": null,
        "annual_authorized_volume_m3": 2701.0,
        "hydraulic_conductivity_m_day": null,
        "transmissivity_m2_day": null,
        "aquifer_thickness_m": null,
        "coordinate_method": "official_local",
        "national_register_row": null,
        "latitude_raw": "Каптажна шахта- 42°42'32.46\"",
        "longitude_raw": "Каптажна шахта- 22°55'07.05\"",
        "coordinate_note": null,
        "status": "active",
        "reference_date": "2026-08-04"
      }
    },
    {
      "type": "Feature",
      "geometry": {
        "type": "Point",
        "coordinates": [
          23.08077778,
          42.65191667
        ]
      },
      "properties": {
        "permit_number_date": "41510642/06.01.2026",
        "permit_number": 41510642.0,
        "canonical_code": "BG4G001PTPZ027",
        "holder": "ВиК ООД Перник",
        "facility_name": "Дренаж \"Големи дол\"",
        "facility_registration": "1211/05.12.2022",
        "water_use_purpose": "обществено питейно-битово водоснабдяване",
        "mean_discharge_lps": 0.107,
        "max_discharge_lps": null,
        "daily_authorized_volume_m3": null,
        "annual_authorized_volume_m3": 3381.0,
        "hydraulic_conductivity_m_day": null,
        "transmissivity_m2_day": null,
        "aquifer_thickness_m": null,
        "coordinate_method": "official_local",
        "national_register_row": null,
        "latitude_raw": "Събирателна шахта- 42°39'06.9\"",
        "longitude_raw": "Събирателна шахта- 23°04'50.8\"",
        "coordinate_note": null,
        "status": "active",
        "reference_date": "2026-08-04"
      }
    },
    {
      "type": "Feature",
      "geometry": {
        "type": "Point",
        "coordinates": [
          22.96902778,
          42.72152778
        ]
      },
      "properties": {
        "permit_number_date": "41510644/09.01.2026",
        "permit_number": 41510644.0,
        "canonical_code": "BG4G001PTPZ027",
        "holder": "ВиК ООД Перник",
        "facility_name": "Дренаж \"Ново водохващане\"",
        "facility_registration": "1234/05.12.2022",
        "water_use_purpose": "обществено питейно-битово водоснабдяване",
        "mean_discharge_lps": 0.159,
        "max_discharge_lps": null,
        "daily_authorized_volume_m3": null,
        "annual_authorized_volume_m3": 5019.0,
        "hydraulic_conductivity_m_day": null,
        "transmissivity_m2_day": null,
        "aquifer_thickness_m": null,
        "coordinate_method": "official_local",
        "national_register_row": null,
        "latitude_raw": "Събирателна шахта- 42°43'17.5\"",
        "longitude_raw": "Събирателна шахта- 22°58'08.5\"",
        "coordinate_note": null,
        "status": "active",
        "reference_date": "2026-08-04"
      }
    },
    {
      "type": "Feature",
      "geometry": {
        "type": "Point",
        "coordinates": [
          23.04436111,
          42.71169444
        ]
      },
      "properties": {
        "permit_number_date": "41510645/13.01.2026",
        "permit_number": 41510645.0,
        "canonical_code": "BG4G001PTPZ027",
        "holder": "ВиК ООД Перник",
        "facility_name": "Дренаж \"Витошицал\"",
        "facility_registration": "1214/05.12.2022",
        "water_use_purpose": "обществено питейно-битово водоснабдяване",
        "mean_discharge_lps": 0.226,
        "max_discharge_lps": null,
        "daily_authorized_volume_m3": null,
        "annual_authorized_volume_m3": 7119.0,
        "hydraulic_conductivity_m_day": null,
        "transmissivity_m2_day": null,
        "aquifer_thickness_m": null,
        "coordinate_method": "official_local",
        "national_register_row": null,
        "latitude_raw": "Събирателна шахта- 42°42'42.1\"",
        "longitude_raw": "Събирателна шахта- 23°02'39.7\"",
        "coordinate_note": null,
        "status": "active",
        "reference_date": "2026-08-04"
      }
    },
    {
      "type": "Feature",
      "geometry": {
        "type": "Point",
        "coordinates": [
          22.92156944,
          42.70371111
        ]
      },
      "properties": {
        "permit_number_date": "41510659/20.02.2026",
        "permit_number": 41510659.0,
        "canonical_code": "BG4G001PTPZ027",
        "holder": "ВиК ООД Перник",
        "facility_name": "Дренаж \"Над селото ПС\"",
        "facility_registration": "1174/10.10..2022",
        "water_use_purpose": "обществено питейно-битово водоснабдяване",
        "mean_discharge_lps": 0.17,
        "max_discharge_lps": null,
        "daily_authorized_volume_m3": null,
        "annual_authorized_volume_m3": 5366.0,
        "hydraulic_conductivity_m_day": null,
        "transmissivity_m2_day": null,
        "aquifer_thickness_m": null,
        "coordinate_method": "official_local",
        "national_register_row": null,
        "latitude_raw": "Каптажна шахта- 42°42'13.36\"",
        "longitude_raw": "Каптажна шахта- 22°55'17.65\"",
        "coordinate_note": null,
        "status": "active",
        "reference_date": "2026-08-04"
      }
    },
    {
      "type": "Feature",
      "geometry": {
        "type": "Point",
        "coordinates": [
          22.82425278,
          42.73632778
        ]
      },
      "properties": {
        "permit_number_date": "41510660/20.02.2026",
        "permit_number": 41510660.0,
        "canonical_code": "BG4G001PTPZ027",
        "holder": "ВиК ООД Перник",
        "facility_name": "Дренаж \"Поище\"",
        "facility_registration": "1162/10.10..2022",
        "water_use_purpose": "обществено питейно-битово водоснабдяване",
        "mean_discharge_lps": 0.069,
        "max_discharge_lps": null,
        "daily_authorized_volume_m3": null,
        "annual_authorized_volume_m3": 2190.0,
        "hydraulic_conductivity_m_day": null,
        "transmissivity_m2_day": null,
        "aquifer_thickness_m": null,
        "coordinate_method": "official_local",
        "national_register_row": null,
        "latitude_raw": "Каптажна шахта- 42°44'10.78\"",
        "longitude_raw": "Каптажна шахта- 22°49'27.31\"",
        "coordinate_note": null,
        "status": "active",
        "reference_date": "2026-08-04"
      }
    },
    {
      "type": "Feature",
      "geometry": {
        "type": "Point",
        "coordinates": [
          22.83606111,
          42.78138056
        ]
      },
      "properties": {
        "permit_number_date": "41510662/26.02.2026",
        "permit_number": 41510662.0,
        "canonical_code": "BG4G001PTPZ027",
        "holder": "ВиК ООД Перник",
        "facility_name": "Дренаж \"Старо село\"",
        "facility_registration": "1170/10.10.2022",
        "water_use_purpose": "обществено питейно-битово водоснабдяване",
        "mean_discharge_lps": 0.038,
        "max_discharge_lps": null,
        "daily_authorized_volume_m3": null,
        "annual_authorized_volume_m3": 1196.0,
        "hydraulic_conductivity_m_day": null,
        "transmissivity_m2_day": null,
        "aquifer_thickness_m": null,
        "coordinate_method": "official_local",
        "national_register_row": null,
        "latitude_raw": "Събирателна шахта- 42°46'52.97\"",
        "longitude_raw": "Събирателна шахта-22°50'09.82\"",
        "coordinate_note": null,
        "status": "active",
        "reference_date": "2026-08-04"
      }
    },
    {
      "type": "Feature",
      "geometry": {
        "type": "Point",
        "coordinates": [
          22.81570278,
          42.70855278
        ]
      },
      "properties": {
        "permit_number_date": "41510663/26.02.2026",
        "permit_number": 41510663.0,
        "canonical_code": "BG4G001PTPZ027",
        "holder": "ВиК ООД Перник",
        "facility_name": "Дренаж \"Могилата\"",
        "facility_registration": "1230/05.12.2022",
        "water_use_purpose": "обществено питейно-битово водоснабдяване",
        "mean_discharge_lps": 0.103,
        "max_discharge_lps": null,
        "daily_authorized_volume_m3": null,
        "annual_authorized_volume_m3": 3234.0,
        "hydraulic_conductivity_m_day": null,
        "transmissivity_m2_day": null,
        "aquifer_thickness_m": null,
        "coordinate_method": "official_local",
        "national_register_row": null,
        "latitude_raw": "Събирателна шахта- 42°42'30.79\"",
        "longitude_raw": "Събирателна шахта-22°48'56.53\"",
        "coordinate_note": null,
        "status": "active",
        "reference_date": "2026-08-04"
      }
    },
    {
      "type": "Feature",
      "geometry": {
        "type": "Point",
        "coordinates": [
          22.80956111,
          42.72842222
        ]
      },
      "properties": {
        "permit_number_date": "41510664/27.02.2026",
        "permit_number": 41510664.0,
        "canonical_code": "BG4G001PTPZ027",
        "holder": "ВиК ООД Перник",
        "facility_name": "Дренаж \"Извора\"",
        "facility_registration": "1165/10.10.2022",
        "water_use_purpose": "обществено питейно-битово водоснабдяване",
        "mean_discharge_lps": 0.038,
        "max_discharge_lps": null,
        "daily_authorized_volume_m3": null,
        "annual_authorized_volume_m3": 1203.0,
        "hydraulic_conductivity_m_day": null,
        "transmissivity_m2_day": null,
        "aquifer_thickness_m": null,
        "coordinate_method": "official_local",
        "national_register_row": null,
        "latitude_raw": "Каптажна шахта- 42°43'42.32\"",
        "longitude_raw": "Каптажна шахта- 22°48'34.42\"",
        "coordinate_note": null,
        "status": "active",
        "reference_date": "2026-08-04"
      }
    },
    {
      "type": "Feature",
      "geometry": {
        "type": "Point",
        "coordinates": [
          23.22026167,
          41.74389778
        ]
      },
      "properties": {
        "permit_number_date": "1039/11.07.2002",
        "permit_number": 1039.0,
        "canonical_code": "BG4G001PTPZ125",
        "holder": "В и К Кресна ЕООД",
        "facility_name": "Дренажно водохващане\"Черната вода\"-дренаж 1",
        "facility_registration": "91/11.07.2002",
        "water_use_purpose": "питейно-битови цели",
        "mean_discharge_lps": 47.565,
        "max_discharge_lps": 50.0,
        "daily_authorized_volume_m3": null,
        "annual_authorized_volume_m3": 1500000.0,
        "hydraulic_conductivity_m_day": null,
        "transmissivity_m2_day": null,
        "aquifer_thickness_m": null,
        "coordinate_method": "official_local",
        "national_register_row": null,
        "latitude_raw": "41° 44' 38,032\"",
        "longitude_raw": "23° 13' 12,942\"",
        "coordinate_note": null,
        "status": "active",
        "reference_date": "2026-08-04"
      }
    },
    {
      "type": "Feature",
      "geometry": {
        "type": "Point",
        "coordinates": [
          23.22026167,
          41.74389778
        ]
      },
      "properties": {
        "permit_number_date": "1039/11.07.2002",
        "permit_number": 1039.0,
        "canonical_code": "BG4G001PTPZ125",
        "holder": "В и К Кресна ЕООД",
        "facility_name": "Дренажно водохващане\"Черната вода\"-дренаж 2",
        "facility_registration": "92/11.07.2002",
        "water_use_purpose": "питейно-битови цели",
        "mean_discharge_lps": null,
        "max_discharge_lps": null,
        "daily_authorized_volume_m3": null,
        "annual_authorized_volume_m3": null,
        "hydraulic_conductivity_m_day": null,
        "transmissivity_m2_day": null,
        "aquifer_thickness_m": null,
        "coordinate_method": "official_local",
        "national_register_row": null,
        "latitude_raw": "41° 44' 38,032\"",
        "longitude_raw": "23° 13' 12,942\"",
        "coordinate_note": null,
        "status": "active",
        "reference_date": "2026-08-04"
      }
    },
    {
      "type": "Feature",
      "geometry": {
        "type": "Point",
        "coordinates": [
          23.09769444,
          41.82771944
        ]
      },
      "properties": {
        "permit_number_date": "41510048/27.03.2007",
        "permit_number": 41510048.0,
        "canonical_code": "BG4G001PTPZ125",
        "holder": "В и К ЕООД Благоевград",
        "facility_name": "ВС\"Кьосева воденица\"",
        "facility_registration": "453/27.03.2007",
        "water_use_purpose": "питейно-битови",
        "mean_discharge_lps": null,
        "max_discharge_lps": null,
        "daily_authorized_volume_m3": 34.5,
        "annual_authorized_volume_m3": 12600.0,
        "hydraulic_conductivity_m_day": null,
        "transmissivity_m2_day": null,
        "aquifer_thickness_m": null,
        "coordinate_method": "official_local",
        "national_register_row": null,
        "latitude_raw": "41°49'39,79\"",
        "longitude_raw": "23°05'51,7\"",
        "coordinate_note": null,
        "status": "active",
        "reference_date": "2026-08-04"
      }
    },
    {
      "type": "Feature",
      "geometry": {
        "type": "Point",
        "coordinates": [
          22.96931481,
          41.99966389
        ]
      },
      "properties": {
        "permit_number_date": "41510052/27.03.2007",
        "permit_number": 41510052.0,
        "canonical_code": "BG4G001PTPZ125",
        "holder": "В и К ЕООД Благоевград",
        "facility_name": "ВС\"Пощека\"",
        "facility_registration": "456/27.03.2007",
        "water_use_purpose": "питейно-битови",
        "mean_discharge_lps": null,
        "max_discharge_lps": null,
        "daily_authorized_volume_m3": 34.5,
        "annual_authorized_volume_m3": 12600.0,
        "hydraulic_conductivity_m_day": null,
        "transmissivity_m2_day": null,
        "aquifer_thickness_m": null,
        "coordinate_method": "sondi_derived_centroid_of_official_local_points",
        "national_register_row": null,
        "latitude_raw": "Дренаж Точка 1- 42°00'00.4\"; Точка 2- 42°00'02.3\" Каптаж- 41°59'53.67\"",
        "longitude_raw": "Дренаж Точка 1- 22°58'04.57\"; Точка 2- 22°58'07.2\"; Каптаж- 22°58'16.83\"",
        "coordinate_note": null,
        "status": "active",
        "reference_date": "2026-08-04"
      }
    },
    {
      "type": "Feature",
      "geometry": {
        "type": "Point",
        "coordinates": [
          22.92244444,
          41.93291667
        ]
      },
      "properties": {
        "permit_number_date": "41510057/28.03.2007",
        "permit_number": 41510057.0,
        "canonical_code": "BG4G001PTPZ125",
        "holder": "В и К ЕООД Благоевград",
        "facility_name": "ВС\"Мурчи дол\"",
        "facility_registration": "474/28.03.2007",
        "water_use_purpose": "питейно-битови",
        "mean_discharge_lps": null,
        "max_discharge_lps": null,
        "daily_authorized_volume_m3": 8.2,
        "annual_authorized_volume_m3": 3000.0,
        "hydraulic_conductivity_m_day": null,
        "transmissivity_m2_day": null,
        "aquifer_thickness_m": null,
        "coordinate_method": "official_local",
        "national_register_row": null,
        "latitude_raw": "41°55'58.5\"",
        "longitude_raw": "22°55'20.8\"",
        "coordinate_note": null,
        "status": "active",
        "reference_date": "2026-08-04"
      }
    },
    {
      "type": "Feature",
      "geometry": {
        "type": "Point",
        "coordinates": [
          22.91978972,
          41.88191083
        ]
      },
      "properties": {
        "permit_number_date": "41510056/28.03.2007",
        "permit_number": 41510056.0,
        "canonical_code": "BG4G001PTPZ125",
        "holder": "В и К ЕООД Благоевград",
        "facility_name": "ВС\"Гарината-1\"",
        "facility_registration": "475/28.03.2007",
        "water_use_purpose": "питейно-битови",
        "mean_discharge_lps": null,
        "max_discharge_lps": null,
        "daily_authorized_volume_m3": 2.7,
        "annual_authorized_volume_m3": 1000.0,
        "hydraulic_conductivity_m_day": null,
        "transmissivity_m2_day": null,
        "aquifer_thickness_m": null,
        "coordinate_method": "official_local",
        "national_register_row": null,
        "latitude_raw": "41°52'54.879\"",
        "longitude_raw": "22°55'11.243\"",
        "coordinate_note": null,
        "status": "active",
        "reference_date": "2026-08-04"
      }
    },
    {
      "type": "Feature",
      "geometry": {
        "type": "Point",
        "coordinates": [
          22.91975472,
          41.88176472
        ]
      },
      "properties": {
        "permit_number_date": "41510056/28.03.2007",
        "permit_number": 41510056.0,
        "canonical_code": "BG4G001PTPZ125",
        "holder": "В и К ЕООД Благоевград",
        "facility_name": "ВС\"Гарината-2\"",
        "facility_registration": "476/28.03.2007",
        "water_use_purpose": "питейно-битови",
        "mean_discharge_lps": null,
        "max_discharge_lps": null,
        "daily_authorized_volume_m3": null,
        "annual_authorized_volume_m3": null,
        "hydraulic_conductivity_m_day": null,
        "transmissivity_m2_day": null,
        "aquifer_thickness_m": null,
        "coordinate_method": "official_local",
        "national_register_row": null,
        "latitude_raw": "41°52'54.353\"",
        "longitude_raw": "22°55'11.117\"",
        "coordinate_note": null,
        "status": "active",
        "reference_date": "2026-08-04"
      }
    },
    {
      "type": "Feature",
      "geometry": {
        "type": "Point",
        "coordinates": [
          22.91975667,
          41.88150639
        ]
      },
      "properties": {
        "permit_number_date": "41510056/28.03.2007",
        "permit_number": 41510056.0,
        "canonical_code": "BG4G001PTPZ125",
        "holder": "В и К ЕООД Благоевград",
        "facility_name": "ВС\"Гарината-3\"",
        "facility_registration": "477/28.03.2007",
        "water_use_purpose": "питейно-битови",
        "mean_discharge_lps": null,
        "max_discharge_lps": null,
        "daily_authorized_volume_m3": null,
        "annual_authorized_volume_m3": null,
        "hydraulic_conductivity_m_day": null,
        "transmissivity_m2_day": null,
        "aquifer_thickness_m": null,
        "coordinate_method": "official_local",
        "national_register_row": null,
        "latitude_raw": "41°52'53.423\"",
        "longitude_raw": "22°55'11.124\"",
        "coordinate_note": null,
        "status": "active",
        "reference_date": "2026-08-04"
      }
    },
    {
      "type": "Feature",
      "geometry": {
        "type": "Point",
        "coordinates": [
          22.91258361,
          41.94716667
        ]
      },
      "properties": {
        "permit_number_date": "41510082/30.03.2007",
        "permit_number": 41510082.0,
        "canonical_code": "BG4G001PTPZ125",
        "holder": "В и К ЕООД Благоевград",
        "facility_name": "ВС\"Мачовица\"",
        "facility_registration": "488/30.03.2007",
        "water_use_purpose": "питейно-битови",
        "mean_discharge_lps": null,
        "max_discharge_lps": null,
        "daily_authorized_volume_m3": 5.5,
        "annual_authorized_volume_m3": 2000.0,
        "hydraulic_conductivity_m_day": null,
        "transmissivity_m2_day": null,
        "aquifer_thickness_m": null,
        "coordinate_method": "official_local",
        "national_register_row": null,
        "latitude_raw": "41°56'49.800\"",
        "longitude_raw": "22°54'45.301\"",
        "coordinate_note": null,
        "status": "active",
        "reference_date": "2026-08-04"
      }
    },
    {
      "type": "Feature",
      "geometry": {
        "type": "Point",
        "coordinates": [
          22.95965833,
          42.00570556
        ]
      },
      "properties": {
        "permit_number_date": "41510081/30.03.2007",
        "permit_number": 41510081.0,
        "canonical_code": "BG4G001PTPZ125",
        "holder": "В и К ЕООД Благоевград",
        "facility_name": "ВС\"Стойкови ливади\"",
        "facility_registration": "489/30.03.2007",
        "water_use_purpose": "питейно-битови",
        "mean_discharge_lps": null,
        "max_discharge_lps": null,
        "daily_authorized_volume_m3": 24.7,
        "annual_authorized_volume_m3": 9000.0,
        "hydraulic_conductivity_m_day": null,
        "transmissivity_m2_day": null,
        "aquifer_thickness_m": null,
        "coordinate_method": "official_local",
        "national_register_row": null,
        "latitude_raw": "42°00'20.54\"",
        "longitude_raw": "22°57'34.77\"",
        "coordinate_note": null,
        "status": "active",
        "reference_date": "2026-08-04"
      }
    },
    {
      "type": "Feature",
      "geometry": {
        "type": "Point",
        "coordinates": [
          23.0776875,
          41.95911556
        ]
      },
      "properties": {
        "permit_number_date": "41510080/30.03.2007",
        "permit_number": 41510080.0,
        "canonical_code": "BG4G001PTPZ125",
        "holder": "В и К ЕООД Благоевград",
        "facility_name": "ВС\"Черешите ляво\"",
        "facility_registration": "490/30.03.2007",
        "water_use_purpose": "питейно-битови",
        "mean_discharge_lps": null,
        "max_discharge_lps": null,
        "daily_authorized_volume_m3": 25.9,
        "annual_authorized_volume_m3": 9450.0,
        "hydraulic_conductivity_m_day": null,
        "transmissivity_m2_day": null,
        "aquifer_thickness_m": null,
        "coordinate_method": "official_local",
        "national_register_row": null,
        "latitude_raw": "41°57'32.816\"",
        "longitude_raw": "23°04'39.675\"",
        "coordinate_note": null,
        "status": "active",
        "reference_date": "2026-08-04"
      }
    },
    {
      "type": "Feature",
      "geometry": {
        "type": "Point",
        "coordinates": [
          23.07837222,
          41.95967583
        ]
      },
      "properties": {
        "permit_number_date": "41510080/30.03.2007",
        "permit_number": 41510080.0,
        "canonical_code": "BG4G001PTPZ125",
        "holder": "В и К ЕООД Благоевград",
        "facility_name": "ВС\"Черешите дясно\"",
        "facility_registration": "491/30.03.2007",
        "water_use_purpose": "питейно-битови",
        "mean_discharge_lps": null,
        "max_discharge_lps": null,
        "daily_authorized_volume_m3": null,
        "annual_authorized_volume_m3": null,
        "hydraulic_conductivity_m_day": null,
        "transmissivity_m2_day": null,
        "aquifer_thickness_m": null,
        "coordinate_method": "official_local",
        "national_register_row": null,
        "latitude_raw": "41°57'34.833\"",
        "longitude_raw": "23°04'42.140\"",
        "coordinate_note": null,
        "status": "active",
        "reference_date": "2026-08-04"
      }
    },
    {
      "type": "Feature",
      "geometry": {
        "type": "Point",
        "coordinates": [
          23.07525472,
          41.95842389
        ]
      },
      "properties": {
        "permit_number_date": "41510080/30.03.2007",
        "permit_number": 41510080.0,
        "canonical_code": "BG4G001PTPZ125",
        "holder": "В и К ЕООД Благоевград",
        "facility_name": "ВС\"Дренаж ТКЗС\"",
        "facility_registration": "492/30.03.2007",
        "water_use_purpose": "питейно-битови",
        "mean_discharge_lps": null,
        "max_discharge_lps": null,
        "daily_authorized_volume_m3": null,
        "annual_authorized_volume_m3": null,
        "hydraulic_conductivity_m_day": null,
        "transmissivity_m2_day": null,
        "aquifer_thickness_m": null,
        "coordinate_method": "official_local",
        "national_register_row": null,
        "latitude_raw": "41°57'30.326\"",
        "longitude_raw": "23°04'30.917\"",
        "coordinate_note": null,
        "status": "active",
        "reference_date": "2026-08-04"
      }
    },
    {
      "type": "Feature",
      "geometry": {
        "type": "Point",
        "coordinates": [
          23.02119444,
          42.01855556
        ]
      },
      "properties": {
        "permit_number_date": "41510079/30.03.2007",
        "permit_number": 41510079.0,
        "canonical_code": "BG4G001PTPZ125",
        "holder": "В и К ЕООД Благоевград",
        "facility_name": "ВС\"Черквата\"",
        "facility_registration": "493/30.03.2007",
        "water_use_purpose": "питейно-битови",
        "mean_discharge_lps": null,
        "max_discharge_lps": null,
        "daily_authorized_volume_m3": 17.3,
        "annual_authorized_volume_m3": 6300.0,
        "hydraulic_conductivity_m_day": null,
        "transmissivity_m2_day": null,
        "aquifer_thickness_m": null,
        "coordinate_method": "official_local",
        "national_register_row": null,
        "latitude_raw": "42°01'06.8\"",
        "longitude_raw": "23°01'16.3\"",
        "coordinate_note": null,
        "status": "active",
        "reference_date": "2026-08-04"
      }
    },
    {
      "type": "Feature",
      "geometry": {
        "type": "Point",
        "coordinates": [
          22.99570194,
          42.02840028
        ]
      },
      "properties": {
        "permit_number_date": "41510078/30.03.2007",
        "permit_number": 41510078.0,
        "canonical_code": "BG4G001PTPZ125",
        "holder": "В и К ЕООД Благоевград",
        "facility_name": "ВС\"Лисийска река\"",
        "facility_registration": "494/30.03.2007",
        "water_use_purpose": "питейно-битови",
        "mean_discharge_lps": null,
        "max_discharge_lps": null,
        "daily_authorized_volume_m3": 38.4,
        "annual_authorized_volume_m3": 14000.0,
        "hydraulic_conductivity_m_day": null,
        "transmissivity_m2_day": null,
        "aquifer_thickness_m": null,
        "coordinate_method": "official_local",
        "national_register_row": null,
        "latitude_raw": "42°01'42.241\"",
        "longitude_raw": "22°59'44.527\"",
        "coordinate_note": null,
        "status": "active",
        "reference_date": "2026-08-04"
      }
    },
    {
      "type": "Feature",
      "geometry": {
        "type": "Point",
        "coordinates": [
          22.96549444,
          42.03050694
        ]
      },
      "properties": {
        "permit_number_date": "41510095/11.05.2007",
        "permit_number": 41510095.0,
        "canonical_code": "BG4G001PTPZ125",
        "holder": "В и К ЕООД Благоевград",
        "facility_name": "ВС\"Кравефермата\"",
        "facility_registration": "502/11.05.2007",
        "water_use_purpose": "питейно-битови",
        "mean_discharge_lps": null,
        "max_discharge_lps": null,
        "daily_authorized_volume_m3": 54.8,
        "annual_authorized_volume_m3": 20000.0,
        "hydraulic_conductivity_m_day": null,
        "transmissivity_m2_day": null,
        "aquifer_thickness_m": null,
        "coordinate_method": "official_local",
        "national_register_row": null,
        "latitude_raw": "42°01'49.825\"",
        "longitude_raw": "22°57'55.780\"",
        "coordinate_note": null,
        "status": "active",
        "reference_date": "2026-08-04"
      }
    },
    {
      "type": "Feature",
      "geometry": {
        "type": "Point",
        "coordinates": [
          22.57447444,
          42.41544194
        ]
      },
      "properties": {
        "permit_number_date": "41510128/06.06.2008",
        "permit_number": 41510128.0,
        "canonical_code": "BG4G001PTPZ125",
        "holder": "В и К ЕООД Кюстендил",
        "facility_name": "ШК-1",
        "facility_registration": "598/06.06.2008",
        "water_use_purpose": "питейно-битови",
        "mean_discharge_lps": 0.06,
        "max_discharge_lps": 7.0,
        "daily_authorized_volume_m3": 5.5,
        "annual_authorized_volume_m3": 2000.0,
        "hydraulic_conductivity_m_day": null,
        "transmissivity_m2_day": null,
        "aquifer_thickness_m": null,
        "coordinate_method": "official_local",
        "national_register_row": null,
        "latitude_raw": "42° 24' 55,591\"",
        "longitude_raw": "22° 34' 28,108\"",
        "coordinate_note": null,
        "status": "active",
        "reference_date": "2026-08-04"
      }
    },
    {
      "type": "Feature",
      "geometry": {
        "type": "Point",
        "coordinates": [
          22.62075,
          42.35058333
        ]
      },
      "properties": {
        "permit_number_date": "41510125/06.06.2008",
        "permit_number": 41510125.0,
        "canonical_code": "BG4G001PTPZ125",
        "holder": "В и К ЕООД Кюстендил",
        "facility_name": "ШК\"Мазарачево\"",
        "facility_registration": "599/06.06.2008",
        "water_use_purpose": "питейно-битови",
        "mean_discharge_lps": 0.13,
        "max_discharge_lps": 3.0,
        "daily_authorized_volume_m3": 11.0,
        "annual_authorized_volume_m3": 4000.0,
        "hydraulic_conductivity_m_day": null,
        "transmissivity_m2_day": null,
        "aquifer_thickness_m": null,
        "coordinate_method": "official_local",
        "national_register_row": null,
        "latitude_raw": "42° 21' 2,100\"",
        "longitude_raw": "22° 37' 14,700\"",
        "coordinate_note": null,
        "status": "active",
        "reference_date": "2026-08-04"
      }
    },
    {
      "type": "Feature",
      "geometry": {
        "type": "Point",
        "coordinates": [
          22.89225,
          42.41897222
        ]
      },
      "properties": {
        "permit_number_date": "41510281/27.10.2009",
        "permit_number": 41510281.0,
        "canonical_code": "BG4G001PTPZ125",
        "holder": "В и К ООД Перник",
        "facility_name": "ВС\"Манастира\"",
        "facility_registration": "791/27.10.2009",
        "water_use_purpose": "питейно-битови",
        "mean_discharge_lps": 0.102,
        "max_discharge_lps": null,
        "daily_authorized_volume_m3": 8.8,
        "annual_authorized_volume_m3": 3202.9,
        "hydraulic_conductivity_m_day": null,
        "transmissivity_m2_day": null,
        "aquifer_thickness_m": null,
        "coordinate_method": "official_local",
        "national_register_row": null,
        "latitude_raw": "42°25'08,3\"",
        "longitude_raw": "22°53'32,1\"",
        "coordinate_note": null,
        "status": "active",
        "reference_date": "2026-08-04"
      }
    },
    {
      "type": "Feature",
      "geometry": {
        "type": "Point",
        "coordinates": [
          22.86332056,
          42.40908528
        ]
      },
      "properties": {
        "permit_number_date": "41510292/27.10.2009",
        "permit_number": 41510292.0,
        "canonical_code": "BG4G001PTPZ125",
        "holder": "В и К ООД Перник",
        "facility_name": "ВС\"Клисура\"",
        "facility_registration": "802/27.10.2009",
        "water_use_purpose": "питейно-битови",
        "mean_discharge_lps": 0.502,
        "max_discharge_lps": null,
        "daily_authorized_volume_m3": 43.3,
        "annual_authorized_volume_m3": 15817.3,
        "hydraulic_conductivity_m_day": null,
        "transmissivity_m2_day": null,
        "aquifer_thickness_m": null,
        "coordinate_method": "official_local",
        "national_register_row": null,
        "latitude_raw": "42° 24' 32,707\"",
        "longitude_raw": "22° 51' 47,954\"",
        "coordinate_note": null,
        "status": "active",
        "reference_date": "2026-08-04"
      }
    },
    {
      "type": "Feature",
      "geometry": {
        "type": "Point",
        "coordinates": [
          22.86942444,
          42.19836306
        ]
      },
      "properties": {
        "permit_number_date": "41510325/18.05.2011",
        "permit_number": 41510325.0,
        "canonical_code": "BG4G001PTPZ125",
        "holder": "Кюстендилска вода ЕООД",
        "facility_name": "ШК\"Друмохар\"",
        "facility_registration": "672/23.06.2008",
        "water_use_purpose": "питейно-битови",
        "mean_discharge_lps": 0.32,
        "max_discharge_lps": 7.0,
        "daily_authorized_volume_m3": 27.0,
        "annual_authorized_volume_m3": 10000.0,
        "hydraulic_conductivity_m_day": 311.35,
        "transmissivity_m2_day": 616.47,
        "aquifer_thickness_m": 5.4,
        "coordinate_method": "official_local",
        "national_register_row": null,
        "latitude_raw": "42° 11' 54,107\"",
        "longitude_raw": "22° 52' 9,928\"",
        "coordinate_note": null,
        "status": "active",
        "reference_date": "2026-08-04"
      }
    },
    {
      "type": "Feature",
      "geometry": {
        "type": "Point",
        "coordinates": [
          23.11398611,
          41.91029444
        ]
      },
      "properties": {
        "permit_number_date": "41590088/15.12.2011",
        "permit_number": 41590088.0,
        "canonical_code": "BG4G001PTPZ125",
        "holder": "Пиринстройинженеринг ЕАД",
        "facility_name": "ШК-1",
        "facility_registration": null,
        "water_use_purpose": "други цели",
        "mean_discharge_lps": 0.505,
        "max_discharge_lps": 1.5,
        "daily_authorized_volume_m3": null,
        "annual_authorized_volume_m3": 15920.0,
        "hydraulic_conductivity_m_day": null,
        "transmissivity_m2_day": null,
        "aquifer_thickness_m": null,
        "coordinate_method": "official_local",
        "national_register_row": null,
        "latitude_raw": "41°54'37.06\"",
        "longitude_raw": "23°6'50.35\"",
        "coordinate_note": null,
        "status": "active",
        "reference_date": "2026-08-04"
      }
    },
    {
      "type": "Feature",
      "geometry": {
        "type": "Point",
        "coordinates": [
          23.12458333,
          41.84036111
        ]
      },
      "properties": {
        "permit_number_date": "41510347/24.01.2012",
        "permit_number": 41510347.0,
        "canonical_code": "BG4G001PTPZ125",
        "holder": "В и К ЕООД Благоевград",
        "facility_name": "ВС\"Извора\"",
        "facility_registration": "388/26.01.2007",
        "water_use_purpose": "питейно-битови цели",
        "mean_discharge_lps": 0.2,
        "max_discharge_lps": 3.0,
        "daily_authorized_volume_m3": 19.2,
        "annual_authorized_volume_m3": 7000.0,
        "hydraulic_conductivity_m_day": null,
        "transmissivity_m2_day": null,
        "aquifer_thickness_m": null,
        "coordinate_method": "official_local",
        "national_register_row": null,
        "latitude_raw": "41°50'25.3\"",
        "longitude_raw": "23°7'28.5\"",
        "coordinate_note": null,
        "status": "active",
        "reference_date": "2026-08-04"
      }
    },
    {
      "type": "Feature",
      "geometry": {
        "type": "Point",
        "coordinates": [
          22.61825,
          42.47608333
        ]
      },
      "properties": {
        "permit_number_date": "41510357/25.10.2012",
        "permit_number": 41510357.0,
        "canonical_code": "BG4G001PTPZ125",
        "holder": "Кюстендилска вода ЕООД",
        "facility_name": "ВС\"Падине\"",
        "facility_registration": "593/05.06.2008",
        "water_use_purpose": "питейно-битови",
        "mean_discharge_lps": 0.04,
        "max_discharge_lps": null,
        "daily_authorized_volume_m3": null,
        "annual_authorized_volume_m3": 1200.0,
        "hydraulic_conductivity_m_day": null,
        "transmissivity_m2_day": null,
        "aquifer_thickness_m": null,
        "coordinate_method": "official_local",
        "national_register_row": null,
        "latitude_raw": "42°28'33.9\"",
        "longitude_raw": "22°37'05.7\"",
        "coordinate_note": null,
        "status": "active",
        "reference_date": "2026-08-04"
      }
    },
    {
      "type": "Feature",
      "geometry": {
        "type": "Point",
        "coordinates": [
          22.61991667,
          42.19861111
        ]
      },
      "properties": {
        "permit_number_date": "41510359/25.10.2012",
        "permit_number": 41510359.0,
        "canonical_code": "BG4G001PTPZ125",
        "holder": "Кюстендилска вода ЕООД",
        "facility_name": "ВС\"Плавило\"",
        "facility_registration": "590/31.08.2006",
        "water_use_purpose": "питейно-битови",
        "mean_discharge_lps": 3.0,
        "max_discharge_lps": null,
        "daily_authorized_volume_m3": 260.0,
        "annual_authorized_volume_m3": 95000.0,
        "hydraulic_conductivity_m_day": null,
        "transmissivity_m2_day": null,
        "aquifer_thickness_m": null,
        "coordinate_method": "official_local",
        "national_register_row": null,
        "latitude_raw": "42°11'55.000\"",
        "longitude_raw": "22°37'11.7\"",
        "coordinate_note": null,
        "status": "active",
        "reference_date": "2026-08-04"
      }
    },
    {
      "type": "Feature",
      "geometry": {
        "type": "Point",
        "coordinates": [
          22.59469444,
          42.19975
        ]
      },
      "properties": {
        "permit_number_date": "41510360/25.10.2012",
        "permit_number": 41510360.0,
        "canonical_code": "BG4G001PTPZ125",
        "holder": "Кюстендилска вода ЕООД",
        "facility_name": "ВС\"Кюнек\"",
        "facility_registration": "344/31.08.2006",
        "water_use_purpose": "питейно-битови",
        "mean_discharge_lps": 1.02,
        "max_discharge_lps": null,
        "daily_authorized_volume_m3": 88.0,
        "annual_authorized_volume_m3": 32000.0,
        "hydraulic_conductivity_m_day": null,
        "transmissivity_m2_day": null,
        "aquifer_thickness_m": null,
        "coordinate_method": "official_local",
        "national_register_row": null,
        "latitude_raw": "42°11'59.1\"",
        "longitude_raw": "22°35'40.9\"",
        "coordinate_note": null,
        "status": "active",
        "reference_date": "2026-08-04"
      }
    },
    {
      "type": "Feature",
      "geometry": {
        "type": "Point",
        "coordinates": [
          22.64415389,
          42.23558167
        ]
      },
      "properties": {
        "permit_number_date": "41510361/25.10.2012",
        "permit_number": 41510361.0,
        "canonical_code": "BG4G001PTPZ125",
        "holder": "Кюстендилска вода ЕООД",
        "facility_name": "ВС\"Бела вода\"",
        "facility_registration": "720/31.08.2006",
        "water_use_purpose": "питейно-битови цели",
        "mean_discharge_lps": 0.73,
        "max_discharge_lps": null,
        "daily_authorized_volume_m3": null,
        "annual_authorized_volume_m3": 23000.0,
        "hydraulic_conductivity_m_day": null,
        "transmissivity_m2_day": null,
        "aquifer_thickness_m": null,
        "coordinate_method": "official_local",
        "national_register_row": null,
        "latitude_raw": "42°14'08.094\"",
        "longitude_raw": "22°38'38.954\"",
        "coordinate_note": null,
        "status": "active",
        "reference_date": "2026-08-04"
      }
    },
    {
      "type": "Feature",
      "geometry": {
        "type": "Point",
        "coordinates": [
          22.69758333,
          42.24641667
        ]
      },
      "properties": {
        "permit_number_date": "41510362/25.10.2012",
        "permit_number": 41510362.0,
        "canonical_code": "BG4G001PTPZ125",
        "holder": "Кюстендилска вода ЕООД",
        "facility_name": "ВС\"Тих кът\"",
        "facility_registration": "342/31.08.2006",
        "water_use_purpose": "питейно-битови",
        "mean_discharge_lps": 2.25,
        "max_discharge_lps": null,
        "daily_authorized_volume_m3": null,
        "annual_authorized_volume_m3": 71000.0,
        "hydraulic_conductivity_m_day": null,
        "transmissivity_m2_day": null,
        "aquifer_thickness_m": null,
        "coordinate_method": "official_local",
        "national_register_row": null,
        "latitude_raw": "42°14'47.1\"",
        "longitude_raw": "22°41'51.3\"",
        "coordinate_note": null,
        "status": "active",
        "reference_date": "2026-08-04"
      }
    },
    {
      "type": "Feature",
      "geometry": {
        "type": "Point",
        "coordinates": [
          22.77838889,
          42.35988889
        ]
      },
      "properties": {
        "permit_number_date": "41510372/03.12.2012",
        "permit_number": 41510372.0,
        "canonical_code": "BG4G001PTPZ125",
        "holder": "Кюстендилска вода ЕООД",
        "facility_name": "ВС\"Вражалец\"",
        "facility_registration": "404/07.03.2007",
        "water_use_purpose": "питейно-битови",
        "mean_discharge_lps": null,
        "max_discharge_lps": null,
        "daily_authorized_volume_m3": 24.7,
        "annual_authorized_volume_m3": 9000.0,
        "hydraulic_conductivity_m_day": null,
        "transmissivity_m2_day": null,
        "aquifer_thickness_m": null,
        "coordinate_method": "official_local",
        "national_register_row": null,
        "latitude_raw": "42°21'35.6\"",
        "longitude_raw": "22°46'42.2\"",
        "coordinate_note": null,
        "status": "active",
        "reference_date": "2026-08-04"
      }
    },
    {
      "type": "Feature",
      "geometry": {
        "type": "Point",
        "coordinates": [
          22.71269444,
          42.39244444
        ]
      },
      "properties": {
        "permit_number_date": "41510373/03.12.2012",
        "permit_number": 41510373.0,
        "canonical_code": "BG4G001PTPZ125",
        "holder": "Кюстендилска вода ЕООД",
        "facility_name": "ВС\"Шегава\"",
        "facility_registration": "343/31.08.2006",
        "water_use_purpose": "питейно-битови",
        "mean_discharge_lps": null,
        "max_discharge_lps": null,
        "daily_authorized_volume_m3": 86.0,
        "annual_authorized_volume_m3": 31500.0,
        "hydraulic_conductivity_m_day": null,
        "transmissivity_m2_day": null,
        "aquifer_thickness_m": null,
        "coordinate_method": "official_local",
        "national_register_row": null,
        "latitude_raw": "42°23'32.8\"",
        "longitude_raw": "22°42'45.7\"",
        "coordinate_note": null,
        "status": "active",
        "reference_date": "2026-08-04"
      }
    },
    {
      "type": "Feature",
      "geometry": {
        "type": "Point",
        "coordinates": [
          22.78565583,
          42.40381472
        ]
      },
      "properties": {
        "permit_number_date": "41510380/15.12.2012",
        "permit_number": 41510380.0,
        "canonical_code": "BG4G001PTPZ125",
        "holder": "Кюстендилска вода ЕООД",
        "facility_name": "ВС\"Горни Чакъревци\"",
        "facility_registration": "436/14.03.2007",
        "water_use_purpose": "питейно-битови",
        "mean_discharge_lps": 0.015,
        "max_discharge_lps": 0.015,
        "daily_authorized_volume_m3": 1.37,
        "annual_authorized_volume_m3": 500.0,
        "hydraulic_conductivity_m_day": null,
        "transmissivity_m2_day": null,
        "aquifer_thickness_m": null,
        "coordinate_method": "official_local",
        "national_register_row": null,
        "latitude_raw": "42° 24' 13,733\"",
        "longitude_raw": "22° 47' 8,361\"",
        "coordinate_note": null,
        "status": "active",
        "reference_date": "2026-08-04"
      }
    },
    {
      "type": "Feature",
      "geometry": {
        "type": "Point",
        "coordinates": [
          22.62412472,
          42.31159778
        ]
      },
      "properties": {
        "permit_number_date": "41510395/17.10.2013",
        "permit_number": 41510395.0,
        "canonical_code": "BG4G001PTPZ125",
        "holder": "Кюстендилска вода ЕООД",
        "facility_name": "ВС\"Ореша\"",
        "facility_registration": "622/13.06.2008",
        "water_use_purpose": "питейно-битови",
        "mean_discharge_lps": null,
        "max_discharge_lps": null,
        "daily_authorized_volume_m3": null,
        "annual_authorized_volume_m3": 800.0,
        "hydraulic_conductivity_m_day": null,
        "transmissivity_m2_day": null,
        "aquifer_thickness_m": null,
        "coordinate_method": "official_local",
        "national_register_row": null,
        "latitude_raw": "42° 18' 41,752\"",
        "longitude_raw": "22° 37' 26,849\"",
        "coordinate_note": null,
        "status": "active",
        "reference_date": "2026-08-04"
      }
    },
    {
      "type": "Feature",
      "geometry": {
        "type": "Point",
        "coordinates": [
          22.57781111,
          42.28461
        ]
      },
      "properties": {
        "permit_number_date": "41510396/17.10.2013",
        "permit_number": 41510396.0,
        "canonical_code": "BG4G001PTPZ125",
        "holder": "Кюстендилска вода ЕООД",
        "facility_name": "ВС\"Стария\"",
        "facility_registration": "633/13.06.2008",
        "water_use_purpose": "питейно-битови",
        "mean_discharge_lps": null,
        "max_discharge_lps": null,
        "daily_authorized_volume_m3": null,
        "annual_authorized_volume_m3": 5500.0,
        "hydraulic_conductivity_m_day": null,
        "transmissivity_m2_day": null,
        "aquifer_thickness_m": null,
        "coordinate_method": "official_local",
        "national_register_row": null,
        "latitude_raw": "42° 17' 4,596\"",
        "longitude_raw": "22° 34' 40,120\"",
        "coordinate_note": null,
        "status": "active",
        "reference_date": "2026-08-04"
      }
    },
    {
      "type": "Feature",
      "geometry": {
        "type": "Point",
        "coordinates": [
          22.52965278,
          42.28602306
        ]
      },
      "properties": {
        "permit_number_date": "41510392/18.10.2013",
        "permit_number": 41510392.0,
        "canonical_code": "BG4G001PTPZ125",
        "holder": "Кюстендилска вода ЕООД",
        "facility_name": "ВС\"Големи дол\"",
        "facility_registration": "618/13.06.2008",
        "water_use_purpose": "питейно-битови",
        "mean_discharge_lps": null,
        "max_discharge_lps": null,
        "daily_authorized_volume_m3": null,
        "annual_authorized_volume_m3": 500.0,
        "hydraulic_conductivity_m_day": null,
        "transmissivity_m2_day": null,
        "aquifer_thickness_m": null,
        "coordinate_method": "official_local",
        "national_register_row": null,
        "latitude_raw": "42° 17' 9,683\"",
        "longitude_raw": "22° 31' 46,750\"",
        "coordinate_note": null,
        "status": "active",
        "reference_date": "2026-08-04"
      }
    },
    {
      "type": "Feature",
      "geometry": {
        "type": "Point",
        "coordinates": [
          22.62879361,
          42.3169325
        ]
      },
      "properties": {
        "permit_number_date": "41510397/18.10.2013",
        "permit_number": 41510397.0,
        "canonical_code": "BG4G001PTPZ125",
        "holder": "Кюстендилска вода ЕООД",
        "facility_name": "ВС\"Старата чешма\"",
        "facility_registration": "620/13.06.2008",
        "water_use_purpose": "питейно-битови",
        "mean_discharge_lps": null,
        "max_discharge_lps": null,
        "daily_authorized_volume_m3": null,
        "annual_authorized_volume_m3": 800.0,
        "hydraulic_conductivity_m_day": null,
        "transmissivity_m2_day": null,
        "aquifer_thickness_m": null,
        "coordinate_method": "official_local",
        "national_register_row": null,
        "latitude_raw": "42° 19' 0,957\"",
        "longitude_raw": "22° 37' 43,657\"",
        "coordinate_note": null,
        "status": "active",
        "reference_date": "2026-08-04"
      }
    },
    {
      "type": "Feature",
      "geometry": {
        "type": "Point",
        "coordinates": [
          22.47828972,
          42.21711333
        ]
      },
      "properties": {
        "permit_number_date": "41510433/29.10.2013",
        "permit_number": 41510433.0,
        "canonical_code": "BG4G001PTPZ125",
        "holder": "Кюстендилска вода ЕООД",
        "facility_name": "ВС\"Ръжда\"",
        "facility_registration": "651/18.06.2008",
        "water_use_purpose": "питейно-битови",
        "mean_discharge_lps": null,
        "max_discharge_lps": null,
        "daily_authorized_volume_m3": null,
        "annual_authorized_volume_m3": 6000.0,
        "hydraulic_conductivity_m_day": null,
        "transmissivity_m2_day": null,
        "aquifer_thickness_m": null,
        "coordinate_method": "official_local",
        "national_register_row": null,
        "latitude_raw": "42° 13' 1,608\"",
        "longitude_raw": "22° 28' 41,843\"",
        "coordinate_note": null,
        "status": "active",
        "reference_date": "2026-08-04"
      }
    },
    {
      "type": "Feature",
      "geometry": {
        "type": "Point",
        "coordinates": [
          22.64496861,
          42.24783028
        ]
      },
      "properties": {
        "permit_number_date": "41510429/29.10.2013",
        "permit_number": 41510429.0,
        "canonical_code": "BG4G001PTPZ125",
        "holder": "Кюстендилска вода ЕООД",
        "facility_name": "ВС\"Борова вода\"",
        "facility_registration": "647/18.06.2008",
        "water_use_purpose": "питейно-битови",
        "mean_discharge_lps": null,
        "max_discharge_lps": null,
        "daily_authorized_volume_m3": null,
        "annual_authorized_volume_m3": 7000.0,
        "hydraulic_conductivity_m_day": null,
        "transmissivity_m2_day": null,
        "aquifer_thickness_m": null,
        "coordinate_method": "official_local",
        "national_register_row": null,
        "latitude_raw": "42° 14' 52,189\"",
        "longitude_raw": "22° 38' 41,887\"",
        "coordinate_note": null,
        "status": "active",
        "reference_date": "2026-08-04"
      }
    },
    {
      "type": "Feature",
      "geometry": {
        "type": "Point",
        "coordinates": [
          22.65334278,
          42.25279389
        ]
      },
      "properties": {
        "permit_number_date": "41510430/29.10.2013",
        "permit_number": 41510430.0,
        "canonical_code": "BG4G001PTPZ125",
        "holder": "Кюстендилска вода ЕООД",
        "facility_name": "ВС\"Руски път\"",
        "facility_registration": "648/18.06.2008",
        "water_use_purpose": "питейно-битови",
        "mean_discharge_lps": null,
        "max_discharge_lps": null,
        "daily_authorized_volume_m3": null,
        "annual_authorized_volume_m3": 5000.0,
        "hydraulic_conductivity_m_day": null,
        "transmissivity_m2_day": null,
        "aquifer_thickness_m": null,
        "coordinate_method": "official_local",
        "national_register_row": null,
        "latitude_raw": "42° 15' 10,058\"",
        "longitude_raw": "22° 39' 12,034\"",
        "coordinate_note": null,
        "status": "active",
        "reference_date": "2026-08-04"
      }
    },
    {
      "type": "Feature",
      "geometry": {
        "type": "Point",
        "coordinates": [
          22.55658722,
          42.24730056
        ]
      },
      "properties": {
        "permit_number_date": "41510431/29.10.2013",
        "permit_number": 41510431.0,
        "canonical_code": "BG4G001PTPZ125",
        "holder": "Кюстендилска вода ЕООД",
        "facility_name": "ВС\"Светата вода\"",
        "facility_registration": "649/18.06.2008",
        "water_use_purpose": "питейно-битови",
        "mean_discharge_lps": null,
        "max_discharge_lps": null,
        "daily_authorized_volume_m3": null,
        "annual_authorized_volume_m3": 3500.0,
        "hydraulic_conductivity_m_day": null,
        "transmissivity_m2_day": null,
        "aquifer_thickness_m": null,
        "coordinate_method": "official_local",
        "national_register_row": null,
        "latitude_raw": "42° 14' 50,282\"",
        "longitude_raw": "22° 33' 23,714\"",
        "coordinate_note": null,
        "status": "active",
        "reference_date": "2026-08-04"
      }
    },
    {
      "type": "Feature",
      "geometry": {
        "type": "Point",
        "coordinates": [
          22.55060333,
          42.24095444
        ]
      },
      "properties": {
        "permit_number_date": "41510432/29.10.2013",
        "permit_number": 41510432.0,
        "canonical_code": "BG4G001PTPZ125",
        "holder": "Кюстендилска вода ЕООД",
        "facility_name": "ВС\"Станчевица\"",
        "facility_registration": "650/18.06.2008",
        "water_use_purpose": "питейно-битови",
        "mean_discharge_lps": null,
        "max_discharge_lps": null,
        "daily_authorized_volume_m3": null,
        "annual_authorized_volume_m3": 5000.0,
        "hydraulic_conductivity_m_day": null,
        "transmissivity_m2_day": null,
        "aquifer_thickness_m": null,
        "coordinate_method": "official_local",
        "national_register_row": null,
        "latitude_raw": "42° 14' 27,436\"",
        "longitude_raw": "22° 33' 2,172\"",
        "coordinate_note": null,
        "status": "active",
        "reference_date": "2026-08-04"
      }
    },
    {
      "type": "Feature",
      "geometry": {
        "type": "Point",
        "coordinates": [
          22.50350111,
          42.23009139
        ]
      },
      "properties": {
        "permit_number_date": "41510434/29.10.2013",
        "permit_number": 41510434.0,
        "canonical_code": "BG4G001PTPZ125",
        "holder": "Кюстендилска вода ЕООД",
        "facility_name": "ВС\"Ляв\"",
        "facility_registration": "652/18.06.2008",
        "water_use_purpose": "питейно-битови",
        "mean_discharge_lps": null,
        "max_discharge_lps": null,
        "daily_authorized_volume_m3": null,
        "annual_authorized_volume_m3": 1500.0,
        "hydraulic_conductivity_m_day": null,
        "transmissivity_m2_day": null,
        "aquifer_thickness_m": null,
        "coordinate_method": "official_local",
        "national_register_row": null,
        "latitude_raw": "42° 13' 48,329\"",
        "longitude_raw": "22° 30' 12,604\"",
        "coordinate_note": null,
        "status": "active",
        "reference_date": "2026-08-04"
      }
    },
    {
      "type": "Feature",
      "geometry": {
        "type": "Point",
        "coordinates": [
          22.50451917,
          42.22992083
        ]
      },
      "properties": {
        "permit_number_date": "41510435/29.10.2013",
        "permit_number": 41510435.0,
        "canonical_code": "BG4G001PTPZ125",
        "holder": "Кюстендилска вода ЕООД",
        "facility_name": "ВС\"Десен\"",
        "facility_registration": "653/18.06.2008",
        "water_use_purpose": "питейно-битови",
        "mean_discharge_lps": null,
        "max_discharge_lps": null,
        "daily_authorized_volume_m3": null,
        "annual_authorized_volume_m3": 2100.0,
        "hydraulic_conductivity_m_day": null,
        "transmissivity_m2_day": null,
        "aquifer_thickness_m": null,
        "coordinate_method": "official_local",
        "national_register_row": null,
        "latitude_raw": "42° 13' 47,715\"",
        "longitude_raw": "22° 30' 16,269\"",
        "coordinate_note": null,
        "status": "active",
        "reference_date": "2026-08-04"
      }
    },
    {
      "type": "Feature",
      "geometry": {
        "type": "Point",
        "coordinates": [
          22.52027583,
          42.23823389
        ]
      },
      "properties": {
        "permit_number_date": "41510436/29.10.2013",
        "permit_number": 41510436.0,
        "canonical_code": "BG4G001PTPZ125",
        "holder": "Кюстендилска вода ЕООД",
        "facility_name": "ВС\"Топлико\"",
        "facility_registration": "654/18.06.2008",
        "water_use_purpose": "питейно-битови",
        "mean_discharge_lps": null,
        "max_discharge_lps": null,
        "daily_authorized_volume_m3": null,
        "annual_authorized_volume_m3": 3000.0,
        "hydraulic_conductivity_m_day": null,
        "transmissivity_m2_day": null,
        "aquifer_thickness_m": null,
        "coordinate_method": "official_local",
        "national_register_row": null,
        "latitude_raw": "42° 14' 17,642\"",
        "longitude_raw": "22° 31' 12,993\"",
        "coordinate_note": null,
        "status": "active",
        "reference_date": "2026-08-04"
      }
    },
    {
      "type": "Feature",
      "geometry": {
        "type": "Point",
        "coordinates": [
          22.52236028,
          42.23818917
        ]
      },
      "properties": {
        "permit_number_date": "41510437/29.10.2013",
        "permit_number": 41510437.0,
        "canonical_code": "BG4G001PTPZ125",
        "holder": "Кюстендилска вода ЕООД",
        "facility_name": "Вс\"Кривото\"",
        "facility_registration": "655/18.06.2008",
        "water_use_purpose": "питейно-битови",
        "mean_discharge_lps": null,
        "max_discharge_lps": null,
        "daily_authorized_volume_m3": null,
        "annual_authorized_volume_m3": 10500.0,
        "hydraulic_conductivity_m_day": null,
        "transmissivity_m2_day": null,
        "aquifer_thickness_m": null,
        "coordinate_method": "official_local",
        "national_register_row": null,
        "latitude_raw": "42° 14' 17,481\"",
        "longitude_raw": "22° 31' 20,497\"",
        "coordinate_note": null,
        "status": "active",
        "reference_date": "2026-08-04"
      }
    },
    {
      "type": "Feature",
      "geometry": {
        "type": "Point",
        "coordinates": [
          22.55095861,
          42.55378222
        ]
      },
      "properties": {
        "permit_number_date": "41510401/31.10.2013",
        "permit_number": 41510401.0,
        "canonical_code": "BG4G001PTPZ125",
        "holder": "Кюстендилска вода ЕООД",
        "facility_name": "ВС\"Бурнов дол\"",
        "facility_registration": "631/13.06.2008",
        "water_use_purpose": "питейно-битови",
        "mean_discharge_lps": null,
        "max_discharge_lps": null,
        "daily_authorized_volume_m3": null,
        "annual_authorized_volume_m3": 4000.0,
        "hydraulic_conductivity_m_day": null,
        "transmissivity_m2_day": null,
        "aquifer_thickness_m": null,
        "coordinate_method": "official_local",
        "national_register_row": null,
        "latitude_raw": "42° 33' 13,616\"",
        "longitude_raw": "22° 33' 3,451\"",
        "coordinate_note": null,
        "status": "active",
        "reference_date": "2026-08-04"
      }
    },
    {
      "type": "Feature",
      "geometry": {
        "type": "Point",
        "coordinates": [
          22.6160075,
          42.52013389
        ]
      },
      "properties": {
        "permit_number_date": "41510402/31.10.2013",
        "permit_number": 41510402.0,
        "canonical_code": "BG4G001PTPZ125",
        "holder": "Кюстендилска вода ЕООД",
        "facility_name": "ВС\"Еремия\"",
        "facility_registration": "630/13.06.2008",
        "water_use_purpose": "питейно-битови",
        "mean_discharge_lps": null,
        "max_discharge_lps": null,
        "daily_authorized_volume_m3": null,
        "annual_authorized_volume_m3": 6000.0,
        "hydraulic_conductivity_m_day": null,
        "transmissivity_m2_day": null,
        "aquifer_thickness_m": null,
        "coordinate_method": "official_local",
        "national_register_row": null,
        "latitude_raw": "42° 31' 12,482\"",
        "longitude_raw": "22° 36' 57,627\"",
        "coordinate_note": null,
        "status": "active",
        "reference_date": "2026-08-04"
      }
    },
    {
      "type": "Feature",
      "geometry": {
        "type": "Point",
        "coordinates": [
          22.60216083,
          42.53309583
        ]
      },
      "properties": {
        "permit_number_date": "41510403/31.10.2013",
        "permit_number": 41510403.0,
        "canonical_code": "BG4G001PTPZ125",
        "holder": "Кюстендилска вода ЕООД",
        "facility_name": "ВС\"Врело\"",
        "facility_registration": "629/13.06.2008",
        "water_use_purpose": "питейно-битови",
        "mean_discharge_lps": null,
        "max_discharge_lps": null,
        "daily_authorized_volume_m3": null,
        "annual_authorized_volume_m3": 38600.0,
        "hydraulic_conductivity_m_day": null,
        "transmissivity_m2_day": null,
        "aquifer_thickness_m": null,
        "coordinate_method": "official_local",
        "national_register_row": null,
        "latitude_raw": "42° 31' 59,145\"",
        "longitude_raw": "22° 36' 7,779\"",
        "coordinate_note": null,
        "status": "active",
        "reference_date": "2026-08-04"
      }
    },
    {
      "type": "Feature",
      "geometry": {
        "type": "Point",
        "coordinates": [
          22.84478861,
          42.09385278
        ]
      },
      "properties": {
        "permit_number_date": "41510388/31.10.2013",
        "permit_number": 41510388.0,
        "canonical_code": "BG4G001PTPZ125",
        "holder": "Кюстендилска вода ЕООД",
        "facility_name": "ВС\"Баража\"",
        "facility_registration": "603/11.06.2008",
        "water_use_purpose": "питейно-битови",
        "mean_discharge_lps": 0.032,
        "max_discharge_lps": null,
        "daily_authorized_volume_m3": null,
        "annual_authorized_volume_m3": 1000.0,
        "hydraulic_conductivity_m_day": null,
        "transmissivity_m2_day": null,
        "aquifer_thickness_m": null,
        "coordinate_method": "official_local",
        "national_register_row": null,
        "latitude_raw": "42° 5' 37,870\"",
        "longitude_raw": "22° 50' 41,239\"",
        "coordinate_note": null,
        "status": "active",
        "reference_date": "2026-08-04"
      }
    },
    {
      "type": "Feature",
      "geometry": {
        "type": "Point",
        "coordinates": [
          22.61224806,
          42.38166556
        ]
      },
      "properties": {
        "permit_number_date": "41510408/19.11.2013",
        "permit_number": 41510408.0,
        "canonical_code": "BG4G001PTPZ125",
        "holder": "Кюстендилска вода ЕООД",
        "facility_name": "ВС\"Високо дърво\"",
        "facility_registration": "610/12.06.2008",
        "water_use_purpose": "питейно-битови",
        "mean_discharge_lps": null,
        "max_discharge_lps": null,
        "daily_authorized_volume_m3": null,
        "annual_authorized_volume_m3": 500.0,
        "hydraulic_conductivity_m_day": null,
        "transmissivity_m2_day": null,
        "aquifer_thickness_m": null,
        "coordinate_method": "official_local",
        "national_register_row": null,
        "latitude_raw": "42° 22' 53,996\"",
        "longitude_raw": "22° 36' 44,093\"",
        "coordinate_note": null,
        "status": "active",
        "reference_date": "2026-08-04"
      }
    },
    {
      "type": "Feature",
      "geometry": {
        "type": "Point",
        "coordinates": [
          22.61365389,
          42.38358333
        ]
      },
      "properties": {
        "permit_number_date": "41510409/19.11.2013",
        "permit_number": 41510409.0,
        "canonical_code": "BG4G001PTPZ125",
        "holder": "Кюстендилска вода ЕООД",
        "facility_name": "ВС\"Шумена вода\"",
        "facility_registration": "609/12.06.2008",
        "water_use_purpose": "питейно-битови",
        "mean_discharge_lps": null,
        "max_discharge_lps": null,
        "daily_authorized_volume_m3": null,
        "annual_authorized_volume_m3": 600.0,
        "hydraulic_conductivity_m_day": null,
        "transmissivity_m2_day": null,
        "aquifer_thickness_m": null,
        "coordinate_method": "official_local",
        "national_register_row": null,
        "latitude_raw": "42° 23' 0,900\"",
        "longitude_raw": "22° 36' 49,154\"",
        "coordinate_note": null,
        "status": "active",
        "reference_date": "2026-08-04"
      }
    },
    {
      "type": "Feature",
      "geometry": {
        "type": "Point",
        "coordinates": [
          22.94403528,
          42.37557778
        ]
      },
      "properties": {
        "permit_number_date": "41510411/21.11.2013",
        "permit_number": 41510411.0,
        "canonical_code": "BG4G001PTPZ125",
        "holder": "Кюстендилска вода ЕООД",
        "facility_name": "ВС\"Центъра\"",
        "facility_registration": "623/13.06.2008",
        "water_use_purpose": "питейно-битови",
        "mean_discharge_lps": 0.13,
        "max_discharge_lps": null,
        "daily_authorized_volume_m3": null,
        "annual_authorized_volume_m3": "Струма",
        "hydraulic_conductivity_m_day": null,
        "transmissivity_m2_day": null,
        "aquifer_thickness_m": null,
        "coordinate_method": "official_local",
        "national_register_row": null,
        "latitude_raw": "42° 22' 32,080\"",
        "longitude_raw": "22° 56' 38,527\"",
        "coordinate_note": null,
        "status": "active",
        "reference_date": "2026-08-04"
      }
    },
    {
      "type": "Feature",
      "geometry": {
        "type": "Point",
        "coordinates": [
          22.94443194,
          42.36473861
        ]
      },
      "properties": {
        "permit_number_date": "41510412/21.11.2013",
        "permit_number": 41510412.0,
        "canonical_code": "BG4G001PTPZ125",
        "holder": "Кюстендилска вода ЕООД",
        "facility_name": "ВС\"Усоето\"",
        "facility_registration": "624/13.06.2008",
        "water_use_purpose": "питейно-битови",
        "mean_discharge_lps": 0.19,
        "max_discharge_lps": null,
        "daily_authorized_volume_m3": null,
        "annual_authorized_volume_m3": 6000.0,
        "hydraulic_conductivity_m_day": null,
        "transmissivity_m2_day": null,
        "aquifer_thickness_m": null,
        "coordinate_method": "official_local",
        "national_register_row": null,
        "latitude_raw": "42° 21' 53,059\"",
        "longitude_raw": "22° 56' 39,955\"",
        "coordinate_note": null,
        "status": "active",
        "reference_date": "2026-08-04"
      }
    },
    {
      "type": "Feature",
      "geometry": {
        "type": "Point",
        "coordinates": [
          22.93707306,
          42.35624611
        ]
      },
      "properties": {
        "permit_number_date": "41510413/21.11.2013",
        "permit_number": 41510413.0,
        "canonical_code": "BG4G001PTPZ125",
        "holder": "Кюстендилска вода ЕООД",
        "facility_name": "ВС\"Реката\"",
        "facility_registration": "625/13.06.2008",
        "water_use_purpose": "питейно-битови",
        "mean_discharge_lps": 0.13,
        "max_discharge_lps": null,
        "daily_authorized_volume_m3": null,
        "annual_authorized_volume_m3": 4000.0,
        "hydraulic_conductivity_m_day": null,
        "transmissivity_m2_day": null,
        "aquifer_thickness_m": null,
        "coordinate_method": "official_local",
        "national_register_row": null,
        "latitude_raw": "42° 21' 22,486\"",
        "longitude_raw": "22° 56' 13,463\"",
        "coordinate_note": null,
        "status": "active",
        "reference_date": "2026-08-04"
      }
    },
    {
      "type": "Feature",
      "geometry": {
        "type": "Point",
        "coordinates": [
          22.59966111,
          42.45471861
        ]
      },
      "properties": {
        "permit_number_date": "41510404/21.11.2013",
        "permit_number": 41510404.0,
        "canonical_code": "BG4G001PTPZ125",
        "holder": "Кюстендилска вода ЕООД",
        "facility_name": "ВС\"Мали брест\"",
        "facility_registration": "628/13.06.2008",
        "water_use_purpose": "питейно-битови",
        "mean_discharge_lps": 0.162,
        "max_discharge_lps": null,
        "daily_authorized_volume_m3": null,
        "annual_authorized_volume_m3": 5000.0,
        "hydraulic_conductivity_m_day": null,
        "transmissivity_m2_day": null,
        "aquifer_thickness_m": null,
        "coordinate_method": "official_local",
        "national_register_row": null,
        "latitude_raw": "42° 27' 16,987\"",
        "longitude_raw": "22° 35' 58,780\"",
        "coordinate_note": null,
        "status": "active",
        "reference_date": "2026-08-04"
      }
    },
    {
      "type": "Feature",
      "geometry": {
        "type": "Point",
        "coordinates": [
          22.88612667,
          42.35417528
        ]
      },
      "properties": {
        "permit_number_date": "41510414/22.11.2013",
        "permit_number": 41510414.0,
        "canonical_code": "BG4G001PTPZ125",
        "holder": "Кюстендилска вода ЕООД",
        "facility_name": "ВС\"Кюнеца\"",
        "facility_registration": "627/13.06.2008",
        "water_use_purpose": "питейно-битови",
        "mean_discharge_lps": 0.19,
        "max_discharge_lps": null,
        "daily_authorized_volume_m3": null,
        "annual_authorized_volume_m3": 6000.0,
        "hydraulic_conductivity_m_day": null,
        "transmissivity_m2_day": null,
        "aquifer_thickness_m": null,
        "coordinate_method": "official_local",
        "national_register_row": null,
        "latitude_raw": "42° 21' 15,031\"",
        "longitude_raw": "22° 53' 10,056\"",
        "coordinate_note": null,
        "status": "active",
        "reference_date": "2026-08-04"
      }
    },
    {
      "type": "Feature",
      "geometry": {
        "type": "Point",
        "coordinates": [
          22.92066917,
          42.34706278
        ]
      },
      "properties": {
        "permit_number_date": "41510415/22.11.2013",
        "permit_number": 41510415.0,
        "canonical_code": "BG4G001PTPZ125",
        "holder": "Кюстендилска вода ЕООД",
        "facility_name": "ВС\"Коритата\"",
        "facility_registration": "626/13.06.2008",
        "water_use_purpose": "питейно-битови",
        "mean_discharge_lps": 0.09,
        "max_discharge_lps": null,
        "daily_authorized_volume_m3": null,
        "annual_authorized_volume_m3": 3000.0,
        "hydraulic_conductivity_m_day": null,
        "transmissivity_m2_day": null,
        "aquifer_thickness_m": null,
        "coordinate_method": "official_local",
        "national_register_row": null,
        "latitude_raw": "42° 20' 49,426\"",
        "longitude_raw": "22° 55' 14,409\"",
        "coordinate_note": null,
        "status": "active",
        "reference_date": "2026-08-04"
      }
    },
    {
      "type": "Feature",
      "geometry": {
        "type": "Point",
        "coordinates": [
          22.61995944,
          42.38375889
        ]
      },
      "properties": {
        "permit_number_date": "41510425/25.11.2013",
        "permit_number": 41510425.0,
        "canonical_code": "BG4G001PTPZ125",
        "holder": "Кюстендилска вода ЕООД",
        "facility_name": "ВС\"Гогова вода\"",
        "facility_registration": "644/16.06.2008",
        "water_use_purpose": "питейно-битови",
        "mean_discharge_lps": 0.31,
        "max_discharge_lps": null,
        "daily_authorized_volume_m3": null,
        "annual_authorized_volume_m3": 1000.0,
        "hydraulic_conductivity_m_day": null,
        "transmissivity_m2_day": null,
        "aquifer_thickness_m": null,
        "coordinate_method": "official_local",
        "national_register_row": null,
        "latitude_raw": "42° 23' 1,532\"",
        "longitude_raw": "22° 37' 11,854\"",
        "coordinate_note": null,
        "status": "active",
        "reference_date": "2026-08-04"
      }
    },
    {
      "type": "Feature",
      "geometry": {
        "type": "Point",
        "coordinates": [
          22.60318722,
          42.23152694
        ]
      },
      "properties": {
        "permit_number_date": "41510426/25.11.2013",
        "permit_number": 41510426.0,
        "canonical_code": "BG4G001PTPZ125",
        "holder": "Кюстендилска вода ЕООД",
        "facility_name": "ВС\"Ечемика\"",
        "facility_registration": "643/16.06.2008",
        "water_use_purpose": "питейно-битови",
        "mean_discharge_lps": 1.1,
        "max_discharge_lps": null,
        "daily_authorized_volume_m3": null,
        "annual_authorized_volume_m3": 9000.0,
        "hydraulic_conductivity_m_day": null,
        "transmissivity_m2_day": null,
        "aquifer_thickness_m": null,
        "coordinate_method": "official_local",
        "national_register_row": null,
        "latitude_raw": "42° 13' 53,497\"",
        "longitude_raw": "22° 36' 11,474\"",
        "coordinate_note": null,
        "status": "active",
        "reference_date": "2026-08-04"
      }
    },
    {
      "type": "Feature",
      "geometry": {
        "type": "Point",
        "coordinates": [
          22.66932028,
          42.25211861
        ]
      },
      "properties": {
        "permit_number_date": "41510423/26.11.2013",
        "permit_number": 41510423.0,
        "canonical_code": "BG4G001PTPZ125",
        "holder": "Кюстендилска вода ЕООД",
        "facility_name": "ВС\"Бобище\"",
        "facility_registration": "640/16.06.2008",
        "water_use_purpose": "питейно-битови",
        "mean_discharge_lps": 0.75,
        "max_discharge_lps": null,
        "daily_authorized_volume_m3": null,
        "annual_authorized_volume_m3": 15000.0,
        "hydraulic_conductivity_m_day": null,
        "transmissivity_m2_day": null,
        "aquifer_thickness_m": null,
        "coordinate_method": "official_local",
        "national_register_row": null,
        "latitude_raw": "42° 15' 7,627\"",
        "longitude_raw": "22° 40' 9,553\"",
        "coordinate_note": null,
        "status": "active",
        "reference_date": "2026-08-04"
      }
    },
    {
      "type": "Feature",
      "geometry": {
        "type": "Point",
        "coordinates": [
          22.67106167,
          42.25056722
        ]
      },
      "properties": {
        "permit_number_date": "41510424/26.11.2013",
        "permit_number": 41510424.0,
        "canonical_code": "BG4G001PTPZ125",
        "holder": "Кюстендилска вода ЕООД",
        "facility_name": "ВС\"Църквина\"",
        "facility_registration": "641/16.06.2008",
        "water_use_purpose": "питейно-битови",
        "mean_discharge_lps": 0.65,
        "max_discharge_lps": null,
        "daily_authorized_volume_m3": null,
        "annual_authorized_volume_m3": 10000.0,
        "hydraulic_conductivity_m_day": null,
        "transmissivity_m2_day": null,
        "aquifer_thickness_m": null,
        "coordinate_method": "official_local",
        "national_register_row": null,
        "latitude_raw": "42° 15' 2,042\"",
        "longitude_raw": "22° 40' 15,822\"",
        "coordinate_note": null,
        "status": "active",
        "reference_date": "2026-08-04"
      }
    },
    {
      "type": "Feature",
      "geometry": {
        "type": "Point",
        "coordinates": [
          22.60961056,
          42.44692583
        ]
      },
      "properties": {
        "permit_number_date": "41510406/02.12.2013",
        "permit_number": 41510406.0,
        "canonical_code": "BG4G001PTPZ125",
        "holder": "Кюстендилска вода ЕООД",
        "facility_name": "ВС\"ПС Полетинци\"",
        "facility_registration": "612/12.06.2008",
        "water_use_purpose": "питейно-битови",
        "mean_discharge_lps": null,
        "max_discharge_lps": null,
        "daily_authorized_volume_m3": null,
        "annual_authorized_volume_m3": "1905-06-22 00:00:00",
        "hydraulic_conductivity_m_day": null,
        "transmissivity_m2_day": null,
        "aquifer_thickness_m": null,
        "coordinate_method": "official_local",
        "national_register_row": null,
        "latitude_raw": "42°26'48.933\"",
        "longitude_raw": "22°36'34.598\"",
        "coordinate_note": null,
        "status": "active",
        "reference_date": "2026-08-04"
      }
    },
    {
      "type": "Feature",
      "geometry": {
        "type": "Point",
        "coordinates": [
          22.62385889,
          42.40469333
        ]
      },
      "properties": {
        "permit_number_date": "41510407/10.12.2013",
        "permit_number": 41510407.0,
        "canonical_code": "BG4G001PTPZ125",
        "holder": "Кюстендилска вода ЕООД",
        "facility_name": "ВС\"Полетински дол\"",
        "facility_registration": "611/12.06.2008",
        "water_use_purpose": "питейно-битови",
        "mean_discharge_lps": null,
        "max_discharge_lps": null,
        "daily_authorized_volume_m3": null,
        "annual_authorized_volume_m3": 1100.0,
        "hydraulic_conductivity_m_day": null,
        "transmissivity_m2_day": null,
        "aquifer_thickness_m": null,
        "coordinate_method": "official_local",
        "national_register_row": null,
        "latitude_raw": "42° 24' 16,896\"",
        "longitude_raw": "22° 37' 25,892\"",
        "coordinate_note": null,
        "status": "active",
        "reference_date": "2026-08-04"
      }
    },
    {
      "type": "Feature",
      "geometry": {
        "type": "Point",
        "coordinates": [
          22.61973361,
          42.22885583
        ]
      },
      "properties": {
        "permit_number_date": "41510427/11.12.2013",
        "permit_number": 41510427.0,
        "canonical_code": "BG4G001PTPZ125",
        "holder": "Кюстендилска вода ЕООД",
        "facility_name": "ВС\"Белата вода\"",
        "facility_registration": "642/16.06.2008",
        "water_use_purpose": "питейно-битови",
        "mean_discharge_lps": null,
        "max_discharge_lps": null,
        "daily_authorized_volume_m3": null,
        "annual_authorized_volume_m3": 8000.0,
        "hydraulic_conductivity_m_day": null,
        "transmissivity_m2_day": null,
        "aquifer_thickness_m": null,
        "coordinate_method": "official_local",
        "national_register_row": null,
        "latitude_raw": "42° 13' 43,881\"",
        "longitude_raw": "22° 37' 11,041\"",
        "coordinate_note": null,
        "status": "active",
        "reference_date": "2026-08-04"
      }
    },
    {
      "type": "Feature",
      "geometry": {
        "type": "Point",
        "coordinates": [
          22.90840556,
          42.19658139
        ]
      },
      "properties": {
        "permit_number_date": "41510462/19.12.2013",
        "permit_number": 41510462.0,
        "canonical_code": "BG4G001PTPZ125",
        "holder": "Кюстендилска вода ЕООД",
        "facility_name": "ВС\"Пастух\"",
        "facility_registration": "671/23.06.2008",
        "water_use_purpose": "питейно-битови",
        "mean_discharge_lps": null,
        "max_discharge_lps": null,
        "daily_authorized_volume_m3": null,
        "annual_authorized_volume_m3": 8000.0,
        "hydraulic_conductivity_m_day": null,
        "transmissivity_m2_day": null,
        "aquifer_thickness_m": null,
        "coordinate_method": "official_local",
        "national_register_row": null,
        "latitude_raw": "42° 11' 47,693\"",
        "longitude_raw": "22° 54' 30,260\"",
        "coordinate_note": null,
        "status": "active",
        "reference_date": "2026-08-04"
      }
    },
    {
      "type": "Feature",
      "geometry": {
        "type": "Point",
        "coordinates": [
          22.93880306,
          42.37860778
        ]
      },
      "properties": {
        "permit_number_date": "41510442/06.01.2014",
        "permit_number": 41510442.0,
        "canonical_code": "BG4G001PTPZ125",
        "holder": "Кюстендилска вода ЕООД",
        "facility_name": "ВС\"Ливадите\"",
        "facility_registration": "690/26.06.2008",
        "water_use_purpose": "питейно-битови",
        "mean_discharge_lps": null,
        "max_discharge_lps": null,
        "daily_authorized_volume_m3": null,
        "annual_authorized_volume_m3": 3200.0,
        "hydraulic_conductivity_m_day": null,
        "transmissivity_m2_day": null,
        "aquifer_thickness_m": null,
        "coordinate_method": "official_local",
        "national_register_row": null,
        "latitude_raw": "42° 22' 42,988\"",
        "longitude_raw": "22° 56' 19,691\"",
        "coordinate_note": null,
        "status": "active",
        "reference_date": "2026-08-04"
      }
    },
    {
      "type": "Feature",
      "geometry": {
        "type": "Point",
        "coordinates": [
          22.58243028,
          42.55152083
        ]
      },
      "properties": {
        "permit_number_date": "41510446/08.01.2014",
        "permit_number": 41510446.0,
        "canonical_code": "BG4G001PTPZ125",
        "holder": "Кюстендилска вода ЕООД",
        "facility_name": "ВС\"Стубело\"",
        "facility_registration": "693/26.06.2008",
        "water_use_purpose": "питейно-битови",
        "mean_discharge_lps": null,
        "max_discharge_lps": null,
        "daily_authorized_volume_m3": null,
        "annual_authorized_volume_m3": 1400.0,
        "hydraulic_conductivity_m_day": null,
        "transmissivity_m2_day": null,
        "aquifer_thickness_m": null,
        "coordinate_method": "official_local",
        "national_register_row": null,
        "latitude_raw": "42° 33' 5,475\"",
        "longitude_raw": "22° 34' 56,749\"",
        "coordinate_note": null,
        "status": "active",
        "reference_date": "2026-08-04"
      }
    },
    {
      "type": "Feature",
      "geometry": {
        "type": "Point",
        "coordinates": [
          22.60337667,
          42.58132778
        ]
      },
      "properties": {
        "permit_number_date": "41510447/08.01.2014",
        "permit_number": 41510447.0,
        "canonical_code": "BG4G001PTPZ125",
        "holder": "Кюстендилска вода ЕООД",
        "facility_name": "ВС\"Пантеля\"",
        "facility_registration": "694/26.06.2008",
        "water_use_purpose": "питейно-битови",
        "mean_discharge_lps": null,
        "max_discharge_lps": null,
        "daily_authorized_volume_m3": null,
        "annual_authorized_volume_m3": 3000.0,
        "hydraulic_conductivity_m_day": null,
        "transmissivity_m2_day": null,
        "aquifer_thickness_m": null,
        "coordinate_method": "official_local",
        "national_register_row": null,
        "latitude_raw": "42° 34' 52,780\"",
        "longitude_raw": "22° 36' 12,156\"",
        "coordinate_note": null,
        "status": "active",
        "reference_date": "2026-08-04"
      }
    },
    {
      "type": "Feature",
      "geometry": {
        "type": "Point",
        "coordinates": [
          22.97062889,
          42.1711425
        ]
      },
      "properties": {
        "permit_number_date": "41510463/09.01.2014",
        "permit_number": 41510463.0,
        "canonical_code": "BG4G001PTPZ125",
        "holder": "Кюстендилска вода ЕООД",
        "facility_name": "ВС\"Извор\"",
        "facility_registration": "657/23.06.2008",
        "water_use_purpose": "питейно-битови",
        "mean_discharge_lps": null,
        "max_discharge_lps": null,
        "daily_authorized_volume_m3": null,
        "annual_authorized_volume_m3": 2700.0,
        "hydraulic_conductivity_m_day": null,
        "transmissivity_m2_day": null,
        "aquifer_thickness_m": null,
        "coordinate_method": "official_local",
        "national_register_row": null,
        "latitude_raw": "42° 10' 16,113\"",
        "longitude_raw": "22° 58' 14,264\"",
        "coordinate_note": null,
        "status": "active",
        "reference_date": "2026-08-04"
      }
    },
    {
      "type": "Feature",
      "geometry": {
        "type": "Point",
        "coordinates": [
          22.97067444,
          42.1711925
        ]
      },
      "properties": {
        "permit_number_date": "41510464/09.01.2014",
        "permit_number": 41510464.0,
        "canonical_code": "BG4G001PTPZ125",
        "holder": "Кюстендилска вода ЕООД",
        "facility_name": "ВС\"Климало\"",
        "facility_registration": "658/23.06.2008",
        "water_use_purpose": "питейно-битови",
        "mean_discharge_lps": null,
        "max_discharge_lps": null,
        "daily_authorized_volume_m3": null,
        "annual_authorized_volume_m3": 4800.0,
        "hydraulic_conductivity_m_day": null,
        "transmissivity_m2_day": null,
        "aquifer_thickness_m": null,
        "coordinate_method": "official_local",
        "national_register_row": null,
        "latitude_raw": "42° 10' 16,293\"",
        "longitude_raw": "22° 58' 14,428\"",
        "coordinate_note": null,
        "status": "active",
        "reference_date": "2026-08-04"
      }
    },
    {
      "type": "Feature",
      "geometry": {
        "type": "Point",
        "coordinates": [
          22.46265444,
          42.56906028
        ]
      },
      "properties": {
        "permit_number_date": "41510450/10.01.2014",
        "permit_number": 41510450.0,
        "canonical_code": "BG4G001PTPZ125",
        "holder": "Кюстендилска вода ЕООД",
        "facility_name": "ВС\"Козяк\"",
        "facility_registration": "695/26.06.2008",
        "water_use_purpose": "питейно-битови",
        "mean_discharge_lps": null,
        "max_discharge_lps": null,
        "daily_authorized_volume_m3": null,
        "annual_authorized_volume_m3": 3000.0,
        "hydraulic_conductivity_m_day": null,
        "transmissivity_m2_day": null,
        "aquifer_thickness_m": null,
        "coordinate_method": "official_local",
        "national_register_row": null,
        "latitude_raw": "42° 34' 8,617\"",
        "longitude_raw": "22° 27' 45,556\"",
        "coordinate_note": null,
        "status": "active",
        "reference_date": "2026-08-04"
      }
    },
    {
      "type": "Feature",
      "geometry": {
        "type": "Point",
        "coordinates": [
          22.66987083,
          42.49792083
        ]
      },
      "properties": {
        "permit_number_date": "41510451/17.01.2014",
        "permit_number": 41510451.0,
        "canonical_code": "BG4G001PTPZ125",
        "holder": "Кюстендилска вода ЕООД",
        "facility_name": "ВС\"Корията\"",
        "facility_registration": "696/26.06.2008",
        "water_use_purpose": "питейно-битови",
        "mean_discharge_lps": null,
        "max_discharge_lps": null,
        "daily_authorized_volume_m3": null,
        "annual_authorized_volume_m3": 3000.0,
        "hydraulic_conductivity_m_day": null,
        "transmissivity_m2_day": null,
        "aquifer_thickness_m": null,
        "coordinate_method": "official_local",
        "national_register_row": null,
        "latitude_raw": "42° 29' 52,515\"",
        "longitude_raw": "22° 40' 11,535\"",
        "coordinate_note": null,
        "status": "active",
        "reference_date": "2026-08-04"
      }
    },
    {
      "type": "Feature",
      "geometry": {
        "type": "Point",
        "coordinates": [
          22.877528,
          42.200694
        ]
      },
      "properties": {
        "permit_number_date": "41510457/20.01.2014",
        "permit_number": 41510457.0,
        "canonical_code": "BG4G001PTPZ125",
        "holder": "Кюстендилска вода ЕООД",
        "facility_name": "ВС\"Траскето\"",
        "facility_registration": "670/23.06.2008",
        "water_use_purpose": "питейно-битови",
        "mean_discharge_lps": null,
        "max_discharge_lps": null,
        "daily_authorized_volume_m3": null,
        "annual_authorized_volume_m3": 3000.0,
        "hydraulic_conductivity_m_day": null,
        "transmissivity_m2_day": null,
        "aquifer_thickness_m": null,
        "coordinate_method": "official_national_crosscheck",
        "national_register_row": 891.0,
        "latitude_raw": "42°12'02.5\" 42°12'05.08\" 42°12'08.82\"",
        "longitude_raw": "22°52'39.1\" 22°52'37.05\" 22°52'38.28\"",
        "coordinate_note": null,
        "status": "active",
        "reference_date": "2026-08-04"
      }
    },
    {
      "type": "Feature",
      "geometry": {
        "type": "Point",
        "coordinates": [
          23.01592556,
          42.18171889
        ]
      },
      "properties": {
        "permit_number_date": "41510459/29.01.2014",
        "permit_number": 41510459.0,
        "canonical_code": "BG4G001PTPZ125",
        "holder": "Кюстендилска вода ЕООД",
        "facility_name": "ВС\"Сопдере\"",
        "facility_registration": "664/23.06.2008",
        "water_use_purpose": "питейно-битови",
        "mean_discharge_lps": null,
        "max_discharge_lps": null,
        "daily_authorized_volume_m3": null,
        "annual_authorized_volume_m3": 4100.0,
        "hydraulic_conductivity_m_day": null,
        "transmissivity_m2_day": null,
        "aquifer_thickness_m": null,
        "coordinate_method": "official_local",
        "national_register_row": null,
        "latitude_raw": "42° 10' 54,188\"",
        "longitude_raw": "23° 0' 57,332\"",
        "coordinate_note": null,
        "status": "active",
        "reference_date": "2026-08-04"
      }
    },
    {
      "type": "Feature",
      "geometry": {
        "type": "Point",
        "coordinates": [
          22.73604944,
          42.18777944
        ]
      },
      "properties": {
        "permit_number_date": "41510468/30.01.2014",
        "permit_number": 41510468.0,
        "canonical_code": "BG4G001PTPZ125",
        "holder": "Кюстендилска вода ЕООД",
        "facility_name": "ВС\"Реката 1\"",
        "facility_registration": "685/23.06.2008",
        "water_use_purpose": "питейно-битови",
        "mean_discharge_lps": null,
        "max_discharge_lps": null,
        "daily_authorized_volume_m3": null,
        "annual_authorized_volume_m3": 1500.0,
        "hydraulic_conductivity_m_day": null,
        "transmissivity_m2_day": null,
        "aquifer_thickness_m": null,
        "coordinate_method": "official_local",
        "national_register_row": null,
        "latitude_raw": "42° 11' 16,006\"",
        "longitude_raw": "22° 44' 9,778\"",
        "coordinate_note": null,
        "status": "active",
        "reference_date": "2026-08-04"
      }
    },
    {
      "type": "Feature",
      "geometry": {
        "type": "Point",
        "coordinates": [
          22.72702917,
          42.203265
        ]
      },
      "properties": {
        "permit_number_date": "41510472/30.01.2014",
        "permit_number": 41510472.0,
        "canonical_code": "BG4G001PTPZ125",
        "holder": "Кюстендилска вода ЕООД",
        "facility_name": "ВС\"Студена вода\"",
        "facility_registration": "682/23.06.2008",
        "water_use_purpose": "питейно-битови",
        "mean_discharge_lps": null,
        "max_discharge_lps": null,
        "daily_authorized_volume_m3": null,
        "annual_authorized_volume_m3": 1000.0,
        "hydraulic_conductivity_m_day": null,
        "transmissivity_m2_day": null,
        "aquifer_thickness_m": null,
        "coordinate_method": "official_local",
        "national_register_row": null,
        "latitude_raw": "42° 12' 11,754\"",
        "longitude_raw": "22° 43' 37,305\"",
        "coordinate_note": null,
        "status": "active",
        "reference_date": "2026-08-04"
      }
    },
    {
      "type": "Feature",
      "geometry": {
        "type": "Point",
        "coordinates": [
          22.74219444,
          42.16983333
        ]
      },
      "properties": {
        "permit_number_date": "41510475/31.01.2014",
        "permit_number": 41510475.0,
        "canonical_code": "BG4G001PTPZ125",
        "holder": "Кюстендилска вода ЕООД",
        "facility_name": "ВС\"Янкова махала 2\"",
        "facility_registration": "698/26.06.2008",
        "water_use_purpose": "питейно-битови",
        "mean_discharge_lps": 0.13,
        "max_discharge_lps": null,
        "daily_authorized_volume_m3": null,
        "annual_authorized_volume_m3": 4000.0,
        "hydraulic_conductivity_m_day": null,
        "transmissivity_m2_day": null,
        "aquifer_thickness_m": null,
        "coordinate_method": "official_local",
        "national_register_row": null,
        "latitude_raw": "42°10'11.4\"",
        "longitude_raw": "22°44'31.9\"",
        "coordinate_note": null,
        "status": "active",
        "reference_date": "2026-08-04"
      }
    },
    {
      "type": "Feature",
      "geometry": {
        "type": "Point",
        "coordinates": [
          22.61968,
          42.31911694
        ]
      },
      "properties": {
        "permit_number_date": "41510394/11.02.2014",
        "permit_number": 41510394.0,
        "canonical_code": "BG4G001PTPZ125",
        "holder": "Кюстендилска вода ЕООД",
        "facility_name": "ВС\"Светата вода\"",
        "facility_registration": "621/13.06.2008",
        "water_use_purpose": "питейно-битови",
        "mean_discharge_lps": null,
        "max_discharge_lps": null,
        "daily_authorized_volume_m3": null,
        "annual_authorized_volume_m3": 200.0,
        "hydraulic_conductivity_m_day": null,
        "transmissivity_m2_day": null,
        "aquifer_thickness_m": null,
        "coordinate_method": "official_local",
        "national_register_row": null,
        "latitude_raw": "42° 19' 8,821\"",
        "longitude_raw": "22° 37' 10,848\"",
        "coordinate_note": null,
        "status": "active",
        "reference_date": "2026-08-04"
      }
    },
    {
      "type": "Feature",
      "geometry": {
        "type": "Point",
        "coordinates": [
          22.99663639,
          42.20530167
        ]
      },
      "properties": {
        "permit_number_date": "41510485/19.02.2014",
        "permit_number": 41510485.0,
        "canonical_code": "BG4G001PTPZ125",
        "holder": "Кюстендилска вода ЕООД",
        "facility_name": "ВС\"Циклово\"",
        "facility_registration": "429/14.03.2007",
        "water_use_purpose": "питейно-битови",
        "mean_discharge_lps": null,
        "max_discharge_lps": null,
        "daily_authorized_volume_m3": null,
        "annual_authorized_volume_m3": 3000.0,
        "hydraulic_conductivity_m_day": null,
        "transmissivity_m2_day": null,
        "aquifer_thickness_m": null,
        "coordinate_method": "official_local",
        "national_register_row": null,
        "latitude_raw": "42° 12' 19,086\"",
        "longitude_raw": "22° 59' 47,891\"",
        "coordinate_note": null,
        "status": "active",
        "reference_date": "2026-08-04"
      }
    },
    {
      "type": "Feature",
      "geometry": {
        "type": "Point",
        "coordinates": [
          22.78016333,
          42.33326861
        ]
      },
      "properties": {
        "permit_number_date": "41510487/25.02.2014",
        "permit_number": 41510487.0,
        "canonical_code": "BG4G001PTPZ125",
        "holder": "Кюстендилска вода ЕООД",
        "facility_name": "ВС\"Извора\"",
        "facility_registration": "403/07.03.2007",
        "water_use_purpose": "питейно-битови",
        "mean_discharge_lps": null,
        "max_discharge_lps": null,
        "daily_authorized_volume_m3": null,
        "annual_authorized_volume_m3": 1400.0,
        "hydraulic_conductivity_m_day": null,
        "transmissivity_m2_day": null,
        "aquifer_thickness_m": null,
        "coordinate_method": "official_local",
        "national_register_row": null,
        "latitude_raw": "42° 19' 59,767\"",
        "longitude_raw": "22° 46' 48,588\"",
        "coordinate_note": null,
        "status": "active",
        "reference_date": "2026-08-04"
      }
    },
    {
      "type": "Feature",
      "geometry": {
        "type": "Point",
        "coordinates": [
          23.18524167,
          42.40739444
        ]
      },
      "properties": {
        "permit_number_date": "41510490/07.03.2014",
        "permit_number": 41510490.0,
        "canonical_code": "BG4G001PTPZ125",
        "holder": "Призма-филм ЕООД",
        "facility_name": "КЕИ\"Вадата\"",
        "facility_registration": "897/07.03.2014",
        "water_use_purpose": "питейно-битови",
        "mean_discharge_lps": 0.019,
        "max_discharge_lps": null,
        "daily_authorized_volume_m3": null,
        "annual_authorized_volume_m3": 584.0,
        "hydraulic_conductivity_m_day": null,
        "transmissivity_m2_day": null,
        "aquifer_thickness_m": null,
        "coordinate_method": "official_local",
        "national_register_row": null,
        "latitude_raw": "42°24'26.62\"",
        "longitude_raw": "23°11'06.87\"",
        "coordinate_note": null,
        "status": "active",
        "reference_date": "2026-08-04"
      }
    },
    {
      "type": "Feature",
      "geometry": {
        "type": "Point",
        "coordinates": [
          23.033525,
          42.03619722
        ]
      },
      "properties": {
        "permit_number_date": "41590142/04.06.2014",
        "permit_number": 41590142.0,
        "canonical_code": "BG4G001PTPZ125",
        "holder": "Община Благоевград",
        "facility_name": "ТК",
        "facility_registration": "1248/23.02.2023",
        "water_use_purpose": "други цели и противопожарни нужди",
        "mean_discharge_lps": 0.49,
        "max_discharge_lps": 2.7,
        "daily_authorized_volume_m3": 41.82,
        "annual_authorized_volume_m3": 15263.42,
        "hydraulic_conductivity_m_day": null,
        "transmissivity_m2_day": 50.0,
        "aquifer_thickness_m": 50.0,
        "coordinate_method": "official_local",
        "national_register_row": null,
        "latitude_raw": "42°02'10.31\"",
        "longitude_raw": "23°02'00.69\"",
        "coordinate_note": null,
        "status": "active",
        "reference_date": "2026-08-04"
      }
    },
    {
      "type": "Feature",
      "geometry": {
        "type": "Point",
        "coordinates": [
          22.93036111,
          41.96952778
        ]
      },
      "properties": {
        "permit_number_date": "41530086/23.09.2014",
        "permit_number": 41530086.0,
        "canonical_code": "BG4G001PTPZ125",
        "holder": "Пиринстройинженеринг ЕАД",
        "facility_name": "Каптаж \"ТСИ Станке Лисичково\"",
        "facility_registration": "689/23.06.2008",
        "water_use_purpose": "промишлени цели",
        "mean_discharge_lps": 0.1,
        "max_discharge_lps": null,
        "daily_authorized_volume_m3": 8.64,
        "annual_authorized_volume_m3": 3150.0,
        "hydraulic_conductivity_m_day": null,
        "transmissivity_m2_day": null,
        "aquifer_thickness_m": null,
        "coordinate_method": "official_local",
        "national_register_row": null,
        "latitude_raw": "41°58'10.3\"",
        "longitude_raw": "22°55'49.3\"",
        "coordinate_note": null,
        "status": "active",
        "reference_date": "2026-08-04"
      }
    },
    {
      "type": "Feature",
      "geometry": {
        "type": "Point",
        "coordinates": [
          23.23847222,
          41.44602778
        ]
      },
      "properties": {
        "permit_number_date": "41590153/07.01.2015",
        "permit_number": 41590153.0,
        "canonical_code": "BG4G001PTPZ125",
        "holder": "Булгарконсерв Рупите ООД",
        "facility_name": "ТК-1",
        "facility_registration": null,
        "water_use_purpose": "За други цели- измиване на производствени площадки и изваряване на готова продукция",
        "mean_discharge_lps": 0.28,
        "max_discharge_lps": 3.0,
        "daily_authorized_volume_m3": null,
        "annual_authorized_volume_m3": 9000.0,
        "hydraulic_conductivity_m_day": null,
        "transmissivity_m2_day": null,
        "aquifer_thickness_m": null,
        "coordinate_method": "official_local",
        "national_register_row": null,
        "latitude_raw": "41°26'45.7\"",
        "longitude_raw": "23°14'18.5\"",
        "coordinate_note": null,
        "status": "active",
        "reference_date": "2026-08-04"
      }
    },
    {
      "type": "Feature",
      "geometry": {
        "type": "Point",
        "coordinates": [
          22.94022222,
          42.19227778
        ]
      },
      "properties": {
        "permit_number_date": "41510529/09.11.2016",
        "permit_number": 41510529.0,
        "canonical_code": "BG4G001PTPZ125",
        "holder": "Софарма АД",
        "facility_name": "КЕИ \"Скрино\"(Каптаж на извор)",
        "facility_registration": null,
        "water_use_purpose": "За самостоятелно питейно-битово водоснабдяване",
        "mean_discharge_lps": 0.5,
        "max_discharge_lps": null,
        "daily_authorized_volume_m3": 43.0,
        "annual_authorized_volume_m3": 15695.0,
        "hydraulic_conductivity_m_day": null,
        "transmissivity_m2_day": null,
        "aquifer_thickness_m": null,
        "coordinate_method": "official_local",
        "national_register_row": null,
        "latitude_raw": "42°11'32,2\"",
        "longitude_raw": "22°56'24,8\"",
        "coordinate_note": null,
        "status": "active",
        "reference_date": "2026-08-04"
      }
    },
    {
      "type": "Feature",
      "geometry": {
        "type": "Point",
        "coordinates": [
          23.03831389,
          41.76956111
        ]
      },
      "properties": {
        "permit_number_date": "41510530/14.11.2016",
        "permit_number": 41510530.0,
        "canonical_code": "BG4G001PTPZ125",
        "holder": "В и К ЕООД Благоевград",
        "facility_name": "ВС \"Средорек\"(Каптаж на извор)",
        "facility_registration": "708/30.06.2008",
        "water_use_purpose": "За питейно-битово водоснабдяване",
        "mean_discharge_lps": 0.78,
        "max_discharge_lps": null,
        "daily_authorized_volume_m3": 67.0,
        "annual_authorized_volume_m3": 24500.0,
        "hydraulic_conductivity_m_day": null,
        "transmissivity_m2_day": null,
        "aquifer_thickness_m": null,
        "coordinate_method": "official_local",
        "national_register_row": null,
        "latitude_raw": "41°46'10.42\"",
        "longitude_raw": "23°02'17.93\"",
        "coordinate_note": null,
        "status": "active",
        "reference_date": "2026-08-04"
      }
    },
    {
      "type": "Feature",
      "geometry": {
        "type": "Point",
        "coordinates": [
          23.04303056,
          41.77179444
        ]
      },
      "properties": {
        "permit_number_date": "41510531/14.11.2016",
        "permit_number": 41510531.0,
        "canonical_code": "BG4G001PTPZ125",
        "holder": "В и К ЕООД Благоевград",
        "facility_name": "ВС \"Постройките\" (Каптаж на извор)",
        "facility_registration": "707/30.06.2008",
        "water_use_purpose": "За питейно-битово водоснабдяване",
        "mean_discharge_lps": 0.78,
        "max_discharge_lps": null,
        "daily_authorized_volume_m3": 67.0,
        "annual_authorized_volume_m3": 24500.0,
        "hydraulic_conductivity_m_day": null,
        "transmissivity_m2_day": null,
        "aquifer_thickness_m": null,
        "coordinate_method": "official_local",
        "national_register_row": null,
        "latitude_raw": "41° 46' 18,460\"",
        "longitude_raw": "23° 2' 34,910\"",
        "coordinate_note": null,
        "status": "active",
        "reference_date": "2026-08-04"
      }
    },
    {
      "type": "Feature",
      "geometry": {
        "type": "Point",
        "coordinates": [
          23.032425,
          41.81095
        ]
      },
      "properties": {
        "permit_number_date": "41510532/14.11.2016",
        "permit_number": 41510532.0,
        "canonical_code": "BG4G001PTPZ125",
        "holder": "В и К ЕООД Благоевград",
        "facility_name": "ВС \"Върбата\" (Хоризонтален дренаж)",
        "facility_registration": "738/30.06.2008",
        "water_use_purpose": "За питейно-битово водоснабдяване",
        "mean_discharge_lps": 0.78,
        "max_discharge_lps": null,
        "daily_authorized_volume_m3": 67.0,
        "annual_authorized_volume_m3": 24500.0,
        "hydraulic_conductivity_m_day": null,
        "transmissivity_m2_day": null,
        "aquifer_thickness_m": null,
        "coordinate_method": "official_local",
        "national_register_row": null,
        "latitude_raw": "41°48'39.42\"",
        "longitude_raw": "23°01'56.73\"",
        "coordinate_note": null,
        "status": "active",
        "reference_date": "2026-08-04"
      }
    },
    {
      "type": "Feature",
      "geometry": {
        "type": "Point",
        "coordinates": [
          23.04844167,
          41.78156944
        ]
      },
      "properties": {
        "permit_number_date": "41510533/14.11.2016",
        "permit_number": 41510533.0,
        "canonical_code": "BG4G001PTPZ125",
        "holder": "В и К ЕООД Благоевград",
        "facility_name": "ВС \"Буката\" (Каптаж на извор)",
        "facility_registration": "709/30.06.2008",
        "water_use_purpose": "За питейно-битово водоснабдяване",
        "mean_discharge_lps": 0.78,
        "max_discharge_lps": null,
        "daily_authorized_volume_m3": 67.0,
        "annual_authorized_volume_m3": 24500.0,
        "hydraulic_conductivity_m_day": null,
        "transmissivity_m2_day": null,
        "aquifer_thickness_m": null,
        "coordinate_method": "official_local",
        "national_register_row": null,
        "latitude_raw": "41°46'53.65\"",
        "longitude_raw": "23°02'54.39\"",
        "coordinate_note": null,
        "status": "active",
        "reference_date": "2026-08-04"
      }
    },
    {
      "type": "Feature",
      "geometry": {
        "type": "Point",
        "coordinates": [
          23.10386389,
          41.81370556
        ]
      },
      "properties": {
        "permit_number_date": "41510534/28.11.2016",
        "permit_number": 41510534.0,
        "canonical_code": "BG4G001PTPZ125",
        "holder": "В и К ЕООД Благоевград",
        "facility_name": "Каптаж \"Буката\" № 1",
        "facility_registration": "241/17.03.2006",
        "water_use_purpose": "За питейно-битово водоснабдяване",
        "mean_discharge_lps": null,
        "max_discharge_lps": null,
        "daily_authorized_volume_m3": null,
        "annual_authorized_volume_m3": 230000.0,
        "hydraulic_conductivity_m_day": null,
        "transmissivity_m2_day": null,
        "aquifer_thickness_m": null,
        "coordinate_method": "official_local",
        "national_register_row": null,
        "latitude_raw": "41°48'49.34\"",
        "longitude_raw": "23°6'13.91\"",
        "coordinate_note": null,
        "status": "active",
        "reference_date": "2026-08-04"
      }
    },
    {
      "type": "Feature",
      "geometry": {
        "type": "Point",
        "coordinates": [
          23.10345,
          41.81349722
        ]
      },
      "properties": {
        "permit_number_date": "41510534/28.11.2016",
        "permit_number": 41510534.0,
        "canonical_code": "BG4G001PTPZ125",
        "holder": "В и К ЕООД Благоевград",
        "facility_name": "Каптаж \"Буката\" № 2",
        "facility_registration": "241/17.03.2006",
        "water_use_purpose": "За питейно-битово водоснабдяване",
        "mean_discharge_lps": null,
        "max_discharge_lps": null,
        "daily_authorized_volume_m3": null,
        "annual_authorized_volume_m3": 230000.0,
        "hydraulic_conductivity_m_day": null,
        "transmissivity_m2_day": null,
        "aquifer_thickness_m": null,
        "coordinate_method": "official_local",
        "national_register_row": null,
        "latitude_raw": "41°48'48.59\"",
        "longitude_raw": "23°6'12.42\"",
        "coordinate_note": null,
        "status": "active",
        "reference_date": "2026-08-04"
      }
    },
    {
      "type": "Feature",
      "geometry": {
        "type": "Point",
        "coordinates": [
          23.10380278,
          41.81343333
        ]
      },
      "properties": {
        "permit_number_date": "41510534/28.11.2016",
        "permit_number": 41510534.0,
        "canonical_code": "BG4G001PTPZ125",
        "holder": "В и К ЕООД Благоевград",
        "facility_name": "Каптаж \"Буката\" № 3",
        "facility_registration": "241/17.03.2006",
        "water_use_purpose": "За питейно-битово водоснабдяване",
        "mean_discharge_lps": null,
        "max_discharge_lps": null,
        "daily_authorized_volume_m3": null,
        "annual_authorized_volume_m3": null,
        "hydraulic_conductivity_m_day": null,
        "transmissivity_m2_day": null,
        "aquifer_thickness_m": null,
        "coordinate_method": "official_local",
        "national_register_row": null,
        "latitude_raw": "41°48'48.36\"",
        "longitude_raw": "23°6'13.69\"",
        "coordinate_note": null,
        "status": "active",
        "reference_date": "2026-08-04"
      }
    },
    {
      "type": "Feature",
      "geometry": {
        "type": "Point",
        "coordinates": [
          23.10657222,
          41.81263333
        ]
      },
      "properties": {
        "permit_number_date": "41510534/28.11.2016",
        "permit_number": 41510534.0,
        "canonical_code": "BG4G001PTPZ125",
        "holder": "В и К ЕООД Благоевград",
        "facility_name": "Каптаж \"Скалата\"",
        "facility_registration": "242/17.03.2006",
        "water_use_purpose": "За питейно-битово водоснабдяване",
        "mean_discharge_lps": null,
        "max_discharge_lps": null,
        "daily_authorized_volume_m3": null,
        "annual_authorized_volume_m3": null,
        "hydraulic_conductivity_m_day": null,
        "transmissivity_m2_day": null,
        "aquifer_thickness_m": null,
        "coordinate_method": "official_local",
        "national_register_row": null,
        "latitude_raw": "41°48'45.48\"",
        "longitude_raw": "23°6'23.66\"",
        "coordinate_note": null,
        "status": "active",
        "reference_date": "2026-08-04"
      }
    },
    {
      "type": "Feature",
      "geometry": {
        "type": "Point",
        "coordinates": [
          23.10026667,
          41.81156667
        ]
      },
      "properties": {
        "permit_number_date": "41510534/28.11.2016",
        "permit_number": 41510534.0,
        "canonical_code": "BG4G001PTPZ125",
        "holder": "В и К ЕООД Благоевград",
        "facility_name": "Каптаж \"Рампата-горен\"",
        "facility_registration": "243/17.03.2006",
        "water_use_purpose": "За питейно-битово водоснабдяване",
        "mean_discharge_lps": null,
        "max_discharge_lps": null,
        "daily_authorized_volume_m3": null,
        "annual_authorized_volume_m3": null,
        "hydraulic_conductivity_m_day": null,
        "transmissivity_m2_day": null,
        "aquifer_thickness_m": null,
        "coordinate_method": "official_local",
        "national_register_row": null,
        "latitude_raw": "41°48'41.64\"",
        "longitude_raw": "23°6'0.96\"",
        "coordinate_note": null,
        "status": "active",
        "reference_date": "2026-08-04"
      }
    },
    {
      "type": "Feature",
      "geometry": {
        "type": "Point",
        "coordinates": [
          23.09837222,
          41.81259444
        ]
      },
      "properties": {
        "permit_number_date": "41510534/28.11.2016",
        "permit_number": 41510534.0,
        "canonical_code": "BG4G001PTPZ125",
        "holder": "В и К ЕООД Благоевград",
        "facility_name": "Каптаж \"Рампата- в дерето\"",
        "facility_registration": "244/17.03.2006",
        "water_use_purpose": "За питейно-битово водоснабдяване",
        "mean_discharge_lps": null,
        "max_discharge_lps": null,
        "daily_authorized_volume_m3": null,
        "annual_authorized_volume_m3": null,
        "hydraulic_conductivity_m_day": null,
        "transmissivity_m2_day": null,
        "aquifer_thickness_m": null,
        "coordinate_method": "official_local",
        "national_register_row": null,
        "latitude_raw": "41°48'45.34\"",
        "longitude_raw": "23°5'54.14\"",
        "coordinate_note": null,
        "status": "active",
        "reference_date": "2026-08-04"
      }
    },
    {
      "type": "Feature",
      "geometry": {
        "type": "Point",
        "coordinates": [
          23.11095,
          41.80954444
        ]
      },
      "properties": {
        "permit_number_date": "41510534/28.11.2016",
        "permit_number": 41510534.0,
        "canonical_code": "BG4G001PTPZ125",
        "holder": "В и К ЕООД Благоевград",
        "facility_name": "Каптаж \"Чешмата\"",
        "facility_registration": "245/17.03.2006",
        "water_use_purpose": "За питейно-битово водоснабдяване",
        "mean_discharge_lps": null,
        "max_discharge_lps": null,
        "daily_authorized_volume_m3": null,
        "annual_authorized_volume_m3": null,
        "hydraulic_conductivity_m_day": null,
        "transmissivity_m2_day": null,
        "aquifer_thickness_m": null,
        "coordinate_method": "official_local",
        "national_register_row": null,
        "latitude_raw": "41°48'34.36\"",
        "longitude_raw": "23°6'39.42\"",
        "coordinate_note": null,
        "status": "active",
        "reference_date": "2026-08-04"
      }
    },
    {
      "type": "Feature",
      "geometry": {
        "type": "Point",
        "coordinates": [
          23.10790556,
          41.80807778
        ]
      },
      "properties": {
        "permit_number_date": "41510534/28.11.2016",
        "permit_number": 41510534.0,
        "canonical_code": "BG4G001PTPZ125",
        "holder": "В и К ЕООД Благоевград",
        "facility_name": "Каптаж \"Овчарника\"",
        "facility_registration": "246/17.03.2006",
        "water_use_purpose": "За питейно-битово водоснабдяване",
        "mean_discharge_lps": null,
        "max_discharge_lps": null,
        "daily_authorized_volume_m3": null,
        "annual_authorized_volume_m3": null,
        "hydraulic_conductivity_m_day": null,
        "transmissivity_m2_day": null,
        "aquifer_thickness_m": null,
        "coordinate_method": "official_local",
        "national_register_row": null,
        "latitude_raw": "41°48'29.08\"",
        "longitude_raw": "23°6'28.46\"",
        "coordinate_note": null,
        "status": "active",
        "reference_date": "2026-08-04"
      }
    },
    {
      "type": "Feature",
      "geometry": {
        "type": "Point",
        "coordinates": [
          23.10523056,
          41.80861667
        ]
      },
      "properties": {
        "permit_number_date": "41510534/28.11.2016",
        "permit_number": 41510534.0,
        "canonical_code": "BG4G001PTPZ125",
        "holder": "В и К ЕООД Благоевград",
        "facility_name": "Каптаж \"Картофите\"",
        "facility_registration": "247/17.03.2006",
        "water_use_purpose": "За питейно-битово водоснабдяване",
        "mean_discharge_lps": null,
        "max_discharge_lps": null,
        "daily_authorized_volume_m3": null,
        "annual_authorized_volume_m3": null,
        "hydraulic_conductivity_m_day": null,
        "transmissivity_m2_day": null,
        "aquifer_thickness_m": null,
        "coordinate_method": "official_local",
        "national_register_row": null,
        "latitude_raw": "41°48'31.02\"",
        "longitude_raw": "23°6'18.83\"",
        "coordinate_note": null,
        "status": "active",
        "reference_date": "2026-08-04"
      }
    },
    {
      "type": "Feature",
      "geometry": {
        "type": "Point",
        "coordinates": [
          23.10545278,
          41.80617222
        ]
      },
      "properties": {
        "permit_number_date": "41510534/28.11.2016",
        "permit_number": 41510534.0,
        "canonical_code": "BG4G001PTPZ125",
        "holder": "В и К ЕООД Благоевград",
        "facility_name": "Каптаж \"Копривка-десен\"",
        "facility_registration": "248/17.03.2006",
        "water_use_purpose": "За питейно-битово водоснабдяване",
        "mean_discharge_lps": null,
        "max_discharge_lps": null,
        "daily_authorized_volume_m3": null,
        "annual_authorized_volume_m3": null,
        "hydraulic_conductivity_m_day": null,
        "transmissivity_m2_day": null,
        "aquifer_thickness_m": null,
        "coordinate_method": "official_local",
        "national_register_row": null,
        "latitude_raw": "41°48'22.22\"",
        "longitude_raw": "23°6'19.63\"",
        "coordinate_note": null,
        "status": "active",
        "reference_date": "2026-08-04"
      }
    },
    {
      "type": "Feature",
      "geometry": {
        "type": "Point",
        "coordinates": [
          23.10481667,
          41.80559167
        ]
      },
      "properties": {
        "permit_number_date": "41510534/28.11.2016",
        "permit_number": 41510534.0,
        "canonical_code": "BG4G001PTPZ125",
        "holder": "В и К ЕООД Благоевград",
        "facility_name": "Каптаж \"Копривка-среден\"",
        "facility_registration": "249/17.03.2006",
        "water_use_purpose": "За питейно-битово водоснабдяване",
        "mean_discharge_lps": null,
        "max_discharge_lps": null,
        "daily_authorized_volume_m3": null,
        "annual_authorized_volume_m3": null,
        "hydraulic_conductivity_m_day": null,
        "transmissivity_m2_day": null,
        "aquifer_thickness_m": null,
        "coordinate_method": "official_local",
        "national_register_row": null,
        "latitude_raw": "41°48'20.13\"",
        "longitude_raw": "23°6'17.34\"",
        "coordinate_note": null,
        "status": "active",
        "reference_date": "2026-08-04"
      }
    },
    {
      "type": "Feature",
      "geometry": {
        "type": "Point",
        "coordinates": [
          23.10460278,
          41.80521944
        ]
      },
      "properties": {
        "permit_number_date": "41510534/28.11.2016",
        "permit_number": 41510534.0,
        "canonical_code": "BG4G001PTPZ125",
        "holder": "В и К ЕООД Благоевград",
        "facility_name": "Каптаж \"Копривка-ляв\"",
        "facility_registration": "250/17.03.2006",
        "water_use_purpose": "За питейно-битово водоснабдяване",
        "mean_discharge_lps": null,
        "max_discharge_lps": null,
        "daily_authorized_volume_m3": null,
        "annual_authorized_volume_m3": null,
        "hydraulic_conductivity_m_day": null,
        "transmissivity_m2_day": null,
        "aquifer_thickness_m": null,
        "coordinate_method": "official_local",
        "national_register_row": null,
        "latitude_raw": "41°48'18.79\"",
        "longitude_raw": "23°6'16.57\"",
        "coordinate_note": null,
        "status": "active",
        "reference_date": "2026-08-04"
      }
    },
    {
      "type": "Feature",
      "geometry": {
        "type": "Point",
        "coordinates": [
          23.10336944,
          41.8066
        ]
      },
      "properties": {
        "permit_number_date": "41510534/28.11.2016",
        "permit_number": 41510534.0,
        "canonical_code": "BG4G001PTPZ125",
        "holder": "В и К ЕООД Благоевград",
        "facility_name": "Каптаж \"Копривка-долен\"",
        "facility_registration": "251/17.03.2006",
        "water_use_purpose": "За питейно-битово водоснабдяване",
        "mean_discharge_lps": null,
        "max_discharge_lps": null,
        "daily_authorized_volume_m3": null,
        "annual_authorized_volume_m3": null,
        "hydraulic_conductivity_m_day": null,
        "transmissivity_m2_day": null,
        "aquifer_thickness_m": null,
        "coordinate_method": "official_local",
        "national_register_row": null,
        "latitude_raw": "41°48'23.76\"",
        "longitude_raw": "23°6'12.13\"",
        "coordinate_note": null,
        "status": "active",
        "reference_date": "2026-08-04"
      }
    },
    {
      "type": "Feature",
      "geometry": {
        "type": "Point",
        "coordinates": [
          23.09370833,
          41.80367222
        ]
      },
      "properties": {
        "permit_number_date": "41510534/28.11.2016",
        "permit_number": 41510534.0,
        "canonical_code": "BG4G001PTPZ125",
        "holder": "В и К ЕООД Благоевград",
        "facility_name": "Каптаж \"Маринкова вада-десен\"",
        "facility_registration": "252/17.03.2006",
        "water_use_purpose": "За питейно-битово водоснабдяване",
        "mean_discharge_lps": null,
        "max_discharge_lps": null,
        "daily_authorized_volume_m3": null,
        "annual_authorized_volume_m3": null,
        "hydraulic_conductivity_m_day": null,
        "transmissivity_m2_day": null,
        "aquifer_thickness_m": null,
        "coordinate_method": "official_local",
        "national_register_row": null,
        "latitude_raw": "41°48'13.22\"",
        "longitude_raw": "23°5'37.35\"",
        "coordinate_note": null,
        "status": "active",
        "reference_date": "2026-08-04"
      }
    },
    {
      "type": "Feature",
      "geometry": {
        "type": "Point",
        "coordinates": [
          23.09361111,
          41.80365
        ]
      },
      "properties": {
        "permit_number_date": "41510534/28.11.2016",
        "permit_number": 41510534.0,
        "canonical_code": "BG4G001PTPZ125",
        "holder": "В и К ЕООД Благоевград",
        "facility_name": "Каптаж \"Маринкова вада-среден\"",
        "facility_registration": "253/17.03.2006",
        "water_use_purpose": "За питейно-битово водоснабдяване",
        "mean_discharge_lps": null,
        "max_discharge_lps": null,
        "daily_authorized_volume_m3": null,
        "annual_authorized_volume_m3": null,
        "hydraulic_conductivity_m_day": null,
        "transmissivity_m2_day": null,
        "aquifer_thickness_m": null,
        "coordinate_method": "official_local",
        "national_register_row": null,
        "latitude_raw": "41°48'13.14\"",
        "longitude_raw": "23°5'37.0\"",
        "coordinate_note": null,
        "status": "active",
        "reference_date": "2026-08-04"
      }
    },
    {
      "type": "Feature",
      "geometry": {
        "type": "Point",
        "coordinates": [
          23.0934,
          41.80363333
        ]
      },
      "properties": {
        "permit_number_date": "41510534/28.11.2016",
        "permit_number": 41510534.0,
        "canonical_code": "BG4G001PTPZ125",
        "holder": "В и К ЕООД Благоевград",
        "facility_name": "Каптаж \"Маринкова вада-ляв\"",
        "facility_registration": "254/17.03.2006",
        "water_use_purpose": "За питейно-битово водоснабдяване",
        "mean_discharge_lps": null,
        "max_discharge_lps": null,
        "daily_authorized_volume_m3": null,
        "annual_authorized_volume_m3": null,
        "hydraulic_conductivity_m_day": null,
        "transmissivity_m2_day": null,
        "aquifer_thickness_m": null,
        "coordinate_method": "official_local",
        "national_register_row": null,
        "latitude_raw": "41°48'13.08\"",
        "longitude_raw": "23°5'36.24\"",
        "coordinate_note": null,
        "status": "active",
        "reference_date": "2026-08-04"
      }
    },
    {
      "type": "Feature",
      "geometry": {
        "type": "Point",
        "coordinates": [
          23.09426944,
          41.80383611
        ]
      },
      "properties": {
        "permit_number_date": "41510534/28.11.2016",
        "permit_number": 41510534.0,
        "canonical_code": "BG4G001PTPZ125",
        "holder": "В и К ЕООД Благоевград",
        "facility_name": "Каптаж \"Маринкова вада-долен\"",
        "facility_registration": "255/17.03.2006",
        "water_use_purpose": "За питейно-битово водоснабдяване",
        "mean_discharge_lps": "общо:7,29",
        "max_discharge_lps": null,
        "daily_authorized_volume_m3": null,
        "annual_authorized_volume_m3": 230000.0,
        "hydraulic_conductivity_m_day": null,
        "transmissivity_m2_day": null,
        "aquifer_thickness_m": null,
        "coordinate_method": "official_local",
        "national_register_row": null,
        "latitude_raw": "41°48'13.81\"",
        "longitude_raw": "23°5'39.37\"",
        "coordinate_note": null,
        "status": "active",
        "reference_date": "2026-08-04"
      }
    },
    {
      "type": "Feature",
      "geometry": {
        "type": "Point",
        "coordinates": [
          22.98578056,
          42.01272778
        ]
      },
      "properties": {
        "permit_number_date": "41510539/01.12.2016",
        "permit_number": 41510539.0,
        "canonical_code": "BG4G001PTPZ125",
        "holder": "В и К ЕООД Благоевград",
        "facility_name": "ВС \"Черешите\"-т.1",
        "facility_registration": "686/23.06.2008",
        "water_use_purpose": "За питейно-битово водоснабдяване",
        "mean_discharge_lps": null,
        "max_discharge_lps": null,
        "daily_authorized_volume_m3": null,
        "annual_authorized_volume_m3": null,
        "hydraulic_conductivity_m_day": null,
        "transmissivity_m2_day": null,
        "aquifer_thickness_m": null,
        "coordinate_method": "official_local",
        "national_register_row": null,
        "latitude_raw": "42°00'45.82\"",
        "longitude_raw": "22°59'08.81\"",
        "coordinate_note": null,
        "status": "active",
        "reference_date": "2026-08-04"
      }
    },
    {
      "type": "Feature",
      "geometry": {
        "type": "Point",
        "coordinates": [
          22.985875,
          42.01246667
        ]
      },
      "properties": {
        "permit_number_date": "41510539/01.12.2016",
        "permit_number": 41510539.0,
        "canonical_code": "BG4G001PTPZ125",
        "holder": "В и К ЕООД Благоевград",
        "facility_name": "ВС \"Черешите\"-РШ1",
        "facility_registration": "686/23.06.2008",
        "water_use_purpose": "За питейно-битово водоснабдяване",
        "mean_discharge_lps": null,
        "max_discharge_lps": null,
        "daily_authorized_volume_m3": null,
        "annual_authorized_volume_m3": null,
        "hydraulic_conductivity_m_day": null,
        "transmissivity_m2_day": null,
        "aquifer_thickness_m": null,
        "coordinate_method": "official_local",
        "national_register_row": null,
        "latitude_raw": "42°00'44.88\"",
        "longitude_raw": "22°59'09.15\"",
        "coordinate_note": null,
        "status": "active",
        "reference_date": "2026-08-04"
      }
    },
    {
      "type": "Feature",
      "geometry": {
        "type": "Point",
        "coordinates": [
          22.98591111,
          42.01237222
        ]
      },
      "properties": {
        "permit_number_date": "41510539/01.12.2016",
        "permit_number": 41510539.0,
        "canonical_code": "BG4G001PTPZ125",
        "holder": "В и К ЕООД Благоевград",
        "facility_name": "ВС \"Черешите\"- СШ",
        "facility_registration": "686/23.06.2008",
        "water_use_purpose": "За питейно-битово водоснабдяване",
        "mean_discharge_lps": 0.2,
        "max_discharge_lps": null,
        "daily_authorized_volume_m3": null,
        "annual_authorized_volume_m3": null,
        "hydraulic_conductivity_m_day": null,
        "transmissivity_m2_day": null,
        "aquifer_thickness_m": null,
        "coordinate_method": "official_local",
        "national_register_row": null,
        "latitude_raw": "42°00'44.54\"",
        "longitude_raw": "22°59'09.28\"",
        "coordinate_note": null,
        "status": "active",
        "reference_date": "2026-08-04"
      }
    },
    {
      "type": "Feature",
      "geometry": {
        "type": "Point",
        "coordinates": [
          22.98565,
          42.01186111
        ]
      },
      "properties": {
        "permit_number_date": "41510539/01.12.2016",
        "permit_number": 41510539.0,
        "canonical_code": "BG4G001PTPZ125",
        "holder": "В и К ЕООД Благоевград",
        "facility_name": "ВС \"Черешите\" -РШ2",
        "facility_registration": "686/23.06.2008",
        "water_use_purpose": "За питейно-битово водоснабдяване",
        "mean_discharge_lps": null,
        "max_discharge_lps": null,
        "daily_authorized_volume_m3": null,
        "annual_authorized_volume_m3": null,
        "hydraulic_conductivity_m_day": null,
        "transmissivity_m2_day": null,
        "aquifer_thickness_m": null,
        "coordinate_method": "official_local",
        "national_register_row": null,
        "latitude_raw": "42°00'42.7\"",
        "longitude_raw": "22°59'08.34\"",
        "coordinate_note": null,
        "status": "active",
        "reference_date": "2026-08-04"
      }
    },
    {
      "type": "Feature",
      "geometry": {
        "type": "Point",
        "coordinates": [
          22.98571389,
          42.01174722
        ]
      },
      "properties": {
        "permit_number_date": "41510539/01.12.2016",
        "permit_number": 41510539.0,
        "canonical_code": "BG4G001PTPZ125",
        "holder": "В и К ЕООД Благоевград",
        "facility_name": "ВС \"Черешите\" -РШ3",
        "facility_registration": "686/23.06.2008",
        "water_use_purpose": "За питейно-битово водоснабдяване",
        "mean_discharge_lps": null,
        "max_discharge_lps": null,
        "daily_authorized_volume_m3": null,
        "annual_authorized_volume_m3": 6314.5,
        "hydraulic_conductivity_m_day": null,
        "transmissivity_m2_day": null,
        "aquifer_thickness_m": null,
        "coordinate_method": "official_local",
        "national_register_row": null,
        "latitude_raw": "42°00'42.29\"",
        "longitude_raw": "22°59'08.57\"",
        "coordinate_note": null,
        "status": "active",
        "reference_date": "2026-08-04"
      }
    },
    {
      "type": "Feature",
      "geometry": {
        "type": "Point",
        "coordinates": [
          22.52380556,
          42.18805556
        ]
      },
      "properties": {
        "permit_number_date": "41560003/06.02.2017",
        "permit_number": 41560003.0,
        "canonical_code": "BG4G001PTPZ125",
        "holder": "Интерфиш ЕООД",
        "facility_name": "Дренажна минна галерия (Хоризонтален дренаж)",
        "facility_registration": "521/03.07.2007",
        "water_use_purpose": "За аквакултури",
        "mean_discharge_lps": 40.0,
        "max_discharge_lps": null,
        "daily_authorized_volume_m3": null,
        "annual_authorized_volume_m3": 1261440.0,
        "hydraulic_conductivity_m_day": null,
        "transmissivity_m2_day": null,
        "aquifer_thickness_m": null,
        "coordinate_method": "official_local",
        "national_register_row": null,
        "latitude_raw": "42°11'17.00\"",
        "longitude_raw": "22°31'25.70\"",
        "coordinate_note": null,
        "status": "active",
        "reference_date": "2026-08-04"
      }
    },
    {
      "type": "Feature",
      "geometry": {
        "type": "Point",
        "coordinates": [
          22.64719444,
          42.41486111
        ]
      },
      "properties": {
        "permit_number_date": "41520088/24.07.2017",
        "permit_number": 41520088.0,
        "canonical_code": "BG4G001PTPZ125",
        "holder": "100 Процента Био ООД",
        "facility_name": "TK-1",
        "facility_registration": null,
        "water_use_purpose": "За напояване на земеделски култури",
        "mean_discharge_lps": 1.8,
        "max_discharge_lps": 2.5,
        "daily_authorized_volume_m3": 156.0,
        "annual_authorized_volume_m3": 33228.2,
        "hydraulic_conductivity_m_day": null,
        "transmissivity_m2_day": null,
        "aquifer_thickness_m": null,
        "coordinate_method": "official_local",
        "national_register_row": null,
        "latitude_raw": "42°24'53.5\"",
        "longitude_raw": "22°38'49,9\"",
        "coordinate_note": null,
        "status": "active",
        "reference_date": "2026-08-04"
      }
    },
    {
      "type": "Feature",
      "geometry": {
        "type": "Point",
        "coordinates": [
          22.67941667,
          42.40569444
        ]
      },
      "properties": {
        "permit_number_date": "41520089/24.07.2017",
        "permit_number": 41520089.0,
        "canonical_code": "BG4G001PTPZ125",
        "holder": "100 Процента Био ООД",
        "facility_name": "TK-2",
        "facility_registration": null,
        "water_use_purpose": "За напояване на земеделски култури",
        "mean_discharge_lps": 1.8,
        "max_discharge_lps": 2.5,
        "daily_authorized_volume_m3": 156.0,
        "annual_authorized_volume_m3": 33228.2,
        "hydraulic_conductivity_m_day": null,
        "transmissivity_m2_day": null,
        "aquifer_thickness_m": null,
        "coordinate_method": "official_local",
        "national_register_row": null,
        "latitude_raw": "42°24'20.5\"",
        "longitude_raw": "22°40'45,9\"",
        "coordinate_note": null,
        "status": "active",
        "reference_date": "2026-08-04"
      }
    },
    {
      "type": "Feature",
      "geometry": {
        "type": "Point",
        "coordinates": [
          23.02896389,
          42.11833333
        ]
      },
      "properties": {
        "permit_number_date": "41520092/29.08.2017",
        "permit_number": 41520092.0,
        "canonical_code": "BG4G001PTPZ125",
        "holder": "Мурсалево Проджект ООД",
        "facility_name": "TK-1",
        "facility_registration": "1254/23.02.2023",
        "water_use_purpose": "За напояване на земеделски култури",
        "mean_discharge_lps": 0.72,
        "max_discharge_lps": 5.0,
        "daily_authorized_volume_m3": 62.3,
        "annual_authorized_volume_m3": 22750.0,
        "hydraulic_conductivity_m_day": null,
        "transmissivity_m2_day": null,
        "aquifer_thickness_m": null,
        "coordinate_method": "official_local",
        "national_register_row": null,
        "latitude_raw": "42°7'6'04\"",
        "longitude_raw": "23°1',44.27\"",
        "coordinate_note": null,
        "status": "active",
        "reference_date": "2026-08-04"
      }
    },
    {
      "type": "Feature",
      "geometry": {
        "type": "Point",
        "coordinates": [
          22.88694444,
          42.01083333
        ]
      },
      "properties": {
        "permit_number_date": "41510549/30.03.2018",
        "permit_number": 41510549.0,
        "canonical_code": "BG4G001PTPZ125",
        "holder": "В и К ЕООД Благоевград",
        "facility_name": "ВС \"Клисурска река\"",
        "facility_registration": null,
        "water_use_purpose": "За питейно-битово водоснабдяване",
        "mean_discharge_lps": 0.4,
        "max_discharge_lps": null,
        "daily_authorized_volume_m3": null,
        "annual_authorized_volume_m3": null,
        "hydraulic_conductivity_m_day": null,
        "transmissivity_m2_day": null,
        "aquifer_thickness_m": null,
        "coordinate_method": "official_local",
        "national_register_row": null,
        "latitude_raw": "42°0'39.'06\"",
        "longitude_raw": "22°53'13.'1\"",
        "coordinate_note": null,
        "status": "active",
        "reference_date": "2026-08-04"
      }
    },
    {
      "type": "Feature",
      "geometry": {
        "type": "Point",
        "coordinates": [
          22.8875,
          42.00833333
        ]
      },
      "properties": {
        "permit_number_date": "41510549/30.03.2018",
        "permit_number": 41510549.0,
        "canonical_code": "BG4G001PTPZ125",
        "holder": "В и К ЕООД Благоевград",
        "facility_name": "ВС \"Петрово дере\"",
        "facility_registration": null,
        "water_use_purpose": "За питейно-битово водоснабдяване",
        "mean_discharge_lps": 0.13,
        "max_discharge_lps": null,
        "daily_authorized_volume_m3": null,
        "annual_authorized_volume_m3": 16660.0,
        "hydraulic_conductivity_m_day": null,
        "transmissivity_m2_day": null,
        "aquifer_thickness_m": null,
        "coordinate_method": "official_local",
        "national_register_row": null,
        "latitude_raw": "42°0'30.'4\"",
        "longitude_raw": "22°53'15.'3\"",
        "coordinate_note": null,
        "status": "active",
        "reference_date": "2026-08-04"
      }
    },
    {
      "type": "Feature",
      "geometry": {
        "type": "Point",
        "coordinates": [
          22.93611111,
          41.98611111
        ]
      },
      "properties": {
        "permit_number_date": "41510550/30.03.2018",
        "permit_number": 41510550.0,
        "canonical_code": "BG4G001PTPZ125",
        "holder": "В и К ЕООД Благоевград",
        "facility_name": "Дренаж \"Д1\" (Хоризонтален дренаж)",
        "facility_registration": null,
        "water_use_purpose": "За питейно-битово водоснабдяване",
        "mean_discharge_lps": 2.22,
        "max_discharge_lps": null,
        "daily_authorized_volume_m3": null,
        "annual_authorized_volume_m3": 70000.0,
        "hydraulic_conductivity_m_day": null,
        "transmissivity_m2_day": null,
        "aquifer_thickness_m": null,
        "coordinate_method": "official_local",
        "national_register_row": null,
        "latitude_raw": "41°59'10.'24\"",
        "longitude_raw": "22°56'10.'92\"",
        "coordinate_note": null,
        "status": "active",
        "reference_date": "2026-08-04"
      }
    },
    {
      "type": "Feature",
      "geometry": {
        "type": "Point",
        "coordinates": [
          22.89388889,
          42.0
        ]
      },
      "properties": {
        "permit_number_date": "41510551/30.03.2018",
        "permit_number": 41510551.0,
        "canonical_code": "BG4G001PTPZ125",
        "holder": "В и К ЕООД Благоевград",
        "facility_name": "Подруслов дренаж \"Селската река\"",
        "facility_registration": null,
        "water_use_purpose": "За питейно-битово водоснабдяване",
        "mean_discharge_lps": 0.23,
        "max_discharge_lps": null,
        "daily_authorized_volume_m3": null,
        "annual_authorized_volume_m3": 7140.0,
        "hydraulic_conductivity_m_day": null,
        "transmissivity_m2_day": null,
        "aquifer_thickness_m": null,
        "coordinate_method": "official_local",
        "national_register_row": null,
        "latitude_raw": "42°00'00.'1\"",
        "longitude_raw": "22°53''38,0\"",
        "coordinate_note": null,
        "status": "active",
        "reference_date": "2026-08-04"
      }
    },
    {
      "type": "Feature",
      "geometry": {
        "type": "Point",
        "coordinates": [
          22.99972222,
          41.99611111
        ]
      },
      "properties": {
        "permit_number_date": "41590223/17.01.2019",
        "permit_number": 41590223.0,
        "canonical_code": "BG4G001PTPZ125",
        "holder": "Перфект I ЕООД",
        "facility_name": "ТК-1",
        "facility_registration": "1287/23.02.2023",
        "water_use_purpose": "За други цели- напояване на тревни площи и измиване на бетонови настилки",
        "mean_discharge_lps": 0.077,
        "max_discharge_lps": 1.5,
        "daily_authorized_volume_m3": null,
        "annual_authorized_volume_m3": 2321.0,
        "hydraulic_conductivity_m_day": null,
        "transmissivity_m2_day": null,
        "aquifer_thickness_m": null,
        "coordinate_method": "official_local",
        "national_register_row": null,
        "latitude_raw": "41°59'46\"",
        "longitude_raw": "22°59'59\"",
        "coordinate_note": null,
        "status": "active",
        "reference_date": "2026-08-04"
      }
    },
    {
      "type": "Feature",
      "geometry": {
        "type": "Point",
        "coordinates": [
          23.05041111,
          42.05002778
        ]
      },
      "properties": {
        "permit_number_date": "41510577/02.08.2019",
        "permit_number": 41510577.0,
        "canonical_code": "BG4G001PTPZ125",
        "holder": "Радински 2019 ЕООД",
        "facility_name": "ШК",
        "facility_registration": "1265/23.02.2023",
        "water_use_purpose": "За питейно-битово водоснабдяване",
        "mean_discharge_lps": 0.003,
        "max_discharge_lps": 1.5,
        "daily_authorized_volume_m3": null,
        "annual_authorized_volume_m3": 96.0,
        "hydraulic_conductivity_m_day": null,
        "transmissivity_m2_day": null,
        "aquifer_thickness_m": null,
        "coordinate_method": "official_local",
        "national_register_row": null,
        "latitude_raw": "42°3'0.1\"",
        "longitude_raw": "23°3'1.48\"",
        "coordinate_note": null,
        "status": "active",
        "reference_date": "2026-08-04"
      }
    },
    {
      "type": "Feature",
      "geometry": {
        "type": "Point",
        "coordinates": [
          23.1665,
          41.4393
        ]
      },
      "properties": {
        "permit_number_date": "41520106/25.09.2019",
        "permit_number": 41520106.0,
        "canonical_code": "BG4G001PTPZ125",
        "holder": "Община Петрич",
        "facility_name": "ТК",
        "facility_registration": "1262/23.02.2023",
        "water_use_purpose": "Самостоятелно напояване на земеделски култури",
        "mean_discharge_lps": 0.66,
        "max_discharge_lps": 4.17,
        "daily_authorized_volume_m3": null,
        "annual_authorized_volume_m3": 20780.5,
        "hydraulic_conductivity_m_day": null,
        "transmissivity_m2_day": null,
        "aquifer_thickness_m": null,
        "coordinate_method": "official_local",
        "national_register_row": null,
        "latitude_raw": "41°26'21.48\"",
        "longitude_raw": "23°9'59.4\"",
        "coordinate_note": null,
        "status": "active",
        "reference_date": "2026-08-04"
      }
    },
    {
      "type": "Feature",
      "geometry": {
        "type": "Point",
        "coordinates": [
          22.9685,
          41.46443056
        ]
      },
      "properties": {
        "permit_number_date": "41510580/17.02.2020",
        "permit_number": 41510580.0,
        "canonical_code": "BG4G001PTPZ125",
        "holder": "ЕТ ЗП Величка Проданова",
        "facility_name": "ТК",
        "facility_registration": null,
        "water_use_purpose": "самостоятелно питейно-битови и други цели",
        "mean_discharge_lps": 0.159,
        "max_discharge_lps": 1.0,
        "daily_authorized_volume_m3": null,
        "annual_authorized_volume_m3": 5000.0,
        "hydraulic_conductivity_m_day": null,
        "transmissivity_m2_day": null,
        "aquifer_thickness_m": null,
        "coordinate_method": "official_local",
        "national_register_row": null,
        "latitude_raw": "41°27'51.95\"",
        "longitude_raw": "22°58'6.6\"",
        "coordinate_note": null,
        "status": "active",
        "reference_date": "2026-08-04"
      }
    },
    {
      "type": "Feature",
      "geometry": {
        "type": "Point",
        "coordinates": [
          22.57681111,
          42.45511389
        ]
      },
      "properties": {
        "permit_number_date": "41560006/21.08.2020",
        "permit_number": 41560006.0,
        "canonical_code": "BG4G001PTPZ125",
        "holder": "Бългериън фиш фармс ЕООД",
        "facility_name": "КЕИ \"ПС Горно Уйно\"",
        "facility_registration": "613/12.06.2008",
        "water_use_purpose": "аквакултури",
        "mean_discharge_lps": 15.0,
        "max_discharge_lps": 24.0,
        "daily_authorized_volume_m3": null,
        "annual_authorized_volume_m3": 473040.0,
        "hydraulic_conductivity_m_day": null,
        "transmissivity_m2_day": null,
        "aquifer_thickness_m": null,
        "coordinate_method": "official_local",
        "national_register_row": null,
        "latitude_raw": "42°27'18.41\"",
        "longitude_raw": "22°34'36.52\"",
        "coordinate_note": "SONDI-derived correction: one-degree coordinate correction validated by official GWB assignment and unique +/-1 degree spatial match.",
        "status": "active",
        "reference_date": "2026-08-04"
      }
    },
    {
      "type": "Feature",
      "geometry": {
        "type": "Point",
        "coordinates": [
          22.66833333,
          42.24555556
        ]
      },
      "properties": {
        "permit_number_date": "41590249/25.01.2021",
        "permit_number": 41590249.0,
        "canonical_code": "BG4G001PTPZ125",
        "holder": "ОСОГОВО СПОРТ ЕООД",
        "facility_name": "Хоризонтален дренаж",
        "facility_registration": null,
        "water_use_purpose": "други цели",
        "mean_discharge_lps": 1.34,
        "max_discharge_lps": null,
        "daily_authorized_volume_m3": null,
        "annual_authorized_volume_m3": 7200.0,
        "hydraulic_conductivity_m_day": null,
        "transmissivity_m2_day": null,
        "aquifer_thickness_m": null,
        "coordinate_method": "official_local",
        "national_register_row": null,
        "latitude_raw": "42°14'.44\"",
        "longitude_raw": "22°40'6\"",
        "coordinate_note": null,
        "status": "active",
        "reference_date": "2026-08-04"
      }
    },
    {
      "type": "Feature",
      "geometry": {
        "type": "Point",
        "coordinates": [
          22.88263056,
          41.98165556
        ]
      },
      "properties": {
        "permit_number_date": "41590260/26.10.2021",
        "permit_number": 41590260.0,
        "canonical_code": "BG4G001PTPZ125",
        "holder": "Агенция Митници",
        "facility_name": "ТК",
        "facility_registration": "882/08.05.2012",
        "water_use_purpose": "други цели; противопожарни нужди; самостоятелно питейно-битово водоснабдяване",
        "mean_discharge_lps": 0.14,
        "max_discharge_lps": 1.0,
        "daily_authorized_volume_m3": null,
        "annual_authorized_volume_m3": 4477.0,
        "hydraulic_conductivity_m_day": null,
        "transmissivity_m2_day": null,
        "aquifer_thickness_m": null,
        "coordinate_method": "official_local",
        "national_register_row": null,
        "latitude_raw": "41°58'53.96\"",
        "longitude_raw": "22°52'57.47\"",
        "coordinate_note": null,
        "status": "active",
        "reference_date": "2026-08-04"
      }
    },
    {
      "type": "Feature",
      "geometry": {
        "type": "Point",
        "coordinates": [
          22.64758056,
          42.30406667
        ]
      },
      "properties": {
        "permit_number_date": "41590264/03.05.2022",
        "permit_number": 41590264.0,
        "canonical_code": "BG4G001PTPZ125",
        "holder": "Ахелой ОПМ ООД",
        "facility_name": "ТК-1",
        "facility_registration": "1111/26.03.2021",
        "water_use_purpose": "други цели-противопожарни нужди",
        "mean_discharge_lps": 0.1,
        "max_discharge_lps": 0.4,
        "daily_authorized_volume_m3": null,
        "annual_authorized_volume_m3": 3154.0,
        "hydraulic_conductivity_m_day": null,
        "transmissivity_m2_day": null,
        "aquifer_thickness_m": null,
        "coordinate_method": "official_local",
        "national_register_row": null,
        "latitude_raw": "42°18'14.64\"",
        "longitude_raw": "22°38'51.29\"",
        "coordinate_note": null,
        "status": "active",
        "reference_date": "2026-08-04"
      }
    },
    {
      "type": "Feature",
      "geometry": {
        "type": "Point",
        "coordinates": [
          22.643675,
          42.30161389
        ]
      },
      "properties": {
        "permit_number_date": "41590264/03.05.2022",
        "permit_number": 41590264.0,
        "canonical_code": "BG4G001PTPZ125",
        "holder": "Ахелой ОПМ ООД",
        "facility_name": "ТК-2",
        "facility_registration": "1110/26.03.2021",
        "water_use_purpose": "други цели-противопожарни нужди",
        "mean_discharge_lps": 0.1,
        "max_discharge_lps": 0.8,
        "daily_authorized_volume_m3": null,
        "annual_authorized_volume_m3": 3154.0,
        "hydraulic_conductivity_m_day": null,
        "transmissivity_m2_day": null,
        "aquifer_thickness_m": null,
        "coordinate_method": "official_local",
        "national_register_row": null,
        "latitude_raw": "42°18'5.81\"",
        "longitude_raw": "22°38'37.23\"",
        "coordinate_note": null,
        "status": "active",
        "reference_date": "2026-08-04"
      }
    },
    {
      "type": "Feature",
      "geometry": {
        "type": "Point",
        "coordinates": [
          23.22221667,
          41.46120278
        ]
      },
      "properties": {
        "permit_number_date": "41590281/02.10.2023",
        "permit_number": 41590281.0,
        "canonical_code": "BG4G001PTPZ125",
        "holder": "Община Петрич",
        "facility_name": "ТК-1",
        "facility_registration": "1292/02.03.2023",
        "water_use_purpose": "за други цели",
        "mean_discharge_lps": 0.29,
        "max_discharge_lps": 5.0,
        "daily_authorized_volume_m3": null,
        "annual_authorized_volume_m3": 9181.0,
        "hydraulic_conductivity_m_day": null,
        "transmissivity_m2_day": null,
        "aquifer_thickness_m": null,
        "coordinate_method": "official_local",
        "national_register_row": null,
        "latitude_raw": "41°27'40.33\"",
        "longitude_raw": "23°13'19.98\"",
        "coordinate_note": null,
        "status": "active",
        "reference_date": "2026-08-04"
      }
    },
    {
      "type": "Feature",
      "geometry": {
        "type": "Point",
        "coordinates": [
          23.02191667,
          42.012425
        ]
      },
      "properties": {
        "permit_number_date": "41590279/17.10.2023",
        "permit_number": 41590279.0,
        "canonical_code": "BG4G001PTPZ125",
        "holder": "ИКА ЕООД",
        "facility_name": "ТК-1",
        "facility_registration": "1313/06.04.2023",
        "water_use_purpose": "оросяване на бетонови площадки и поливане на зелени и тревни площи",
        "mean_discharge_lps": 0.04,
        "max_discharge_lps": 0.833,
        "daily_authorized_volume_m3": null,
        "annual_authorized_volume_m3": 1250.4,
        "hydraulic_conductivity_m_day": null,
        "transmissivity_m2_day": null,
        "aquifer_thickness_m": null,
        "coordinate_method": "official_local",
        "national_register_row": null,
        "latitude_raw": "42°0'44.73\"",
        "longitude_raw": "23°1'18.9\"",
        "coordinate_note": null,
        "status": "active",
        "reference_date": "2026-08-04"
      }
    },
    {
      "type": "Feature",
      "geometry": {
        "type": "Point",
        "coordinates": [
          23.23837778,
          41.44694167
        ]
      },
      "properties": {
        "permit_number_date": "41590284/22.11.2023",
        "permit_number": 41590284.0,
        "canonical_code": "BG4G001PTPZ125",
        "holder": "Булгарконсерв Рупите ООД",
        "facility_name": "ТК-1",
        "facility_registration": null,
        "water_use_purpose": "За други цели- измиване на производствени площадки и изваряване на готова продукция",
        "mean_discharge_lps": 0.79,
        "max_discharge_lps": 3.0,
        "daily_authorized_volume_m3": null,
        "annual_authorized_volume_m3": 24840.0,
        "hydraulic_conductivity_m_day": null,
        "transmissivity_m2_day": null,
        "aquifer_thickness_m": null,
        "coordinate_method": "official_local",
        "national_register_row": null,
        "latitude_raw": "41°26'48.99\"",
        "longitude_raw": "23°14'18.16\"",
        "coordinate_note": null,
        "status": "active",
        "reference_date": "2026-08-04"
      }
    },
    {
      "type": "Feature",
      "geometry": {
        "type": "Point",
        "coordinates": [
          23.64413056,
          42.30971944
        ]
      },
      "properties": {
        "permit_number_date": "41530127/07.03.2024",
        "permit_number": 41530127.0,
        "canonical_code": "BG4G001PTPZ125",
        "holder": "Община Кюстендил",
        "facility_name": "ТК-1",
        "facility_registration": "1444/02.06.2025",
        "water_use_purpose": "промишлено водоснабдяване",
        "mean_discharge_lps": 0.1,
        "max_discharge_lps": 0.6,
        "daily_authorized_volume_m3": null,
        "annual_authorized_volume_m3": 3154.0,
        "hydraulic_conductivity_m_day": null,
        "transmissivity_m2_day": null,
        "aquifer_thickness_m": null,
        "coordinate_method": "official_local",
        "national_register_row": null,
        "latitude_raw": "42°18'34.99\"",
        "longitude_raw": "23°38'38.87\"",
        "coordinate_note": null,
        "status": "active",
        "reference_date": "2026-08-04"
      }
    },
    {
      "type": "Feature",
      "geometry": {
        "type": "Point",
        "coordinates": [
          22.92783333,
          42.40486111
        ]
      },
      "properties": {
        "permit_number_date": "41510605/14.03.2024",
        "permit_number": 41510605.0,
        "canonical_code": "BG4G001PTPZ125",
        "holder": "В и К ООД Перник",
        "facility_name": "Каптиран извор \"Водениците 1\"",
        "facility_registration": "1227/05.12.2022",
        "water_use_purpose": "обществено питейно-битово водоснабдяване",
        "mean_discharge_lps": 1.587,
        "max_discharge_lps": null,
        "daily_authorized_volume_m3": null,
        "annual_authorized_volume_m3": 50037.0,
        "hydraulic_conductivity_m_day": null,
        "transmissivity_m2_day": null,
        "aquifer_thickness_m": null,
        "coordinate_method": "official_local",
        "national_register_row": null,
        "latitude_raw": "42°24'17.5\"",
        "longitude_raw": "22°55'40.2\"",
        "coordinate_note": null,
        "status": "active",
        "reference_date": "2026-08-04"
      }
    },
    {
      "type": "Feature",
      "geometry": {
        "type": "Point",
        "coordinates": [
          23.22760611,
          41.4426426
        ]
      },
      "properties": {
        "permit_number_date": "41520135/20.03.2024",
        "permit_number": 41520135.0,
        "canonical_code": "BG4G001PTPZ125",
        "holder": "Дамян Ризаков ЗП",
        "facility_name": "ТК-1",
        "facility_registration": "1098/08.03.2021",
        "water_use_purpose": "напояване на земеделски култури",
        "mean_discharge_lps": 0.18,
        "max_discharge_lps": 6.74,
        "daily_authorized_volume_m3": null,
        "annual_authorized_volume_m3": 5535.0,
        "hydraulic_conductivity_m_day": null,
        "transmissivity_m2_day": null,
        "aquifer_thickness_m": null,
        "coordinate_method": "official_local",
        "national_register_row": null,
        "latitude_raw": "41°26'33.51336\"",
        "longitude_raw": "23°13'39.38201\"",
        "coordinate_note": null,
        "status": "active",
        "reference_date": "2026-08-04"
      }
    },
    {
      "type": "Feature",
      "geometry": {
        "type": "Point",
        "coordinates": [
          22.62075,
          42.35058333
        ]
      },
      "properties": {
        "permit_number_date": "41510623/07.05.2025",
        "permit_number": 41510623.0,
        "canonical_code": "BG4G001PTPZ125",
        "holder": "Кюстендилска вода ЕООД",
        "facility_name": "ШК",
        "facility_registration": "599/06.06.2008",
        "water_use_purpose": "обществено питейно-битово водоснабдяване",
        "mean_discharge_lps": 0.127,
        "max_discharge_lps": 2.8,
        "daily_authorized_volume_m3": null,
        "annual_authorized_volume_m3": 4000.0,
        "hydraulic_conductivity_m_day": null,
        "transmissivity_m2_day": null,
        "aquifer_thickness_m": null,
        "coordinate_method": "official_local",
        "national_register_row": null,
        "latitude_raw": "42°21'02.1\"",
        "longitude_raw": "22°37'14.7\"",
        "coordinate_note": null,
        "status": "active",
        "reference_date": "2026-08-04"
      }
    },
    {
      "type": "Feature",
      "geometry": {
        "type": "Point",
        "coordinates": [
          23.01418056,
          42.01066111
        ]
      },
      "properties": {
        "permit_number_date": "41530136/09.06.2025",
        "permit_number": 41530136.0,
        "canonical_code": "BG4G001PTPZ125",
        "holder": "Рилес ООД",
        "facility_name": "ТК",
        "facility_registration": "848/15.08.2011",
        "water_use_purpose": "промишлени цели",
        "mean_discharge_lps": 0.11,
        "max_discharge_lps": 1.25,
        "daily_authorized_volume_m3": null,
        "annual_authorized_volume_m3": 3500.0,
        "hydraulic_conductivity_m_day": null,
        "transmissivity_m2_day": null,
        "aquifer_thickness_m": null,
        "coordinate_method": "official_local",
        "national_register_row": null,
        "latitude_raw": "42°0'38.38\"",
        "longitude_raw": "23°0'51.05\"",
        "coordinate_note": null,
        "status": "active",
        "reference_date": "2026-08-04"
      }
    },
    {
      "type": "Feature",
      "geometry": {
        "type": "Point",
        "coordinates": [
          23.58078056,
          42.02341944
        ]
      },
      "properties": {
        "permit_number_date": "41590312/18.06.2025",
        "permit_number": 41590312.0,
        "canonical_code": "BG4G001PZC2021",
        "holder": "Планински парк-Белица ЕООД",
        "facility_name": "ТК-1",
        "facility_registration": "1149/13.04.2022",
        "water_use_purpose": "други цели",
        "mean_discharge_lps": 0.1,
        "max_discharge_lps": 0.66,
        "daily_authorized_volume_m3": null,
        "annual_authorized_volume_m3": 3154.0,
        "hydraulic_conductivity_m_day": null,
        "transmissivity_m2_day": null,
        "aquifer_thickness_m": null,
        "coordinate_method": "official_local",
        "national_register_row": null,
        "latitude_raw": "42°1'24.31\"",
        "longitude_raw": "23°34'50.81\"",
        "coordinate_note": null,
        "status": "active",
        "reference_date": "2026-08-04"
      }
    },
    {
      "type": "Feature",
      "geometry": {
        "type": "Point",
        "coordinates": [
          23.02024167,
          41.94742222
        ]
      },
      "properties": {
        "permit_number_date": "41510633/25.09.2025",
        "permit_number": 41510633.0,
        "canonical_code": "BG4G001PTPZ125",
        "holder": "ДСХ СВ. Иван Рилски-75 ООД",
        "facility_name": "ТК",
        "facility_registration": null,
        "water_use_purpose": "самостоятелно питейно-битово водоснабдяване",
        "mean_discharge_lps": 0.1,
        "max_discharge_lps": 0.6,
        "daily_authorized_volume_m3": null,
        "annual_authorized_volume_m3": 3154.0,
        "hydraulic_conductivity_m_day": null,
        "transmissivity_m2_day": null,
        "aquifer_thickness_m": null,
        "coordinate_method": "official_local",
        "national_register_row": null,
        "latitude_raw": "41°56'50.72\"",
        "longitude_raw": "23°01'12.87\"",
        "coordinate_note": null,
        "status": "active",
        "reference_date": "2026-08-04"
      }
    },
    {
      "type": "Feature",
      "geometry": {
        "type": "Point",
        "coordinates": [
          22.87555575,
          42.38788175
        ]
      },
      "properties": {
        "permit_number_date": "41510640/05.01.2026",
        "permit_number": 41510640.0,
        "canonical_code": "BG4G001PTPZ125",
        "holder": "ВиК ООД Перник",
        "facility_name": "Дренаж \"Свратлика\"",
        "facility_registration": "1229/05.12.2022",
        "water_use_purpose": "обществено питейно-битово водоснабдяване",
        "mean_discharge_lps": 0.091,
        "max_discharge_lps": null,
        "daily_authorized_volume_m3": null,
        "annual_authorized_volume_m3": 2867.0,
        "hydraulic_conductivity_m_day": null,
        "transmissivity_m2_day": null,
        "aquifer_thickness_m": null,
        "coordinate_method": "sondi_derived_centroid_of_official_national_points",
        "national_register_row": 1559.0,
        "latitude_raw": "Каптажна шахта 1- 42°23'16.3\" Каптажна шахта 2- 42°23'16.3\" Събирателна шахта - 42°23'16.6\"",
        "longitude_raw": "Каптажна шахта 2- 22°52'32.2\" Каптажна шахта 2- 22°52'31.9\" Събирателна шахта - 22°52'32.4\"",
        "coordinate_note": null,
        "status": "active",
        "reference_date": "2026-08-04"
      }
    },
    {
      "type": "Feature",
      "geometry": {
        "type": "Point",
        "coordinates": [
          22.71919444,
          42.51566667
        ]
      },
      "properties": {
        "permit_number_date": "400089/04.02.2004",
        "permit_number": 400089.0,
        "canonical_code": "BG4G001T2T3029",
        "holder": "В и К ООД Перник",
        "facility_name": "Каптаж \"Дерлипанска махала\"",
        "facility_registration": "172/04.02.2004",
        "water_use_purpose": "питейно-битови",
        "mean_discharge_lps": 0.025,
        "max_discharge_lps": null,
        "daily_authorized_volume_m3": 2.2,
        "annual_authorized_volume_m3": 800.0,
        "hydraulic_conductivity_m_day": null,
        "transmissivity_m2_day": null,
        "aquifer_thickness_m": null,
        "coordinate_method": "official_local",
        "national_register_row": null,
        "latitude_raw": "42° 30' 56,400\"",
        "longitude_raw": "22° 43' 9,100\"",
        "coordinate_note": null,
        "status": "active",
        "reference_date": "2026-08-04"
      }
    },
    {
      "type": "Feature",
      "geometry": {
        "type": "Point",
        "coordinates": [
          22.81681917,
          42.55114667
        ]
      },
      "properties": {
        "permit_number_date": "41510249/11.12.2008",
        "permit_number": 41510249.0,
        "canonical_code": "BG4G001T2T3029",
        "holder": "Ковачевци 96 ЕООД",
        "facility_name": "ТК \"Тайница\"",
        "facility_registration": "739/11.12.2008",
        "water_use_purpose": "питейно-битови",
        "mean_discharge_lps": 1.0,
        "max_discharge_lps": 10.0,
        "daily_authorized_volume_m3": 86.3,
        "annual_authorized_volume_m3": 31500.0,
        "hydraulic_conductivity_m_day": null,
        "transmissivity_m2_day": null,
        "aquifer_thickness_m": null,
        "coordinate_method": "official_local",
        "national_register_row": null,
        "latitude_raw": "42° 33' 4,128\"",
        "longitude_raw": "22° 49' 0,549\"",
        "coordinate_note": null,
        "status": "active",
        "reference_date": "2026-08-04"
      }
    },
    {
      "type": "Feature",
      "geometry": {
        "type": "Point",
        "coordinates": [
          22.78811111,
          42.62980556
        ]
      },
      "properties": {
        "permit_number_date": "41510612/25.09.2024",
        "permit_number": 41510612.0,
        "canonical_code": "BG4G001T2T3029",
        "holder": "В и К ООД Перник",
        "facility_name": "Дренаж \"Над ТКЗС\"",
        "facility_registration": "1223/05.12.2022",
        "water_use_purpose": "обществено питейно-битово водоснабдяване",
        "mean_discharge_lps": 0.12,
        "max_discharge_lps": null,
        "daily_authorized_volume_m3": null,
        "annual_authorized_volume_m3": 3760.0,
        "hydraulic_conductivity_m_day": null,
        "transmissivity_m2_day": null,
        "aquifer_thickness_m": null,
        "coordinate_method": "official_local",
        "national_register_row": null,
        "latitude_raw": "Каптажна шахта- 42°37'47.3\"",
        "longitude_raw": "Каптажна шахта- 22°47'17.2\"",
        "coordinate_note": null,
        "status": "active",
        "reference_date": "2026-08-04"
      }
    },
    {
      "type": "Feature",
      "geometry": {
        "type": "Point",
        "coordinates": [
          22.77644444,
          42.49638889
        ]
      },
      "properties": {
        "permit_number_date": "41510613/25.09.2024",
        "permit_number": 41510613.0,
        "canonical_code": "BG4G001T2T3029",
        "holder": "В и К ООД Перник",
        "facility_name": "Дренаж \"Тополите\"",
        "facility_registration": "1220/05.12.2022",
        "water_use_purpose": "обществено питейно-битово водоснабдяване",
        "mean_discharge_lps": 0.155,
        "max_discharge_lps": null,
        "daily_authorized_volume_m3": null,
        "annual_authorized_volume_m3": 4891.0,
        "hydraulic_conductivity_m_day": null,
        "transmissivity_m2_day": null,
        "aquifer_thickness_m": null,
        "coordinate_method": "official_local",
        "national_register_row": null,
        "latitude_raw": "Каптажна шахта- 42°29'47.0\"",
        "longitude_raw": "Каптажна шахта- 22°46'35.2\"",
        "coordinate_note": null,
        "status": "active",
        "reference_date": "2026-08-04"
      }
    },
    {
      "type": "Feature",
      "geometry": {
        "type": "Point",
        "coordinates": [
          22.72672222,
          42.57922222
        ]
      },
      "properties": {
        "permit_number_date": "41510615/25.09.2024",
        "permit_number": 41510615.0,
        "canonical_code": "BG4G001T2T3029",
        "holder": "В и К ООД Перник",
        "facility_name": "Дренаж \"Присое\"",
        "facility_registration": "1222/05.12.2022",
        "water_use_purpose": "обществено питейно-битово водоснабдяване",
        "mean_discharge_lps": 0.024,
        "max_discharge_lps": null,
        "daily_authorized_volume_m3": null,
        "annual_authorized_volume_m3": 748.0,
        "hydraulic_conductivity_m_day": null,
        "transmissivity_m2_day": null,
        "aquifer_thickness_m": null,
        "coordinate_method": "official_local",
        "national_register_row": null,
        "latitude_raw": "Каптажна шахта- 42°34'45.2\"",
        "longitude_raw": "Каптажна шахта- 22°43'36.2\"",
        "coordinate_note": null,
        "status": "active",
        "reference_date": "2026-08-04"
      }
    },
    {
      "type": "Feature",
      "geometry": {
        "type": "Point",
        "coordinates": [
          22.72744444,
          42.54752778
        ]
      },
      "properties": {
        "permit_number_date": "41510617/14.10.2024",
        "permit_number": 41510617.0,
        "canonical_code": "BG4G001T2T3029",
        "holder": "В и К ООД Перник",
        "facility_name": "Дренаж \"Извора\" (Драготин дол)",
        "facility_registration": "1209.05.12.2022",
        "water_use_purpose": "обществено питейно-битово водоснабдяване",
        "mean_discharge_lps": 0.12,
        "max_discharge_lps": null,
        "daily_authorized_volume_m3": null,
        "annual_authorized_volume_m3": 3723.0,
        "hydraulic_conductivity_m_day": null,
        "transmissivity_m2_day": null,
        "aquifer_thickness_m": null,
        "coordinate_method": "official_local",
        "national_register_row": null,
        "latitude_raw": "Каптажна шахта- 42°32'51.1\"",
        "longitude_raw": "Каптажна шахта- 22°43'38.8\"",
        "coordinate_note": null,
        "status": "active",
        "reference_date": "2026-08-04"
      }
    },
    {
      "type": "Feature",
      "geometry": {
        "type": "Point",
        "coordinates": [
          22.71425278,
          42.65259444
        ]
      },
      "properties": {
        "permit_number_date": "41510636/17.12.2025",
        "permit_number": 41510636.0,
        "canonical_code": "BG4G001T2T3029",
        "holder": "ВиК ООД Перник",
        "facility_name": "Извор \"Колина махала\"",
        "facility_registration": "1161/10.10.2022",
        "water_use_purpose": "обществено питейно-битово водоснабдяване",
        "mean_discharge_lps": 0.483,
        "max_discharge_lps": null,
        "daily_authorized_volume_m3": null,
        "annual_authorized_volume_m3": 15217.0,
        "hydraulic_conductivity_m_day": null,
        "transmissivity_m2_day": null,
        "aquifer_thickness_m": null,
        "coordinate_method": "official_local",
        "national_register_row": null,
        "latitude_raw": "Каптажна шахта- 42°39'09.34\"",
        "longitude_raw": "Каптажна шахта- 22°42'51.31\"",
        "coordinate_note": null,
        "status": "active",
        "reference_date": "2026-08-04"
      }
    },
    {
      "type": "Feature",
      "geometry": {
        "type": "Point",
        "coordinates": [
          22.75786111,
          42.61616667
        ]
      },
      "properties": {
        "permit_number_date": "41510646/13.01.2026",
        "permit_number": 41510646.0,
        "canonical_code": "BG4G001T2T3029",
        "holder": "ВиК ООД Перник",
        "facility_name": "Извор \"Ивин\"",
        "facility_registration": "1231/05.12.2022",
        "water_use_purpose": "обществено питейно-битово водоснабдяване",
        "mean_discharge_lps": 0.012,
        "max_discharge_lps": null,
        "daily_authorized_volume_m3": null,
        "annual_authorized_volume_m3": 365.0,
        "hydraulic_conductivity_m_day": null,
        "transmissivity_m2_day": null,
        "aquifer_thickness_m": null,
        "coordinate_method": "official_local",
        "national_register_row": null,
        "latitude_raw": "Каптажна шахта- 42°36'58.2\"",
        "longitude_raw": "Каптажна шахта- 22°45'28.3\"",
        "coordinate_note": null,
        "status": "active",
        "reference_date": "2026-08-04"
      }
    },
    {
      "type": "Feature",
      "geometry": {
        "type": "Point",
        "coordinates": [
          22.7045,
          42.64322222
        ]
      },
      "properties": {
        "permit_number_date": "41510647/15.01.2026",
        "permit_number": 41510647.0,
        "canonical_code": "BG4G001T2T3029",
        "holder": "ВиК ООД Перник",
        "facility_name": "Дренаж \"Извора\"",
        "facility_registration": "1219/05.12.2022",
        "water_use_purpose": "обществено питейно-битово водоснабдяване",
        "mean_discharge_lps": 0.115,
        "max_discharge_lps": null,
        "daily_authorized_volume_m3": null,
        "annual_authorized_volume_m3": 3614.0,
        "hydraulic_conductivity_m_day": null,
        "transmissivity_m2_day": null,
        "aquifer_thickness_m": null,
        "coordinate_method": "official_local",
        "national_register_row": null,
        "latitude_raw": "Каптажна шахта- 42°38'35.6\"",
        "longitude_raw": "Каптажна шахта- 22°42'16.2\"",
        "coordinate_note": null,
        "status": "active",
        "reference_date": "2026-08-04"
      }
    },
    {
      "type": "Feature",
      "geometry": {
        "type": "Point",
        "coordinates": [
          22.73277778,
          42.534
        ]
      },
      "properties": {
        "permit_number_date": "41510648/15.01.2026",
        "permit_number": 41510648.0,
        "canonical_code": "BG4G001T2T3029",
        "holder": "ВиК ООД Перник",
        "facility_name": "Дренаж \"Поповия\"",
        "facility_registration": "1216/05.12.2022",
        "water_use_purpose": "обществено питейно-битово водоснабдяване",
        "mean_discharge_lps": 0.076,
        "max_discharge_lps": null,
        "daily_authorized_volume_m3": null,
        "annual_authorized_volume_m3": 2406.0,
        "hydraulic_conductivity_m_day": null,
        "transmissivity_m2_day": null,
        "aquifer_thickness_m": null,
        "coordinate_method": "official_local",
        "national_register_row": null,
        "latitude_raw": "Каптажна шахта- 42°32'2.40\"",
        "longitude_raw": "Каптажна шахта- 22°43'58.0\"",
        "coordinate_note": null,
        "status": "active",
        "reference_date": "2026-08-04"
      }
    },
    {
      "type": "Feature",
      "geometry": {
        "type": "Point",
        "coordinates": [
          22.67166667,
          42.64398611
        ]
      },
      "properties": {
        "permit_number_date": "41510649/22.01.2026",
        "permit_number": 41510649.0,
        "canonical_code": "BG4G001T2T3029",
        "holder": "ВиК ООД Перник",
        "facility_name": "Дренаж \"Орниче\"",
        "facility_registration": "1417/15.11.2024",
        "water_use_purpose": "обществено питейно-битово водоснабдяване",
        "mean_discharge_lps": 0.275,
        "max_discharge_lps": null,
        "daily_authorized_volume_m3": null,
        "annual_authorized_volume_m3": 8672.0,
        "hydraulic_conductivity_m_day": null,
        "transmissivity_m2_day": null,
        "aquifer_thickness_m": null,
        "coordinate_method": "official_local",
        "national_register_row": null,
        "latitude_raw": "Каптажна шахта- 42°38'38.35\"",
        "longitude_raw": "Каптажна шахта- 22°40'18.00\"",
        "coordinate_note": null,
        "status": "active",
        "reference_date": "2026-08-04"
      }
    },
    {
      "type": "Feature",
      "geometry": {
        "type": "Point",
        "coordinates": [
          22.78830833,
          42.60061667
        ]
      },
      "properties": {
        "permit_number_date": "41510650/26.01.2026",
        "permit_number": 41510650.0,
        "canonical_code": "BG4G001T2T3029",
        "holder": "ВиК ООД Перник",
        "facility_name": "Извор \"Извора\"",
        "facility_registration": "1418/05.11.2024",
        "water_use_purpose": "обществено питейно-битово водоснабдяване",
        "mean_discharge_lps": 0.42,
        "max_discharge_lps": null,
        "daily_authorized_volume_m3": null,
        "annual_authorized_volume_m3": 13250.0,
        "hydraulic_conductivity_m_day": null,
        "transmissivity_m2_day": null,
        "aquifer_thickness_m": null,
        "coordinate_method": "official_local",
        "national_register_row": null,
        "latitude_raw": "Каптажна шахта- 42°36'2.22\"",
        "longitude_raw": "Каптажна шахта- 22°47'17.91\"",
        "coordinate_note": null,
        "status": "active",
        "reference_date": "2026-08-04"
      }
    },
    {
      "type": "Feature",
      "geometry": {
        "type": "Point",
        "coordinates": [
          22.65255556,
          42.68895833
        ]
      },
      "properties": {
        "permit_number_date": "41510651/29.01.2026",
        "permit_number": 41510651.0,
        "canonical_code": "BG4G001T2T3029",
        "holder": "ВиК ООД Перник",
        "facility_name": "Извор \"Плоча\"",
        "facility_registration": "1159/10.10.2022",
        "water_use_purpose": "обществено питейно-битово водоснабдяване",
        "mean_discharge_lps": 0.393,
        "max_discharge_lps": null,
        "daily_authorized_volume_m3": null,
        "annual_authorized_volume_m3": 12383.0,
        "hydraulic_conductivity_m_day": null,
        "transmissivity_m2_day": null,
        "aquifer_thickness_m": null,
        "coordinate_method": "official_local",
        "national_register_row": null,
        "latitude_raw": "Каптажна шахта- 42°41'20.25\"",
        "longitude_raw": "Каптажна шахта- 22°39'09.2\"",
        "coordinate_note": null,
        "status": "active",
        "reference_date": "2026-08-04"
      }
    },
    {
      "type": "Feature",
      "geometry": {
        "type": "Point",
        "coordinates": [
          22.77213889,
          42.42697222
        ]
      },
      "properties": {
        "permit_number_date": "41510652/06.02.2026",
        "permit_number": 41510652.0,
        "canonical_code": "BG4G001T2T3029",
        "holder": "ВиК ООД Перник",
        "facility_name": "Дренаж \"Изворо\"",
        "facility_registration": "1188/10.10.2022",
        "water_use_purpose": "обществено питейно-битово водоснабдяване",
        "mean_discharge_lps": 0.068,
        "max_discharge_lps": null,
        "daily_authorized_volume_m3": null,
        "annual_authorized_volume_m3": 2158.0,
        "hydraulic_conductivity_m_day": null,
        "transmissivity_m2_day": null,
        "aquifer_thickness_m": null,
        "coordinate_method": "official_local",
        "national_register_row": null,
        "latitude_raw": "Каптажна шахта- 42°25'37.1\"",
        "longitude_raw": "Каптажна шахта- 22°46'19.7\"",
        "coordinate_note": null,
        "status": "active",
        "reference_date": "2026-08-04"
      }
    },
    {
      "type": "Feature",
      "geometry": {
        "type": "Point",
        "coordinates": [
          22.77213889,
          42.42697222
        ]
      },
      "properties": {
        "permit_number_date": "41510654/06.02.2026",
        "permit_number": 41510654.0,
        "canonical_code": "BG4G001T2T3029",
        "holder": "ВиК ООД Перник",
        "facility_name": "Дренаж \"Изворо\"",
        "facility_registration": "1188/10.10.2022",
        "water_use_purpose": "обществено питейно-битово водоснабдяване",
        "mean_discharge_lps": 0.068,
        "max_discharge_lps": null,
        "daily_authorized_volume_m3": null,
        "annual_authorized_volume_m3": 2158.0,
        "hydraulic_conductivity_m_day": null,
        "transmissivity_m2_day": null,
        "aquifer_thickness_m": null,
        "coordinate_method": "official_local",
        "national_register_row": null,
        "latitude_raw": "Каптажна шахта- 42°25'37.1\"",
        "longitude_raw": "Каптажна шахта- 22°46'19.7\"",
        "coordinate_note": null,
        "status": "active",
        "reference_date": "2026-08-04"
      }
    },
    {
      "type": "Feature",
      "geometry": {
        "type": "Point",
        "coordinates": [
          22.75871217,
          42.44655533
        ]
      },
      "properties": {
        "permit_number_date": "41510653/13.02.2026",
        "permit_number": 41510653.0,
        "canonical_code": "BG4G001T2T3029",
        "holder": "ВиК ООД Перник",
        "facility_name": "Дренаж \"Орлово гнездо\"",
        "facility_registration": "1233/05.12.2022",
        "water_use_purpose": "обществено питейно-битово водоснабдяване",
        "mean_discharge_lps": 0.012,
        "max_discharge_lps": null,
        "daily_authorized_volume_m3": null,
        "annual_authorized_volume_m3": 365.0,
        "hydraulic_conductivity_m_day": null,
        "transmissivity_m2_day": null,
        "aquifer_thickness_m": null,
        "coordinate_method": "sondi_derived_centroid_of_official_national_points",
        "national_register_row": 1573.0,
        "latitude_raw": "Каптажна шахта 1- 42°26'48.18\" Каптажна шахта 2- 42°26'47.86\" Каптажна шахта 3- 42°26'47.98\"",
        "longitude_raw": "Каптажна шахта 1- 22°45'31.32\" Каптажна шахта 2- 22°45'31.06\" Каптажна шахта 3- 22°45'31.31\"",
        "coordinate_note": null,
        "status": "active",
        "reference_date": "2026-08-04"
      }
    },
    {
      "type": "Feature",
      "geometry": {
        "type": "Point",
        "coordinates": [
          22.75741667,
          42.50616667
        ]
      },
      "properties": {
        "permit_number_date": "41510655/17.02.2026",
        "permit_number": 41510655.0,
        "canonical_code": "BG4G001T2T3029",
        "holder": "ВиК ООД Перник",
        "facility_name": "Дренаж \"Клабука\"",
        "facility_registration": "1192/10.10.2022",
        "water_use_purpose": "обществено питейно-битово водоснабдяване",
        "mean_discharge_lps": 0.012,
        "max_discharge_lps": null,
        "daily_authorized_volume_m3": null,
        "annual_authorized_volume_m3": 380.0,
        "hydraulic_conductivity_m_day": null,
        "transmissivity_m2_day": null,
        "aquifer_thickness_m": null,
        "coordinate_method": "official_local",
        "national_register_row": null,
        "latitude_raw": "Каптажна шахта- 42°30'22.2\"",
        "longitude_raw": "Каптажна шахта- 22°45'26.7\"",
        "coordinate_note": null,
        "status": "active",
        "reference_date": "2026-08-04"
      }
    },
    {
      "type": "Feature",
      "geometry": {
        "type": "Point",
        "coordinates": [
          22.76616667,
          42.51102778
        ]
      },
      "properties": {
        "permit_number_date": "41510657/17.02.2026",
        "permit_number": 41510657.0,
        "canonical_code": "BG4G001T2T3029",
        "holder": "ВиК ООД Перник",
        "facility_name": "Извор \"Св. Никола\"",
        "facility_registration": "1183/10.10.2022",
        "water_use_purpose": "обществено питейно-битово водоснабдяване",
        "mean_discharge_lps": 0.05,
        "max_discharge_lps": null,
        "daily_authorized_volume_m3": null,
        "annual_authorized_volume_m3": 1588.0,
        "hydraulic_conductivity_m_day": null,
        "transmissivity_m2_day": null,
        "aquifer_thickness_m": null,
        "coordinate_method": "official_local",
        "national_register_row": null,
        "latitude_raw": "Каптажна шахта- 42°30'39.7\"",
        "longitude_raw": "Каптажна шахта- 22°45'58.2\"",
        "coordinate_note": null,
        "status": "active",
        "reference_date": "2026-08-04"
      }
    },
    {
      "type": "Feature",
      "geometry": {
        "type": "Point",
        "coordinates": [
          22.71926111,
          42.72285278
        ]
      },
      "properties": {
        "permit_number_date": "41510665/27.02.2026",
        "permit_number": 41510665.0,
        "canonical_code": "BG4G001T2T3029",
        "holder": "ВиК ООД Перник",
        "facility_name": "Извор \"Врелото\"",
        "facility_registration": "1166/10.10.2022",
        "water_use_purpose": "обществено питейно-битово водоснабдяване",
        "mean_discharge_lps": 0.114,
        "max_discharge_lps": null,
        "daily_authorized_volume_m3": null,
        "annual_authorized_volume_m3": 3587.0,
        "hydraulic_conductivity_m_day": null,
        "transmissivity_m2_day": null,
        "aquifer_thickness_m": null,
        "coordinate_method": "official_local",
        "national_register_row": null,
        "latitude_raw": "Каптажна шахта- 42°43'22.27\"",
        "longitude_raw": "Каптажна шахта- 22°43'09.34\"",
        "coordinate_note": null,
        "status": "active",
        "reference_date": "2026-08-04"
      }
    },
    {
      "type": "Feature",
      "geometry": {
        "type": "Point",
        "coordinates": [
          24.05724139,
          41.60117778
        ]
      },
      "properties": {
        "permit_number_date": "41510065/28.03.2007",
        "permit_number": 41510065.0,
        "canonical_code": "BG4G0001PT1030",
        "holder": "В и К ЕООД Благоевград",
        "facility_name": "ВС\"Сивица\"",
        "facility_registration": "460/28.03.2007",
        "water_use_purpose": "питейно-битови",
        "mean_discharge_lps": null,
        "max_discharge_lps": null,
        "daily_authorized_volume_m3": 2.6,
        "annual_authorized_volume_m3": 950.0,
        "hydraulic_conductivity_m_day": null,
        "transmissivity_m2_day": null,
        "aquifer_thickness_m": null,
        "coordinate_method": "official_local",
        "national_register_row": null,
        "latitude_raw": "41°36'04.240\"",
        "longitude_raw": "24°03'26.069\"",
        "coordinate_note": null,
        "status": "active",
        "reference_date": "2026-08-04"
      }
    },
    {
      "type": "Feature",
      "geometry": {
        "type": "Point",
        "coordinates": [
          23.92519444,
          41.69766389
        ]
      },
      "properties": {
        "permit_number_date": "41510064/28.03.2007",
        "permit_number": 41510064.0,
        "canonical_code": "BG4G0001PT1030",
        "holder": "В и К ЕООД Благоевград",
        "facility_name": "ВС\"Чучура\"",
        "facility_registration": "461/28.03.2007",
        "water_use_purpose": "питейно-битови",
        "mean_discharge_lps": null,
        "max_discharge_lps": null,
        "daily_authorized_volume_m3": 43.83,
        "annual_authorized_volume_m3": 16000.0,
        "hydraulic_conductivity_m_day": null,
        "transmissivity_m2_day": null,
        "aquifer_thickness_m": null,
        "coordinate_method": "official_local",
        "national_register_row": null,
        "latitude_raw": "41° 41' 51,590\"",
        "longitude_raw": "23° 55' 30,700\"",
        "coordinate_note": null,
        "status": "active",
        "reference_date": "2026-08-04"
      }
    },
    {
      "type": "Feature",
      "geometry": {
        "type": "Point",
        "coordinates": [
          23.99188889,
          41.54411111
        ]
      },
      "properties": {
        "permit_number_date": "41510063/28.03.2007",
        "permit_number": 41510063.0,
        "canonical_code": "BG4G0001PT1030",
        "holder": "В и К ЕООД Благоевград",
        "facility_name": "Вс\"Кочине\"",
        "facility_registration": "462/28.03.2007",
        "water_use_purpose": "питейно-битови",
        "mean_discharge_lps": null,
        "max_discharge_lps": null,
        "daily_authorized_volume_m3": 27.4,
        "annual_authorized_volume_m3": 10000.0,
        "hydraulic_conductivity_m_day": null,
        "transmissivity_m2_day": null,
        "aquifer_thickness_m": null,
        "coordinate_method": "official_local",
        "national_register_row": null,
        "latitude_raw": "41°32'38,8",
        "longitude_raw": "23°59'30,8",
        "coordinate_note": null,
        "status": "active",
        "reference_date": "2026-08-04"
      }
    },
    {
      "type": "Feature",
      "geometry": {
        "type": "Point",
        "coordinates": [
          23.85363556,
          41.60204917
        ]
      },
      "properties": {
        "permit_number_date": "41510062/28.03.2007",
        "permit_number": 41510062.0,
        "canonical_code": "BG4G0001PT1030",
        "holder": "В и К ЕООД Благоевград",
        "facility_name": "ВС\"Чучура\"",
        "facility_registration": "463/28.03.2007",
        "water_use_purpose": "питейно-битови",
        "mean_discharge_lps": null,
        "max_discharge_lps": null,
        "daily_authorized_volume_m3": 68.5,
        "annual_authorized_volume_m3": 25000.0,
        "hydraulic_conductivity_m_day": null,
        "transmissivity_m2_day": null,
        "aquifer_thickness_m": null,
        "coordinate_method": "official_local",
        "national_register_row": null,
        "latitude_raw": "41° 36' 7,377\"",
        "longitude_raw": "23° 51' 13,088\"",
        "coordinate_note": null,
        "status": "active",
        "reference_date": "2026-08-04"
      }
    },
    {
      "type": "Feature",
      "geometry": {
        "type": "Point",
        "coordinates": [
          23.99736111,
          41.54366667
        ]
      },
      "properties": {
        "permit_number_date": "41510070/28.03.2007",
        "permit_number": 41510070.0,
        "canonical_code": "BG4G0001PT1030",
        "holder": "В и К ЕООД Благоевград",
        "facility_name": "ВС\"Краке\"",
        "facility_registration": "467/28.03.2007",
        "water_use_purpose": "питейно-битови",
        "mean_discharge_lps": null,
        "max_discharge_lps": null,
        "daily_authorized_volume_m3": 27.4,
        "annual_authorized_volume_m3": 10000.0,
        "hydraulic_conductivity_m_day": null,
        "transmissivity_m2_day": null,
        "aquifer_thickness_m": null,
        "coordinate_method": "official_local",
        "national_register_row": null,
        "latitude_raw": "41°32'37.2\"",
        "longitude_raw": "23°59'50.5\"",
        "coordinate_note": null,
        "status": "active",
        "reference_date": "2026-08-04"
      }
    },
    {
      "type": "Feature",
      "geometry": {
        "type": "Point",
        "coordinates": [
          23.96097028,
          41.64896944
        ]
      },
      "properties": {
        "permit_number_date": "41510069/28.03.2007",
        "permit_number": 41510069.0,
        "canonical_code": "BG4G0001PT1030",
        "holder": "В и К ЕООД Благоевград",
        "facility_name": "ВС\"Вриз-1\"",
        "facility_registration": "468/28.03.2007",
        "water_use_purpose": "питейно-битови",
        "mean_discharge_lps": null,
        "max_discharge_lps": null,
        "daily_authorized_volume_m3": 32.9,
        "annual_authorized_volume_m3": 12000.0,
        "hydraulic_conductivity_m_day": null,
        "transmissivity_m2_day": null,
        "aquifer_thickness_m": null,
        "coordinate_method": "official_local",
        "national_register_row": null,
        "latitude_raw": "41°38'56.290\"",
        "longitude_raw": "23°57'39.493\"",
        "coordinate_note": null,
        "status": "active",
        "reference_date": "2026-08-04"
      }
    },
    {
      "type": "Feature",
      "geometry": {
        "type": "Point",
        "coordinates": [
          23.92902778,
          41.6335
        ]
      },
      "properties": {
        "permit_number_date": "41510067/28.03.2007",
        "permit_number": 41510067.0,
        "canonical_code": "BG4G0001PT1030",
        "holder": "В и К ЕООД Благоевград",
        "facility_name": "ВС\"Кундеви ливади\"",
        "facility_registration": "469/28.03.2007",
        "water_use_purpose": "питейно-битови",
        "mean_discharge_lps": null,
        "max_discharge_lps": null,
        "daily_authorized_volume_m3": 11.0,
        "annual_authorized_volume_m3": 4000.0,
        "hydraulic_conductivity_m_day": null,
        "transmissivity_m2_day": null,
        "aquifer_thickness_m": null,
        "coordinate_method": "official_local",
        "national_register_row": null,
        "latitude_raw": "41°38'00.6\"",
        "longitude_raw": "23°55'44.5\"",
        "coordinate_note": null,
        "status": "active",
        "reference_date": "2026-08-04"
      }
    },
    {
      "type": "Feature",
      "geometry": {
        "type": "Point",
        "coordinates": [
          24.00529194,
          41.56332028
        ]
      },
      "properties": {
        "permit_number_date": "41510061/28.03.2007",
        "permit_number": 41510061.0,
        "canonical_code": "BG4G0001PT1030",
        "holder": "В и К ЕООД Благоевград",
        "facility_name": "ВС\"Кавазови чешми\"",
        "facility_registration": "470/28.03.2007",
        "water_use_purpose": "питейно-битови",
        "mean_discharge_lps": null,
        "max_discharge_lps": null,
        "daily_authorized_volume_m3": 27.4,
        "annual_authorized_volume_m3": 10000.0,
        "hydraulic_conductivity_m_day": null,
        "transmissivity_m2_day": null,
        "aquifer_thickness_m": null,
        "coordinate_method": "official_local",
        "national_register_row": null,
        "latitude_raw": "41° 33' 47,953\"",
        "longitude_raw": "24° 0' 19,051\"",
        "coordinate_note": null,
        "status": "active",
        "reference_date": "2026-08-04"
      }
    },
    {
      "type": "Feature",
      "geometry": {
        "type": "Point",
        "coordinates": [
          23.92519528,
          41.69766611
        ]
      },
      "properties": {
        "permit_number_date": "41510060/28.03.2007",
        "permit_number": 41510060.0,
        "canonical_code": "BG4G0001PT1030",
        "holder": "В и К ЕООД Благоевград",
        "facility_name": "ВС\"Вриз-2\"",
        "facility_registration": "471/28.03.2007",
        "water_use_purpose": "питейно-битови",
        "mean_discharge_lps": null,
        "max_discharge_lps": null,
        "daily_authorized_volume_m3": 32.9,
        "annual_authorized_volume_m3": 12000.0,
        "hydraulic_conductivity_m_day": null,
        "transmissivity_m2_day": null,
        "aquifer_thickness_m": null,
        "coordinate_method": "official_local",
        "national_register_row": null,
        "latitude_raw": "41°41'51.598\"",
        "longitude_raw": "23°55'30.703\"",
        "coordinate_note": null,
        "status": "active",
        "reference_date": "2026-08-04"
      }
    },
    {
      "type": "Feature",
      "geometry": {
        "type": "Point",
        "coordinates": [
          23.93238889,
          41.63394444
        ]
      },
      "properties": {
        "permit_number_date": "41510094/11.05.2007",
        "permit_number": 41510094.0,
        "canonical_code": "BG4G0001PT1030",
        "holder": "В и К ЕООД Благоевград",
        "facility_name": "ВС\"Вриз-Свети Атанас\"",
        "facility_registration": "508/11.05.2007",
        "water_use_purpose": "питейно-битови",
        "mean_discharge_lps": null,
        "max_discharge_lps": null,
        "daily_authorized_volume_m3": 21.9,
        "annual_authorized_volume_m3": 8000.0,
        "hydraulic_conductivity_m_day": null,
        "transmissivity_m2_day": null,
        "aquifer_thickness_m": null,
        "coordinate_method": "official_local",
        "national_register_row": null,
        "latitude_raw": "41°38'2.2\"",
        "longitude_raw": "23°55'56.6\"",
        "coordinate_note": null,
        "status": "active",
        "reference_date": "2026-08-04"
      }
    },
    {
      "type": "Feature",
      "geometry": {
        "type": "Point",
        "coordinates": [
          24.04566667,
          41.48402778
        ]
      },
      "properties": {
        "permit_number_date": "41510255/06.02.2009",
        "permit_number": 41510255.0,
        "canonical_code": "BG4G0001PT1030",
        "holder": "Община Сатовча",
        "facility_name": "Каптаж \"Врисе\"",
        "facility_registration": "747/06.02.2009",
        "water_use_purpose": "питейно-битови",
        "mean_discharge_lps": 0.95,
        "max_discharge_lps": null,
        "daily_authorized_volume_m3": null,
        "annual_authorized_volume_m3": 30000.0,
        "hydraulic_conductivity_m_day": null,
        "transmissivity_m2_day": null,
        "aquifer_thickness_m": null,
        "coordinate_method": "official_local",
        "national_register_row": null,
        "latitude_raw": "41°29'02,5\"",
        "longitude_raw": "24°02'44,4\"",
        "coordinate_note": null,
        "status": "active",
        "reference_date": "2026-08-04"
      }
    },
    {
      "type": "Feature",
      "geometry": {
        "type": "Point",
        "coordinates": [
          23.96412333,
          41.54727556
        ]
      },
      "properties": {
        "permit_number_date": "41510256/06.02.2009",
        "permit_number": 41510256.0,
        "canonical_code": "BG4G0001PT1030",
        "holder": "Община Сатовча",
        "facility_name": "Каптаж\"Стойко ливада\"",
        "facility_registration": "748/06.02.2009",
        "water_use_purpose": "питейно-битови",
        "mean_discharge_lps": 0.5,
        "max_discharge_lps": null,
        "daily_authorized_volume_m3": null,
        "annual_authorized_volume_m3": 15768.0,
        "hydraulic_conductivity_m_day": null,
        "transmissivity_m2_day": null,
        "aquifer_thickness_m": null,
        "coordinate_method": "official_local",
        "national_register_row": null,
        "latitude_raw": "41°32'50,192\"",
        "longitude_raw": "23°57'50,844\"",
        "coordinate_note": null,
        "status": "active",
        "reference_date": "2026-08-04"
      }
    },
    {
      "type": "Feature",
      "geometry": {
        "type": "Point",
        "coordinates": [
          24.04534944,
          41.48565889
        ]
      },
      "properties": {
        "permit_number_date": "41510260/27.02.2009",
        "permit_number": 41510260.0,
        "canonical_code": "BG4G0001PT1030",
        "holder": "Община Сатовча",
        "facility_name": "Каптаж \"Седемте чучура\"",
        "facility_registration": "753/27.02.2009",
        "water_use_purpose": "питейно-битови",
        "mean_discharge_lps": 0.7,
        "max_discharge_lps": null,
        "daily_authorized_volume_m3": null,
        "annual_authorized_volume_m3": 22000.0,
        "hydraulic_conductivity_m_day": null,
        "transmissivity_m2_day": null,
        "aquifer_thickness_m": null,
        "coordinate_method": "official_local",
        "national_register_row": null,
        "latitude_raw": "41° 29' 8,372\"",
        "longitude_raw": "24° 2' 43,258\"",
        "coordinate_note": null,
        "status": "active",
        "reference_date": "2026-08-04"
      }
    },
    {
      "type": "Feature",
      "geometry": {
        "type": "Point",
        "coordinates": [
          24.02917861,
          41.62433611
        ]
      },
      "properties": {
        "permit_number_date": "41510343/20.01.2012",
        "permit_number": 41510343.0,
        "canonical_code": "BG4G0001PT1030",
        "holder": "В и К ЕООД Благоевград",
        "facility_name": "ВС\"Извора-нов\"",
        "facility_registration": "386/24.01.2007",
        "water_use_purpose": "питейно-битови цели",
        "mean_discharge_lps": 4.25,
        "max_discharge_lps": null,
        "daily_authorized_volume_m3": null,
        "annual_authorized_volume_m3": 135600.0,
        "hydraulic_conductivity_m_day": null,
        "transmissivity_m2_day": null,
        "aquifer_thickness_m": null,
        "coordinate_method": "official_local",
        "national_register_row": null,
        "latitude_raw": "41° 37' 27,610\"",
        "longitude_raw": "24° 1' 45,043\"",
        "coordinate_note": null,
        "status": "active",
        "reference_date": "2026-08-04"
      }
    },
    {
      "type": "Feature",
      "geometry": {
        "type": "Point",
        "coordinates": [
          24.07022917,
          41.58561833
        ]
      },
      "properties": {
        "permit_number_date": "41510344/20.01.2012",
        "permit_number": 41510344.0,
        "canonical_code": "BG4G0001PT1030",
        "holder": "В и К ЕООД Благоевград",
        "facility_name": "ВС\"Брезовец\"",
        "facility_registration": "392/26.01.2007",
        "water_use_purpose": "питейно-битови цели",
        "mean_discharge_lps": 0.01,
        "max_discharge_lps": null,
        "daily_authorized_volume_m3": null,
        "annual_authorized_volume_m3": 200.0,
        "hydraulic_conductivity_m_day": null,
        "transmissivity_m2_day": null,
        "aquifer_thickness_m": null,
        "coordinate_method": "official_local",
        "national_register_row": null,
        "latitude_raw": "41° 35' 8,226\"",
        "longitude_raw": "24° 4' 12,825\"",
        "coordinate_note": null,
        "status": "active",
        "reference_date": "2026-08-04"
      }
    },
    {
      "type": "Feature",
      "geometry": {
        "type": "Point",
        "coordinates": [
          23.92023278,
          41.62335806
        ]
      },
      "properties": {
        "permit_number_date": "41510345/20.01.2012",
        "permit_number": 41510345.0,
        "canonical_code": "BG4G0001PT1030",
        "holder": "В и К ЕООД Благоевград",
        "facility_name": "ВС\"Лазова ливада\"",
        "facility_registration": "383/24.01.2007",
        "water_use_purpose": "питейно-битови цели",
        "mean_discharge_lps": 0.25,
        "max_discharge_lps": null,
        "daily_authorized_volume_m3": null,
        "annual_authorized_volume_m3": 8000.0,
        "hydraulic_conductivity_m_day": null,
        "transmissivity_m2_day": null,
        "aquifer_thickness_m": null,
        "coordinate_method": "official_local",
        "national_register_row": null,
        "latitude_raw": "41° 37' 24,089\"",
        "longitude_raw": "23° 55' 12,838\"",
        "coordinate_note": null,
        "status": "active",
        "reference_date": "2026-08-04"
      }
    },
    {
      "type": "Feature",
      "geometry": {
        "type": "Point",
        "coordinates": [
          24.02366667,
          41.66430556
        ]
      },
      "properties": {
        "permit_number_date": "41510349/24.01.2012",
        "permit_number": 41510349.0,
        "canonical_code": "BG4G0001PT1030",
        "holder": "В и К ЕООД Благоевград",
        "facility_name": "ВС\"Тузла\"",
        "facility_registration": "385/24.01.2007",
        "water_use_purpose": "питейно-битови цели",
        "mean_discharge_lps": 0.32,
        "max_discharge_lps": 5.0,
        "daily_authorized_volume_m3": 17.4,
        "annual_authorized_volume_m3": 10000.0,
        "hydraulic_conductivity_m_day": null,
        "transmissivity_m2_day": null,
        "aquifer_thickness_m": null,
        "coordinate_method": "official_local",
        "national_register_row": null,
        "latitude_raw": "41°39'51.5\"",
        "longitude_raw": "24°01'25.2\"",
        "coordinate_note": null,
        "status": "active",
        "reference_date": "2026-08-04"
      }
    },
    {
      "type": "Feature",
      "geometry": {
        "type": "Point",
        "coordinates": [
          23.9535,
          41.50991667
        ]
      },
      "properties": {
        "permit_number_date": "41510352/24.01.2012",
        "permit_number": 41510352.0,
        "canonical_code": "BG4G0001PT1030",
        "holder": "В и К ЕООД Благоевград",
        "facility_name": "ВС\"Абланица\"",
        "facility_registration": "384/24.01.2007",
        "water_use_purpose": "питейно-битови цели",
        "mean_discharge_lps": 3.5,
        "max_discharge_lps": 28.0,
        "daily_authorized_volume_m3": 301.4,
        "annual_authorized_volume_m3": 110000.0,
        "hydraulic_conductivity_m_day": null,
        "transmissivity_m2_day": null,
        "aquifer_thickness_m": null,
        "coordinate_method": "official_local",
        "national_register_row": null,
        "latitude_raw": "41°30'35.7\"",
        "longitude_raw": "23°57'12.6\"",
        "coordinate_note": null,
        "status": "active",
        "reference_date": "2026-08-04"
      }
    },
    {
      "type": "Feature",
      "geometry": {
        "type": "Point",
        "coordinates": [
          23.99125,
          41.62811111
        ]
      },
      "properties": {
        "permit_number_date": "41510350/24.01.2012",
        "permit_number": 41510350.0,
        "canonical_code": "BG4G0001PT1030",
        "holder": "В и К ЕООД Благоевград",
        "facility_name": "ВС\"Вриз\"",
        "facility_registration": "390/24.01.2007",
        "water_use_purpose": "питейно-битови цели",
        "mean_discharge_lps": 0.16,
        "max_discharge_lps": 0.16,
        "daily_authorized_volume_m3": 13.7,
        "annual_authorized_volume_m3": 5000.0,
        "hydraulic_conductivity_m_day": null,
        "transmissivity_m2_day": null,
        "aquifer_thickness_m": null,
        "coordinate_method": "official_local",
        "national_register_row": null,
        "latitude_raw": "41°37'41.2\"",
        "longitude_raw": "23°59'28.5\"",
        "coordinate_note": null,
        "status": "active",
        "reference_date": "2026-08-04"
      }
    },
    {
      "type": "Feature",
      "geometry": {
        "type": "Point",
        "coordinates": [
          23.93755556,
          41.49563889
        ]
      },
      "properties": {
        "permit_number_date": "41510351/24.01.2012",
        "permit_number": 41510351.0,
        "canonical_code": "BG4G0001PT1030",
        "holder": "В и К ЕООД Благоевград",
        "facility_name": "ВС\"Теплен-Беслен\"",
        "facility_registration": "389/26.01.2007",
        "water_use_purpose": "питейно-битови цели",
        "mean_discharge_lps": 1.1,
        "max_discharge_lps": 6.0,
        "daily_authorized_volume_m3": 95.1,
        "annual_authorized_volume_m3": 34700.0,
        "hydraulic_conductivity_m_day": null,
        "transmissivity_m2_day": null,
        "aquifer_thickness_m": null,
        "coordinate_method": "official_local",
        "national_register_row": null,
        "latitude_raw": "41°29'44,3\"",
        "longitude_raw": "23°56'15,2\"",
        "coordinate_note": null,
        "status": "active",
        "reference_date": "2026-08-04"
      }
    },
    {
      "type": "Feature",
      "geometry": {
        "type": "Point",
        "coordinates": [
          23.95287,
          41.62580556
        ]
      },
      "properties": {
        "permit_number_date": "41510383/29.03.2013",
        "permit_number": 41510383.0,
        "canonical_code": "BG4G0001PT1030",
        "holder": "Община Гърмен",
        "facility_name": "Каптаж\"Бенан\"-долен",
        "facility_registration": "886/29.03.2013",
        "water_use_purpose": "питейно-битови цели",
        "mean_discharge_lps": 0.9,
        "max_discharge_lps": 3.1,
        "daily_authorized_volume_m3": 76.7,
        "annual_authorized_volume_m3": 28000.0,
        "hydraulic_conductivity_m_day": 2.0,
        "transmissivity_m2_day": 30.0,
        "aquifer_thickness_m": null,
        "coordinate_method": "official_local",
        "national_register_row": null,
        "latitude_raw": "41°37'32.9\"",
        "longitude_raw": "23°57'10.332\"",
        "coordinate_note": null,
        "status": "active",
        "reference_date": "2026-08-04"
      }
    },
    {
      "type": "Feature",
      "geometry": {
        "type": "Point",
        "coordinates": [
          23.95057139,
          41.62626111
        ]
      },
      "properties": {
        "permit_number_date": "41510383/29.03.2013",
        "permit_number": 41510383.0,
        "canonical_code": "BG4G0001PT1030",
        "holder": "Община Гърмен",
        "facility_name": "Каптаж\"Бенан\"-горен",
        "facility_registration": "887/29.03.2013",
        "water_use_purpose": "питейно-битови цели",
        "mean_discharge_lps": null,
        "max_discharge_lps": null,
        "daily_authorized_volume_m3": null,
        "annual_authorized_volume_m3": null,
        "hydraulic_conductivity_m_day": 2.0,
        "transmissivity_m2_day": 30.0,
        "aquifer_thickness_m": null,
        "coordinate_method": "official_local",
        "national_register_row": null,
        "latitude_raw": "41°37'34.54\"",
        "longitude_raw": "23°57'2.057\"",
        "coordinate_note": null,
        "status": "active",
        "reference_date": "2026-08-04"
      }
    },
    {
      "type": "Feature",
      "geometry": {
        "type": "Point",
        "coordinates": [
          23.88977778,
          41.48375
        ]
      },
      "properties": {
        "permit_number_date": "41520042/13.01.2014",
        "permit_number": 41520042.0,
        "canonical_code": "BG4G0001PT1030",
        "holder": "Макс-строй 91 ЕООД",
        "facility_name": "ТК-1",
        "facility_registration": null,
        "water_use_purpose": "други цели и животновъдство",
        "mean_discharge_lps": 0.1,
        "max_discharge_lps": 1.0,
        "daily_authorized_volume_m3": null,
        "annual_authorized_volume_m3": 4250.0,
        "hydraulic_conductivity_m_day": 0.5,
        "transmissivity_m2_day": 20.0,
        "aquifer_thickness_m": "30-50",
        "coordinate_method": "official_local",
        "national_register_row": null,
        "latitude_raw": "41°29'1,5''",
        "longitude_raw": "23°53'23.2\"",
        "coordinate_note": null,
        "status": "active",
        "reference_date": "2026-08-04"
      }
    },
    {
      "type": "Feature",
      "geometry": {
        "type": "Point",
        "coordinates": [
          23.98620444,
          41.67773889
        ]
      },
      "properties": {
        "permit_number_date": "41590134/24.03.2014",
        "permit_number": 41590134.0,
        "canonical_code": "BG4G0001PT1030",
        "holder": "НЕК ЕАД",
        "facility_name": "КЕИ \"Дикчан\"",
        "facility_registration": "863/03.10.2011",
        "water_use_purpose": "други цели/санитарни нужди и хигиенизиране на площадки/",
        "mean_discharge_lps": 0.00069,
        "max_discharge_lps": null,
        "daily_authorized_volume_m3": null,
        "annual_authorized_volume_m3": 21.9,
        "hydraulic_conductivity_m_day": null,
        "transmissivity_m2_day": null,
        "aquifer_thickness_m": null,
        "coordinate_method": "official_local",
        "national_register_row": null,
        "latitude_raw": "41° 40' 39,860\"",
        "longitude_raw": "23° 59' 10,336\"",
        "coordinate_note": null,
        "status": "active",
        "reference_date": "2026-08-04"
      }
    },
    {
      "type": "Feature",
      "geometry": {
        "type": "Point",
        "coordinates": [
          23.85547778,
          41.6092
        ]
      },
      "properties": {
        "permit_number_date": "41510543/19.12.2016",
        "permit_number": 41510543.0,
        "canonical_code": "BG4G0001PT1030",
        "holder": "В и К ЕООД Благоевград",
        "facility_name": "ВС \"Чучура-римски мост\"- извор 1",
        "facility_registration": null,
        "water_use_purpose": "За питейно-битово водоснабдяване",
        "mean_discharge_lps": null,
        "max_discharge_lps": null,
        "daily_authorized_volume_m3": null,
        "annual_authorized_volume_m3": null,
        "hydraulic_conductivity_m_day": null,
        "transmissivity_m2_day": null,
        "aquifer_thickness_m": null,
        "coordinate_method": "official_local",
        "national_register_row": null,
        "latitude_raw": "41°36'33.12\"",
        "longitude_raw": "23°51'19.72\"",
        "coordinate_note": null,
        "status": "active",
        "reference_date": "2026-08-04"
      }
    },
    {
      "type": "Feature",
      "geometry": {
        "type": "Point",
        "coordinates": [
          23.85519444,
          41.60926667
        ]
      },
      "properties": {
        "permit_number_date": "41510543/19.12.2016",
        "permit_number": 41510543.0,
        "canonical_code": "BG4G0001PT1030",
        "holder": "В и К ЕООД Благоевград",
        "facility_name": "ВС \"Чучура-римски мост\"- извор 2",
        "facility_registration": null,
        "water_use_purpose": "За питейно-битово водоснабдяване",
        "mean_discharge_lps": 0.79,
        "max_discharge_lps": null,
        "daily_authorized_volume_m3": null,
        "annual_authorized_volume_m3": 25000.0,
        "hydraulic_conductivity_m_day": null,
        "transmissivity_m2_day": null,
        "aquifer_thickness_m": null,
        "coordinate_method": "official_local",
        "national_register_row": null,
        "latitude_raw": "41°36'33.36\"",
        "longitude_raw": "23°51'18.70\"",
        "coordinate_note": null,
        "status": "active",
        "reference_date": "2026-08-04"
      }
    },
    {
      "type": "Feature",
      "geometry": {
        "type": "Point",
        "coordinates": [
          23.97321389,
          41.52835833
        ]
      },
      "properties": {
        "permit_number_date": "41510576/22.07.2019",
        "permit_number": 41510576.0,
        "canonical_code": "BG4G0001PT1030",
        "holder": "Община Сатовча",
        "facility_name": "КЕИ \"Голямата вода\"",
        "facility_registration": "1067/22.07.2019",
        "water_use_purpose": "За питейно-битово водоснабдяване",
        "mean_discharge_lps": 0.75,
        "max_discharge_lps": 2.0,
        "daily_authorized_volume_m3": null,
        "annual_authorized_volume_m3": 23328.0,
        "hydraulic_conductivity_m_day": null,
        "transmissivity_m2_day": null,
        "aquifer_thickness_m": null,
        "coordinate_method": "official_local",
        "national_register_row": null,
        "latitude_raw": "41°31'42.09\"",
        "longitude_raw": "23°58'23.57\"",
        "coordinate_note": null,
        "status": "active",
        "reference_date": "2026-08-04"
      }
    },
    {
      "type": "Feature",
      "geometry": {
        "type": "Point",
        "coordinates": [
          24.01852222,
          41.58781111
        ]
      },
      "properties": {
        "permit_number_date": "41590252/07.07.2021",
        "permit_number": 41590252.0,
        "canonical_code": "BG4G0001PT1030",
        "holder": "ЕТ Венцислав Кисьов-Перла 97",
        "facility_name": "ТК-1",
        "facility_registration": "1085/23.11.2020",
        "water_use_purpose": "други цели-почистване на оборска тор от торовите пътеки на доилни боксове за животни",
        "mean_discharge_lps": 0.04,
        "max_discharge_lps": 0.61,
        "daily_authorized_volume_m3": null,
        "annual_authorized_volume_m3": 1277.5,
        "hydraulic_conductivity_m_day": null,
        "transmissivity_m2_day": null,
        "aquifer_thickness_m": null,
        "coordinate_method": "official_local",
        "national_register_row": null,
        "latitude_raw": "41°35'16.12\"",
        "longitude_raw": "24°1'6.68\"",
        "coordinate_note": null,
        "status": "active",
        "reference_date": "2026-08-04"
      }
    },
    {
      "type": "Feature",
      "geometry": {
        "type": "Point",
        "coordinates": [
          22.94356833,
          42.2379975
        ]
      },
      "properties": {
        "permit_number_date": "41510213/23.06.2008",
        "permit_number": 41510213.0,
        "canonical_code": "BG4G00001T2035",
        "holder": "В и К ЕООД Кюстендил",
        "facility_name": "ШК\"Стубело\"",
        "facility_registration": "661/23.06.2008",
        "water_use_purpose": "питейно-битови",
        "mean_discharge_lps": 0.22,
        "max_discharge_lps": 6.0,
        "daily_authorized_volume_m3": 19.0,
        "annual_authorized_volume_m3": 7000.0,
        "hydraulic_conductivity_m_day": null,
        "transmissivity_m2_day": null,
        "aquifer_thickness_m": null,
        "coordinate_method": "official_local",
        "national_register_row": null,
        "latitude_raw": "42° 14' 16,791\"",
        "longitude_raw": "22° 56' 36,846\"",
        "coordinate_note": null,
        "status": "active",
        "reference_date": "2026-08-04"
      }
    },
    {
      "type": "Feature",
      "geometry": {
        "type": "Point",
        "coordinates": [
          22.97316667,
          42.20152778
        ]
      },
      "properties": {
        "permit_number_date": "41510419/11.12.2013",
        "permit_number": 41510419.0,
        "canonical_code": "BG4G00001T2035",
        "holder": "Кюстендилска вода ЕООД",
        "facility_name": "ВС\"Елеса\"",
        "facility_registration": "668/23.06.2008",
        "water_use_purpose": "питейно-битови",
        "mean_discharge_lps": null,
        "max_discharge_lps": null,
        "daily_authorized_volume_m3": null,
        "annual_authorized_volume_m3": 3000.0,
        "hydraulic_conductivity_m_day": null,
        "transmissivity_m2_day": null,
        "aquifer_thickness_m": null,
        "coordinate_method": "official_local",
        "national_register_row": null,
        "latitude_raw": "42° 12' 05,5\"",
        "longitude_raw": "22° 58' 23,4\"",
        "coordinate_note": null,
        "status": "active",
        "reference_date": "2026-08-04"
      }
    },
    {
      "type": "Feature",
      "geometry": {
        "type": "Point",
        "coordinates": [
          22.97312472,
          42.20151556
        ]
      },
      "properties": {
        "permit_number_date": "41510418/19.12.2013",
        "permit_number": 41510418.0,
        "canonical_code": "BG4G00001T2035",
        "holder": "Кюстендилска вода ЕООД",
        "facility_name": "ВС\"Пладнище\"",
        "facility_registration": "667/23.06.2008",
        "water_use_purpose": "питейно-битови",
        "mean_discharge_lps": null,
        "max_discharge_lps": null,
        "daily_authorized_volume_m3": null,
        "annual_authorized_volume_m3": 7000.0,
        "hydraulic_conductivity_m_day": null,
        "transmissivity_m2_day": null,
        "aquifer_thickness_m": null,
        "coordinate_method": "official_local",
        "national_register_row": null,
        "latitude_raw": "42° 12' 5,456\"",
        "longitude_raw": "22° 58' 23,249\"",
        "coordinate_note": null,
        "status": "active",
        "reference_date": "2026-08-04"
      }
    },
    {
      "type": "Feature",
      "geometry": {
        "type": "Point",
        "coordinates": [
          22.97063889,
          42.17113889
        ]
      },
      "properties": {
        "permit_number_date": "41510463/09.01.2014",
        "permit_number": 41510463.0,
        "canonical_code": "BG4G00001T2035",
        "holder": "Кюстендилска вода ЕООД",
        "facility_name": "ВС\"Извор\"",
        "facility_registration": "657/23.06.2008",
        "water_use_purpose": "питейно-битови",
        "mean_discharge_lps": 0.086,
        "max_discharge_lps": null,
        "daily_authorized_volume_m3": null,
        "annual_authorized_volume_m3": 2700.0,
        "hydraulic_conductivity_m_day": null,
        "transmissivity_m2_day": null,
        "aquifer_thickness_m": null,
        "coordinate_method": "official_local",
        "national_register_row": null,
        "latitude_raw": "42°10'16.1\"",
        "longitude_raw": "22°58'14.3\"",
        "coordinate_note": null,
        "status": "active",
        "reference_date": "2026-08-04"
      }
    },
    {
      "type": "Feature",
      "geometry": {
        "type": "Point",
        "coordinates": [
          22.970667,
          42.171194
        ]
      },
      "properties": {
        "permit_number_date": "41510464/09.01.2014",
        "permit_number": 41510464.0,
        "canonical_code": "BG4G00001T2035",
        "holder": "Кюстендилска вода ЕООД",
        "facility_name": "ВС\"Климало\"",
        "facility_registration": "658/23.06.2008",
        "water_use_purpose": "питейно-битови",
        "mean_discharge_lps": 0.15,
        "max_discharge_lps": null,
        "daily_authorized_volume_m3": null,
        "annual_authorized_volume_m3": 4800.0,
        "hydraulic_conductivity_m_day": null,
        "transmissivity_m2_day": null,
        "aquifer_thickness_m": null,
        "coordinate_method": "official_national_crosscheck",
        "national_register_row": 885.0,
        "latitude_raw": "BG4G00001T2035",
        "longitude_raw": "Пукнатинно-карстови води в Бобошево-Мърводолски картсов басейн",
        "coordinate_note": null,
        "status": "active",
        "reference_date": "2026-08-04"
      }
    },
    {
      "type": "Feature",
      "geometry": {
        "type": "Point",
        "coordinates": [
          22.91016667,
          42.22594444
        ]
      },
      "properties": {
        "permit_number_date": "41510621/06.01.2025",
        "permit_number": 41510621.0,
        "canonical_code": "BG4G00001T2035",
        "holder": "Община Невестино",
        "facility_name": "Каптаж \"Мърводол\"",
        "facility_registration": "744/02.02.2009",
        "water_use_purpose": "обществено питейно-битово водоснабдяване",
        "mean_discharge_lps": 0.9,
        "max_discharge_lps": 0.9,
        "daily_authorized_volume_m3": 0.9,
        "annual_authorized_volume_m3": 27813.0,
        "hydraulic_conductivity_m_day": null,
        "transmissivity_m2_day": null,
        "aquifer_thickness_m": null,
        "coordinate_method": "official_local",
        "national_register_row": null,
        "latitude_raw": "42°13'33.4\"",
        "longitude_raw": "22°54'36.6\"",
        "coordinate_note": null,
        "status": "active",
        "reference_date": "2026-08-04"
      }
    },
    {
      "type": "Feature",
      "geometry": {
        "type": "Point",
        "coordinates": [
          23.68102778,
          41.47094444
        ]
      },
      "properties": {
        "permit_number_date": "41510046/27.03.2007",
        "permit_number": 41510046.0,
        "canonical_code": "BG4G0001PT1036",
        "holder": "В и К ЕООД Благоевград",
        "facility_name": "ВС\"Корията-1\"",
        "facility_registration": "457/27.03.2007",
        "water_use_purpose": "питейно-битови",
        "mean_discharge_lps": null,
        "max_discharge_lps": null,
        "daily_authorized_volume_m3": 95.1,
        "annual_authorized_volume_m3": 34700.0,
        "hydraulic_conductivity_m_day": null,
        "transmissivity_m2_day": null,
        "aquifer_thickness_m": null,
        "coordinate_method": "official_local",
        "national_register_row": null,
        "latitude_raw": "41°28'15.4\"",
        "longitude_raw": "23°40'51.7\"",
        "coordinate_note": null,
        "status": "active",
        "reference_date": "2026-08-04"
      }
    },
    {
      "type": "Feature",
      "geometry": {
        "type": "Point",
        "coordinates": [
          23.68194444,
          41.47225
        ]
      },
      "properties": {
        "permit_number_date": "41510046/27.03.2007",
        "permit_number": 41510046.0,
        "canonical_code": "BG4G0001PT1036",
        "holder": "В и К ЕООД Благоевград",
        "facility_name": "ВС\"Корията-2\"",
        "facility_registration": "458/27.03.2007",
        "water_use_purpose": "питейно-битови",
        "mean_discharge_lps": null,
        "max_discharge_lps": null,
        "daily_authorized_volume_m3": 665.2,
        "annual_authorized_volume_m3": 242800.0,
        "hydraulic_conductivity_m_day": null,
        "transmissivity_m2_day": null,
        "aquifer_thickness_m": null,
        "coordinate_method": "official_local",
        "national_register_row": null,
        "latitude_raw": "41°28'20.1\"",
        "longitude_raw": "23°40'55\"",
        "coordinate_note": null,
        "status": "active",
        "reference_date": "2026-08-04"
      }
    },
    {
      "type": "Feature",
      "geometry": {
        "type": "Point",
        "coordinates": [
          23.67416667,
          41.54983333
        ]
      },
      "properties": {
        "permit_number_date": "41510071/30.03.2007",
        "permit_number": 41510071.0,
        "canonical_code": "BG4G0001PT1036",
        "holder": "В и К ЕООД Благоевград",
        "facility_name": "ВС\"Папаз чаир-1\"",
        "facility_registration": "483/30.03.2007",
        "water_use_purpose": "питейно-битови",
        "mean_discharge_lps": null,
        "max_discharge_lps": null,
        "daily_authorized_volume_m3": 383.6,
        "annual_authorized_volume_m3": 140000.0,
        "hydraulic_conductivity_m_day": null,
        "transmissivity_m2_day": null,
        "aquifer_thickness_m": null,
        "coordinate_method": "official_local",
        "national_register_row": null,
        "latitude_raw": "41°32'59,4\"",
        "longitude_raw": "23°40'27,0\"",
        "coordinate_note": null,
        "status": "active",
        "reference_date": "2026-08-04"
      }
    },
    {
      "type": "Feature",
      "geometry": {
        "type": "Point",
        "coordinates": [
          23.67394444,
          41.55055556
        ]
      },
      "properties": {
        "permit_number_date": "41510071/30.03.2007",
        "permit_number": 41510071.0,
        "canonical_code": "BG4G0001PT1036",
        "holder": "В и К ЕООД Благоевград",
        "facility_name": "ВС\"Папаз чаир-2\"",
        "facility_registration": "484/30.03.2007",
        "water_use_purpose": "питейно-битови",
        "mean_discharge_lps": null,
        "max_discharge_lps": null,
        "daily_authorized_volume_m3": null,
        "annual_authorized_volume_m3": null,
        "hydraulic_conductivity_m_day": null,
        "transmissivity_m2_day": null,
        "aquifer_thickness_m": null,
        "coordinate_method": "official_local",
        "national_register_row": null,
        "latitude_raw": "41°33'02,0\"",
        "longitude_raw": "23°40'26,2\"",
        "coordinate_note": null,
        "status": "active",
        "reference_date": "2026-08-04"
      }
    },
    {
      "type": "Feature",
      "geometry": {
        "type": "Point",
        "coordinates": [
          23.67511111,
          41.55227778
        ]
      },
      "properties": {
        "permit_number_date": "41510071/30.03.2007",
        "permit_number": 41510071.0,
        "canonical_code": "BG4G0001PT1036",
        "holder": "В и К ЕООД Благоевград",
        "facility_name": "ВС\"Папаз чаир-3\"",
        "facility_registration": "485/30.03.2007",
        "water_use_purpose": "питейно-битови",
        "mean_discharge_lps": null,
        "max_discharge_lps": null,
        "daily_authorized_volume_m3": null,
        "annual_authorized_volume_m3": null,
        "hydraulic_conductivity_m_day": null,
        "transmissivity_m2_day": null,
        "aquifer_thickness_m": null,
        "coordinate_method": "official_local",
        "national_register_row": null,
        "latitude_raw": "41°33'08,2\"",
        "longitude_raw": "23°40'30,4\"",
        "coordinate_note": null,
        "status": "active",
        "reference_date": "2026-08-04"
      }
    },
    {
      "type": "Feature",
      "geometry": {
        "type": "Point",
        "coordinates": [
          23.67441667,
          41.55194444
        ]
      },
      "properties": {
        "permit_number_date": "41510071/30.03.2007",
        "permit_number": 41510071.0,
        "canonical_code": "BG4G0001PT1036",
        "holder": "В и К ЕООД Благоевград",
        "facility_name": "ВС\"Папаз чаир-4\"",
        "facility_registration": "486/30.03.2007",
        "water_use_purpose": "питейно-битови",
        "mean_discharge_lps": null,
        "max_discharge_lps": null,
        "daily_authorized_volume_m3": null,
        "annual_authorized_volume_m3": null,
        "hydraulic_conductivity_m_day": null,
        "transmissivity_m2_day": null,
        "aquifer_thickness_m": null,
        "coordinate_method": "official_local",
        "national_register_row": null,
        "latitude_raw": "41°33'07,0\"",
        "longitude_raw": "23°40'27,9\"",
        "coordinate_note": null,
        "status": "active",
        "reference_date": "2026-08-04"
      }
    },
    {
      "type": "Feature",
      "geometry": {
        "type": "Point",
        "coordinates": [
          23.55372222,
          41.41475
        ]
      },
      "properties": {
        "permit_number_date": "41510317/18.11.2010",
        "permit_number": 41510317.0,
        "canonical_code": "BG4G0001PT1036",
        "holder": "Увекс ЕООД Сандански",
        "facility_name": "ВС\"Извора\"",
        "facility_registration": "337/20.06.2006",
        "water_use_purpose": "питейно-битови цели",
        "mean_discharge_lps": 46.56,
        "max_discharge_lps": null,
        "daily_authorized_volume_m3": null,
        "annual_authorized_volume_m3": 1500000.0,
        "hydraulic_conductivity_m_day": null,
        "transmissivity_m2_day": null,
        "aquifer_thickness_m": null,
        "coordinate_method": "official_local",
        "national_register_row": null,
        "latitude_raw": "41° 24' 53,100\"",
        "longitude_raw": "23° 33' 13,400\"",
        "coordinate_note": null,
        "status": "active",
        "reference_date": "2026-08-04"
      }
    },
    {
      "type": "Feature",
      "geometry": {
        "type": "Point",
        "coordinates": [
          23.66876667,
          41.58928611
        ]
      },
      "properties": {
        "permit_number_date": "41510520/12.01.2016г.",
        "permit_number": 41510520.0,
        "canonical_code": "BG4G0001PT1036",
        "holder": "Община Гоце Делчев",
        "facility_name": "Каптаж \"Мулковото\"",
        "facility_registration": "770/27.07.2009",
        "water_use_purpose": "питейно-битово водоснабдяване",
        "mean_discharge_lps": 0.11,
        "max_discharge_lps": 0.21,
        "daily_authorized_volume_m3": 9.504,
        "annual_authorized_volume_m3": 3361.0,
        "hydraulic_conductivity_m_day": null,
        "transmissivity_m2_day": null,
        "aquifer_thickness_m": null,
        "coordinate_method": "official_local",
        "national_register_row": null,
        "latitude_raw": "41° 35' 21,430\"",
        "longitude_raw": "23° 40' 7,560\"",
        "coordinate_note": null,
        "status": "active",
        "reference_date": "2026-08-04"
      }
    },
    {
      "type": "Feature",
      "geometry": {
        "type": "Point",
        "coordinates": [
          23.69396667,
          41.55571389
        ]
      },
      "properties": {
        "permit_number_date": "41510542/19.12.2016",
        "permit_number": 41510542.0,
        "canonical_code": "BG4G0001PT1036",
        "holder": "В и К ЕООД Благоевград",
        "facility_name": "ВС \"Над селото 1\" (Каптаж на извор)",
        "facility_registration": "634/23.06.2008",
        "water_use_purpose": "За питейно-битово водоснабдяване",
        "mean_discharge_lps": 0.019,
        "max_discharge_lps": null,
        "daily_authorized_volume_m3": null,
        "annual_authorized_volume_m3": null,
        "hydraulic_conductivity_m_day": null,
        "transmissivity_m2_day": null,
        "aquifer_thickness_m": null,
        "coordinate_method": "official_local",
        "national_register_row": null,
        "latitude_raw": "41°33'20.57\"",
        "longitude_raw": "23°41'38.28\"",
        "coordinate_note": null,
        "status": "active",
        "reference_date": "2026-08-04"
      }
    },
    {
      "type": "Feature",
      "geometry": {
        "type": "Point",
        "coordinates": [
          23.69376944,
          41.55502222
        ]
      },
      "properties": {
        "permit_number_date": "41510542/19.12.2016",
        "permit_number": 41510542.0,
        "canonical_code": "BG4G0001PT1036",
        "holder": "В и К ЕООД Благоевград",
        "facility_name": "ВС \"Над селото 2\" (Каптаж на извор)",
        "facility_registration": "635/23.06.2008",
        "water_use_purpose": "За питейно-битово водоснабдяване",
        "mean_discharge_lps": 0.013,
        "max_discharge_lps": null,
        "daily_authorized_volume_m3": null,
        "annual_authorized_volume_m3": 1022.0,
        "hydraulic_conductivity_m_day": null,
        "transmissivity_m2_day": null,
        "aquifer_thickness_m": null,
        "coordinate_method": "official_local",
        "national_register_row": null,
        "latitude_raw": "41°33'18.08\"",
        "longitude_raw": "23°41'37.57\"",
        "coordinate_note": null,
        "status": "active",
        "reference_date": "2026-08-04"
      }
    },
    {
      "type": "Feature",
      "geometry": {
        "type": "Point",
        "coordinates": [
          23.68472222,
          41.44277778
        ]
      },
      "properties": {
        "permit_number_date": "41520097/12.01.2018",
        "permit_number": 41520097.0,
        "canonical_code": "BG4G0001PT1036",
        "holder": "НАТУРА ООД",
        "facility_name": "КЕИ \"Парил\"",
        "facility_registration": "871/07.11.2011",
        "water_use_purpose": "Самостоятелно водоснабдяване за напояване на земеделски култури",
        "mean_discharge_lps": 0.24,
        "max_discharge_lps": null,
        "daily_authorized_volume_m3": 20.7,
        "annual_authorized_volume_m3": 7560.0,
        "hydraulic_conductivity_m_day": null,
        "transmissivity_m2_day": null,
        "aquifer_thickness_m": null,
        "coordinate_method": "official_local",
        "national_register_row": null,
        "latitude_raw": "41°26'34.'37\"",
        "longitude_raw": "23°41'5.'14\"",
        "coordinate_note": null,
        "status": "active",
        "reference_date": "2026-08-04"
      }
    },
    {
      "type": "Feature",
      "geometry": {
        "type": "Point",
        "coordinates": [
          23.58861111,
          41.39166667
        ]
      },
      "properties": {
        "permit_number_date": "41510552/30.03.2018",
        "permit_number": 41510552.0,
        "canonical_code": "BG4G0001PT1036",
        "holder": "Община Сандански",
        "facility_name": "КЕИ \"Али ботуш\"",
        "facility_registration": null,
        "water_use_purpose": "За питейно-битово водоснабдяване",
        "mean_discharge_lps": 0.35,
        "max_discharge_lps": null,
        "daily_authorized_volume_m3": null,
        "annual_authorized_volume_m3": 11045.0,
        "hydraulic_conductivity_m_day": null,
        "transmissivity_m2_day": null,
        "aquifer_thickness_m": null,
        "coordinate_method": "official_local",
        "national_register_row": null,
        "latitude_raw": "41°23'30.'58\"",
        "longitude_raw": "23°35'19.'42\"",
        "coordinate_note": null,
        "status": "active",
        "reference_date": "2026-08-04"
      }
    },
    {
      "type": "Feature",
      "geometry": {
        "type": "Point",
        "coordinates": [
          23.58944444,
          41.52194444
        ]
      },
      "properties": {
        "permit_number_date": "41510553/30.03.2018",
        "permit_number": 41510553.0,
        "canonical_code": "BG4G0001PT1036",
        "holder": "Община Сандански",
        "facility_name": "КЕИ \"Двете реки\"",
        "facility_registration": null,
        "water_use_purpose": "За питейно-битово водоснабдяване",
        "mean_discharge_lps": 0.76,
        "max_discharge_lps": null,
        "daily_authorized_volume_m3": null,
        "annual_authorized_volume_m3": 23830.0,
        "hydraulic_conductivity_m_day": null,
        "transmissivity_m2_day": null,
        "aquifer_thickness_m": null,
        "coordinate_method": "official_local",
        "national_register_row": null,
        "latitude_raw": "41°31'19.'37\"",
        "longitude_raw": "23°35'22.'05\"",
        "coordinate_note": null,
        "status": "active",
        "reference_date": "2026-08-04"
      }
    },
    {
      "type": "Feature",
      "geometry": {
        "type": "Point",
        "coordinates": [
          23.572525,
          41.54719722
        ]
      },
      "properties": {
        "permit_number_date": "41510598/09.10.2023",
        "permit_number": 41510598.0,
        "canonical_code": "BG4G0001PT1036",
        "holder": "Община Сандански",
        "facility_name": "КЕИ \"Еврейски дол\"",
        "facility_registration": "1148/11.04.2022",
        "water_use_purpose": "обществено питейно-битово водоснабдяване",
        "mean_discharge_lps": 0.44,
        "max_discharge_lps": "неприложимо",
        "daily_authorized_volume_m3": null,
        "annual_authorized_volume_m3": 13876.0,
        "hydraulic_conductivity_m_day": null,
        "transmissivity_m2_day": null,
        "aquifer_thickness_m": null,
        "coordinate_method": "official_local",
        "national_register_row": null,
        "latitude_raw": "41°32'49.91\"",
        "longitude_raw": "23°34'21.09\"",
        "coordinate_note": null,
        "status": "active",
        "reference_date": "2026-08-04"
      }
    },
    {
      "type": "Feature",
      "geometry": {
        "type": "Point",
        "coordinates": [
          22.79683333,
          42.35925
        ]
      },
      "properties": {
        "permit_number_date": "41510374/03.12.2012",
        "permit_number": 41510374.0,
        "canonical_code": "BG4G00T2T3028",
        "holder": "Кюстендилска вода ЕООД",
        "facility_name": "ВС\"Глигор\"",
        "facility_registration": "438/14.03.2007",
        "water_use_purpose": "питейно-битови",
        "mean_discharge_lps": null,
        "max_discharge_lps": null,
        "daily_authorized_volume_m3": 5.0,
        "annual_authorized_volume_m3": 1800.0,
        "hydraulic_conductivity_m_day": null,
        "transmissivity_m2_day": null,
        "aquifer_thickness_m": null,
        "coordinate_method": "official_local",
        "national_register_row": null,
        "latitude_raw": "42°21'33.3\"",
        "longitude_raw": "22°47'48.6\"",
        "coordinate_note": null,
        "status": "active",
        "reference_date": "2026-08-04"
      }
    },
    {
      "type": "Feature",
      "geometry": {
        "type": "Point",
        "coordinates": [
          22.81919444,
          42.34586111
        ]
      },
      "properties": {
        "permit_number_date": "41510377/03.12.2012",
        "permit_number": 41510377.0,
        "canonical_code": "BG4G00T2T3028",
        "holder": "Кюстендилска вода ЕООД",
        "facility_name": "ВС\"Извора\"",
        "facility_registration": "439/14.03.2007",
        "water_use_purpose": "питейно-битови",
        "mean_discharge_lps": null,
        "max_discharge_lps": null,
        "daily_authorized_volume_m3": 3.84,
        "annual_authorized_volume_m3": 1400.0,
        "hydraulic_conductivity_m_day": null,
        "transmissivity_m2_day": null,
        "aquifer_thickness_m": null,
        "coordinate_method": "official_local",
        "national_register_row": null,
        "latitude_raw": "42°20'45.1\"",
        "longitude_raw": "22°49'09.1\"",
        "coordinate_note": null,
        "status": "active",
        "reference_date": "2026-08-04"
      }
    },
    {
      "type": "Feature",
      "geometry": {
        "type": "Point",
        "coordinates": [
          22.80825,
          42.34355556
        ]
      },
      "properties": {
        "permit_number_date": "41510376/03.12.2012",
        "permit_number": 41510376.0,
        "canonical_code": "BG4G00T2T3028",
        "holder": "Кюстендилска вода ЕООД",
        "facility_name": "ВС\"Чуранко\"",
        "facility_registration": "440/14.03.2007",
        "water_use_purpose": "питейно-битови",
        "mean_discharge_lps": null,
        "max_discharge_lps": null,
        "daily_authorized_volume_m3": 0.27,
        "annual_authorized_volume_m3": 100.0,
        "hydraulic_conductivity_m_day": null,
        "transmissivity_m2_day": null,
        "aquifer_thickness_m": null,
        "coordinate_method": "official_local",
        "national_register_row": null,
        "latitude_raw": "42°20'36.8\"",
        "longitude_raw": "22°48'29.7\"",
        "coordinate_note": null,
        "status": "active",
        "reference_date": "2026-08-04"
      }
    },
    {
      "type": "Feature",
      "geometry": {
        "type": "Point",
        "coordinates": [
          22.93339222,
          42.33381083
        ]
      },
      "properties": {
        "permit_number_date": "41510438/31.10.2013",
        "permit_number": 41510438.0,
        "canonical_code": "BG4G00T2T3028",
        "holder": "Кюстендилска вода ЕООД",
        "facility_name": "ВС\"Извора\"",
        "facility_registration": "692/26.06.2008",
        "water_use_purpose": "питейно-битови",
        "mean_discharge_lps": null,
        "max_discharge_lps": null,
        "daily_authorized_volume_m3": null,
        "annual_authorized_volume_m3": 1200.0,
        "hydraulic_conductivity_m_day": null,
        "transmissivity_m2_day": null,
        "aquifer_thickness_m": null,
        "coordinate_method": "official_local",
        "national_register_row": null,
        "latitude_raw": "42° 20' 1,719\"",
        "longitude_raw": "22° 56' 0,212\"",
        "coordinate_note": null,
        "status": "active",
        "reference_date": "2026-08-04"
      }
    },
    {
      "type": "Feature",
      "geometry": {
        "type": "Point",
        "coordinates": [
          22.68071722,
          42.41145333
        ]
      },
      "properties": {
        "permit_number_date": "41510391/31.10.2013",
        "permit_number": 41510391.0,
        "canonical_code": "BG4G00T2T3028",
        "holder": "Кюстендилска вода ЕООД",
        "facility_name": "ВС\"Полска Скакавица\"",
        "facility_registration": "605/11.06.2008",
        "water_use_purpose": "питейно-битови",
        "mean_discharge_lps": null,
        "max_discharge_lps": null,
        "daily_authorized_volume_m3": null,
        "annual_authorized_volume_m3": 4100.0,
        "hydraulic_conductivity_m_day": null,
        "transmissivity_m2_day": null,
        "aquifer_thickness_m": null,
        "coordinate_method": "official_local",
        "national_register_row": null,
        "latitude_raw": "42° 24' 41,232\"",
        "longitude_raw": "22° 40' 50,582\"",
        "coordinate_note": null,
        "status": "active",
        "reference_date": "2026-08-04"
      }
    },
    {
      "type": "Feature",
      "geometry": {
        "type": "Point",
        "coordinates": [
          22.59966667,
          42.45472222
        ]
      },
      "properties": {
        "permit_number_date": "41510404/21.11.2013",
        "permit_number": 41510404.0,
        "canonical_code": "BG4G00T2T3028",
        "holder": "Кюстендилска вода ЕООД",
        "facility_name": "ВС\"Мали брест\"",
        "facility_registration": "628/13.06.2008",
        "water_use_purpose": "питейно-битови",
        "mean_discharge_lps": 0.162,
        "max_discharge_lps": null,
        "daily_authorized_volume_m3": null,
        "annual_authorized_volume_m3": 5000.0,
        "hydraulic_conductivity_m_day": null,
        "transmissivity_m2_day": null,
        "aquifer_thickness_m": null,
        "coordinate_method": "official_local",
        "national_register_row": null,
        "latitude_raw": "42°27'17.0\"",
        "longitude_raw": "22°35'58.8\"",
        "coordinate_note": null,
        "status": "active",
        "reference_date": "2026-08-04"
      }
    },
    {
      "type": "Feature",
      "geometry": {
        "type": "Point",
        "coordinates": [
          22.57684972,
          42.45506472
        ]
      },
      "properties": {
        "permit_number_date": "41510405/02.12.2013",
        "permit_number": 41510405.0,
        "canonical_code": "BG4G00T2T3028",
        "holder": "Кюстендилска вода ЕООД",
        "facility_name": "ВС\"ПС Горно Уйно\"",
        "facility_registration": "613/12.06.2008",
        "water_use_purpose": "питейно-битови",
        "mean_discharge_lps": null,
        "max_discharge_lps": null,
        "daily_authorized_volume_m3": null,
        "annual_authorized_volume_m3": 1100.0,
        "hydraulic_conductivity_m_day": null,
        "transmissivity_m2_day": null,
        "aquifer_thickness_m": null,
        "coordinate_method": "official_local",
        "national_register_row": null,
        "latitude_raw": "42° 27' 18,233\"",
        "longitude_raw": "22° 34' 36,659\"",
        "coordinate_note": null,
        "status": "active",
        "reference_date": "2026-08-04"
      }
    },
    {
      "type": "Feature",
      "geometry": {
        "type": "Point",
        "coordinates": [
          22.60950028,
          42.44697444
        ]
      },
      "properties": {
        "permit_number_date": "41510406/02.12.2013",
        "permit_number": 41510406.0,
        "canonical_code": "BG4G00T2T3028",
        "holder": "Кюстендилска вода ЕООД",
        "facility_name": "ВС\"ПС Полетинци\"",
        "facility_registration": "612/12.06.2008",
        "water_use_purpose": "питейно-битови",
        "mean_discharge_lps": null,
        "max_discharge_lps": null,
        "daily_authorized_volume_m3": null,
        "annual_authorized_volume_m3": 2000.0,
        "hydraulic_conductivity_m_day": null,
        "transmissivity_m2_day": null,
        "aquifer_thickness_m": null,
        "coordinate_method": "official_local",
        "national_register_row": null,
        "latitude_raw": "42° 26' 49,108\"",
        "longitude_raw": "22° 36' 34,201\"",
        "coordinate_note": null,
        "status": "active",
        "reference_date": "2026-08-04"
      }
    },
    {
      "type": "Feature",
      "geometry": {
        "type": "Point",
        "coordinates": [
          22.90175056,
          42.33629167
        ]
      },
      "properties": {
        "permit_number_date": "41510441/06.01.2014",
        "permit_number": 41510441.0,
        "canonical_code": "BG4G00T2T3028",
        "holder": "Кюстендилска вода ЕООД",
        "facility_name": "ВС\"Извора\"",
        "facility_registration": "691/26.06.2008",
        "water_use_purpose": "питейно-битови",
        "mean_discharge_lps": null,
        "max_discharge_lps": null,
        "daily_authorized_volume_m3": null,
        "annual_authorized_volume_m3": 9500.0,
        "hydraulic_conductivity_m_day": null,
        "transmissivity_m2_day": null,
        "aquifer_thickness_m": null,
        "coordinate_method": "official_local",
        "national_register_row": null,
        "latitude_raw": "42° 20' 10,650\"",
        "longitude_raw": "22° 54' 6,302\"",
        "coordinate_note": null,
        "status": "active",
        "reference_date": "2026-08-04"
      }
    },
    {
      "type": "Feature",
      "geometry": {
        "type": "Point",
        "coordinates": [
          22.59630556,
          42.48208333
        ]
      },
      "properties": {
        "permit_number_date": "41510527/31.08.2016",
        "permit_number": 41510527.0,
        "canonical_code": "BG4G00T2T3028",
        "holder": "Община Трекляно",
        "facility_name": "КЕИ \"Езерото 1\" ; КЕИ \"Езерото \" 2;",
        "facility_registration": "771/03.08.2009; 772/03.08.2009;",
        "water_use_purpose": "За питейно-битово водоснабдяване",
        "mean_discharge_lps": "0,117; дебит общо: 0,32",
        "max_discharge_lps": "неприложимо",
        "daily_authorized_volume_m3": 10.0,
        "annual_authorized_volume_m3": 3650.0,
        "hydraulic_conductivity_m_day": null,
        "transmissivity_m2_day": null,
        "aquifer_thickness_m": null,
        "coordinate_method": "official_local",
        "national_register_row": null,
        "latitude_raw": "42° 28' 55,500\"",
        "longitude_raw": "22° 35' 46,700\"",
        "coordinate_note": null,
        "status": "active",
        "reference_date": "2026-08-04"
      }
    },
    {
      "type": "Feature",
      "geometry": {
        "type": "Point",
        "coordinates": [
          22.71980556,
          42.46972222
        ]
      },
      "properties": {
        "permit_number_date": "41510614/25.09.2024",
        "permit_number": 41510614.0,
        "canonical_code": "BG4G00T2T3028",
        "holder": "В и К ООД Перник",
        "facility_name": "Извор \"Агапия\"",
        "facility_registration": "1218/05.12.2022",
        "water_use_purpose": "обществено питейно-битово водоснабдяване",
        "mean_discharge_lps": 3.18,
        "max_discharge_lps": null,
        "daily_authorized_volume_m3": null,
        "annual_authorized_volume_m3": 100138.0,
        "hydraulic_conductivity_m_day": null,
        "transmissivity_m2_day": null,
        "aquifer_thickness_m": null,
        "coordinate_method": "official_local",
        "national_register_row": null,
        "latitude_raw": "Каптажна шахта- 42°28'11.0\"",
        "longitude_raw": "Каптажна шахта- 22°43'11.3\"",
        "coordinate_note": null,
        "status": "active",
        "reference_date": "2026-08-04"
      }
    },
    {
      "type": "Feature",
      "geometry": {
        "type": "Point",
        "coordinates": [
          22.76183333,
          42.42519444
        ]
      },
      "properties": {
        "permit_number_date": "41510641/06.01.2026",
        "permit_number": 41510641.0,
        "canonical_code": "BG4G00T2T3028",
        "holder": "ВиК ООД Перник",
        "facility_name": "Дренаж \"Белия камък\"",
        "facility_registration": "1186/10.10.2022",
        "water_use_purpose": "обществено питейно-битово водоснабдяване",
        "mean_discharge_lps": 0.137,
        "max_discharge_lps": null,
        "daily_authorized_volume_m3": null,
        "annual_authorized_volume_m3": 4315.0,
        "hydraulic_conductivity_m_day": null,
        "transmissivity_m2_day": null,
        "aquifer_thickness_m": null,
        "coordinate_method": "official_local",
        "national_register_row": null,
        "latitude_raw": "Каптажна шахта - 42°25'30.7\"",
        "longitude_raw": "Каптажна шахта 2- 22°45'42.6\"",
        "coordinate_note": null,
        "status": "active",
        "reference_date": "2026-08-04"
      }
    },
    {
      "type": "Feature",
      "geometry": {
        "type": "Point",
        "coordinates": [
          22.73819444,
          42.46719444
        ]
      },
      "properties": {
        "permit_number_date": "41510658/20.02.2026",
        "permit_number": 41510658.0,
        "canonical_code": "BG4G00T2T3028",
        "holder": "ВиК ООД Перник",
        "facility_name": "Извор \"Манастира\"",
        "facility_registration": "1184/10.10.2022",
        "water_use_purpose": "обществено питейно-битово водоснабдяване",
        "mean_discharge_lps": 0.026,
        "max_discharge_lps": null,
        "daily_authorized_volume_m3": null,
        "annual_authorized_volume_m3": 822.0,
        "hydraulic_conductivity_m_day": null,
        "transmissivity_m2_day": null,
        "aquifer_thickness_m": null,
        "coordinate_method": "official_local",
        "national_register_row": null,
        "latitude_raw": "Каптажна шахта - 42°28'01.9\"",
        "longitude_raw": "Каптажна шахта - 22°44'17.5\"",
        "coordinate_note": null,
        "status": "active",
        "reference_date": "2026-08-04"
      }
    },
    {
      "type": "Feature",
      "geometry": {
        "type": "Point",
        "coordinates": [
          23.47846667,
          41.80487222
        ]
      },
      "properties": {
        "permit_number_date": "41510541/05.12.2016",
        "permit_number": 41510541.0,
        "canonical_code": "BG4G000PT3031",
        "holder": "В и К ЕООД Благоевград",
        "facility_name": "каптаж \"Карантията 1\"",
        "facility_registration": "595/30.06.2008",
        "water_use_purpose": "За питейно-битово водоснабдяване и електроенергия",
        "mean_discharge_lps": 3.39,
        "max_discharge_lps": null,
        "daily_authorized_volume_m3": null,
        "annual_authorized_volume_m3": null,
        "hydraulic_conductivity_m_day": null,
        "transmissivity_m2_day": null,
        "aquifer_thickness_m": null,
        "coordinate_method": "official_local",
        "national_register_row": null,
        "latitude_raw": "41°48'17.54\"",
        "longitude_raw": "23°28'42.48\"",
        "coordinate_note": null,
        "status": "active",
        "reference_date": "2026-08-04"
      }
    },
    {
      "type": "Feature",
      "geometry": {
        "type": "Point",
        "coordinates": [
          23.47854444,
          41.80657778
        ]
      },
      "properties": {
        "permit_number_date": "41510541/05.12.2016",
        "permit_number": 41510541.0,
        "canonical_code": "BG4G000PT3031",
        "holder": "В и К ЕООД Благоевград",
        "facility_name": "каптаж \"Карантията 2\"",
        "facility_registration": "596/30.06.2008",
        "water_use_purpose": "За питейно-битово водоснабдяване и електроенергия",
        "mean_discharge_lps": 3.3,
        "max_discharge_lps": null,
        "daily_authorized_volume_m3": null,
        "annual_authorized_volume_m3": 211000.0,
        "hydraulic_conductivity_m_day": null,
        "transmissivity_m2_day": null,
        "aquifer_thickness_m": null,
        "coordinate_method": "official_local",
        "national_register_row": null,
        "latitude_raw": "41°48'23.68\"",
        "longitude_raw": "23°28'42.76\"",
        "coordinate_note": null,
        "status": "active",
        "reference_date": "2026-08-04"
      }
    },
    {
      "type": "Feature",
      "geometry": {
        "type": "Point",
        "coordinates": [
          22.91883694,
          41.92988222
        ]
      },
      "properties": {
        "permit_number_date": "41510068/28.03.2007",
        "permit_number": 41510068.0,
        "canonical_code": "BG4G00T1T2033",
        "holder": "В и К ЕООД Благоевград",
        "facility_name": "ВС\"Солище\"",
        "facility_registration": "466/28.03.2007",
        "water_use_purpose": "питейно-битови",
        "mean_discharge_lps": null,
        "max_discharge_lps": null,
        "daily_authorized_volume_m3": 5.5,
        "annual_authorized_volume_m3": 2000.0,
        "hydraulic_conductivity_m_day": null,
        "transmissivity_m2_day": null,
        "aquifer_thickness_m": null,
        "coordinate_method": "official_local",
        "national_register_row": null,
        "latitude_raw": "41°55'47.576\"",
        "longitude_raw": "22°55'07.813\"",
        "coordinate_note": null,
        "status": "active",
        "reference_date": "2026-08-04"
      }
    },
    {
      "type": "Feature",
      "geometry": {
        "type": "Point",
        "coordinates": [
          22.94827639,
          41.9298275
        ]
      },
      "properties": {
        "permit_number_date": "41510090/11.05.2007",
        "permit_number": 41510090.0,
        "canonical_code": "BG4G00T1T2033",
        "holder": "В и К ЕООД Благоевград",
        "facility_name": "ВС\"Богородица\"",
        "facility_registration": "512/11.05.2007",
        "water_use_purpose": "питейно-битови",
        "mean_discharge_lps": null,
        "max_discharge_lps": null,
        "daily_authorized_volume_m3": 5.5,
        "annual_authorized_volume_m3": 2000.0,
        "hydraulic_conductivity_m_day": null,
        "transmissivity_m2_day": null,
        "aquifer_thickness_m": null,
        "coordinate_method": "official_local",
        "national_register_row": null,
        "latitude_raw": "41°55'47.379\"",
        "longitude_raw": "22°56'53.795\"",
        "coordinate_note": null,
        "status": "active",
        "reference_date": "2026-08-04"
      }
    },
    {
      "type": "Feature",
      "geometry": {
        "type": "Point",
        "coordinates": [
          23.13088889,
          42.50788889
        ]
      },
      "properties": {
        "permit_number_date": "41590017/27.08.2007",
        "permit_number": 41590017.0,
        "canonical_code": "BG4G1T1T2T3037",
        "holder": "Автомагистрали Хемус АД-стар Витез проспект АД-нов",
        "facility_name": "СК-1",
        "facility_registration": "569/27.08.2007",
        "water_use_purpose": "други цели",
        "mean_discharge_lps": 0.1,
        "max_discharge_lps": 0.41,
        "daily_authorized_volume_m3": 8.64,
        "annual_authorized_volume_m3": 3153.0,
        "hydraulic_conductivity_m_day": null,
        "transmissivity_m2_day": null,
        "aquifer_thickness_m": null,
        "coordinate_method": "official_local",
        "national_register_row": null,
        "latitude_raw": "42°30,44.2\"",
        "longitude_raw": "23°07,37.29\"",
        "coordinate_note": null,
        "status": "active",
        "reference_date": "2026-08-04"
      }
    },
    {
      "type": "Feature",
      "geometry": {
        "type": "Point",
        "coordinates": [
          23.10155556,
          42.48297222
        ]
      },
      "properties": {
        "permit_number_date": "41510274/26.10.2009",
        "permit_number": 41510274.0,
        "canonical_code": "BG4G1T1T2T3037",
        "holder": "В и К ООД Перник",
        "facility_name": "ВС\"Черквата\"",
        "facility_registration": "784/21.10.2010",
        "water_use_purpose": "питейно-битови",
        "mean_discharge_lps": 0.238,
        "max_discharge_lps": null,
        "daily_authorized_volume_m3": 20.5,
        "annual_authorized_volume_m3": 7490.0,
        "hydraulic_conductivity_m_day": null,
        "transmissivity_m2_day": null,
        "aquifer_thickness_m": null,
        "coordinate_method": "official_local",
        "national_register_row": null,
        "latitude_raw": "42°28'58,7\"",
        "longitude_raw": "23°06'05,6\"",
        "coordinate_note": null,
        "status": "active",
        "reference_date": "2026-08-04"
      }
    },
    {
      "type": "Feature",
      "geometry": {
        "type": "Point",
        "coordinates": [
          23.12222889,
          42.48225389
        ]
      },
      "properties": {
        "permit_number_date": "41510279/27.10.2009",
        "permit_number": 41510279.0,
        "canonical_code": "BG4G1T1T2T3037",
        "holder": "В и К ООД Перник",
        "facility_name": "ВС\"Завоя\"",
        "facility_registration": "789/27.10.2009",
        "water_use_purpose": "питейно-битови",
        "mean_discharge_lps": 0.238,
        "max_discharge_lps": null,
        "daily_authorized_volume_m3": 20.5,
        "annual_authorized_volume_m3": 7489.8,
        "hydraulic_conductivity_m_day": null,
        "transmissivity_m2_day": null,
        "aquifer_thickness_m": null,
        "coordinate_method": "official_local",
        "national_register_row": null,
        "latitude_raw": "42° 28' 56,114\"",
        "longitude_raw": "23° 7' 20,024\"",
        "coordinate_note": null,
        "status": "active",
        "reference_date": "2026-08-04"
      }
    },
    {
      "type": "Feature",
      "geometry": {
        "type": "Point",
        "coordinates": [
          23.12755556,
          42.51883333
        ]
      },
      "properties": {
        "permit_number_date": "41510286/27.10.2009",
        "permit_number": 41510286.0,
        "canonical_code": "BG4G1T1T2T3037",
        "holder": "В и К ООД Перник",
        "facility_name": "ВС \"Свети Илия\"",
        "facility_registration": "796/27.10.2009",
        "water_use_purpose": "питейно-битови",
        "mean_discharge_lps": 2.0,
        "max_discharge_lps": null,
        "daily_authorized_volume_m3": 172.9,
        "annual_authorized_volume_m3": 63121.3,
        "hydraulic_conductivity_m_day": null,
        "transmissivity_m2_day": null,
        "aquifer_thickness_m": null,
        "coordinate_method": "official_local",
        "national_register_row": null,
        "latitude_raw": "42°31'07,8\"",
        "longitude_raw": "23°07'39,2\"",
        "coordinate_note": null,
        "status": "active",
        "reference_date": "2026-08-04"
      }
    },
    {
      "type": "Feature",
      "geometry": {
        "type": "Point",
        "coordinates": [
          23.17980556,
          42.49544444
        ]
      },
      "properties": {
        "permit_number_date": "41510289/27.10.2009",
        "permit_number": 41510289.0,
        "canonical_code": "BG4G1T1T2T3037",
        "holder": "В и К ООД Перник",
        "facility_name": "ВС\"ПС Селото\"",
        "facility_registration": "799/27.10.2009",
        "water_use_purpose": "питейно-битови",
        "mean_discharge_lps": 0.5,
        "max_discharge_lps": null,
        "daily_authorized_volume_m3": 43.2,
        "annual_authorized_volume_m3": 15768.0,
        "hydraulic_conductivity_m_day": null,
        "transmissivity_m2_day": null,
        "aquifer_thickness_m": null,
        "coordinate_method": "official_local",
        "national_register_row": null,
        "latitude_raw": "42°29'43,6\"",
        "longitude_raw": "23°10'47,3\"",
        "coordinate_note": null,
        "status": "active",
        "reference_date": "2026-08-04"
      }
    },
    {
      "type": "Feature",
      "geometry": {
        "type": "Point",
        "coordinates": [
          23.12496139,
          42.50534056
        ]
      },
      "properties": {
        "permit_number_date": "41530088/24.11.2014",
        "permit_number": 41530088.0,
        "canonical_code": "BG4G1T1T2T3037",
        "holder": "Хидробетон ООД",
        "facility_name": "ТК-1",
        "facility_registration": "1043/31.05.2017",
        "water_use_purpose": "промишлени и други цели",
        "mean_discharge_lps": 1.8,
        "max_discharge_lps": 2.0,
        "daily_authorized_volume_m3": null,
        "annual_authorized_volume_m3": 56764.8,
        "hydraulic_conductivity_m_day": 0.2,
        "transmissivity_m2_day": 18.0,
        "aquifer_thickness_m": 70.0,
        "coordinate_method": "official_local",
        "national_register_row": null,
        "latitude_raw": "42° 30' 19,226\"",
        "longitude_raw": "23° 7' 29,861\"",
        "coordinate_note": null,
        "status": "active",
        "reference_date": "2026-08-04"
      }
    },
    {
      "type": "Feature",
      "geometry": {
        "type": "Point",
        "coordinates": [
          22.96261111,
          42.58772222
        ]
      },
      "properties": {
        "permit_number_date": "41590241/09.10.2020",
        "permit_number": 41590241.0,
        "canonical_code": "BG4G1T1T2T3037",
        "holder": "Корпорация Топливо АД",
        "facility_name": "ТК-1",
        "facility_registration": null,
        "water_use_purpose": "други цели-хигиенизиране на площадки и напояване на зелени площи",
        "mean_discharge_lps": 0.016,
        "max_discharge_lps": 0.5,
        "daily_authorized_volume_m3": null,
        "annual_authorized_volume_m3": 491.6,
        "hydraulic_conductivity_m_day": null,
        "transmissivity_m2_day": null,
        "aquifer_thickness_m": null,
        "coordinate_method": "official_local",
        "national_register_row": null,
        "latitude_raw": "42°35'15.8\"",
        "longitude_raw": "22°57'45.4\"",
        "coordinate_note": null,
        "status": "active",
        "reference_date": "2026-08-04"
      }
    },
    {
      "type": "Feature",
      "geometry": {
        "type": "Point",
        "coordinates": [
          22.95276111,
          42.54583333
        ]
      },
      "properties": {
        "permit_number_date": "41530120/12.03.2021",
        "permit_number": 41530120.0,
        "canonical_code": "BG4G1T1T2T3037",
        "holder": "ВЛАНЕЛ ООД",
        "facility_name": "ТК",
        "facility_registration": null,
        "water_use_purpose": "Охлаждане",
        "mean_discharge_lps": 0.3,
        "max_discharge_lps": 0.9,
        "daily_authorized_volume_m3": null,
        "annual_authorized_volume_m3": 9461.0,
        "hydraulic_conductivity_m_day": null,
        "transmissivity_m2_day": null,
        "aquifer_thickness_m": null,
        "coordinate_method": "official_local",
        "national_register_row": null,
        "latitude_raw": "42°32'45\"",
        "longitude_raw": "22°57'9.94\"",
        "coordinate_note": null,
        "status": "active",
        "reference_date": "2026-08-04"
      }
    },
    {
      "type": "Feature",
      "geometry": {
        "type": "Point",
        "coordinates": [
          23.06605556,
          42.47963889
        ]
      },
      "properties": {
        "permit_number_date": "41510599/15.09.2023",
        "permit_number": 41510599.0,
        "canonical_code": "BG4G1T1T2T3037",
        "holder": "В и К ООД Перник",
        "facility_name": "КЕИ \"Опалово\"",
        "facility_registration": "1206/02.11.2022",
        "water_use_purpose": "обществено питейно-битово водоснабдяване",
        "mean_discharge_lps": 50.0,
        "max_discharge_lps": 150.0,
        "daily_authorized_volume_m3": null,
        "annual_authorized_volume_m3": 1576800.0,
        "hydraulic_conductivity_m_day": null,
        "transmissivity_m2_day": null,
        "aquifer_thickness_m": null,
        "coordinate_method": "official_local",
        "national_register_row": null,
        "latitude_raw": "42°28'46.7\"",
        "longitude_raw": "23°3'57.8\"",
        "coordinate_note": null,
        "status": "active",
        "reference_date": "2026-08-04"
      }
    },
    {
      "type": "Feature",
      "geometry": {
        "type": "Point",
        "coordinates": [
          22.972,
          42.556339
        ]
      },
      "properties": {
        "permit_number_date": "41510601/02.11.2023",
        "permit_number": 41510601.0,
        "canonical_code": "BG4G1T1T2T3037",
        "holder": "В и К ООД Перник",
        "facility_name": "КЕИ \"Извора 1\"",
        "facility_registration": "1205/02.11.2022",
        "water_use_purpose": "обществено питейно-битово водоснабдяване",
        "mean_discharge_lps": 25.0,
        "max_discharge_lps": null,
        "daily_authorized_volume_m3": null,
        "annual_authorized_volume_m3": 788400.0,
        "hydraulic_conductivity_m_day": null,
        "transmissivity_m2_day": null,
        "aquifer_thickness_m": null,
        "coordinate_method": "sondi_derived_centroid_of_official_national_points",
        "national_register_row": 1441.0,
        "latitude_raw": "КШ 1 42°33'22.9\" КШ 2 42°33'22\"",
        "longitude_raw": "КШ 1 22°58'19\" КШ 2 22°58'19.2\"",
        "coordinate_note": null,
        "status": "active",
        "reference_date": "2026-08-04"
      }
    },
    {
      "type": "Feature",
      "geometry": {
        "type": "Point",
        "coordinates": [
          22.97263889,
          42.55541667
        ]
      },
      "properties": {
        "permit_number_date": "41510602/02.11.2023",
        "permit_number": 41510602.0,
        "canonical_code": "BG4G1T1T2T3037",
        "holder": "В и К ООД Перник",
        "facility_name": "КЕИ \"Извора 2\"",
        "facility_registration": "1206/02.11.2022",
        "water_use_purpose": "обществено питейно-битово водоснабдяване",
        "mean_discharge_lps": 25.0,
        "max_discharge_lps": null,
        "daily_authorized_volume_m3": null,
        "annual_authorized_volume_m3": 788400.0,
        "hydraulic_conductivity_m_day": null,
        "transmissivity_m2_day": null,
        "aquifer_thickness_m": null,
        "coordinate_method": "official_local",
        "national_register_row": null,
        "latitude_raw": "42°33'19.5\"",
        "longitude_raw": "22°58'21.5\"",
        "coordinate_note": null,
        "status": "active",
        "reference_date": "2026-08-04"
      }
    },
    {
      "type": "Feature",
      "geometry": {
        "type": "Point",
        "coordinates": [
          23.15998611,
          42.51543333
        ]
      },
      "properties": {
        "permit_number_date": "41510604/07.12.2023",
        "permit_number": 41510604.0,
        "canonical_code": "BG4G1T1T2T3037",
        "holder": "В и К ООД Перник",
        "facility_name": "Карстов извор \"Врелото\"",
        "facility_registration": "1349/11.09.2023",
        "water_use_purpose": "обществено питейно-битово водоснабдяване",
        "mean_discharge_lps": 45.84,
        "max_discharge_lps": null,
        "daily_authorized_volume_m3": null,
        "annual_authorized_volume_m3": 1445610.24,
        "hydraulic_conductivity_m_day": null,
        "transmissivity_m2_day": null,
        "aquifer_thickness_m": null,
        "coordinate_method": "official_local",
        "national_register_row": null,
        "latitude_raw": "42°30'55.56\"",
        "longitude_raw": "23°9'35.95\"",
        "coordinate_note": null,
        "status": "active",
        "reference_date": "2026-08-04"
      }
    },
    {
      "type": "Feature",
      "geometry": {
        "type": "Point",
        "coordinates": [
          23.07961389,
          42.50702778
        ]
      },
      "properties": {
        "permit_number_date": "41510619/17.01.2025",
        "permit_number": 41510619.0,
        "canonical_code": "BG4G1T1T2T3037",
        "holder": "В и К ООД Перник",
        "facility_name": "Водовземна система \"Голо бърдо\"",
        "facility_registration": "1224/05.12.2022",
        "water_use_purpose": "обществено питейно-битово водоснабдяване",
        "mean_discharge_lps": 0.052,
        "max_discharge_lps": null,
        "daily_authorized_volume_m3": null,
        "annual_authorized_volume_m3": 1643.0,
        "hydraulic_conductivity_m_day": null,
        "transmissivity_m2_day": null,
        "aquifer_thickness_m": null,
        "coordinate_method": "official_local",
        "national_register_row": null,
        "latitude_raw": "Каптажна шахта- 42°30'25.3\"",
        "longitude_raw": "Каптажна шахта- 23°04'46.61\"",
        "coordinate_note": null,
        "status": "active",
        "reference_date": "2026-08-04"
      }
    },
    {
      "type": "Feature",
      "geometry": {
        "type": "Point",
        "coordinates": [
          22.98311111,
          42.58016667
        ]
      },
      "properties": {
        "permit_number_date": "41510625/19.06.2025",
        "permit_number": 41510625.0,
        "canonical_code": "BG4G1T1T2T3037",
        "holder": "ВиК ООД Перник",
        "facility_name": "КЕИ \"Извора\"",
        "facility_registration": "1215/05.12.2022",
        "water_use_purpose": "обществено питейно-битово водоснабдяване",
        "mean_discharge_lps": 0.1,
        "max_discharge_lps": null,
        "daily_authorized_volume_m3": null,
        "annual_authorized_volume_m3": 3129.875,
        "hydraulic_conductivity_m_day": null,
        "transmissivity_m2_day": null,
        "aquifer_thickness_m": null,
        "coordinate_method": "official_local",
        "national_register_row": null,
        "latitude_raw": "Събирателна шахта- 42°34'48.6\"",
        "longitude_raw": "Събирателна шахта- 22°58'59.2\"",
        "coordinate_note": null,
        "status": "active",
        "reference_date": "2026-08-04"
      }
    },
    {
      "type": "Feature",
      "geometry": {
        "type": "Point",
        "coordinates": [
          23.015,
          42.54047222
        ]
      },
      "properties": {
        "permit_number_date": "41510639/05.01.2026",
        "permit_number": 41510639.0,
        "canonical_code": "BG4G1T1T2T3037",
        "holder": "ВиК ООД Перник",
        "facility_name": "Извор \"Растова глава\"",
        "facility_registration": "1226/05.12.2022",
        "water_use_purpose": "обществено питейно-битово водоснабдяване",
        "mean_discharge_lps": 0.017,
        "max_discharge_lps": null,
        "daily_authorized_volume_m3": null,
        "annual_authorized_volume_m3": 544.0,
        "hydraulic_conductivity_m_day": null,
        "transmissivity_m2_day": null,
        "aquifer_thickness_m": null,
        "coordinate_method": "official_local",
        "national_register_row": null,
        "latitude_raw": "Каптажна шахта- 42°32'25.7\"",
        "longitude_raw": "Каптажна шахта- 23°00'54.0\"",
        "coordinate_note": null,
        "status": "active",
        "reference_date": "2026-08-04"
      }
    },
    {
      "type": "Feature",
      "geometry": {
        "type": "Point",
        "coordinates": [
          23.20530556,
          42.52052778
        ]
      },
      "properties": {
        "permit_number_date": "41510656/13.02.2026",
        "permit_number": 41510656.0,
        "canonical_code": "BG4G1T1T2T3037",
        "holder": "ВиК ООД Перник",
        "facility_name": "Извор \"Живата вода\"",
        "facility_registration": "1213/05.12.2022",
        "water_use_purpose": "обществено питейно-битово водоснабдяване",
        "mean_discharge_lps": 0.109,
        "max_discharge_lps": null,
        "daily_authorized_volume_m3": null,
        "annual_authorized_volume_m3": 3437.0,
        "hydraulic_conductivity_m_day": null,
        "transmissivity_m2_day": null,
        "aquifer_thickness_m": null,
        "coordinate_method": "official_local",
        "national_register_row": null,
        "latitude_raw": "Извор- 42°31'13.9\"",
        "longitude_raw": "Извор- 23°12'19.1\"",
        "coordinate_note": "SONDI-derived correction: one-degree coordinate correction validated by official GWB assignment and unique +/-1 degree spatial match.",
        "status": "active",
        "reference_date": "2026-08-04"
      }
    }
  ],
  "quality_report": {
    "unlocated_records": [
      {
        "row": 4,
        "permit_number_date": "1285/06.11.2002",
        "permit_number": 1285.0,
        "canonical_code": "BG4G000000Q001",
        "facility_name": "ТК-1А",
        "coordinate_note": "No reliable coordinate pair available from current WABD and national register."
      },
      {
        "row": 5,
        "permit_number_date": "1285/06.11.2002",
        "permit_number": 1285.0,
        "canonical_code": "BG4G000000Q001",
        "facility_name": "ТК-2А",
        "coordinate_note": "No reliable coordinate pair available from current WABD and national register."
      },
      {
        "row": 6,
        "permit_number_date": "1285/06.11.2002",
        "permit_number": 1285.0,
        "canonical_code": "BG4G000000Q001",
        "facility_name": "ТК-3А",
        "coordinate_note": "No reliable coordinate pair available from current WABD and national register."
      },
      {
        "row": 7,
        "permit_number_date": "1285/06.11.2002",
        "permit_number": 1285.0,
        "canonical_code": "BG4G000000Q001",
        "facility_name": "ТК-4А",
        "coordinate_note": "No reliable coordinate pair available from current WABD and national register."
      },
      {
        "row": 8,
        "permit_number_date": "1285/06.11.2002",
        "permit_number": 1285.0,
        "canonical_code": "BG4G000000Q001",
        "facility_name": "ТК-5А",
        "coordinate_note": "No reliable coordinate pair available from current WABD and national register."
      },
      {
        "row": 95,
        "permit_number_date": "41590338/24.07.2026",
        "permit_number": 41590338.0,
        "canonical_code": "BG4G000000Q002",
        "facility_name": "ТК-1",
        "coordinate_note": "No reliable coordinate pair available from current WABD and national register."
      },
      {
        "row": 199,
        "permit_number_date": "400121/14.04.2004",
        "permit_number": 400121.0,
        "canonical_code": "BG4G000000Q005",
        "facility_name": "Каптаж \"Купищата\"",
        "coordinate_note": "No reliable coordinate pair available from current WABD and national register."
      },
      {
        "row": 247,
        "permit_number_date": "41530052/06.07.2011",
        "permit_number": 41530052.0,
        "canonical_code": "BG4G00000QN006",
        "facility_name": "ТК-1",
        "coordinate_note": "No reliable coordinate pair available from current WABD and national register."
      },
      {
        "row": 637,
        "permit_number_date": "41510593/03.02.2022",
        "permit_number": 41510593.0,
        "canonical_code": "BG4G001PTPZ026",
        "facility_name": "ВС \"Караджа дере\"",
        "coordinate_note": "No reliable coordinate pair available from current WABD and national register."
      }
    ],
    "unknown_groundwater_body_codes": [],
    "invalid_coordinate_records": 9
  }
}
