{
  "type": "FeatureCollection",
  "name": "BDZBR active groundwater chemical monitoring",
  "metadata": {
    "basin": "Western Aegean / BDZBR",
    "source_file": "groundwater-monitoring-chemical-active.csv",
    "source_record_count": 87,
    "production_record_count_after_dedup": 86,
    "mapped_feature_count": 86,
    "unlocated_record_count": 0,
    "duplicates_removed_in_production": 1,
    "groundwater_body_count_with_monitoring": 36,
    "validated_coordinate_policy": "GeoJSON geometry uses validated_latitude and validated_longitude. Original source coordinates are retained in properties.",
    "generated_at_utc": "2026-08-23T16:17:39.250512+00:00"
  },
  "features": [
    {
      "type": "Feature",
      "geometry": {
        "type": "Point",
        "coordinates": [
          23.18339,
          41.42039
        ]
      },
      "properties": {
        "eu_point_code": "BG4G000000QMP064",
        "oracle_point_code": 160.0,
        "settlement": "Петрич",
        "database_name": "Петрич, ТK-3, \"ВиК\" ЕООД - гр. Петрич",
        "basin_name": "ТK-3, \" ВиК\" ЕООД - гр. Петрич",
        "municipality": "Петрич",
        "region": "Благоевград",
        "laboratory": "Благоевград",
        "canonical_code": "BG4G000000Q001",
        "source_body_code": "BG4G000000Q001",
        "source_latitude": 41.42039,
        "source_longitude": 23.18339,
        "validated_latitude": 41.42039,
        "validated_longitude": 23.18339,
        "latitude_raw": 41.42039,
        "longitude_raw": 23.18339,
        "coordinate_format": "decimal",
        "coordinate_quality": "official_as_published",
        "coordinate_correction_source": null,
        "coordinate_note": null,
        "coordinate_is_corrected": false,
        "depth_raw": 50.5,
        "depth_m": 50.5,
        "point_use": "DW",
        "control_basic_physchem": "(x) 4y",
        "control_additional_physchem": "(1,2,3,4)4y",
        "control_metals_metalloids": "(1,2,3,4,5,6,7,8,9,10,16,17,18,19)1y (12,13,14,15) 4y",
        "control_organic": "(3,4,5,12,13,14,18,23,37,49) 1y",
        "operational_basic_physchem": "(1,2,3,4,6,8,9,10,14) 4у",
        "operational_additional_physchem": "(1-5)/ 4y",
        "operational_metals_metalloids": "(1-11)/2y",
        "operational_organic": "(3,4,5,12,13,14,18,23,37,49) 1y",
        "control_chemical": "X",
        "operational_chemical": "X",
        "drinking_water_protection_zone": "X",
        "nitrate_directive_monitoring": "X",
        "wise_reporting": "X",
        "eea_reporting": "X",
        "justification": "пункт за оценка на тенденциите -  NO3, поров водоносен хоризонт, зона за защита на водите - НУЗ, ЗЗВ ПБВ"
      }
    },
    {
      "type": "Feature",
      "geometry": {
        "type": "Point",
        "coordinates": [
          23.2,
          41.405
        ]
      },
      "properties": {
        "eu_point_code": "BG4G000001QMP650",
        "oracle_point_code": 1015.0,
        "settlement": "Петрич",
        "database_name": "Петрич, СК-1 на Завод за водомери \"Беласица\"",
        "basin_name": "СК-1 на Завод за водомери \"Беласица\", Петрич",
        "municipality": "Петрич",
        "region": "Благоевград",
        "laboratory": "Благоевград",
        "canonical_code": "BG4G000000Q001",
        "source_body_code": "BG4G000000Q001",
        "source_latitude": 41.405,
        "source_longitude": 23.2,
        "validated_latitude": 41.405,
        "validated_longitude": 23.2,
        "latitude_raw": 41.405,
        "longitude_raw": 23.2,
        "coordinate_format": "decimal",
        "coordinate_quality": "official_as_published",
        "coordinate_correction_source": null,
        "coordinate_note": null,
        "coordinate_is_corrected": false,
        "depth_raw": 24.0,
        "depth_m": 24.0,
        "point_use": "IND",
        "control_basic_physchem": "(x) 4y",
        "control_additional_physchem": "(1,2,3,4)4y",
        "control_metals_metalloids": "(1,2,3,4,5,6,7,8,9,10,16,17,18,19)1y (12,13,14,15) 4y",
        "control_organic": "(3,4,5,12,13,14,18,23,37,49) 1y",
        "operational_basic_physchem": "(1,2,3,4,6,8,9,10,14) 4у",
        "operational_additional_physchem": "(1-5)/ 4y",
        "operational_metals_metalloids": "(1,2,3,4,5,6,7) 1y (8,9,10) 4y",
        "operational_organic": "(3,4,5,12,13,14,18,23,37,49) 1y",
        "control_chemical": "Х",
        "operational_chemical": "Х",
        "drinking_water_protection_zone": "-",
        "nitrate_directive_monitoring": null,
        "wise_reporting": null,
        "eea_reporting": null,
        "justification": "пункт за оценка на тенденциите -  NO3, поров водоносен хоризонт, зона за защита на водите - НУЗ, ЗЗВ ПБВ"
      }
    },
    {
      "type": "Feature",
      "geometry": {
        "type": "Point",
        "coordinates": [
          23.149504,
          41.41704345
        ]
      },
      "properties": {
        "eu_point_code": "BG4G000000QMP541",
        "oracle_point_code": 8735.0,
        "settlement": "Първомай",
        "database_name": "Първомай, ШТК-1, ЕТ \"Йоси-Анелия Срадкова\"",
        "basin_name": "ШТК-1, ЕТ \"Йоси-Анелия Срадкова\" ,Първомай",
        "municipality": "Петрич",
        "region": "Благоевград",
        "laboratory": "Благоевград",
        "canonical_code": "BG4G000000Q001",
        "source_body_code": "BG4G000000Q001",
        "source_latitude": 41.41704345,
        "source_longitude": 23.149504,
        "validated_latitude": 41.41704345,
        "validated_longitude": 23.149504,
        "latitude_raw": 41.41704345,
        "longitude_raw": 23.149504,
        "coordinate_format": "decimal",
        "coordinate_quality": "official_as_published",
        "coordinate_correction_source": null,
        "coordinate_note": null,
        "coordinate_is_corrected": false,
        "depth_raw": 40.0,
        "depth_m": 40.0,
        "point_use": "IR",
        "control_basic_physchem": "(x) 4y",
        "control_additional_physchem": "(1,2,3,4)4y",
        "control_metals_metalloids": "(1,2,3,4,5,6,7,8,9,10,16,17,18,19)1y (12,13,14,15) 4y",
        "control_organic": "(3,4,5,12,13,14,18,23,37,49) 1y",
        "operational_basic_physchem": "(1,2,3,4,6,8,9,10,14) 4у",
        "operational_additional_physchem": "(1-5)/ 4y",
        "operational_metals_metalloids": "(1,2,3,4,5,6,7) 1y (8,9,10) 4y",
        "operational_organic": "(1-26; 57-65)/1у",
        "control_chemical": "Х",
        "operational_chemical": "Х",
        "drinking_water_protection_zone": "-",
        "nitrate_directive_monitoring": null,
        "wise_reporting": null,
        "eea_reporting": null,
        "justification": "поров водоносен хоризонт, зона за защита на водите - НУЗ, ЗЗВ ПБВ"
      }
    },
    {
      "type": "Feature",
      "geometry": {
        "type": "Point",
        "coordinates": [
          23.21444,
          41.42194
        ]
      },
      "properties": {
        "eu_point_code": "BG4G000000QMP102",
        "oracle_point_code": 8851.0,
        "settlement": "Петрич",
        "database_name": "Петрич, Шахтов кладенец, \"Eко Елда България\"",
        "basin_name": "Шахтов кладенец, \"Eко Елда България\"",
        "municipality": "Петрич",
        "region": "Благоевград",
        "laboratory": "Благоевград",
        "canonical_code": "BG4G000000Q001",
        "source_body_code": "BG4G000000Q001",
        "source_latitude": 41.42194,
        "source_longitude": 23.21444,
        "validated_latitude": 41.42194,
        "validated_longitude": 23.21444,
        "latitude_raw": 41.42194,
        "longitude_raw": 23.21444,
        "coordinate_format": "decimal",
        "coordinate_quality": "official_as_published",
        "coordinate_correction_source": null,
        "coordinate_note": null,
        "coordinate_is_corrected": false,
        "depth_raw": 31.0,
        "depth_m": 31.0,
        "point_use": "IND",
        "control_basic_physchem": "(x) 4y",
        "control_additional_physchem": "(1,2,3,4)4y",
        "control_metals_metalloids": "(1,2,3,4,5,6,7,8,9,10,16,17,18,19)1y (12,13,14,15) 4y",
        "control_organic": "(3,4,5,12,13,14,18,23,37,49) 1y",
        "operational_basic_physchem": "(1,2,3,4,6,8,9,10,14) 4у",
        "operational_additional_physchem": "(1-5)/ 4y",
        "operational_metals_metalloids": "(1,2,3,4,5,6,7) 1y (8,9,10) 4y",
        "operational_organic": "(3,4,5,12,13,14,18,23,37,49) 1y",
        "control_chemical": "Х",
        "operational_chemical": "Х",
        "drinking_water_protection_zone": "-",
        "nitrate_directive_monitoring": null,
        "wise_reporting": null,
        "eea_reporting": null,
        "justification": "пункт за оценка на тенденциите - NO3, NH3, поров водоносен хоризонт, зона за защита на водите - НУЗ, ЗЗВ ПБВ"
      }
    },
    {
      "type": "Feature",
      "geometry": {
        "type": "Point",
        "coordinates": [
          23.21606,
          41.44319
        ]
      },
      "properties": {
        "eu_point_code": "BG4G000000QMP531",
        "oracle_point_code": 9113.0,
        "settlement": "Кърналово",
        "database_name": "Кърналово, ШТК-1, \"Растер-Юг ООД\"",
        "basin_name": "ШТК-1, \"Растер-Юг ООД\"Кърналово",
        "municipality": "Петрич",
        "region": "Благоевград",
        "laboratory": "Благоевград",
        "canonical_code": "BG4G000000Q001",
        "source_body_code": "BG4G000000Q001",
        "source_latitude": 41.44319,
        "source_longitude": 23.21606,
        "validated_latitude": 41.44319,
        "validated_longitude": 23.21606,
        "latitude_raw": 41.44319,
        "longitude_raw": 23.21606,
        "coordinate_format": "decimal",
        "coordinate_quality": "official_as_published",
        "coordinate_correction_source": null,
        "coordinate_note": null,
        "coordinate_is_corrected": false,
        "depth_raw": 14.5,
        "depth_m": 14.5,
        "point_use": "IND",
        "control_basic_physchem": "(x) 4y",
        "control_additional_physchem": "(1,2,3,4)4y",
        "control_metals_metalloids": "(1,2,3,4,5,6,7,8,9,10,16,17,18,19)1y (12,13,14,15) 4y",
        "control_organic": "(3,4,5,12,13,14,18,23,37,49) 1y",
        "operational_basic_physchem": "(1,2,3,4,6,8,9,10,14) 4у",
        "operational_additional_physchem": "(1-5)/ 4y",
        "operational_metals_metalloids": "(1,2,3,4,5,6,7) 1y (8,9,10) 4y",
        "operational_organic": "(3,4,5,12,13,14,18,23,37,49) 1y",
        "control_chemical": "Х",
        "operational_chemical": "Х",
        "drinking_water_protection_zone": "-",
        "nitrate_directive_monitoring": null,
        "wise_reporting": null,
        "eea_reporting": null,
        "justification": "пункт за оценка на тенденциите - NO3, поров водоносен хоризонт, зона за защита на водите - НУЗ, ЗЗВ ПБВ"
      }
    },
    {
      "type": "Feature",
      "geometry": {
        "type": "Point",
        "coordinates": [
          23.20311,
          41.6308
        ]
      },
      "properties": {
        "eu_point_code": "BG4G000000QMP068",
        "oracle_point_code": 8463.0,
        "settlement": "Илинденци",
        "database_name": "Илинденци, Шахтов кладенец №1, \"Илинденци мрамор\" АД",
        "basin_name": "Шахтов кладенец №1, \"Илинденци мрамор\" АД",
        "municipality": "Кресна",
        "region": "Благоевград",
        "laboratory": "Благоевград",
        "canonical_code": "BG4G000000Q002",
        "source_body_code": "BG4G000000Q002",
        "source_latitude": 41.6308,
        "source_longitude": 23.20311,
        "validated_latitude": 41.6308,
        "validated_longitude": 23.20311,
        "latitude_raw": 41.6308,
        "longitude_raw": 23.20311,
        "coordinate_format": "decimal",
        "coordinate_quality": "official_as_published",
        "coordinate_correction_source": null,
        "coordinate_note": null,
        "coordinate_is_corrected": false,
        "depth_raw": 12.0,
        "depth_m": 12.0,
        "point_use": "IND",
        "control_basic_physchem": "(x) 4y",
        "control_additional_physchem": "(1,2,3,4)4y",
        "control_metals_metalloids": "(1,2,3,4,5,6,7,8,9,10,16,17,18,19)1y (12,13,14,15) 4y",
        "control_organic": "(3,4,5,12,13,14,18,23,37,49) 1y",
        "operational_basic_physchem": "(1,2,3,4,6,8,9,10,14) 4у",
        "operational_additional_physchem": "(1-5)/ 4y",
        "operational_metals_metalloids": "(1,2,3,4,5,6,7) 1y (8,9,10) 4y",
        "operational_organic": "(3,4,5,12,13,14,18,23,37,49) 1y",
        "control_chemical": "Х",
        "operational_chemical": "Х",
        "drinking_water_protection_zone": "-",
        "nitrate_directive_monitoring": null,
        "wise_reporting": null,
        "eea_reporting": null,
        "justification": "стара мрежа редица от данни"
      }
    },
    {
      "type": "Feature",
      "geometry": {
        "type": "Point",
        "coordinates": [
          23.25852087,
          41.48897705
        ]
      },
      "properties": {
        "eu_point_code": "BG4G000000QMP533",
        "oracle_point_code": 9114.0,
        "settlement": "Рибник",
        "database_name": "Рибник,  СК-1, Рибник,  \"ВиК\" ЕООД - гр. Петрич",
        "basin_name": "СК-1, Рибник,  \" ВиК\" ЕООД - гр. Петрич",
        "municipality": "Петрич",
        "region": "Благоевград",
        "laboratory": "Благоевград",
        "canonical_code": "BG4G000000Q002",
        "source_body_code": "BG4G000000Q002",
        "source_latitude": 41.48897705,
        "source_longitude": 23.25852087,
        "validated_latitude": 41.48897705,
        "validated_longitude": 23.25852087,
        "latitude_raw": 41.4889770479,
        "longitude_raw": 23.2585208692,
        "coordinate_format": "decimal",
        "coordinate_quality": "official_as_published",
        "coordinate_correction_source": null,
        "coordinate_note": null,
        "coordinate_is_corrected": false,
        "depth_raw": 20.0,
        "depth_m": 20.0,
        "point_use": "DW",
        "control_basic_physchem": "(x) 4y",
        "control_additional_physchem": "(1,2,3,4)4y",
        "control_metals_metalloids": "(1,2,3,4,5,6,7,8,9,10,16,17,18,19)1y (12,13,14,15) 4y",
        "control_organic": "(3,4,5,12,13,14,18,23,37,49) 1y",
        "operational_basic_physchem": "(1,2,3,4,6,8,9,10,14) 4у",
        "operational_additional_physchem": "(1-5)/ 4y",
        "operational_metals_metalloids": "(1-11)/2y",
        "operational_organic": "(3,4,5,12,13,14,18,23,37,49) 1y",
        "control_chemical": "X",
        "operational_chemical": "X",
        "drinking_water_protection_zone": "X",
        "nitrate_directive_monitoring": "X",
        "wise_reporting": "X",
        "eea_reporting": null,
        "justification": "поров водоносен хоризонт, зона за защита на водите ЗЗВ ПБВ"
      }
    },
    {
      "type": "Feature",
      "geometry": {
        "type": "Point",
        "coordinates": [
          23.35750013,
          41.45218329
        ]
      },
      "properties": {
        "eu_point_code": "BG4G000000QMP542",
        "oracle_point_code": 1079.0,
        "settlement": "Кромидово",
        "database_name": "Кромидово, Тръбен кладенец \"Биоагроинвест\" ООД",
        "basin_name": "Тръбен кладенец \"Биоагроинвест\" ООД",
        "municipality": "Петрич",
        "region": "Благоевград",
        "laboratory": "Благоевград",
        "canonical_code": "BG4G000000Q002",
        "source_body_code": "BG4G000000Q002",
        "source_latitude": 41.45218329,
        "source_longitude": 23.35750013,
        "validated_latitude": 41.45218329,
        "validated_longitude": 23.35750013,
        "latitude_raw": 41.4521832898,
        "longitude_raw": 23.357500129,
        "coordinate_format": "decimal",
        "coordinate_quality": "official_as_published",
        "coordinate_correction_source": null,
        "coordinate_note": null,
        "coordinate_is_corrected": false,
        "depth_raw": 24.0,
        "depth_m": 24.0,
        "point_use": "IR",
        "control_basic_physchem": "(x) 4y",
        "control_additional_physchem": "(1,2,3,4)4y",
        "control_metals_metalloids": "(1,2,3,4,5,6,7,8,9,10,16,17,18,19)1y (12,13,14,15) 4y",
        "control_organic": "(3,4,5,12,13,14,18,23,37,49) 1y",
        "operational_basic_physchem": "(1,2,3,4,6,8,9,10,14) 4у",
        "operational_additional_physchem": "(1-5)/ 4y",
        "operational_metals_metalloids": "(1,2,3,4,5,6,7) 1y (8,9,10) 4y",
        "operational_organic": "(1-26; 57-65)/1у",
        "control_chemical": "Х",
        "operational_chemical": "Х",
        "drinking_water_protection_zone": "X",
        "nitrate_directive_monitoring": null,
        "wise_reporting": null,
        "eea_reporting": null,
        "justification": "стара мрежа редица от данни"
      }
    },
    {
      "type": "Feature",
      "geometry": {
        "type": "Point",
        "coordinates": [
          23.11642818,
          41.89065505
        ]
      },
      "properties": {
        "eu_point_code": "BG4G000000QMP070",
        "oracle_point_code": 184.0,
        "settlement": "Симитли",
        "database_name": "Симитли, Шахтов кладенец, \"ВиК\" ЕООД - гр.Благоевград, район Симитли",
        "basin_name": "Шахтов кладенец, \"ВиК\" ЕООД - гр.Благоевград, район Симитли",
        "municipality": "Симитли",
        "region": "Благоевград",
        "laboratory": "Благоевград",
        "canonical_code": "BG4G000000Q003",
        "source_body_code": "BG4G000000Q003",
        "source_latitude": 41.89065505,
        "source_longitude": 23.11642818,
        "validated_latitude": 41.89065505,
        "validated_longitude": 23.11642818,
        "latitude_raw": 41.8906550539,
        "longitude_raw": 23.1164281821,
        "coordinate_format": "decimal",
        "coordinate_quality": "official_as_published",
        "coordinate_correction_source": null,
        "coordinate_note": null,
        "coordinate_is_corrected": false,
        "depth_raw": 11.5,
        "depth_m": 11.5,
        "point_use": "DW",
        "control_basic_physchem": "(x) 4y",
        "control_additional_physchem": "(1,2,3,4)4y",
        "control_metals_metalloids": "(1,2,3,4,5,6,7,8,9,10,16,17,18,19)1y (12,13,14,15) 4y",
        "control_organic": "(3,4,5,12,13,14,18,23,37,49) 1y",
        "operational_basic_physchem": null,
        "operational_additional_physchem": null,
        "operational_metals_metalloids": null,
        "operational_organic": null,
        "control_chemical": "X",
        "operational_chemical": null,
        "drinking_water_protection_zone": "X",
        "nitrate_directive_monitoring": "X",
        "wise_reporting": "X",
        "eea_reporting": null,
        "justification": "поров водоносен хоризонт, зона за защита на водите ЗЗВ ПБВ"
      }
    },
    {
      "type": "Feature",
      "geometry": {
        "type": "Point",
        "coordinates": [
          23.05229731,
          42.01612742
        ]
      },
      "properties": {
        "eu_point_code": "BG4G000000QMP085",
        "oracle_point_code": 13.0,
        "settlement": "Благоевград",
        "database_name": "Благоевград, ШК-6, ПСПБВ,  \"ВиК\" ЕООД - гр.Благоевград",
        "basin_name": "ШК-6, ПСПБВ,  \"ВиК\" ЕООД - гр.Благоевград",
        "municipality": "Благоевград",
        "region": "Благоевград",
        "laboratory": "Благоевград",
        "canonical_code": "BG4G000000Q004",
        "source_body_code": "BG4G000000Q004",
        "source_latitude": 42.01612742,
        "source_longitude": 23.05229731,
        "validated_latitude": 42.01612742,
        "validated_longitude": 23.05229731,
        "latitude_raw": 42.0161274242,
        "longitude_raw": 23.052297314,
        "coordinate_format": "decimal",
        "coordinate_quality": "official_as_published",
        "coordinate_correction_source": null,
        "coordinate_note": null,
        "coordinate_is_corrected": false,
        "depth_raw": 8.9,
        "depth_m": 8.9,
        "point_use": "DW",
        "control_basic_physchem": "(x) 4y",
        "control_additional_physchem": "(1,2,3,4)4y",
        "control_metals_metalloids": "(1,2,3,4,5,6,7,8,9,10,16,17,18,19)1y (12,13,14,15) 4y",
        "control_organic": "(3,4,5,12,13,14,18,23,37,49) 1y",
        "operational_basic_physchem": "(1,2,3,4,6,8,9,10,14) 4у",
        "operational_additional_physchem": "(1-5)/ 4y",
        "operational_metals_metalloids": "(1-11)/2y",
        "operational_organic": "(3,4,5,12,13,14,18,23,37,49) 1y",
        "control_chemical": "X",
        "operational_chemical": "X",
        "drinking_water_protection_zone": "X",
        "nitrate_directive_monitoring": "X",
        "wise_reporting": "X",
        "eea_reporting": "X",
        "justification": "поров водоносен хоризонт, зона за защита на водите ЗЗВ ПБВ"
      }
    },
    {
      "type": "Feature",
      "geometry": {
        "type": "Point",
        "coordinates": [
          23.06169,
          42.08839
        ]
      },
      "properties": {
        "eu_point_code": "BG4G000000QMP086",
        "oracle_point_code": 8402.0,
        "settlement": "Кочериново",
        "database_name": "Кочериново, Тръбен кладенец, БДЖ ЕАД",
        "basin_name": "Тръбен кладенец, БДЖ ЕАД, гр. Кочериново",
        "municipality": "Кочериново",
        "region": "Кюстендил",
        "laboratory": "София",
        "canonical_code": "BG4G000000Q004",
        "source_body_code": "BG4G000000Q004",
        "source_latitude": 42.08839,
        "source_longitude": 23.06169,
        "validated_latitude": 42.08839,
        "validated_longitude": 23.06169,
        "latitude_raw": 42.08839,
        "longitude_raw": 23.06169,
        "coordinate_format": "decimal",
        "coordinate_quality": "official_as_published",
        "coordinate_correction_source": null,
        "coordinate_note": null,
        "coordinate_is_corrected": false,
        "depth_raw": 4.8,
        "depth_m": 4.8,
        "point_use": "IND",
        "control_basic_physchem": "(x) 4y",
        "control_additional_physchem": "(1,2,3,4)4y",
        "control_metals_metalloids": "(1,2,3,4,5,6,7,8,9,10,16,17,18,19)1y (12,13,14,15) 4y",
        "control_organic": "(3,4,5,12,13,14,18,23,37,49) 1y",
        "operational_basic_physchem": "(1,2,3,4,6,8,9,10,14) 4у",
        "operational_additional_physchem": "(1-5)/ 4y",
        "operational_metals_metalloids": "(1,2,3,4,5,6,7) 1y (8,9,10) 4y",
        "operational_organic": "(3,4,5,12,13,14,18,23,37,49) 1y",
        "control_chemical": "Х",
        "operational_chemical": "Х",
        "drinking_water_protection_zone": "X",
        "nitrate_directive_monitoring": null,
        "wise_reporting": "X",
        "eea_reporting": "X",
        "justification": "стара мрежа редица от данни"
      }
    },
    {
      "type": "Feature",
      "geometry": {
        "type": "Point",
        "coordinates": [
          23.03891667,
          42.27469445
        ]
      },
      "properties": {
        "eu_point_code": "BG4G000000QMP534",
        "oracle_point_code": 9115.0,
        "settlement": "Големо село",
        "database_name": "Големо село, Каптаж \"Царичина\", \"ВиК Дупница\" ЕООД",
        "basin_name": "Каптаж \"Царичина\", \"Големо село, ВиК Дупница\" ЕООД",
        "municipality": "Бобов дол",
        "region": "Кюстендил",
        "laboratory": "София",
        "canonical_code": "BG4G000000Q004",
        "source_body_code": "BG4G000000Q004",
        "source_latitude": 42.27469445,
        "source_longitude": 23.03891667,
        "validated_latitude": 42.27469445,
        "validated_longitude": 23.03891667,
        "latitude_raw": 42.2746944471,
        "longitude_raw": 23.0389166672,
        "coordinate_format": "decimal",
        "coordinate_quality": "official_as_published",
        "coordinate_correction_source": null,
        "coordinate_note": null,
        "coordinate_is_corrected": false,
        "depth_raw": "неприлож.",
        "depth_m": null,
        "point_use": "DW",
        "control_basic_physchem": "(x) 4y",
        "control_additional_physchem": "(1,2,3,4)4y",
        "control_metals_metalloids": "(1,2,3,4,5,6,7,8,9,10,16,17,18,19)1y (12,13,14,15) 4y",
        "control_organic": "(3,4,5,12,13,14,18,23,37,49) 1y",
        "operational_basic_physchem": "(1,2,3,4,6,8,9,10,14) 4у",
        "operational_additional_physchem": "(1-5)/ 4y",
        "operational_metals_metalloids": "(1-11)/2y",
        "operational_organic": "(3,4,5,12,13,14,18,23,37,49) 1y",
        "control_chemical": "X",
        "operational_chemical": "X",
        "drinking_water_protection_zone": "X",
        "nitrate_directive_monitoring": "X",
        "wise_reporting": "X",
        "eea_reporting": null,
        "justification": "пункт за оценка на тенденциите - SO4, поров водоносен хоризонт, зона за защита на водите ЗЗВ ПБВ"
      }
    },
    {
      "type": "Feature",
      "geometry": {
        "type": "Point",
        "coordinates": [
          23.07469444,
          42.00972222
        ]
      },
      "properties": {
        "eu_point_code": "BG4G000000QMP580",
        "oracle_point_code": 1080.0,
        "settlement": "Благоевград",
        "database_name": "Благоевград, ТК \"Ивола\"ЕООД",
        "basin_name": "ТК \"Ивола\"ЕООД, гр.Благоевград",
        "municipality": "Благоевград",
        "region": "Благоевград",
        "laboratory": "Благоевград",
        "canonical_code": "BG4G000000Q004",
        "source_body_code": "BG4G000000Q004",
        "source_latitude": 42.00972222,
        "source_longitude": 23.07469444,
        "validated_latitude": 42.00972222,
        "validated_longitude": 23.07469444,
        "latitude_raw": "42°00'35\"",
        "longitude_raw": "23°04'28,9\"",
        "coordinate_format": "dms",
        "coordinate_quality": "official_as_published",
        "coordinate_correction_source": null,
        "coordinate_note": null,
        "coordinate_is_corrected": false,
        "depth_raw": 28.0,
        "depth_m": 28.0,
        "point_use": "OTHER",
        "control_basic_physchem": "(x) 4y",
        "control_additional_physchem": "(1,2,3,4)4y",
        "control_metals_metalloids": "(1,2,3,4,5,6,7,8,9,10,16,17,18,19)1y (12,13,14,15) 4y",
        "control_organic": "(3,4,5,12,13,14,18,23,37,49) 1y",
        "operational_basic_physchem": "(1,2,3,4,6,8,9,10,14) 4у",
        "operational_additional_physchem": "(1-5)/ 4y",
        "operational_metals_metalloids": "(1-11)/2y",
        "operational_organic": "(1-26; 57-65)/1у",
        "control_chemical": "Х",
        "operational_chemical": "Х",
        "drinking_water_protection_zone": "X",
        "nitrate_directive_monitoring": null,
        "wise_reporting": null,
        "eea_reporting": null,
        "justification": "стара мрежа редица от данни"
      }
    },
    {
      "type": "Feature",
      "geometry": {
        "type": "Point",
        "coordinates": [
          23.21308334,
          42.30669443
        ]
      },
      "properties": {
        "eu_point_code": "BG4G000000QMP071",
        "oracle_point_code": 8283.0,
        "settlement": "Крайници",
        "database_name": "Крайници, ШТК-6, \"Балканфарма\" АД",
        "basin_name": "ШТК-6, \"Балканфарма\" АД, Крайници",
        "municipality": "Дупница",
        "region": "Кюстендил",
        "laboratory": "София",
        "canonical_code": "BG4G000000Q005",
        "source_body_code": "BG4G000000Q005",
        "source_latitude": 42.30669443,
        "source_longitude": 23.21308334,
        "validated_latitude": 42.30669443,
        "validated_longitude": 23.21308334,
        "latitude_raw": 42.3066944345,
        "longitude_raw": 23.2130833418,
        "coordinate_format": "decimal",
        "coordinate_quality": "official_as_published",
        "coordinate_correction_source": null,
        "coordinate_note": null,
        "coordinate_is_corrected": false,
        "depth_raw": 12.0,
        "depth_m": 12.0,
        "point_use": "IND",
        "control_basic_physchem": "(x) 4y",
        "control_additional_physchem": "(1,2,3,4)4y",
        "control_metals_metalloids": "(1,2,3,4,5,6,7,8,9,10,16,17,18,19)1y (12,13,14,15) 4y",
        "control_organic": "(3,4,5,12,13,14,18,23,37,49) 1y",
        "operational_basic_physchem": null,
        "operational_additional_physchem": null,
        "operational_metals_metalloids": null,
        "operational_organic": null,
        "control_chemical": "Х",
        "operational_chemical": null,
        "drinking_water_protection_zone": "-",
        "nitrate_directive_monitoring": null,
        "wise_reporting": null,
        "eea_reporting": null,
        "justification": "стара мрежа редица от данни"
      }
    },
    {
      "type": "Feature",
      "geometry": {
        "type": "Point",
        "coordinates": [
          23.18601256,
          42.24806277
        ]
      },
      "properties": {
        "eu_point_code": "BG4G000000QMP535",
        "oracle_point_code": 9116.0,
        "settlement": "Самораново",
        "database_name": "Самораново,  Каптаж \"Купищата\",Самораново, \"ВиК Дупница\" ЕООД",
        "basin_name": "Каптаж \"Купищата\",Самораново, \"ВиК Дупница\" ЕООД",
        "municipality": "Дупница",
        "region": "Кюстендил",
        "laboratory": "София",
        "canonical_code": "BG4G000000Q005",
        "source_body_code": "BG4G000000Q005",
        "source_latitude": 42.24806277,
        "source_longitude": 23.18601256,
        "validated_latitude": 42.24806277,
        "validated_longitude": 23.18601256,
        "latitude_raw": 42.2480627721,
        "longitude_raw": 23.1860125623,
        "coordinate_format": "decimal",
        "coordinate_quality": "official_as_published",
        "coordinate_correction_source": null,
        "coordinate_note": null,
        "coordinate_is_corrected": false,
        "depth_raw": "неприлож.",
        "depth_m": null,
        "point_use": "DW",
        "control_basic_physchem": "(x) 4y",
        "control_additional_physchem": "(1,2,3,4)4y",
        "control_metals_metalloids": "(1,2,3,4,5,6,7,8,9,10,16,17,18,19)1y (12,13,14,15) 4y",
        "control_organic": "(3,4,5,12,13,14,18,23,37,49) 1y",
        "operational_basic_physchem": null,
        "operational_additional_physchem": null,
        "operational_metals_metalloids": null,
        "operational_organic": null,
        "control_chemical": "X",
        "operational_chemical": null,
        "drinking_water_protection_zone": "X",
        "nitrate_directive_monitoring": "X",
        "wise_reporting": "X",
        "eea_reporting": null,
        "justification": "поров водоносен хоризонт, зона за защита на водите ЗЗВ ПБВ"
      }
    },
    {
      "type": "Feature",
      "geometry": {
        "type": "Point",
        "coordinates": [
          23.10564,
          42.42006
        ]
      },
      "properties": {
        "eu_point_code": "BG4G000000QMP074",
        "oracle_point_code": 8286.0,
        "settlement": "Гълъбник",
        "database_name": "Гълъбник, ВС\"Вуйчинци\" (ПС гара Гълъбник), \"ВиК\" ООД - гр. Перник",
        "basin_name": "ВС\"Вуйчинци\" (ПС гара Гълъбник), \"ВиК\" ООД - гр. Перник",
        "municipality": "Радомир",
        "region": "Перник",
        "laboratory": "София",
        "canonical_code": "BG4G000000Q007",
        "source_body_code": "BG4G000000Q007",
        "source_latitude": 42.42006,
        "source_longitude": 23.10564,
        "validated_latitude": 42.42006,
        "validated_longitude": 23.10564,
        "latitude_raw": 42.42006,
        "longitude_raw": 23.10564,
        "coordinate_format": "decimal",
        "coordinate_quality": "official_as_published",
        "coordinate_correction_source": null,
        "coordinate_note": null,
        "coordinate_is_corrected": false,
        "depth_raw": "неприлож.",
        "depth_m": null,
        "point_use": "DW",
        "control_basic_physchem": "(x) 4y",
        "control_additional_physchem": "(1,2,3,4)4y",
        "control_metals_metalloids": "(1,2,3,4,5,6,7,8,9,10,16,17,18,19)1y (12,13,14,15) 4y",
        "control_organic": "(3,4,5,12,13,14,18,23,37,49) 1y",
        "operational_basic_physchem": "(1,2,3,4,6,8,9,10,14) 4у",
        "operational_additional_physchem": "(1-5)/ 4y",
        "operational_metals_metalloids": "(1-11)/2y",
        "operational_organic": "(3,4,5,12,13,14,18,23,37,49) 1y",
        "control_chemical": "X",
        "operational_chemical": "X",
        "drinking_water_protection_zone": "X",
        "nitrate_directive_monitoring": "X",
        "wise_reporting": "X",
        "eea_reporting": null,
        "justification": "поров водоносен хоризонт, зона за защита на водите ЗЗВ ПБВ"
      }
    },
    {
      "type": "Feature",
      "geometry": {
        "type": "Point",
        "coordinates": [
          22.99713879,
          42.53051247
        ]
      },
      "properties": {
        "eu_point_code": "BG4G000000QMP631",
        "oracle_point_code": 9239.0,
        "settlement": "Радомир",
        "database_name": "Радомир, ТК-1, \"Леяро ковашки машиностроителен комплекс \" ЕООД",
        "basin_name": "ТК-1, \"Леяро ковашки машиностроителен комплекс \" ЕООД, Радомир",
        "municipality": "Радомир",
        "region": "Перник",
        "laboratory": "София",
        "canonical_code": "BG4G000000Q007",
        "source_body_code": "BG4G000000Q007",
        "source_latitude": 42.53051247,
        "source_longitude": 22.99713879,
        "validated_latitude": 42.53051247,
        "validated_longitude": 22.99713879,
        "latitude_raw": 42.5305124663,
        "longitude_raw": 22.9971387946,
        "coordinate_format": "decimal",
        "coordinate_quality": "official_as_published",
        "coordinate_correction_source": null,
        "coordinate_note": null,
        "coordinate_is_corrected": false,
        "depth_raw": 40.0,
        "depth_m": 40.0,
        "point_use": "IND",
        "control_basic_physchem": "(x) 4y",
        "control_additional_physchem": "(1,2,3,4)4y",
        "control_metals_metalloids": "(1,2,3,4,5,6,7,8,9,10,16,17,18,19)1y (12,13,14,15) 4y",
        "control_organic": "(3,4,5,12,13,14,18,23,37,49) 1y",
        "operational_basic_physchem": "(1,2,3,4,6,8,9,10,14) 4у",
        "operational_additional_physchem": "(1-5)/ 4y",
        "operational_metals_metalloids": "(1,2,3,4,5,6,7) 1y (8,9,10) 4y",
        "operational_organic": "(3,4,5,12,13,14,18,23,37,49) 1y",
        "control_chemical": "Х",
        "operational_chemical": "Х",
        "drinking_water_protection_zone": "-",
        "nitrate_directive_monitoring": null,
        "wise_reporting": null,
        "eea_reporting": null,
        "justification": "стара мрежа редица от данни"
      }
    },
    {
      "type": "Feature",
      "geometry": {
        "type": "Point",
        "coordinates": [
          23.082068,
          42.437125
        ]
      },
      "properties": {
        "eu_point_code": "BG4G000000QMP024",
        "oracle_point_code": 8528.0,
        "settlement": "Владимир",
        "database_name": "Владимир, Шахтов кладенец НИМХ-509S1, с. Владимир, общ. Радомир",
        "basin_name": "Шахтов кладенец НИМХ-509S1, с. Владимир, общ. Радомир, обл. Перник",
        "municipality": "Радомир",
        "region": "Перник",
        "laboratory": "София",
        "canonical_code": "BG4G000000Q007",
        "source_body_code": "BG4G000000Q007",
        "source_latitude": 42.437125,
        "source_longitude": 23.082068,
        "validated_latitude": 42.437125,
        "validated_longitude": 23.082068,
        "latitude_raw": 42.437125,
        "longitude_raw": 23.082068,
        "coordinate_format": "decimal",
        "coordinate_quality": "official_as_published",
        "coordinate_correction_source": null,
        "coordinate_note": null,
        "coordinate_is_corrected": false,
        "depth_raw": 10.0,
        "depth_m": 10.0,
        "point_use": null,
        "control_basic_physchem": "(x) 4y",
        "control_additional_physchem": "(1,2,3,4)4y",
        "control_metals_metalloids": "(1,2,3,4,5,6,7,8,9,10,16,17,18,19)1y (12,13,14,15) 4y",
        "control_organic": "(3,4,5,12,13,14,18,23,37,49) 1y",
        "operational_basic_physchem": "(1,2,3,4,6,8,9,10,14) 4у",
        "operational_additional_physchem": "(1-5)/ 4y",
        "operational_metals_metalloids": "(1-11)/2y",
        "operational_organic": "(1-26; 57-65)/1у",
        "control_chemical": "Х",
        "operational_chemical": "Х",
        "drinking_water_protection_zone": "X",
        "nitrate_directive_monitoring": null,
        "wise_reporting": null,
        "eea_reporting": null,
        "justification": "стара мрежа редица от данни"
      }
    },
    {
      "type": "Feature",
      "geometry": {
        "type": "Point",
        "coordinates": [
          23.46778253,
          41.81048299
        ]
      },
      "properties": {
        "eu_point_code": "BG4G000000QMP545",
        "oracle_point_code": 1016.0,
        "settlement": "Банско",
        "database_name": "Банско, Каптаж \"Циганско кладенче\", В и К ЕООД Благоевград",
        "basin_name": "Каптаж \"Циганско кладенче\", Банско, В и К ЕООД Благоевград",
        "municipality": "Банско",
        "region": "Благоевград",
        "laboratory": "Благоевград",
        "canonical_code": "BG4G000000Q008",
        "source_body_code": "BG4G000000Q008",
        "source_latitude": 41.81048299,
        "source_longitude": 23.46778253,
        "validated_latitude": 41.81048299,
        "validated_longitude": 23.46778253,
        "latitude_raw": 41.8104829868,
        "longitude_raw": 23.4677825316,
        "coordinate_format": "decimal",
        "coordinate_quality": "official_as_published",
        "coordinate_correction_source": null,
        "coordinate_note": null,
        "coordinate_is_corrected": false,
        "depth_raw": "неприлож.",
        "depth_m": null,
        "point_use": "DW",
        "control_basic_physchem": "(x) 4y",
        "control_additional_physchem": "(1,2,3,4)4y",
        "control_metals_metalloids": "(1,2,3,4,5,6,7,8,9,10,16,17,18,19)1y (12,13,14,15) 4y",
        "control_organic": "(3,4,5,12,13,14,18,23,37,49) 1y",
        "operational_basic_physchem": null,
        "operational_additional_physchem": null,
        "operational_metals_metalloids": null,
        "operational_organic": null,
        "control_chemical": "X",
        "operational_chemical": null,
        "drinking_water_protection_zone": "X",
        "nitrate_directive_monitoring": "X",
        "wise_reporting": "X",
        "eea_reporting": null,
        "justification": "поров водоносен хоризонт, зона за защита на водите ЗЗВ ПБВ"
      }
    },
    {
      "type": "Feature",
      "geometry": {
        "type": "Point",
        "coordinates": [
          23.48,
          41.85277
        ]
      },
      "properties": {
        "eu_point_code": "BG4G000000QMP202",
        "oracle_point_code": 8917.0,
        "settlement": "Банско",
        "database_name": "Банско, Дренаж, \"Бензиносанция ОМВ\"",
        "basin_name": "Дренаж, \"Бензиносанция ОМВ\"Банско,",
        "municipality": "Банско",
        "region": "Благоевград",
        "laboratory": "Благоевград",
        "canonical_code": "BG4G000000Q008",
        "source_body_code": "BG4G000000Q008",
        "source_latitude": 41.85277,
        "source_longitude": 23.48,
        "validated_latitude": 41.85277,
        "validated_longitude": 23.48,
        "latitude_raw": 41.85277,
        "longitude_raw": 23.48,
        "coordinate_format": "decimal",
        "coordinate_quality": "official_as_published",
        "coordinate_correction_source": null,
        "coordinate_note": null,
        "coordinate_is_corrected": false,
        "depth_raw": "неприлож.",
        "depth_m": null,
        "point_use": "IND",
        "control_basic_physchem": "(x) 4y",
        "control_additional_physchem": "(1,2,3,4)4y",
        "control_metals_metalloids": "(1,2,3,4,5,6,7,8,9,10,16,17,18,19)1y (12,13,14,15) 4y",
        "control_organic": "(3,4,5,12,13,14,18,23,37,49) 1y",
        "operational_basic_physchem": null,
        "operational_additional_physchem": null,
        "operational_metals_metalloids": null,
        "operational_organic": null,
        "control_chemical": "Х",
        "operational_chemical": null,
        "drinking_water_protection_zone": "X",
        "nitrate_directive_monitoring": null,
        "wise_reporting": null,
        "eea_reporting": null,
        "justification": "стара мрежа редица от данни"
      }
    },
    {
      "type": "Feature",
      "geometry": {
        "type": "Point",
        "coordinates": [
          23.75321815,
          41.57605732
        ]
      },
      "properties": {
        "eu_point_code": "BG4G000000QMP538",
        "oracle_point_code": 9119.0,
        "settlement": "Гоце Делчев",
        "database_name": "Гоце Делчев, ШК-1, \"Орбел 2001\" АД",
        "basin_name": "ШК-1, \"Орбел 2001\" АДГоце Делчев,",
        "municipality": "Гоце Делчев",
        "region": "Благоевград",
        "laboratory": "Благоевград",
        "canonical_code": "BG4G000000Q009",
        "source_body_code": "BG4G000000Q009",
        "source_latitude": 41.57605732,
        "source_longitude": 23.75321815,
        "validated_latitude": 41.57605732,
        "validated_longitude": 23.75321815,
        "latitude_raw": 41.5760573194,
        "longitude_raw": 23.7532181477,
        "coordinate_format": "decimal",
        "coordinate_quality": "official_as_published",
        "coordinate_correction_source": null,
        "coordinate_note": null,
        "coordinate_is_corrected": false,
        "depth_raw": 9.0,
        "depth_m": 9.0,
        "point_use": "IND",
        "control_basic_physchem": "(x) 4y",
        "control_additional_physchem": "(1,2,3,4)4y",
        "control_metals_metalloids": "(1,2,3,4,5,6,7,8,9,10,16,17,18,19)1y (12,13,14,15) 4y",
        "control_organic": "(3,4,5,12,13,14,18,23,37,49) 1y",
        "operational_basic_physchem": null,
        "operational_additional_physchem": null,
        "operational_metals_metalloids": null,
        "operational_organic": null,
        "control_chemical": "Х",
        "operational_chemical": null,
        "drinking_water_protection_zone": "-",
        "nitrate_directive_monitoring": null,
        "wise_reporting": null,
        "eea_reporting": null,
        "justification": "стара мрежа редица от данни"
      }
    },
    {
      "type": "Feature",
      "geometry": {
        "type": "Point",
        "coordinates": [
          22.84767,
          42.25803
        ]
      },
      "properties": {
        "eu_point_code": "BG4G00000QNMP072",
        "oracle_point_code": 8464.0,
        "settlement": "Невестино",
        "database_name": "Невестино, Тръбен кладенец, \"Държавен архив\"",
        "basin_name": "Тръбен кладенец, \"Държавен архив\"",
        "municipality": "Невестино",
        "region": "Кюстендил",
        "laboratory": "София",
        "canonical_code": "BG4G00000QN006",
        "source_body_code": "BG4G00000QN006",
        "source_latitude": 42.25803,
        "source_longitude": 22.84767,
        "validated_latitude": 42.25803,
        "validated_longitude": 22.84767,
        "latitude_raw": 42.25803,
        "longitude_raw": 22.84767,
        "coordinate_format": "decimal",
        "coordinate_quality": "official_as_published",
        "coordinate_correction_source": null,
        "coordinate_note": null,
        "coordinate_is_corrected": false,
        "depth_raw": 20.0,
        "depth_m": 20.0,
        "point_use": "IND",
        "control_basic_physchem": "(x) 4y",
        "control_additional_physchem": "(1,2,3,4)4y",
        "control_metals_metalloids": "(1,2,3,4,5,6,7,8,9,10,16,17,18,19)1y (12,13,14,15) 4y",
        "control_organic": "(3,4,5,12,13,14,18,23,37,49) 1y",
        "operational_basic_physchem": null,
        "operational_additional_physchem": null,
        "operational_metals_metalloids": null,
        "operational_organic": null,
        "control_chemical": "Х",
        "operational_chemical": null,
        "drinking_water_protection_zone": "-",
        "nitrate_directive_monitoring": null,
        "wise_reporting": "X",
        "eea_reporting": "X",
        "justification": "стара мрежа редица от данни"
      }
    },
    {
      "type": "Feature",
      "geometry": {
        "type": "Point",
        "coordinates": [
          22.718611,
          42.3575
        ]
      },
      "properties": {
        "eu_point_code": "BG4G00000QNMP207",
        "oracle_point_code": 8903.0,
        "settlement": "Шишковци",
        "database_name": "Шишковци, Тръбен кладенец \"Шишковци\", \"Кюстендилска вода\" ЕООД",
        "basin_name": "Тръбен кладенец \"Шишковци\", \"Кюстендилска вода\" ЕООД",
        "municipality": "Кюстендил",
        "region": "Кюстендил",
        "laboratory": "София",
        "canonical_code": "BG4G00000QN006",
        "source_body_code": "BG4G00000QN006",
        "source_latitude": 42.3575,
        "source_longitude": 22.718611,
        "validated_latitude": 42.3575,
        "validated_longitude": 22.718611,
        "latitude_raw": 42.3575,
        "longitude_raw": 22.718611,
        "coordinate_format": "decimal",
        "coordinate_quality": "official_as_published",
        "coordinate_correction_source": null,
        "coordinate_note": null,
        "coordinate_is_corrected": false,
        "depth_raw": 9.0,
        "depth_m": 9.0,
        "point_use": "DW",
        "control_basic_physchem": "(x) 4y",
        "control_additional_physchem": "(1,2,3,4)4y",
        "control_metals_metalloids": "(1,2,3,4,5,6,7,8,9,10,16,17,18,19)1y (12,13,14,15) 4y",
        "control_organic": "(3,4,5,12,13,14,18,23,37,49) 1y",
        "operational_basic_physchem": "(1,2,3,4,6,8,9,10,14) 4у",
        "operational_additional_physchem": "(1-5)/ 4y",
        "operational_metals_metalloids": "(1-11)/2y",
        "operational_organic": "(1-26; 57-65)/1у",
        "control_chemical": "X",
        "operational_chemical": "Х",
        "drinking_water_protection_zone": "X",
        "nitrate_directive_monitoring": "X",
        "wise_reporting": "X",
        "eea_reporting": "X",
        "justification": "пункт за оценка на тенденциите - NO3, поров водоносен хоризонт, зона за защита на водите ЗЗВ ПБВ"
      }
    },
    {
      "type": "Feature",
      "geometry": {
        "type": "Point",
        "coordinates": [
          22.70541631,
          42.28916649
        ]
      },
      "properties": {
        "eu_point_code": "BG4G00000QNMP546",
        "oracle_point_code": 9240.0,
        "settlement": "Кюстендил",
        "database_name": "Кюстендил, СК-1, \"Торготерм\" АД",
        "basin_name": "СК-1, \"Торготерм\" АД",
        "municipality": "Кюстендил",
        "region": "Кюстендил",
        "laboratory": "София",
        "canonical_code": "BG4G00000QN006",
        "source_body_code": "BG4G00000QN006",
        "source_latitude": 42.28916649,
        "source_longitude": 22.70541631,
        "validated_latitude": 42.28916649,
        "validated_longitude": 22.70541631,
        "latitude_raw": 42.2891664887,
        "longitude_raw": 22.7054163053,
        "coordinate_format": "decimal",
        "coordinate_quality": "official_as_published",
        "coordinate_correction_source": null,
        "coordinate_note": null,
        "coordinate_is_corrected": false,
        "depth_raw": 24.0,
        "depth_m": 24.0,
        "point_use": "IND",
        "control_basic_physchem": "(x) 4y",
        "control_additional_physchem": "(1,2,3,4)4y",
        "control_metals_metalloids": "(1,2,3,4,5,6,7,8,9,10,16,17,18,19)1y (12,13,14,15) 4y",
        "control_organic": "(3,4,5,12,13,14,18,23,37,49) 1y",
        "operational_basic_physchem": null,
        "operational_additional_physchem": null,
        "operational_metals_metalloids": null,
        "operational_organic": null,
        "control_chemical": "Х",
        "operational_chemical": null,
        "drinking_water_protection_zone": "X",
        "nitrate_directive_monitoring": null,
        "wise_reporting": null,
        "eea_reporting": null,
        "justification": "стара мрежа редица от данни"
      }
    },
    {
      "type": "Feature",
      "geometry": {
        "type": "Point",
        "coordinates": [
          22.81286382,
          42.27374996
        ]
      },
      "properties": {
        "eu_point_code": "BG4G00000QNMP630",
        "oracle_point_code": 9241.0,
        "settlement": "Катрище",
        "database_name": "Катрище,  ШК-1 \"Катстрой13\"АД",
        "basin_name": "Катрище, ШК-1 \"Катстрой13\"АД",
        "municipality": "Кюстендил",
        "region": "Кюстендил",
        "laboratory": "София",
        "canonical_code": "BG4G00000QN006",
        "source_body_code": "BG4G00000QN006",
        "source_latitude": 42.27374996,
        "source_longitude": 22.81286382,
        "validated_latitude": 42.27374996,
        "validated_longitude": 22.81286382,
        "latitude_raw": 42.273749957,
        "longitude_raw": 22.8128638202,
        "coordinate_format": "decimal",
        "coordinate_quality": "official_as_published",
        "coordinate_correction_source": null,
        "coordinate_note": null,
        "coordinate_is_corrected": false,
        "depth_raw": 6.0,
        "depth_m": 6.0,
        "point_use": "IND",
        "control_basic_physchem": "(x) 4y",
        "control_additional_physchem": "(1,2,3,4)4y",
        "control_metals_metalloids": "(1,2,3,4,5,6,7,8,9,10,16,17,18,19)1y (12,13,14,15) 4y",
        "control_organic": "(3,4,5,12,13,14,18,23,37,49) 1y",
        "operational_basic_physchem": null,
        "operational_additional_physchem": null,
        "operational_metals_metalloids": null,
        "operational_organic": null,
        "control_chemical": "Х",
        "operational_chemical": null,
        "drinking_water_protection_zone": "-",
        "nitrate_directive_monitoring": null,
        "wise_reporting": null,
        "eea_reporting": null,
        "justification": "стара мрежа редица от данни"
      }
    },
    {
      "type": "Feature",
      "geometry": {
        "type": "Point",
        "coordinates": [
          22.75747222,
          42.30866667
        ]
      },
      "properties": {
        "eu_point_code": "BG4G00000QNMP635",
        "oracle_point_code": 8981.0,
        "settlement": "Коняво",
        "database_name": "Коняво, ШТК3,  \"Кюстендилска вода\" ЕООД",
        "basin_name": "ШТК3",
        "municipality": "Коняво",
        "region": "Кюстендил",
        "laboratory": "София",
        "canonical_code": "BG4G00000QN006",
        "source_body_code": "BG4G00000QN006",
        "source_latitude": 42.30866667,
        "source_longitude": 22.75747222,
        "validated_latitude": 42.30866667,
        "validated_longitude": 22.75747222,
        "latitude_raw": "42°18'31,2\"",
        "longitude_raw": "22°45'26,9\"",
        "coordinate_format": "dms",
        "coordinate_quality": "official_as_published",
        "coordinate_correction_source": null,
        "coordinate_note": null,
        "coordinate_is_corrected": false,
        "depth_raw": 10.0,
        "depth_m": 10.0,
        "point_use": "DW",
        "control_basic_physchem": "(x) 4y",
        "control_additional_physchem": "(1,2,3,4)4y",
        "control_metals_metalloids": "(1,2,3,4,5,6,7,8,9,10,16,17,18,19)1y (12,13,14,15) 4y",
        "control_organic": "(3,4,5,12,13,14,18,23,37,49) 1y",
        "operational_basic_physchem": null,
        "operational_additional_physchem": null,
        "operational_metals_metalloids": null,
        "operational_organic": null,
        "control_chemical": "X",
        "operational_chemical": null,
        "drinking_water_protection_zone": "X",
        "nitrate_directive_monitoring": "X",
        "wise_reporting": "X",
        "eea_reporting": null,
        "justification": "поров водоносен хоризонт, зона за защита на водите ЗЗВ ПБВ"
      }
    },
    {
      "type": "Feature",
      "geometry": {
        "type": "Point",
        "coordinates": [
          22.64802778,
          42.37502778
        ]
      },
      "properties": {
        "eu_point_code": "BG4G00000QNMP633",
        "oracle_point_code": 8982.0,
        "settlement": "Драговищица",
        "database_name": "Драговищица, ШК-1, \"Кюстендилска вода\" ЕООД",
        "basin_name": "ШК-1",
        "municipality": "Драговищица",
        "region": "Кюстендил",
        "laboratory": "София",
        "canonical_code": "BG4G00000QN006",
        "source_body_code": "BG4G00000QN006",
        "source_latitude": 42.37502778,
        "source_longitude": 22.64802778,
        "validated_latitude": 42.37502778,
        "validated_longitude": 22.64802778,
        "latitude_raw": "42°22'30,1\"",
        "longitude_raw": "22°38'52,9\"",
        "coordinate_format": "dms",
        "coordinate_quality": "official_as_published",
        "coordinate_correction_source": null,
        "coordinate_note": null,
        "coordinate_is_corrected": false,
        "depth_raw": 6.0,
        "depth_m": 6.0,
        "point_use": "DW",
        "control_basic_physchem": "(x) 4y",
        "control_additional_physchem": "(1,2,3,4)4y",
        "control_metals_metalloids": "(1,2,3,4,5,6,7,8,9,10,16,17,18,19)1y (12,13,14,15) 4y",
        "control_organic": "(3,4,5,12,13,14,18,23,37,49) 1y",
        "operational_basic_physchem": null,
        "operational_additional_physchem": null,
        "operational_metals_metalloids": null,
        "operational_organic": null,
        "control_chemical": "X",
        "operational_chemical": null,
        "drinking_water_protection_zone": "X",
        "nitrate_directive_monitoring": "X",
        "wise_reporting": "X",
        "eea_reporting": null,
        "justification": "поров водоносен хоризонт, зона за защита на водите ЗЗВ ПБВ"
      }
    },
    {
      "type": "Feature",
      "geometry": {
        "type": "Point",
        "coordinates": [
          22.62505556,
          42.38886111
        ]
      },
      "properties": {
        "eu_point_code": "BG4G00000QNMP634",
        "oracle_point_code": 8983.0,
        "settlement": "Горановци",
        "database_name": "Горановци, ШК\"Горановци\", \"Кюстендилска вода\" ЕООД",
        "basin_name": "ШК\"Горановци\"",
        "municipality": "Горановци",
        "region": "Кюстендил",
        "laboratory": "София",
        "canonical_code": "BG4G00000QN006",
        "source_body_code": "BG4G00000QN006",
        "source_latitude": 42.38886111,
        "source_longitude": 23.62505556,
        "validated_latitude": 42.38886111,
        "validated_longitude": 22.62505556,
        "latitude_raw": "42°23'19,9\"",
        "longitude_raw": "23°37'30,2\"",
        "coordinate_format": "dms",
        "coordinate_quality": "suspected_source_typo_derived_correction",
        "coordinate_correction_source": "SONDI-derived spatial validation",
        "coordinate_note": "Official source longitude is 23?37'30,2\". This places the point 65.55 km from the nearest monitoring point in the same groundwater body. Interpreting the degree value as 22? gives 22.62505556, spatially consistent with the other points. Raw official value preserved unchanged.",
        "coordinate_is_corrected": true,
        "depth_raw": 6.0,
        "depth_m": 6.0,
        "point_use": "DW",
        "control_basic_physchem": "(x) 4y",
        "control_additional_physchem": "(1,2,3,4)4y",
        "control_metals_metalloids": "(1,2,3,4,5,6,7,8,9,10,16,17,18,19)1y (12,13,14,15) 4y",
        "control_organic": "(3,4,5,12,13,14,18,23,37,49) 1y",
        "operational_basic_physchem": null,
        "operational_additional_physchem": null,
        "operational_metals_metalloids": null,
        "operational_organic": null,
        "control_chemical": "X",
        "operational_chemical": null,
        "drinking_water_protection_zone": "X",
        "nitrate_directive_monitoring": "X",
        "wise_reporting": "X",
        "eea_reporting": null,
        "justification": "поров водоносен хоризонт, зона за защита на водите ЗЗВ ПБВ"
      }
    },
    {
      "type": "Feature",
      "geometry": {
        "type": "Point",
        "coordinates": [
          22.76755556,
          42.29583333
        ]
      },
      "properties": {
        "eu_point_code": "BG4G00000QNMP536",
        "oracle_point_code": 9117.0,
        "settlement": "Гирчевци",
        "database_name": "Гирчевци, Тръбен кладенец, \"Кюстендилска вода\" ЕОО",
        "basin_name": "ШК\" ПС Гирчевци\" (Шахтов кладенец)",
        "municipality": "Гирчевци",
        "region": "Кюстендил",
        "laboratory": "София",
        "canonical_code": "BG4G00000QN006",
        "source_body_code": "BG4G00000QN006",
        "source_latitude": 42.29583333,
        "source_longitude": 22.76755556,
        "validated_latitude": 42.29583333,
        "validated_longitude": 22.76755556,
        "latitude_raw": "42°17'45,0\"",
        "longitude_raw": "22°46'03,2\"",
        "coordinate_format": "dms",
        "coordinate_quality": "official_as_published",
        "coordinate_correction_source": null,
        "coordinate_note": null,
        "coordinate_is_corrected": false,
        "depth_raw": 6.0,
        "depth_m": 6.0,
        "point_use": "DW",
        "control_basic_physchem": "(x) 4y",
        "control_additional_physchem": "(1,2,3,4)4y",
        "control_metals_metalloids": "(1,2,3,4,5,6,7,8,9,10,16,17,18,19)1y (12,13,14,15) 4y",
        "control_organic": "(3,4,5,12,13,14,18,23,37,49) 1y",
        "operational_basic_physchem": null,
        "operational_additional_physchem": null,
        "operational_metals_metalloids": null,
        "operational_organic": null,
        "control_chemical": "X",
        "operational_chemical": null,
        "drinking_water_protection_zone": "X",
        "nitrate_directive_monitoring": "X",
        "wise_reporting": "X",
        "eea_reporting": null,
        "justification": "поров водоносен хоризонт, зона за защита на водите ЗЗВ ПБВ"
      }
    },
    {
      "type": "Feature",
      "geometry": {
        "type": "Point",
        "coordinates": [
          23.20661,
          41.40725
        ]
      },
      "properties": {
        "eu_point_code": "BG4G000000NMP078",
        "oracle_point_code": 8293.0,
        "settlement": "Петрич",
        "database_name": "Петрич, Сондаж \"Евросервиз - 21\" ООД",
        "basin_name": "Сондажен кладенец \"Евросервиз - 21\" ООД",
        "municipality": "Петрич",
        "region": "Благоевград",
        "laboratory": "Благоевград",
        "canonical_code": "BG4G000000N011",
        "source_body_code": "BG4G000000N011",
        "source_latitude": 41.40725,
        "source_longitude": 23.20661,
        "validated_latitude": 41.40725,
        "validated_longitude": 23.20661,
        "latitude_raw": 41.40725,
        "longitude_raw": 23.20661,
        "coordinate_format": "decimal",
        "coordinate_quality": "official_as_published",
        "coordinate_correction_source": null,
        "coordinate_note": null,
        "coordinate_is_corrected": false,
        "depth_raw": 36.0,
        "depth_m": 36.0,
        "point_use": "IND",
        "control_basic_physchem": "(x) 4y",
        "control_additional_physchem": "(1,2,3,4)4y",
        "control_metals_metalloids": "(1,2,3,4,5,6,7,8,9,10,16,17,18,19)1y (12,13,14,15) 4y",
        "control_organic": "(3,4,5,12,13,14,18,23,37,49) 1y",
        "operational_basic_physchem": "(1,2,3,4,6,8,9,10,14) 4у",
        "operational_additional_physchem": "(1-5)/ 4y",
        "operational_metals_metalloids": "(1,2,3,4,5,6,7) 1y (8,9,10) 4y",
        "operational_organic": "(3,4,5,12,13,14,18,23,37,49) 1y",
        "control_chemical": "Х",
        "operational_chemical": "Х",
        "drinking_water_protection_zone": "-",
        "nitrate_directive_monitoring": null,
        "wise_reporting": null,
        "eea_reporting": null,
        "justification": "пункт за оценка на тенденциите - ТХЕ+ТрХЕ, NO3, NH3, поров водоносен хоризонт, зона за защита на водите - НУЗ, ЗЗВ ПБВ"
      }
    },
    {
      "type": "Feature",
      "geometry": {
        "type": "Point",
        "coordinates": [
          23.24442169,
          41.45447141
        ]
      },
      "properties": {
        "eu_point_code": "BG4G000000NMP629",
        "oracle_point_code": 9120.0,
        "settlement": "Рупите",
        "database_name": "Рупите, Сондажен кладенец \"Булгартрансгаз\" ЕАД",
        "basin_name": "Сондажен кладенец \"Булгартрансгаз\" ЕАД",
        "municipality": "Петрич",
        "region": "Благоевград",
        "laboratory": "Благоевград",
        "canonical_code": "BG4G000000N011",
        "source_body_code": "BG4G000000N011",
        "source_latitude": 41.45447141,
        "source_longitude": 23.24442169,
        "validated_latitude": 41.45447141,
        "validated_longitude": 23.24442169,
        "latitude_raw": 41.4544714068,
        "longitude_raw": 23.2444216863,
        "coordinate_format": "decimal",
        "coordinate_quality": "official_as_published",
        "coordinate_correction_source": null,
        "coordinate_note": null,
        "coordinate_is_corrected": false,
        "depth_raw": 81.0,
        "depth_m": 81.0,
        "point_use": "IND",
        "control_basic_physchem": "(x) 4y",
        "control_additional_physchem": "(1,2,3,4)4y",
        "control_metals_metalloids": "(1,2,3,4,5,6,7,8,9,10,16,17,18,19)1y (12,13,14,15) 4y",
        "control_organic": "(3,4,5,12,13,14,18,23,37,49) 1y",
        "operational_basic_physchem": "(1,2,3,4,6,8,9,10,14) 4у",
        "operational_additional_physchem": "(1-5)/ 4y",
        "operational_metals_metalloids": "(1,2,3,4,5,6,7) 1y (8,9,10) 4y",
        "operational_organic": "(3,4,5,12,13,14,18,23,37,49) 1y",
        "control_chemical": "Х",
        "operational_chemical": "Х",
        "drinking_water_protection_zone": "X",
        "nitrate_directive_monitoring": null,
        "wise_reporting": null,
        "eea_reporting": null,
        "justification": "поров водоносен хоризонт, зона за защита на водите - НУЗ, ЗЗВ ПБВ"
      }
    },
    {
      "type": "Feature",
      "geometry": {
        "type": "Point",
        "coordinates": [
          23.20810455,
          41.40884909
        ]
      },
      "properties": {
        "eu_point_code": "BG4G000000QMP101",
        "oracle_point_code": 8865.0,
        "settlement": "Петрич",
        "database_name": "Петрич, Шахтов кладенец,\"БДЖ-Пътнически превози\" ЕООД",
        "basin_name": "Шахтов кладенец,\"БДЖ-Пътнически превози\" ЕООД",
        "municipality": "Петрич",
        "region": "Благоевград",
        "laboratory": "Благоевград",
        "canonical_code": "BG4G000000N011",
        "source_body_code": "BG4G000000N011",
        "source_latitude": 41.40884909,
        "source_longitude": 23.20810455,
        "validated_latitude": 41.40884909,
        "validated_longitude": 23.20810455,
        "latitude_raw": 41.4088490924,
        "longitude_raw": 23.2081045491,
        "coordinate_format": "decimal",
        "coordinate_quality": "official_as_published",
        "coordinate_correction_source": null,
        "coordinate_note": null,
        "coordinate_is_corrected": false,
        "depth_raw": 50.0,
        "depth_m": 50.0,
        "point_use": "IND",
        "control_basic_physchem": "(x) 4y",
        "control_additional_physchem": "(1,2,3,4)4y",
        "control_metals_metalloids": "(1,2,3,4,5,6,7,8,9,10,16,17,18,19)1y (12,13,14,15) 4y",
        "control_organic": "(3,4,5,12,13,14,18,23,37,49) 1y",
        "operational_basic_physchem": "(1,2,3,4,6,8,9,10,14) 4у",
        "operational_additional_physchem": "(1-5)/ 4y",
        "operational_metals_metalloids": "(1,2,3,4,5,6,7) 1y (8,9,10) 4y",
        "operational_organic": "(3,4,5,12,13,14,18,23,37,49) 1y",
        "control_chemical": "Х",
        "operational_chemical": "Х",
        "drinking_water_protection_zone": "X",
        "nitrate_directive_monitoring": null,
        "wise_reporting": null,
        "eea_reporting": null,
        "justification": "Пункт оценка на тенденциите - NH4, TCHE +TrCHE, поров водоносен хоризонт, зона за защита на водите - НУЗ, ЗЗВ ПБВ"
      }
    },
    {
      "type": "Feature",
      "geometry": {
        "type": "Point",
        "coordinates": [
          23.25718373,
          41.48194421
        ]
      },
      "properties": {
        "eu_point_code": "BG4G000000NMP210",
        "oracle_point_code": 8918.0,
        "settlement": "Рибник",
        "database_name": "Рибник, Сондажен кладенец, \"Лукойл-България\" ЕООД",
        "basin_name": "Сондажен кладенец, \"Лукойл-България\" ЕООД",
        "municipality": "Петрич",
        "region": "Благоевград",
        "laboratory": "Благоевград",
        "canonical_code": "BG4G000000N012",
        "source_body_code": "BG4G000000N012",
        "source_latitude": 41.48194421,
        "source_longitude": 23.25718373,
        "validated_latitude": 41.48194421,
        "validated_longitude": 23.25718373,
        "latitude_raw": 41.481944215,
        "longitude_raw": 23.2571837287,
        "coordinate_format": "decimal",
        "coordinate_quality": "official_as_published",
        "coordinate_correction_source": null,
        "coordinate_note": null,
        "coordinate_is_corrected": false,
        "depth_raw": 50.0,
        "depth_m": 50.0,
        "point_use": "IND",
        "control_basic_physchem": "(x) 4y",
        "control_additional_physchem": "(1,2,3,4)4y",
        "control_metals_metalloids": "(1,2,3,4,5,6,7,8,9,10,16,17,18,19)1y (12,13,14,15) 4y",
        "control_organic": "(3,4,5,12,13,14,18,23,37,49) 1y",
        "operational_basic_physchem": "(1,2,3,4,6,8,9,10,14) 4у",
        "operational_additional_physchem": "(1-5)/ 4y",
        "operational_metals_metalloids": "(1-11)/2y",
        "operational_organic": "(1-26; 57-65)/1у",
        "control_chemical": "Х",
        "operational_chemical": "Х",
        "drinking_water_protection_zone": "-",
        "nitrate_directive_monitoring": null,
        "wise_reporting": null,
        "eea_reporting": null,
        "justification": "пункт за оценка на тенденциите - PO4, стара мрежа редица от данни"
      }
    },
    {
      "type": "Feature",
      "geometry": {
        "type": "Point",
        "coordinates": [
          23.37358332,
          41.44905556
        ]
      },
      "properties": {
        "eu_point_code": "BG4G000000NMP503",
        "oracle_point_code": 1021.0,
        "settlement": "Хърсово",
        "database_name": "Хърсово, СК-1, \"ДОСА ПЛОД\"",
        "basin_name": "СК-1, \"ДОСА ПЛОД\"",
        "municipality": "Сандански",
        "region": "Благоевград",
        "laboratory": "Благоевград",
        "canonical_code": "BG4G000000N012",
        "source_body_code": "BG4G000000N012",
        "source_latitude": 41.44905556,
        "source_longitude": 23.37358332,
        "validated_latitude": 41.44905556,
        "validated_longitude": 23.37358332,
        "latitude_raw": 41.449055555,
        "longitude_raw": 23.3735833206,
        "coordinate_format": "decimal",
        "coordinate_quality": "official_as_published",
        "coordinate_correction_source": null,
        "coordinate_note": null,
        "coordinate_is_corrected": false,
        "depth_raw": 80.0,
        "depth_m": 80.0,
        "point_use": "IND",
        "control_basic_physchem": "(x) 4y",
        "control_additional_physchem": "(1,2,3,4)4y",
        "control_metals_metalloids": "(1,2,3,4,5,6,7,8,9,10,16,17,18,19)1y (12,13,14,15) 4y",
        "control_organic": "(3,4,5,12,13,14,18,23,37,49) 1y",
        "operational_basic_physchem": null,
        "operational_additional_physchem": null,
        "operational_metals_metalloids": null,
        "operational_organic": null,
        "control_chemical": "Х",
        "operational_chemical": null,
        "drinking_water_protection_zone": "X",
        "nitrate_directive_monitoring": null,
        "wise_reporting": null,
        "eea_reporting": null,
        "justification": "стара мрежа редица от данни"
      }
    },
    {
      "type": "Feature",
      "geometry": {
        "type": "Point",
        "coordinates": [
          23.09197069,
          41.83684914
        ]
      },
      "properties": {
        "eu_point_code": "BG4G000000NMP504",
        "oracle_point_code": 1022.0,
        "settlement": "Полена",
        "database_name": "Полена, ВС \"Ореха\",  \"ВиК\" ЕООД - гр.Благоевград",
        "basin_name": "ВС \"Ореха\",  \"ВиК\" ЕООД - гр.Благоевград",
        "municipality": "Симитли",
        "region": "Благоевград",
        "laboratory": "Благоевград",
        "canonical_code": "BG4G000000N013",
        "source_body_code": "BG4G000000N013",
        "source_latitude": 41.83684914,
        "source_longitude": 23.09197069,
        "validated_latitude": 41.83684914,
        "validated_longitude": 23.09197069,
        "latitude_raw": 41.8368491428,
        "longitude_raw": 23.0919706926,
        "coordinate_format": "decimal",
        "coordinate_quality": "official_as_published",
        "coordinate_correction_source": null,
        "coordinate_note": null,
        "coordinate_is_corrected": false,
        "depth_raw": "неприлож.",
        "depth_m": null,
        "point_use": "DW",
        "control_basic_physchem": "(x) 4y",
        "control_additional_physchem": "(1,2,3,4)4y",
        "control_metals_metalloids": "(1,2,3,4,5,6,7,8,9,10,16,17,18,19)1y (12,13,14,15) 4y",
        "control_organic": "(3,4,5,12,13,14,18,23,37,49) 1y",
        "operational_basic_physchem": null,
        "operational_additional_physchem": null,
        "operational_metals_metalloids": null,
        "operational_organic": null,
        "control_chemical": "X",
        "operational_chemical": null,
        "drinking_water_protection_zone": "X",
        "nitrate_directive_monitoring": "X",
        "wise_reporting": "X",
        "eea_reporting": null,
        "justification": "поров водоносен хоризонт, зона за защита на водите ЗЗВ ПБВ"
      }
    },
    {
      "type": "Feature",
      "geometry": {
        "type": "Point",
        "coordinates": [
          23.131388,
          41.852538
        ]
      },
      "properties": {
        "eu_point_code": "BG4G000000NMP614",
        "oracle_point_code": 1081.0,
        "settlement": "Полето",
        "database_name": "Полето, Тръбен кладенец НИМХ 568T1/1337а, с. Полето, общ. Симитли",
        "basin_name": "Тръбен кладенец НИМХ 568T1/1337а, с. Полето, общ. Симитли, обл. Благоевград",
        "municipality": "Симитли",
        "region": "Благоевград",
        "laboratory": "Благоевград",
        "canonical_code": "BG4G000000N013",
        "source_body_code": "BG4G000000N013",
        "source_latitude": 41.852538,
        "source_longitude": 23.131388,
        "validated_latitude": 41.852538,
        "validated_longitude": 23.131388,
        "latitude_raw": 41.852538,
        "longitude_raw": 23.131388,
        "coordinate_format": "decimal",
        "coordinate_quality": "official_as_published",
        "coordinate_correction_source": null,
        "coordinate_note": null,
        "coordinate_is_corrected": false,
        "depth_raw": 400.0,
        "depth_m": 400.0,
        "point_use": "OTHER",
        "control_basic_physchem": "(x) 4y",
        "control_additional_physchem": "(1,2,3,4)4y",
        "control_metals_metalloids": "(1,2,3,4,5,6,7,8,9,10,16,17,18,19)1y (12,13,14,15) 4y",
        "control_organic": "(3,4,5,12,13,14,18,23,37,49) 1y",
        "operational_basic_physchem": null,
        "operational_additional_physchem": null,
        "operational_metals_metalloids": null,
        "operational_organic": null,
        "control_chemical": "Х",
        "operational_chemical": null,
        "drinking_water_protection_zone": "X",
        "nitrate_directive_monitoring": null,
        "wise_reporting": null,
        "eea_reporting": null,
        "justification": "стара мрежа редица от данни"
      }
    },
    {
      "type": "Feature",
      "geometry": {
        "type": "Point",
        "coordinates": [
          23.05163889,
          42.04463889
        ]
      },
      "properties": {
        "eu_point_code": "BG4G000000NMP540",
        "oracle_point_code": 1023.0,
        "settlement": "Бараково",
        "database_name": "Бараково, Тръбен кладенец, \"Мастервик\"",
        "basin_name": "Тръбен кладенец, \"Мастервик\"",
        "municipality": "Кочериново",
        "region": "Кюстендил",
        "laboratory": "София",
        "canonical_code": "BG4G000000N014",
        "source_body_code": "BG4G000000N014",
        "source_latitude": 42.04463889,
        "source_longitude": 23.05163889,
        "validated_latitude": 42.04463889,
        "validated_longitude": 23.05163889,
        "latitude_raw": 42.044638889,
        "longitude_raw": 23.0516388887,
        "coordinate_format": "decimal",
        "coordinate_quality": "official_as_published",
        "coordinate_correction_source": null,
        "coordinate_note": null,
        "coordinate_is_corrected": false,
        "depth_raw": 100.0,
        "depth_m": 100.0,
        "point_use": "IND",
        "control_basic_physchem": "(x) 4y",
        "control_additional_physchem": "(1,2,3,4)4y",
        "control_metals_metalloids": "(1,2,3,4,5,6,7,8,9,10,16,17,18,19)1y (12,13,14,15) 4y",
        "control_organic": "(3,4,5,12,13,14,18,23,37,49) 1y",
        "operational_basic_physchem": null,
        "operational_additional_physchem": null,
        "operational_metals_metalloids": null,
        "operational_organic": null,
        "control_chemical": "Х",
        "operational_chemical": null,
        "drinking_water_protection_zone": "X",
        "nitrate_directive_monitoring": null,
        "wise_reporting": null,
        "eea_reporting": null,
        "justification": "стара мрежа редица от данни"
      }
    },
    {
      "type": "Feature",
      "geometry": {
        "type": "Point",
        "coordinates": [
          23.10047457,
          42.19707748
        ]
      },
      "properties": {
        "eu_point_code": "BG4G000000NMP505",
        "oracle_point_code": 1024.0,
        "settlement": "Крайни дол",
        "database_name": "Крайни дол, Тръбен кладенец, \"ВиК Дупница\" ЕООД",
        "basin_name": "Тръбен кладенец, \"ВиК Дупница\" ЕООД",
        "municipality": "Дупница",
        "region": "Кюстендил",
        "laboratory": "София",
        "canonical_code": "BG4G000000N014",
        "source_body_code": "BG4G000000N014",
        "source_latitude": 42.19707748,
        "source_longitude": 23.10047457,
        "validated_latitude": 42.19707748,
        "validated_longitude": 23.10047457,
        "latitude_raw": 42.1970774811,
        "longitude_raw": 23.1004745719,
        "coordinate_format": "decimal",
        "coordinate_quality": "official_as_published",
        "coordinate_correction_source": null,
        "coordinate_note": null,
        "coordinate_is_corrected": false,
        "depth_raw": 150.0,
        "depth_m": 150.0,
        "point_use": "DW",
        "control_basic_physchem": "(x) 4y",
        "control_additional_physchem": "(1,2,3,4)4y",
        "control_metals_metalloids": "(1,2,3,4,5,6,7,8,9,10,16,17,18,19)1y (12,13,14,15) 4y",
        "control_organic": "(3,4,5,12,13,14,18,23,37,49) 1y",
        "operational_basic_physchem": null,
        "operational_additional_physchem": null,
        "operational_metals_metalloids": null,
        "operational_organic": null,
        "control_chemical": "X",
        "operational_chemical": null,
        "drinking_water_protection_zone": "X",
        "nitrate_directive_monitoring": "X",
        "wise_reporting": "X",
        "eea_reporting": null,
        "justification": "поров водоносен хоризонт, зона за защита на водите ЗЗВ ПБВ"
      }
    },
    {
      "type": "Feature",
      "geometry": {
        "type": "Point",
        "coordinates": [
          22.74972,
          42.46972
        ]
      },
      "properties": {
        "eu_point_code": "BG4G000000NMP040",
        "oracle_point_code": 8300.0,
        "settlement": "Земен",
        "database_name": "Земен, Извор \"Груева махала\",\"ВиК\" ООД - гр. Перник",
        "basin_name": "Извор \"Груева махала\",\"ВиК\" ООД - гр. Перник",
        "municipality": "Земен",
        "region": "Перник",
        "laboratory": "София",
        "canonical_code": "BG4G000000N015",
        "source_body_code": "BG4G000000N015",
        "source_latitude": 42.46972,
        "source_longitude": 22.74972,
        "validated_latitude": 42.46972,
        "validated_longitude": 22.74972,
        "latitude_raw": 42.46972,
        "longitude_raw": 22.74972,
        "coordinate_format": "decimal",
        "coordinate_quality": "official_as_published",
        "coordinate_correction_source": null,
        "coordinate_note": null,
        "coordinate_is_corrected": false,
        "depth_raw": "неприлож.",
        "depth_m": null,
        "point_use": "DW",
        "control_basic_physchem": "(x) 4y",
        "control_additional_physchem": "(1,2,3,4)4y",
        "control_metals_metalloids": "(1,2,3,4,5,6,7,8,9,10,16,17,18,19)1y (12,13,14,15) 4y",
        "control_organic": "(3,4,5,12,13,14,18,23,37,49) 1y",
        "operational_basic_physchem": null,
        "operational_additional_physchem": null,
        "operational_metals_metalloids": null,
        "operational_organic": null,
        "control_chemical": "X",
        "operational_chemical": null,
        "drinking_water_protection_zone": "X",
        "nitrate_directive_monitoring": "X",
        "wise_reporting": "X",
        "eea_reporting": null,
        "justification": "поров водоносен хоризонт, зона за защита на водите ЗЗВ ПБВ"
      }
    },
    {
      "type": "Feature",
      "geometry": {
        "type": "Point",
        "coordinates": [
          23.85007511,
          41.48287202
        ]
      },
      "properties": {
        "eu_point_code": "BG4G000000NMP508",
        "oracle_point_code": 1027.0,
        "settlement": "Петрелик",
        "database_name": "Петрелик, ВС \"Калин ливада 1\"\"ВиК\" ЕООД - гр.Благоевград",
        "basin_name": "ВС \"Калин ливада 1\"\"ВиК\" ЕООД - гр.Благоевград",
        "municipality": "Хаджидимово",
        "region": "Благоевград",
        "laboratory": "Благоевград",
        "canonical_code": "BG4G000000N017",
        "source_body_code": "BG4G000000N017",
        "source_latitude": 41.48287202,
        "source_longitude": 23.85007511,
        "validated_latitude": 41.48287202,
        "validated_longitude": 23.85007511,
        "latitude_raw": 41.4828720223,
        "longitude_raw": 23.8500751116,
        "coordinate_format": "decimal",
        "coordinate_quality": "official_as_published",
        "coordinate_correction_source": null,
        "coordinate_note": null,
        "coordinate_is_corrected": false,
        "depth_raw": "неприлож.",
        "depth_m": null,
        "point_use": "DW",
        "control_basic_physchem": "(x) 4y",
        "control_additional_physchem": "(1,2,3,4)4y",
        "control_metals_metalloids": "(1,2,3,4,5,6,7,8,9,10,16,17,18,19)1y (12,13,14,15) 4y",
        "control_organic": "(3,4,5,12,13,14,18,23,37,49) 1y",
        "operational_basic_physchem": null,
        "operational_additional_physchem": null,
        "operational_metals_metalloids": null,
        "operational_organic": null,
        "control_chemical": "X",
        "operational_chemical": null,
        "drinking_water_protection_zone": "X",
        "nitrate_directive_monitoring": "X",
        "wise_reporting": "X",
        "eea_reporting": null,
        "justification": "поров водоносен хоризонт, зона за защита на водите ЗЗВ ПБВ"
      }
    },
    {
      "type": "Feature",
      "geometry": {
        "type": "Point",
        "coordinates": [
          23.79959,
          41.51717
        ]
      },
      "properties": {
        "eu_point_code": "BG4G000000NMP039",
        "oracle_point_code": 8302.0,
        "settlement": "Копривлен",
        "database_name": "Копривлен, Тръбен кладенец Колоратекс ЕООД (бивша \"Вента\" ООД)",
        "basin_name": "Тръбен кладенец Колоратекс ЕООД (бивша \"Вента\" ООД)",
        "municipality": "Хаджидимово",
        "region": "Благоевград",
        "laboratory": "Благоевград",
        "canonical_code": "BG4G000000N017",
        "source_body_code": "BG4G000000N017",
        "source_latitude": 41.51717,
        "source_longitude": 23.79959,
        "validated_latitude": 41.51717,
        "validated_longitude": 23.79959,
        "latitude_raw": 41.51717,
        "longitude_raw": 23.79959,
        "coordinate_format": "decimal",
        "coordinate_quality": "official_as_published",
        "coordinate_correction_source": null,
        "coordinate_note": null,
        "coordinate_is_corrected": false,
        "depth_raw": 50.0,
        "depth_m": 50.0,
        "point_use": "IND",
        "control_basic_physchem": "(x) 4y",
        "control_additional_physchem": "(1,2,3,4)4y",
        "control_metals_metalloids": "(1,2,3,4,5,6,7,8,9,10,16,17,18,19)1y (12,13,14,15) 4y",
        "control_organic": "(3,4,5,12,13,14,18,23,37,49) 1y",
        "operational_basic_physchem": null,
        "operational_additional_physchem": null,
        "operational_metals_metalloids": null,
        "operational_organic": null,
        "control_chemical": "Х",
        "operational_chemical": null,
        "drinking_water_protection_zone": "X",
        "nitrate_directive_monitoring": null,
        "wise_reporting": null,
        "eea_reporting": null,
        "justification": "стара мрежа редица от данни"
      }
    },
    {
      "type": "Feature",
      "geometry": {
        "type": "Point",
        "coordinates": [
          24.11446944,
          41.69208611
        ]
      },
      "properties": {
        "eu_point_code": "BG4G001QNPGMP555",
        "oracle_point_code": 8948.0,
        "settlement": "Доспат",
        "database_name": "Доспат, КЕИ-3 Главата, ВиК Смолян",
        "basin_name": "КЕИ-3 Главата, Доспат",
        "municipality": "Доспат",
        "region": "Смолян",
        "laboratory": "Смолян",
        "canonical_code": "BG4G001QNPG010",
        "source_body_code": "BG4G001QNPG010",
        "source_latitude": 41.69208611,
        "source_longitude": 24.11446944,
        "validated_latitude": 41.69208611,
        "validated_longitude": 24.11446944,
        "latitude_raw": "41°41'31,51\"",
        "longitude_raw": "24°6'52,09\"",
        "coordinate_format": "dms",
        "coordinate_quality": "official_as_published",
        "coordinate_correction_source": null,
        "coordinate_note": null,
        "coordinate_is_corrected": false,
        "depth_raw": "неприлож.",
        "depth_m": null,
        "point_use": "DW",
        "control_basic_physchem": "(x) 4y",
        "control_additional_physchem": "(1,2,3,4)4y",
        "control_metals_metalloids": "(1,2,3,4,5,6,7,8,9,10,16,17,18,19)1y (12,13,14,15) 4y",
        "control_organic": "(3,4,5,12,13,14,18,23,37,49) 1y",
        "operational_basic_physchem": null,
        "operational_additional_physchem": null,
        "operational_metals_metalloids": null,
        "operational_organic": null,
        "control_chemical": "X",
        "operational_chemical": null,
        "drinking_water_protection_zone": "X",
        "nitrate_directive_monitoring": "X",
        "wise_reporting": "X",
        "eea_reporting": null,
        "justification": "поров водоносен хоризонт, зона за защита на водите ЗЗВ ПБВ"
      }
    },
    {
      "type": "Feature",
      "geometry": {
        "type": "Point",
        "coordinates": [
          24.10838907,
          41.69993076
        ]
      },
      "properties": {
        "eu_point_code": "BG4G001QNPGMP500",
        "oracle_point_code": 1019.0,
        "settlement": "Доспат",
        "database_name": "Доспат, КЕИ \"Студения гьол\", \"ВиК\" ЕООД - Смолян",
        "basin_name": "КЕИ \"Студения гьол\", \"ВиК\" ЕООД - Смолян, Доспат,",
        "municipality": "Доспат",
        "region": "Смолян",
        "laboratory": "Смолян",
        "canonical_code": "BG4G001QNPG010",
        "source_body_code": "BG4G001QNPG010",
        "source_latitude": 41.69993076,
        "source_longitude": 24.10838907,
        "validated_latitude": 41.69993076,
        "validated_longitude": 24.10838907,
        "latitude_raw": 41.6999307585,
        "longitude_raw": 24.1083890665,
        "coordinate_format": "decimal",
        "coordinate_quality": "official_as_published",
        "coordinate_correction_source": null,
        "coordinate_note": null,
        "coordinate_is_corrected": false,
        "depth_raw": "неприлож.",
        "depth_m": null,
        "point_use": "DW",
        "control_basic_physchem": "(x) 4y",
        "control_additional_physchem": "(1,2,3,4)4y",
        "control_metals_metalloids": "(1,2,3,4,5,6,7,8,9,10,16,17,18,19)1y (12,13,14,15) 4y",
        "control_organic": "(3,4,5,12,13,14,18,23,37,49) 1y",
        "operational_basic_physchem": null,
        "operational_additional_physchem": null,
        "operational_metals_metalloids": null,
        "operational_organic": null,
        "control_chemical": "X",
        "operational_chemical": null,
        "drinking_water_protection_zone": "X",
        "nitrate_directive_monitoring": "X",
        "wise_reporting": "X",
        "eea_reporting": null,
        "justification": "поров водоносен хоризонт, зона за защита на водите ЗЗВ ПБВ"
      }
    },
    {
      "type": "Feature",
      "geometry": {
        "type": "Point",
        "coordinates": [
          23.792,
          41.668
        ]
      },
      "properties": {
        "eu_point_code": "BG4G000000QMP652",
        "oracle_point_code": 1028.0,
        "settlement": "Скребатно",
        "database_name": "Скребатно, ВС - КИ  Чатала, ПС \"Сълзен\"",
        "basin_name": "ВС Чатала, ПС \"Сълзен\", Скребатно",
        "municipality": "Гърмен",
        "region": "Благоевград",
        "laboratory": "Благоевград",
        "canonical_code": "BG4G00001PG018",
        "source_body_code": "BG4G00001PG018",
        "source_latitude": 41.668,
        "source_longitude": 23.792,
        "validated_latitude": 41.668,
        "validated_longitude": 23.792,
        "latitude_raw": 41.668,
        "longitude_raw": 23.792,
        "coordinate_format": "decimal",
        "coordinate_quality": "official_as_published",
        "coordinate_correction_source": null,
        "coordinate_note": null,
        "coordinate_is_corrected": false,
        "depth_raw": "неприлож.",
        "depth_m": null,
        "point_use": "DW",
        "control_basic_physchem": "(x) 4y",
        "control_additional_physchem": "(1,2,3,4)4y",
        "control_metals_metalloids": "(1,2,3,4,5,6,7,8,9,10,16,17,18,19)1y (12,13,14,15) 4y",
        "control_organic": "(3,4,5,12,13,14,18,23,37,49) 1y",
        "operational_basic_physchem": null,
        "operational_additional_physchem": null,
        "operational_metals_metalloids": null,
        "operational_organic": null,
        "control_chemical": "X",
        "operational_chemical": null,
        "drinking_water_protection_zone": "X",
        "nitrate_directive_monitoring": "X",
        "wise_reporting": "X",
        "eea_reporting": null,
        "justification": "поров водоносен хоризонт, зона за защита на водите ЗЗВ ПБВ"
      }
    },
    {
      "type": "Feature",
      "geometry": {
        "type": "Point",
        "coordinates": [
          22.99248694,
          41.93471825
        ]
      },
      "properties": {
        "eu_point_code": "BG4G00001PGMP509",
        "oracle_point_code": 1029.0,
        "settlement": "Падеш",
        "database_name": "Падеш, ШК \"Падеш\" -  \"ВиК\" ЕООД - гр.Благоевград",
        "basin_name": "ШК \"Падеш\" -  \"ВиК\" ЕООД - гр.Благоевград",
        "municipality": "Благоевград",
        "region": "Благоевград",
        "laboratory": "Благоевград",
        "canonical_code": "BG4G00001PG138",
        "source_body_code": "BG4G00001PG138",
        "source_latitude": 41.93471825,
        "source_longitude": 22.99248694,
        "validated_latitude": 41.93471825,
        "validated_longitude": 22.99248694,
        "latitude_raw": 41.9347182543,
        "longitude_raw": 22.9924869443,
        "coordinate_format": "decimal",
        "coordinate_quality": "official_as_published",
        "coordinate_correction_source": null,
        "coordinate_note": null,
        "coordinate_is_corrected": false,
        "depth_raw": 8.0,
        "depth_m": 8.0,
        "point_use": "DW",
        "control_basic_physchem": "(x) 4y",
        "control_additional_physchem": "(1,2,3,4)4y",
        "control_metals_metalloids": "(1,2,3,4,5,6,7,8,9,10,16,17,18,19)1y (12,13,14,15) 4y",
        "control_organic": "(3,4,5,12,13,14,18,23,37,49) 1y",
        "operational_basic_physchem": null,
        "operational_additional_physchem": null,
        "operational_metals_metalloids": null,
        "operational_organic": null,
        "control_chemical": "X",
        "operational_chemical": null,
        "drinking_water_protection_zone": "X",
        "nitrate_directive_monitoring": "X",
        "wise_reporting": "X",
        "eea_reporting": null,
        "justification": "поров водоносен хоризонт, зона за защита на водите ЗЗВ ПБВ"
      }
    },
    {
      "type": "Feature",
      "geometry": {
        "type": "Point",
        "coordinates": [
          22.48537651,
          42.22050415
        ]
      },
      "properties": {
        "eu_point_code": "BG4G00001PGMP510",
        "oracle_point_code": 1030.0,
        "settlement": "Гюешево",
        "database_name": "Гюешево, ВС - дренаж  \"Миалевица\", \"Кюстендилска вода\" ЕООД",
        "basin_name": "ВС \"Миалевица\", \"Кюстендилска вода\" ЕООД",
        "municipality": "Кюстендил",
        "region": "Кюстендил",
        "laboratory": "София",
        "canonical_code": "BG4G00001PG039",
        "source_body_code": "BG4G00001PG039",
        "source_latitude": 42.22050415,
        "source_longitude": 22.48537651,
        "validated_latitude": 42.22050415,
        "validated_longitude": 22.48537651,
        "latitude_raw": 42.2205041521,
        "longitude_raw": 22.4853765099,
        "coordinate_format": "decimal",
        "coordinate_quality": "official_as_published",
        "coordinate_correction_source": null,
        "coordinate_note": null,
        "coordinate_is_corrected": false,
        "depth_raw": "неприлож.",
        "depth_m": null,
        "point_use": "DW",
        "control_basic_physchem": "(x) 4y",
        "control_additional_physchem": "(1,2,3,4)4y",
        "control_metals_metalloids": "(1,2,3,4,5,6,7,8,9,10,16,17,18,19)1y (12,13,14,15) 4y",
        "control_organic": "(3,4,5,12,13,14,18,23,37,49) 1y",
        "operational_basic_physchem": null,
        "operational_additional_physchem": null,
        "operational_metals_metalloids": null,
        "operational_organic": null,
        "control_chemical": "X",
        "operational_chemical": null,
        "drinking_water_protection_zone": "X",
        "nitrate_directive_monitoring": "X",
        "wise_reporting": "X",
        "eea_reporting": null,
        "justification": "поров водоносен хоризонт, зона за защита на водите ЗЗВ ПБВ"
      }
    },
    {
      "type": "Feature",
      "geometry": {
        "type": "Point",
        "coordinates": [
          22.85466667,
          42.31516667
        ]
      },
      "properties": {
        "eu_point_code": "BG4G00001PGMP053",
        "oracle_point_code": 8473.0,
        "settlement": "Таваличево",
        "database_name": "Таваличево, извор \"Извор\", \"Кюстендилска вода\" ЕООД",
        "basin_name": "Таваличево, извор \"Извор\"ВиК- Кюстендил",
        "municipality": "Кюстендил",
        "region": "Кюстендил",
        "laboratory": "София",
        "canonical_code": "BG4G00001PG138",
        "source_body_code": "BG4G00001PG138",
        "source_latitude": 42.31516667,
        "source_longitude": 22.85466667,
        "validated_latitude": 42.31516667,
        "validated_longitude": 22.85466667,
        "latitude_raw": 42.31516667,
        "longitude_raw": 22.85466667,
        "coordinate_format": "decimal",
        "coordinate_quality": "official_as_published",
        "coordinate_correction_source": null,
        "coordinate_note": null,
        "coordinate_is_corrected": false,
        "depth_raw": "неприлож.",
        "depth_m": null,
        "point_use": "DW",
        "control_basic_physchem": "(x) 4y",
        "control_additional_physchem": "(1,2,3,4)4y",
        "control_metals_metalloids": "(1,2,3,4,5,6,7,8,9,10,16,17,18,19)1y (12,13,14,15) 4y",
        "control_organic": "(3,4,5,12,13,14,18,23,37,49) 1y",
        "operational_basic_physchem": null,
        "operational_additional_physchem": null,
        "operational_metals_metalloids": null,
        "operational_organic": null,
        "control_chemical": "X",
        "operational_chemical": null,
        "drinking_water_protection_zone": "X",
        "nitrate_directive_monitoring": "X",
        "wise_reporting": "X",
        "eea_reporting": null,
        "justification": "поров водоносен хоризонт, зона за защита на водите ЗЗВ ПБВ"
      }
    },
    {
      "type": "Feature",
      "geometry": {
        "type": "Point",
        "coordinates": [
          22.94914625,
          42.38789697
        ]
      },
      "properties": {
        "eu_point_code": "BG4G00001PGMP512",
        "oracle_point_code": 1035.0,
        "settlement": "Голема Фуча",
        "database_name": "Голема фуча, ВС \"Фучка чешма\", \"Кюстендилска вода\" ЕООД",
        "basin_name": "ВС \"Фучка чешма\", \"Кюстендилска вода\" ЕООД, Голема фуча",
        "municipality": "Бобов дол",
        "region": "Кюстендил",
        "laboratory": "София",
        "canonical_code": "BG4G00001PG138",
        "source_body_code": "BG4G00001PG138",
        "source_latitude": 42.38789697,
        "source_longitude": 22.94914625,
        "validated_latitude": 42.38789697,
        "validated_longitude": 22.94914625,
        "latitude_raw": 42.3878969683,
        "longitude_raw": 22.9491462464,
        "coordinate_format": "decimal",
        "coordinate_quality": "official_as_published",
        "coordinate_correction_source": null,
        "coordinate_note": null,
        "coordinate_is_corrected": false,
        "depth_raw": "неприлож.",
        "depth_m": null,
        "point_use": "DW",
        "control_basic_physchem": "(x) 4y",
        "control_additional_physchem": "(1,2,3,4)4y",
        "control_metals_metalloids": "(1,2,3,4,5,6,7,8,9,10,16,17,18,19)1y (12,13,14,15) 4y",
        "control_organic": "(3,4,5,12,13,14,18,23,37,49) 1y",
        "operational_basic_physchem": null,
        "operational_additional_physchem": null,
        "operational_metals_metalloids": null,
        "operational_organic": null,
        "control_chemical": "X",
        "operational_chemical": null,
        "drinking_water_protection_zone": "X",
        "nitrate_directive_monitoring": "X",
        "wise_reporting": "X",
        "eea_reporting": null,
        "justification": "поров водоносен хоризонт, зона за защита на водите ЗЗВ ПБВ"
      }
    },
    {
      "type": "Feature",
      "geometry": {
        "type": "Point",
        "coordinates": [
          22.82181111,
          42.04249444
        ]
      },
      "properties": {
        "eu_point_code": "BG4G00001PGMP556",
        "oracle_point_code": 8962.0,
        "settlement": "Църварица",
        "database_name": "Църварица, Дренаж Богатия Извор,  КюстендилскаВодаЕООД",
        "basin_name": "Църварица, Дренаж Богатия Извор/ КюстендилскаВодаЕООД",
        "municipality": "Невестино",
        "region": "Кюстендил",
        "laboratory": "София",
        "canonical_code": "BG4G00001PG138",
        "source_body_code": "BG4G00001PG138",
        "source_latitude": 42.04249444,
        "source_longitude": 22.82181111,
        "validated_latitude": 42.04249444,
        "validated_longitude": 22.82181111,
        "latitude_raw": "42°2'32,98\"",
        "longitude_raw": "22°49'18,52\"",
        "coordinate_format": "dms",
        "coordinate_quality": "official_as_published",
        "coordinate_correction_source": null,
        "coordinate_note": null,
        "coordinate_is_corrected": false,
        "depth_raw": "неприлож.",
        "depth_m": null,
        "point_use": "DW",
        "control_basic_physchem": "(x) 4y",
        "control_additional_physchem": "(1,2,3,4)4y",
        "control_metals_metalloids": "(1,2,3,4,5,6,7,8,9,10,16,17,18,19)1y (12,13,14,15) 4y",
        "control_organic": "(3,4,5,12,13,14,18,23,37,49) 1y",
        "operational_basic_physchem": null,
        "operational_additional_physchem": null,
        "operational_metals_metalloids": null,
        "operational_organic": null,
        "control_chemical": "X",
        "operational_chemical": null,
        "drinking_water_protection_zone": "X",
        "nitrate_directive_monitoring": "X",
        "wise_reporting": "X",
        "eea_reporting": null,
        "justification": "поров водоносен хоризонт, зона за защита на водите ЗЗВ ПБВ"
      }
    },
    {
      "type": "Feature",
      "geometry": {
        "type": "Point",
        "coordinates": [
          22.96672072,
          42.65794215
        ]
      },
      "properties": {
        "eu_point_code": "BG4G00001PGMP514",
        "oracle_point_code": 8340.0,
        "settlement": "Зидарци",
        "database_name": "Зидарци, ВС \"Извора\", \"ВиК\" ООД - гр. Перник",
        "basin_name": "ВС \"Извора\", \"ВиК\" ООД - гр. Перник",
        "municipality": "Перник",
        "region": "Перник",
        "laboratory": "София",
        "canonical_code": "BG4G00001PG238",
        "source_body_code": "BG4G00001PG238",
        "source_latitude": 42.65794215,
        "source_longitude": 22.96672072,
        "validated_latitude": 42.65794215,
        "validated_longitude": 22.96672072,
        "latitude_raw": 42.6579421503,
        "longitude_raw": 22.9667207242,
        "coordinate_format": "decimal",
        "coordinate_quality": "official_as_published",
        "coordinate_correction_source": null,
        "coordinate_note": null,
        "coordinate_is_corrected": false,
        "depth_raw": "неприлож.",
        "depth_m": null,
        "point_use": "DW",
        "control_basic_physchem": "(x) 4y",
        "control_additional_physchem": "(1,2,3,4)4y",
        "control_metals_metalloids": "(1,2,3,4,5,6,7,8,9,10,16,17,18,19)1y (12,13,14,15) 4y",
        "control_organic": "(3,4,5,12,13,14,18,23,37,49) 1y",
        "operational_basic_physchem": "(1,2,3,4,6,8,9,10,14) 4у",
        "operational_additional_physchem": "(1-5)/ 4y",
        "operational_metals_metalloids": "(1-11)/2y",
        "operational_organic": "(3,4,5,12,13,14,18,23,37,49) 1y",
        "control_chemical": "X",
        "operational_chemical": "X",
        "drinking_water_protection_zone": "X",
        "nitrate_directive_monitoring": "X",
        "wise_reporting": "X",
        "eea_reporting": null,
        "justification": "поров водоносен хоризонт, зона за защита на водите ЗЗВ ПБВ"
      }
    },
    {
      "type": "Feature",
      "geometry": {
        "type": "Point",
        "coordinates": [
          22.95724072,
          42.60391553
        ]
      },
      "properties": {
        "eu_point_code": "BG4G00001PGMP549",
        "oracle_point_code": 1032.0,
        "settlement": "Батановци",
        "database_name": "Батановци, ТК-1 - \"Корпорация Топливо\" АД",
        "basin_name": "ТК-1 - \"Корпорация Топливо\" АД",
        "municipality": "Перник",
        "region": "Перник",
        "laboratory": "София",
        "canonical_code": "BG4G00001PG238",
        "source_body_code": "BG4G00001PG238",
        "source_latitude": 42.60391553,
        "source_longitude": 22.95724072,
        "validated_latitude": 42.60391553,
        "validated_longitude": 22.95724072,
        "latitude_raw": 42.6039155324,
        "longitude_raw": 22.9572407153,
        "coordinate_format": "decimal",
        "coordinate_quality": "official_as_published",
        "coordinate_correction_source": null,
        "coordinate_note": null,
        "coordinate_is_corrected": false,
        "depth_raw": 26.0,
        "depth_m": 26.0,
        "point_use": "IND",
        "control_basic_physchem": "(x) 4y",
        "control_additional_physchem": "(1,2,3,4)4y",
        "control_metals_metalloids": "(1,2,3,4,5,6,7,8,9,10,16,17,18,19)1y (12,13,14,15) 4y",
        "control_organic": "(3,4,5,12,13,14,18,23,37,49) 1y",
        "operational_basic_physchem": "(1,2,3,4,6,8,9,10,14) 4у",
        "operational_additional_physchem": "(1-5)/ 4y",
        "operational_metals_metalloids": "(1,2,3,4,5,6,7) 1y (8,9,10) 4y",
        "operational_organic": "(3,4,5,12,13,14,18,23,37,49) 1y",
        "control_chemical": "Х",
        "operational_chemical": "Х",
        "drinking_water_protection_zone": "X",
        "nitrate_directive_monitoring": null,
        "wise_reporting": null,
        "eea_reporting": null,
        "justification": "стара мрежа редица от данни"
      }
    },
    {
      "type": "Feature",
      "geometry": {
        "type": "Point",
        "coordinates": [
          23.38436,
          41.61908
        ]
      },
      "properties": {
        "eu_point_code": "BG4G1PZC2PGMP055",
        "oracle_point_code": 8305.0,
        "settlement": "Сандански",
        "database_name": "Сандански, Каптаж \"Бождово\", \"УВЕКС\" ЕООД - гр.Сандански",
        "basin_name": "Каптаж \"Бождово\", \"УВЕКС\" ЕООД - гр.Сандански",
        "municipality": "Сандански",
        "region": "Благоевград",
        "laboratory": "Благоевград",
        "canonical_code": "BG4G1PZC2PG019",
        "source_body_code": "BG4G1PZC2PG019",
        "source_latitude": 41.61908,
        "source_longitude": 23.38436,
        "validated_latitude": 41.61908,
        "validated_longitude": 23.38436,
        "latitude_raw": 41.61908,
        "longitude_raw": 23.38436,
        "coordinate_format": "decimal",
        "coordinate_quality": "official_as_published",
        "coordinate_correction_source": null,
        "coordinate_note": null,
        "coordinate_is_corrected": false,
        "depth_raw": "неприлож.",
        "depth_m": null,
        "point_use": "DW",
        "control_basic_physchem": "(x) 4y",
        "control_additional_physchem": "(1,2,3,4)4y",
        "control_metals_metalloids": "(1,2,3,4,5,6,7,8,9,10,16,17,18,19)1y (12,13,14,15) 4y",
        "control_organic": "(3,4,5,12,13,14,18,23,37,49) 1y",
        "operational_basic_physchem": null,
        "operational_additional_physchem": null,
        "operational_metals_metalloids": null,
        "operational_organic": null,
        "control_chemical": "X",
        "operational_chemical": null,
        "drinking_water_protection_zone": "X",
        "nitrate_directive_monitoring": "X",
        "wise_reporting": "X",
        "eea_reporting": null,
        "justification": "поров водоносен хоризонт, зона за защита на водите ЗЗВ ПБВ"
      }
    },
    {
      "type": "Feature",
      "geometry": {
        "type": "Point",
        "coordinates": [
          23.63889,
          42.07658
        ]
      },
      "properties": {
        "eu_point_code": "BG4G001PZC2MP057",
        "oracle_point_code": 8467.0,
        "settlement": "Якоруда",
        "database_name": "Якоруда, КЕИ Якоруда, \"ВиК\" ЕООД - гр.Благоевград",
        "basin_name": "КЕИ Якоруда, \"ВиК\" ЕООД - гр.Благоевград, Якоруда,",
        "municipality": "Якоруда",
        "region": "Благоевград",
        "laboratory": "Благоевград",
        "canonical_code": "BG4G001PZC2021",
        "source_body_code": "BG4G001PZC2021",
        "source_latitude": 42.07658,
        "source_longitude": 23.63889,
        "validated_latitude": 42.07658,
        "validated_longitude": 23.63889,
        "latitude_raw": 42.07658,
        "longitude_raw": 23.63889,
        "coordinate_format": "decimal",
        "coordinate_quality": "official_as_published",
        "coordinate_correction_source": null,
        "coordinate_note": null,
        "coordinate_is_corrected": false,
        "depth_raw": "неприлож.",
        "depth_m": null,
        "point_use": "DW",
        "control_basic_physchem": "(x) 4y",
        "control_additional_physchem": "(1,2,3,4)4y",
        "control_metals_metalloids": "(1,2,3,4,5,6,7,8,9,10,16,17,18,19)1y (12,13,14,15) 4y",
        "control_organic": "(3,4,5,12,13,14,18,23,37,49) 1y",
        "operational_basic_physchem": null,
        "operational_additional_physchem": null,
        "operational_metals_metalloids": null,
        "operational_organic": null,
        "control_chemical": "X",
        "operational_chemical": null,
        "drinking_water_protection_zone": "X",
        "nitrate_directive_monitoring": "X",
        "wise_reporting": "X",
        "eea_reporting": null,
        "justification": "поров водоносен хоризонт, зона за защита на водите ЗЗВ ПБВ"
      }
    },
    {
      "type": "Feature",
      "geometry": {
        "type": "Point",
        "coordinates": [
          23.42706,
          41.85561
        ]
      },
      "properties": {
        "eu_point_code": "BG4G0000PT3MP044",
        "oracle_point_code": 332.0,
        "settlement": "Разлог",
        "database_name": "Разлог, КЕИ \"Язо\", НИМХ 581I2/59з",
        "basin_name": "КЕИ \"Язо\", НИМХ 581I2/59з, гр. Разлог, общ. Разлог, обл. Благоевград",
        "municipality": "Разлог",
        "region": "Благоевград",
        "laboratory": "Благоевград",
        "canonical_code": "BG4G000PT3031",
        "source_body_code": "BG4G0000PT3031",
        "source_latitude": 41.85561,
        "source_longitude": 23.42706,
        "validated_latitude": 41.85561,
        "validated_longitude": 23.42706,
        "latitude_raw": 41.85561,
        "longitude_raw": 23.42706,
        "coordinate_format": "decimal",
        "coordinate_quality": "official_as_published",
        "coordinate_correction_source": null,
        "coordinate_note": null,
        "coordinate_is_corrected": false,
        "depth_raw": "неприлож.",
        "depth_m": null,
        "point_use": "DW",
        "control_basic_physchem": "(x) 4y",
        "control_additional_physchem": "(1,2,3,4)4y",
        "control_metals_metalloids": "(1,2,3,4,5,6,7,8,9,10,16,17,18,19)1y (12,13,14,15) 4y",
        "control_organic": "(3,4,5,12,13,14,18,23,37,49) 1y",
        "operational_basic_physchem": null,
        "operational_additional_physchem": null,
        "operational_metals_metalloids": null,
        "operational_organic": null,
        "control_chemical": "X",
        "operational_chemical": null,
        "drinking_water_protection_zone": "X",
        "nitrate_directive_monitoring": "X",
        "wise_reporting": "X",
        "eea_reporting": null,
        "justification": "поров водоносен хоризонт, зона за защита на водите ЗЗВ ПБВ"
      }
    },
    {
      "type": "Feature",
      "geometry": {
        "type": "Point",
        "coordinates": [
          23.29972,
          41.67111
        ]
      },
      "properties": {
        "eu_point_code": "BG4G0000PT3MP045",
        "oracle_point_code": 8329.0,
        "settlement": "Плоски",
        "database_name": "Плоски, КЕИ Шашка река,  \"УВЕКС\" ЕООД-гр.Сандански",
        "basin_name": "КЕИ Шашка река/ \"УВЕКС\" ЕООД-гр.Сандански",
        "municipality": "Сандански",
        "region": "Благоевград",
        "laboratory": "Благоевград",
        "canonical_code": "BG4G000PT3032",
        "source_body_code": "BG4G0000PT3032",
        "source_latitude": 41.67111,
        "source_longitude": 23.29972,
        "validated_latitude": 41.67111,
        "validated_longitude": 23.29972,
        "latitude_raw": 41.67111,
        "longitude_raw": 23.29972,
        "coordinate_format": "decimal",
        "coordinate_quality": "official_as_published",
        "coordinate_correction_source": null,
        "coordinate_note": null,
        "coordinate_is_corrected": false,
        "depth_raw": "неприлож.",
        "depth_m": null,
        "point_use": "DW",
        "control_basic_physchem": "(x) 4y",
        "control_additional_physchem": "(1,2,3,4)4y",
        "control_metals_metalloids": "(1,2,3,4,5,6,7,8,9,10,16,17,18,19)1y (12,13,14,15) 4y",
        "control_organic": "(3,4,5,12,13,14,18,23,37,49) 1y",
        "operational_basic_physchem": null,
        "operational_additional_physchem": null,
        "operational_metals_metalloids": null,
        "operational_organic": null,
        "control_chemical": "X",
        "operational_chemical": null,
        "drinking_water_protection_zone": "X",
        "nitrate_directive_monitoring": "X",
        "wise_reporting": "X",
        "eea_reporting": "X",
        "justification": "поров водоносен хоризонт, зона за защита на водите ЗЗВ ПБВ"
      }
    },
    {
      "type": "Feature",
      "geometry": {
        "type": "Point",
        "coordinates": [
          24.02917857,
          41.62433602
        ]
      },
      "properties": {
        "eu_point_code": "BG4G001PTPZMP526",
        "oracle_point_code": 1038.0,
        "settlement": "Кочан",
        "database_name": "Кочан, ВС \"Извора-нов\",  \"ВиК\" ЕООД - гр.Благоевград",
        "basin_name": "ВС \"Извора-нов\",  \"ВиК\" ЕООД - гр.Благоевград, Кочан",
        "municipality": "Сатовча",
        "region": "Благоевград",
        "laboratory": "Благоевград",
        "canonical_code": "BG4G0001PT1030",
        "source_body_code": "BG4G0001PT1030",
        "source_latitude": 41.62433602,
        "source_longitude": 24.02917857,
        "validated_latitude": 41.62433602,
        "validated_longitude": 24.02917857,
        "latitude_raw": 41.6243360171,
        "longitude_raw": 24.0291785686,
        "coordinate_format": "decimal",
        "coordinate_quality": "official_as_published",
        "coordinate_correction_source": null,
        "coordinate_note": null,
        "coordinate_is_corrected": false,
        "depth_raw": "неприлож.",
        "depth_m": null,
        "point_use": "DW",
        "control_basic_physchem": "(x) 4y",
        "control_additional_physchem": "(1,2,3,4)4y",
        "control_metals_metalloids": "(1,2,3,4,5,6,7,8,9,10,16,17,18,19)1y (12,13,14,15) 4y",
        "control_organic": "(3,4,5,12,13,14,18,23,37,49) 1y",
        "operational_basic_physchem": null,
        "operational_additional_physchem": null,
        "operational_metals_metalloids": null,
        "operational_organic": null,
        "control_chemical": "X",
        "operational_chemical": null,
        "drinking_water_protection_zone": "X",
        "nitrate_directive_monitoring": "X",
        "wise_reporting": "X",
        "eea_reporting": null,
        "justification": "поров водоносен хоризонт, зона за защита на водите ЗЗВ ПБВ"
      }
    },
    {
      "type": "Feature",
      "geometry": {
        "type": "Point",
        "coordinates": [
          23.95286648,
          41.62578724
        ]
      },
      "properties": {
        "eu_point_code": "BG4G001PTPZMP527",
        "oracle_point_code": 1039.0,
        "settlement": "Плетена",
        "database_name": "Плетена, Каптаж \"Бенан\" - горен, Плетена, Община Гърмен",
        "basin_name": "Каптаж \"Бенан\" - горен, Плетена, Община Гърмен",
        "municipality": "Сатовча",
        "region": "Благоевград",
        "laboratory": "Благоевград",
        "canonical_code": "BG4G0001PT1030",
        "source_body_code": "BG4G0001PT1030",
        "source_latitude": 41.62578724,
        "source_longitude": 23.95286648,
        "validated_latitude": 41.62578724,
        "validated_longitude": 23.95286648,
        "latitude_raw": 41.6257872373,
        "longitude_raw": 23.9528664756,
        "coordinate_format": "decimal",
        "coordinate_quality": "official_as_published",
        "coordinate_correction_source": null,
        "coordinate_note": null,
        "coordinate_is_corrected": false,
        "depth_raw": "неприлож.",
        "depth_m": null,
        "point_use": "DW",
        "control_basic_physchem": "(x) 4y",
        "control_additional_physchem": "(1,2,3,4)4y",
        "control_metals_metalloids": "(1,2,3,4,5,6,7,8,9,10,16,17,18,19)1y (12,13,14,15) 4y",
        "control_organic": "(3,4,5,12,13,14,18,23,37,49) 1y",
        "operational_basic_physchem": null,
        "operational_additional_physchem": null,
        "operational_metals_metalloids": null,
        "operational_organic": null,
        "control_chemical": "X",
        "operational_chemical": null,
        "drinking_water_protection_zone": "X",
        "nitrate_directive_monitoring": "X",
        "wise_reporting": "X",
        "eea_reporting": null,
        "justification": "поров водоносен хоризонт, зона за защита на водите ЗЗВ ПБВ"
      }
    },
    {
      "type": "Feature",
      "geometry": {
        "type": "Point",
        "coordinates": [
          23.54972,
          41.41611
        ]
      },
      "properties": {
        "eu_point_code": "BG4G0000PT1MP049",
        "oracle_point_code": 8334.0,
        "settlement": "Петрово",
        "database_name": "Петрово, КЕИ - НИМХ \"Петрово\"579I2/410",
        "basin_name": "КЕИ \"Петрово\"579I2/410, с. Петрово, общ. Сандански, обл. Благоевград",
        "municipality": "Сандански",
        "region": "Благоевград",
        "laboratory": "Благоевград",
        "canonical_code": "BG4G0001PT1036",
        "source_body_code": "BG4G0001PT1036",
        "source_latitude": 41.41611,
        "source_longitude": 23.54972,
        "validated_latitude": 41.41611,
        "validated_longitude": 23.54972,
        "latitude_raw": 41.41611,
        "longitude_raw": 23.54972,
        "coordinate_format": "decimal",
        "coordinate_quality": "official_as_published",
        "coordinate_correction_source": null,
        "coordinate_note": null,
        "coordinate_is_corrected": false,
        "depth_raw": "неприлож.",
        "depth_m": null,
        "point_use": "DW",
        "control_basic_physchem": "(x) 4y",
        "control_additional_physchem": "(1,2,3,4)4y",
        "control_metals_metalloids": "(1,2,3,4,5,6,7,8,9,10,16,17,18,19)1y (12,13,14,15) 4y",
        "control_organic": "(3,4,5,12,13,14,18,23,37,49) 1y",
        "operational_basic_physchem": null,
        "operational_additional_physchem": null,
        "operational_metals_metalloids": null,
        "operational_organic": null,
        "control_chemical": "X",
        "operational_chemical": null,
        "drinking_water_protection_zone": "X",
        "nitrate_directive_monitoring": "X",
        "wise_reporting": "X",
        "eea_reporting": "X",
        "justification": "поров водоносен хоризонт, зона за защита на водите ЗЗВ ПБВ"
      }
    },
    {
      "type": "Feature",
      "geometry": {
        "type": "Point",
        "coordinates": [
          23.68192777,
          41.47225207
        ]
      },
      "properties": {
        "eu_point_code": "BG4G001PTPZMP528",
        "oracle_point_code": 1040.0,
        "settlement": "Тешово",
        "database_name": "Тешово, ВС \"Корията-2\", \"ВиК\" ЕООД - гр.Благоевград",
        "basin_name": "ВС \"Корията-2\", Тешово, \"ВиК\" ЕООД - гр.Благоевград",
        "municipality": "Хаджидимово",
        "region": "Благоевград",
        "laboratory": "Благоевград",
        "canonical_code": "BG4G0001PT1036",
        "source_body_code": "BG4G0001PT1036",
        "source_latitude": 41.47225207,
        "source_longitude": 23.68192777,
        "validated_latitude": 41.47225207,
        "validated_longitude": 23.68192777,
        "latitude_raw": 41.4722520686,
        "longitude_raw": 23.681927774,
        "coordinate_format": "decimal",
        "coordinate_quality": "official_as_published",
        "coordinate_correction_source": null,
        "coordinate_note": null,
        "coordinate_is_corrected": false,
        "depth_raw": "неприлож.",
        "depth_m": null,
        "point_use": "DW",
        "control_basic_physchem": "(x) 4y",
        "control_additional_physchem": "(1,2,3,4)4y",
        "control_metals_metalloids": "(1,2,3,4,5,6,7,8,9,10,16,17,18,19)1y (12,13,14,15) 4y",
        "control_organic": "(3,4,5,12,13,14,18,23,37,49) 1y",
        "operational_basic_physchem": null,
        "operational_additional_physchem": null,
        "operational_metals_metalloids": null,
        "operational_organic": null,
        "control_chemical": "X",
        "operational_chemical": null,
        "drinking_water_protection_zone": "X",
        "nitrate_directive_monitoring": "X",
        "wise_reporting": "X",
        "eea_reporting": null,
        "justification": "поров водоносен хоризонт, зона за защита на водите ЗЗВ ПБВ"
      }
    },
    {
      "type": "Feature",
      "geometry": {
        "type": "Point",
        "coordinates": [
          23.67415528,
          41.54983508
        ]
      },
      "properties": {
        "eu_point_code": "BG4G001PTPZMP529",
        "oracle_point_code": 1041.0,
        "settlement": "Делчево",
        "database_name": "Делчево, ВС \"Папаз чаир-1\",  Делчево, \"ВиК\" ЕООД - гр.Благоевград",
        "basin_name": "ВС \"Папаз чаир-1\",  Делчево, \"ВиК\" ЕООД - гр.Благоевград",
        "municipality": "Гоце Делчев",
        "region": "Благоевград",
        "laboratory": "Благоевград",
        "canonical_code": "BG4G0001PT1036",
        "source_body_code": "BG4G0001PT1036",
        "source_latitude": 41.54983508,
        "source_longitude": 23.67415528,
        "validated_latitude": 41.54983508,
        "validated_longitude": 23.67415528,
        "latitude_raw": 41.5498350801,
        "longitude_raw": 23.674155275,
        "coordinate_format": "decimal",
        "coordinate_quality": "official_as_published",
        "coordinate_correction_source": null,
        "coordinate_note": null,
        "coordinate_is_corrected": false,
        "depth_raw": "неприлож.",
        "depth_m": null,
        "point_use": "DW",
        "control_basic_physchem": "(x) 4y",
        "control_additional_physchem": "(1,2,3,4)4y",
        "control_metals_metalloids": "(1,2,3,4,5,6,7,8,9,10,16,17,18,19)1y (12,13,14,15) 4y",
        "control_organic": "(3,4,5,12,13,14,18,23,37,49) 1y",
        "operational_basic_physchem": null,
        "operational_additional_physchem": null,
        "operational_metals_metalloids": null,
        "operational_organic": null,
        "control_chemical": "X",
        "operational_chemical": null,
        "drinking_water_protection_zone": "X",
        "nitrate_directive_monitoring": "X",
        "wise_reporting": "X",
        "eea_reporting": null,
        "justification": "поров водоносен хоризонт, зона за защита на водите ЗЗВ ПБВ"
      }
    },
    {
      "type": "Feature",
      "geometry": {
        "type": "Point",
        "coordinates": [
          23.1177996,
          41.35605001
        ]
      },
      "properties": {
        "eu_point_code": "BG4G001PTPZMP517",
        "oracle_point_code": 1003.0,
        "settlement": "Коларово",
        "database_name": "Коларово , КЕИ \"Дебрало\",  \"ВиК\" ЕООД - гр. Петрич",
        "basin_name": "Коларово,  КЕИ \"Дебрало\",  \" ВиК\" ЕООД - гр. Петрич",
        "municipality": "Петрич",
        "region": "Благоевград",
        "laboratory": "Благоевград",
        "canonical_code": "BG4G001PTPZ025",
        "source_body_code": "BG4G001PTPZ025",
        "source_latitude": 41.35605001,
        "source_longitude": 23.1177996,
        "validated_latitude": 41.35605001,
        "validated_longitude": 23.1177996,
        "latitude_raw": 41.3560500147,
        "longitude_raw": 23.1177995985,
        "coordinate_format": "decimal",
        "coordinate_quality": "official_as_published",
        "coordinate_correction_source": null,
        "coordinate_note": null,
        "coordinate_is_corrected": false,
        "depth_raw": "неприлож.",
        "depth_m": null,
        "point_use": "DW",
        "control_basic_physchem": "(x) 4y",
        "control_additional_physchem": "(1,2,3,4)4y",
        "control_metals_metalloids": "(1,2,3,4,5,6,7,8,9,10,16,17,18,19)1y (12,13,14,15) 4y",
        "control_organic": "(3,4,5,12,13,14,18,23,37,49) 1y",
        "operational_basic_physchem": null,
        "operational_additional_physchem": null,
        "operational_metals_metalloids": null,
        "operational_organic": null,
        "control_chemical": "X",
        "operational_chemical": null,
        "drinking_water_protection_zone": "X",
        "nitrate_directive_monitoring": "X",
        "wise_reporting": "X",
        "eea_reporting": null,
        "justification": "поров водоносен хоризонт, зона за защита на водите ЗЗВ ПБВ"
      }
    },
    {
      "type": "Feature",
      "geometry": {
        "type": "Point",
        "coordinates": [
          23.63686361,
          41.94869833
        ]
      },
      "properties": {
        "eu_point_code": "BG4G001PTPZMP518",
        "oracle_point_code": 1004.0,
        "settlement": "Лютово",
        "database_name": "Лютово, КЕИ \"Горна махала\", Община Белица",
        "basin_name": "Лютово, КЕИ \"Горна махала\", \"Община Белица\"",
        "municipality": "Белица",
        "region": "Благоевград",
        "laboratory": "Благоевград",
        "canonical_code": "BG4G001PTPZ026",
        "source_body_code": "BG4G001PTPZ026",
        "source_latitude": 41.94869833,
        "source_longitude": 23.63686361,
        "validated_latitude": 41.94869833,
        "validated_longitude": 23.63686361,
        "latitude_raw": 41.9486983332,
        "longitude_raw": 23.636863611,
        "coordinate_format": "decimal",
        "coordinate_quality": "official_as_published",
        "coordinate_correction_source": null,
        "coordinate_note": null,
        "coordinate_is_corrected": false,
        "depth_raw": "неприлож.",
        "depth_m": null,
        "point_use": "DW",
        "control_basic_physchem": "(x) 4y",
        "control_additional_physchem": "(1,2,3,4)4y",
        "control_metals_metalloids": "(1,2,3,4,5,6,7,8,9,10,16,17,18,19)1y (12,13,14,15) 4y",
        "control_organic": "(3,4,5,12,13,14,18,23,37,49) 1y",
        "operational_basic_physchem": null,
        "operational_additional_physchem": null,
        "operational_metals_metalloids": null,
        "operational_organic": null,
        "control_chemical": "X",
        "operational_chemical": null,
        "drinking_water_protection_zone": "X",
        "nitrate_directive_monitoring": "X",
        "wise_reporting": "X",
        "eea_reporting": null,
        "justification": "поров водоносен хоризонт, зона за защита на водите ЗЗВ ПБВ"
      }
    },
    {
      "type": "Feature",
      "geometry": {
        "type": "Point",
        "coordinates": [
          23.83616741,
          41.69052724
        ]
      },
      "properties": {
        "eu_point_code": "BG4G001PTPZMP519",
        "oracle_point_code": 1005.0,
        "settlement": "Ковачевица",
        "database_name": "Ковачевица, ВС \"Горно ливаде\", \"ВиК\" ЕООД - гр.Благоевград",
        "basin_name": "Ковачевица, ВС \"Горно ливаде\", \"ВиК\" ЕООД - гр.Благоевград",
        "municipality": "Гърмен",
        "region": "Благоевград",
        "laboratory": "Благоевград",
        "canonical_code": "BG4G001PTPZ026",
        "source_body_code": "BG4G001PTPZ026",
        "source_latitude": 41.69052724,
        "source_longitude": 23.83616741,
        "validated_latitude": 41.69052724,
        "validated_longitude": 23.83616741,
        "latitude_raw": 41.6905272397,
        "longitude_raw": 23.8361674138,
        "coordinate_format": "decimal",
        "coordinate_quality": "official_as_published",
        "coordinate_correction_source": null,
        "coordinate_note": null,
        "coordinate_is_corrected": false,
        "depth_raw": "неприлож.",
        "depth_m": null,
        "point_use": "DW",
        "control_basic_physchem": "(x) 4y",
        "control_additional_physchem": "(1,2,3,4)4y",
        "control_metals_metalloids": "(1,2,3,4,5,6,7,8,9,10,16,17,18,19)1y (12,13,14,15) 4y",
        "control_organic": "(3,4,5,12,13,14,18,23,37,49) 1y",
        "operational_basic_physchem": null,
        "operational_additional_physchem": null,
        "operational_metals_metalloids": null,
        "operational_organic": null,
        "control_chemical": "X",
        "operational_chemical": null,
        "drinking_water_protection_zone": "X",
        "nitrate_directive_monitoring": "X",
        "wise_reporting": "X",
        "eea_reporting": null,
        "justification": "поров водоносен хоризонт, зона за защита на водите ЗЗВ ПБВ"
      }
    },
    {
      "type": "Feature",
      "geometry": {
        "type": "Point",
        "coordinates": [
          24.24388854,
          41.61186046
        ]
      },
      "properties": {
        "eu_point_code": "BG4G001PTPZMP520",
        "oracle_point_code": 1006.0,
        "settlement": "Чавдар",
        "database_name": "Чавдар,  ВС \"Бял Дунав\",  \"ВиК\" ЕООД Смолян",
        "basin_name": "Чавдар,  ВС \"Бял Дунав\",  \"В и К\"ЕООД Смолян",
        "municipality": "Доспат",
        "region": "Смолян",
        "laboratory": "Смолян",
        "canonical_code": "BG4G001PTPZ026",
        "source_body_code": "BG4G001PTPZ026",
        "source_latitude": 41.61186046,
        "source_longitude": 24.24388854,
        "validated_latitude": 41.61186046,
        "validated_longitude": 24.24388854,
        "latitude_raw": 41.6118604642,
        "longitude_raw": 24.2438885435,
        "coordinate_format": "decimal",
        "coordinate_quality": "official_as_published",
        "coordinate_correction_source": null,
        "coordinate_note": null,
        "coordinate_is_corrected": false,
        "depth_raw": "неприлож.",
        "depth_m": null,
        "point_use": "DW",
        "control_basic_physchem": "(x) 4y",
        "control_additional_physchem": "(1,2,3,4)4y",
        "control_metals_metalloids": "(1,2,3,4,5,6,7,8,9,10,16,17,18,19)1y (12,13,14,15) 4y",
        "control_organic": "(3,4,5,12,13,14,18,23,37,49) 1y",
        "operational_basic_physchem": null,
        "operational_additional_physchem": null,
        "operational_metals_metalloids": null,
        "operational_organic": null,
        "control_chemical": "X",
        "operational_chemical": null,
        "drinking_water_protection_zone": "X",
        "nitrate_directive_monitoring": "X",
        "wise_reporting": "X",
        "eea_reporting": null,
        "justification": "поров водоносен хоризонт, зона за защита на водите ЗЗВ ПБВ"
      }
    },
    {
      "type": "Feature",
      "geometry": {
        "type": "Point",
        "coordinates": [
          23.09944612,
          42.38354791
        ]
      },
      "properties": {
        "eu_point_code": "BG4G001PTPZMP521",
        "oracle_point_code": 1007.0,
        "settlement": "Делян",
        "database_name": "Делян, Каптаж \"Извора\", \"ВиК Дупница\" ЕООД",
        "basin_name": "Делян, Каптаж \"Извора\", \"ВиК Дупница\" ЕООД",
        "municipality": "Дупница",
        "region": "Кюстендил",
        "laboratory": "София",
        "canonical_code": "BG4G001PTPZ027",
        "source_body_code": "BG4G001PTPZ027",
        "source_latitude": 42.38354791,
        "source_longitude": 23.09944612,
        "validated_latitude": 42.38354791,
        "validated_longitude": 23.09944612,
        "latitude_raw": 42.3835479083,
        "longitude_raw": 23.0994461163,
        "coordinate_format": "decimal",
        "coordinate_quality": "official_as_published",
        "coordinate_correction_source": null,
        "coordinate_note": null,
        "coordinate_is_corrected": false,
        "depth_raw": "неприлож.",
        "depth_m": null,
        "point_use": "DW",
        "control_basic_physchem": "(x) 4y",
        "control_additional_physchem": "(1,2,3,4)4y",
        "control_metals_metalloids": "(1,2,3,4,5,6,7,8,9,10,16,17,18,19)1y (12,13,14,15) 4y",
        "control_organic": "(3,4,5,12,13,14,18,23,37,49) 1y",
        "operational_basic_physchem": null,
        "operational_additional_physchem": null,
        "operational_metals_metalloids": null,
        "operational_organic": null,
        "control_chemical": "X",
        "operational_chemical": null,
        "drinking_water_protection_zone": "X",
        "nitrate_directive_monitoring": "X",
        "wise_reporting": "X",
        "eea_reporting": null,
        "justification": "поров водоносен хоризонт, зона за защита на водите ЗЗВ ПБВ"
      }
    },
    {
      "type": "Feature",
      "geometry": {
        "type": "Point",
        "coordinates": [
          23.00867105,
          42.70354345
        ]
      },
      "properties": {
        "eu_point_code": "BG4G001PTPZMP522",
        "oracle_point_code": 1008.0,
        "settlement": "Расник",
        "database_name": "Расник,  ВС \"Зли дол\", \"ВиК\" ООД - гр. Перник",
        "basin_name": "Расник, ВС \"Зли дол\", \"ВиК\" ООД - гр. Перник",
        "municipality": "Радомир",
        "region": "Перник",
        "laboratory": "София",
        "canonical_code": "BG4G001PTPZ027",
        "source_body_code": "BG4G001PTPZ027",
        "source_latitude": 42.70354345,
        "source_longitude": 23.00867105,
        "validated_latitude": 42.70354345,
        "validated_longitude": 23.00867105,
        "latitude_raw": 42.7035434462,
        "longitude_raw": 23.0086710496,
        "coordinate_format": "decimal",
        "coordinate_quality": "official_as_published",
        "coordinate_correction_source": null,
        "coordinate_note": null,
        "coordinate_is_corrected": false,
        "depth_raw": "неприлож.",
        "depth_m": null,
        "point_use": "DW",
        "control_basic_physchem": "(x) 4y",
        "control_additional_physchem": "(1,2,3,4)4y",
        "control_metals_metalloids": "(1,2,3,4,5,6,7,8,9,10,16,17,18,19)1y (12,13,14,15) 4y",
        "control_organic": "(3,4,5,12,13,14,18,23,37,49) 1y",
        "operational_basic_physchem": null,
        "operational_additional_physchem": null,
        "operational_metals_metalloids": null,
        "operational_organic": null,
        "control_chemical": "X",
        "operational_chemical": null,
        "drinking_water_protection_zone": "X",
        "nitrate_directive_monitoring": "X",
        "wise_reporting": "X",
        "eea_reporting": null,
        "justification": "поров водоносен хоризонт, зона за защита на водите ЗЗВ ПБВ"
      }
    },
    {
      "type": "Feature",
      "geometry": {
        "type": "Point",
        "coordinates": [
          23.18524185,
          42.40739146
        ]
      },
      "properties": {
        "eu_point_code": "BG4G001PTPZMP523",
        "oracle_point_code": 1009.0,
        "settlement": "Дрен",
        "database_name": "Дрен, КЕИ \"ВАДАТА\",  Призма -Филм ЕООД",
        "basin_name": "Дрен, КЕИ \"ВАДАТА\" , Призма -Филм ЕООД",
        "municipality": "Радомир",
        "region": "Перник",
        "laboratory": "София",
        "canonical_code": "BG4G001PTPZ027",
        "source_body_code": "BG4G001PTPZ027",
        "source_latitude": 42.40739146,
        "source_longitude": 23.18524185,
        "validated_latitude": 42.40739146,
        "validated_longitude": 23.18524185,
        "latitude_raw": 42.407391456,
        "longitude_raw": 23.185241848,
        "coordinate_format": "decimal",
        "coordinate_quality": "official_as_published",
        "coordinate_correction_source": null,
        "coordinate_note": null,
        "coordinate_is_corrected": false,
        "depth_raw": "неприлож.",
        "depth_m": null,
        "point_use": "IND",
        "control_basic_physchem": "(x) 4y",
        "control_additional_physchem": "(1,2,3,4)4y",
        "control_metals_metalloids": "(1,2,3,4,5,6,7,8,9,10,16,17,18,19)1y (12,13,14,15) 4y",
        "control_organic": "(3,4,5,12,13,14,18,23,37,49) 1y",
        "operational_basic_physchem": null,
        "operational_additional_physchem": null,
        "operational_metals_metalloids": null,
        "operational_organic": null,
        "control_chemical": "Х",
        "operational_chemical": null,
        "drinking_water_protection_zone": "X",
        "nitrate_directive_monitoring": null,
        "wise_reporting": null,
        "eea_reporting": null,
        "justification": "стара мрежа редица от данни"
      }
    },
    {
      "type": "Feature",
      "geometry": {
        "type": "Point",
        "coordinates": [
          23.04833,
          41.78158
        ]
      },
      "properties": {
        "eu_point_code": "BG4G001PTPZMP056",
        "oracle_point_code": 8472.0,
        "settlement": "Крупник",
        "database_name": "Крупник, каптаж \"Буката 1\", м. Татарките",
        "basin_name": "Крупник, каптаж \"Буката 1\", м. Татарките",
        "municipality": "Симитли",
        "region": "Благоевград",
        "laboratory": "Благоевград",
        "canonical_code": "BG4G001PTPZ125",
        "source_body_code": "BG4G001PTPZ125",
        "source_latitude": 41.78158,
        "source_longitude": 23.04833,
        "validated_latitude": 41.78158,
        "validated_longitude": 23.04833,
        "latitude_raw": 41.78158,
        "longitude_raw": 23.04833,
        "coordinate_format": "decimal",
        "coordinate_quality": "official_as_published",
        "coordinate_correction_source": null,
        "coordinate_note": null,
        "coordinate_is_corrected": false,
        "depth_raw": "неприлож.",
        "depth_m": null,
        "point_use": "DW",
        "control_basic_physchem": "(x) 4y",
        "control_additional_physchem": "(1,2,3,4)4y",
        "control_metals_metalloids": "(1,2,3,4,5,6,7,8,9,10,16,17,18,19)1y (12,13,14,15) 4y",
        "control_organic": "(3,4,5,12,13,14,18,23,37,49) 1y",
        "operational_basic_physchem": null,
        "operational_additional_physchem": null,
        "operational_metals_metalloids": null,
        "operational_organic": null,
        "control_chemical": "X",
        "operational_chemical": null,
        "drinking_water_protection_zone": "X",
        "nitrate_directive_monitoring": "X",
        "wise_reporting": "X",
        "eea_reporting": null,
        "justification": "поров водоносен хоризонт, зона за защита на водите ЗЗВ ПБВ"
      }
    },
    {
      "type": "Feature",
      "geometry": {
        "type": "Point",
        "coordinates": [
          22.62861,
          42.31694
        ]
      },
      "properties": {
        "eu_point_code": "BG4G001PTPZMP059",
        "oracle_point_code": 8864.0,
        "settlement": "Радловци",
        "database_name": "Радловци, ВиК- Кюстендил ЕООД- ВС  \"Старата чешма\"",
        "basin_name": "Радловци, ВиК- Кюстендил ЕООД- ВС  \"Старата чешма\"",
        "municipality": "Кюстендил",
        "region": "Кюстендил",
        "laboratory": "София",
        "canonical_code": "BG4G001PTPZ125",
        "source_body_code": "BG4G001PTPZ125",
        "source_latitude": 42.31694,
        "source_longitude": 22.62861,
        "validated_latitude": 42.31694,
        "validated_longitude": 22.62861,
        "latitude_raw": 42.31694,
        "longitude_raw": 22.62861,
        "coordinate_format": "decimal",
        "coordinate_quality": "official_as_published",
        "coordinate_correction_source": null,
        "coordinate_note": null,
        "coordinate_is_corrected": false,
        "depth_raw": "неприлож.",
        "depth_m": null,
        "point_use": "DW",
        "control_basic_physchem": "(x) 4y",
        "control_additional_physchem": "(1,2,3,4)4y",
        "control_metals_metalloids": "(1,2,3,4,5,6,7,8,9,10,16,17,18,19)1y (12,13,14,15) 4y",
        "control_organic": "(3,4,5,12,13,14,18,23,37,49) 1y",
        "operational_basic_physchem": null,
        "operational_additional_physchem": null,
        "operational_metals_metalloids": null,
        "operational_organic": null,
        "control_chemical": "X",
        "operational_chemical": null,
        "drinking_water_protection_zone": "X",
        "nitrate_directive_monitoring": "X",
        "wise_reporting": "X",
        "eea_reporting": null,
        "justification": "поров водоносен хоризонт, зона за защита на водите ЗЗВ ПБВ"
      }
    },
    {
      "type": "Feature",
      "geometry": {
        "type": "Point",
        "coordinates": [
          23.08364,
          41.4518
        ]
      },
      "properties": {
        "eu_point_code": "BG4G001PTPZMP062",
        "oracle_point_code": 8470.0,
        "settlement": "Долна Рибница",
        "database_name": "Долна Рибница, извор, Кметство",
        "basin_name": "Долна Рибница, извор, Кметство",
        "municipality": "Петрич",
        "region": "Благоевград",
        "laboratory": "Благоевград",
        "canonical_code": "BG4G001PTPZ125",
        "source_body_code": "BG4G001PTPZ125",
        "source_latitude": 41.4518,
        "source_longitude": 23.08364,
        "validated_latitude": 41.4518,
        "validated_longitude": 23.08364,
        "latitude_raw": 41.4518,
        "longitude_raw": 23.08364,
        "coordinate_format": "decimal",
        "coordinate_quality": "official_as_published",
        "coordinate_correction_source": null,
        "coordinate_note": null,
        "coordinate_is_corrected": false,
        "depth_raw": "неприлож.",
        "depth_m": null,
        "point_use": "DW",
        "control_basic_physchem": "(x) 4y",
        "control_additional_physchem": "(1,2,3,4)4y",
        "control_metals_metalloids": "(1,2,3,4,5,6,7,8,9,10,16,17,18,19)1y (12,13,14,15) 4y",
        "control_organic": "(3,4,5,12,13,14,18,23,37,49) 1y",
        "operational_basic_physchem": null,
        "operational_additional_physchem": null,
        "operational_metals_metalloids": null,
        "operational_organic": null,
        "control_chemical": "X",
        "operational_chemical": null,
        "drinking_water_protection_zone": "X",
        "nitrate_directive_monitoring": "X",
        "wise_reporting": "X",
        "eea_reporting": null,
        "justification": "поров водоносен хоризонт, зона за защита на водите ЗЗВ ПБВ"
      }
    },
    {
      "type": "Feature",
      "geometry": {
        "type": "Point",
        "coordinates": [
          23.01722,
          42.18194
        ]
      },
      "properties": {
        "eu_point_code": "BG4G001PTPZMP201",
        "oracle_point_code": 8854.0,
        "settlement": "Сопово",
        "database_name": "Сопово, ВиК Кюстендил ЕООД, BС \"Сопдере\"",
        "basin_name": "Сопово, ВиК Кюстендил ЕООД, BС \"Сопдере\"",
        "municipality": "Бобошево",
        "region": "Кюстендил",
        "laboratory": "София",
        "canonical_code": "BG4G001PTPZ125",
        "source_body_code": "BG4G001PTPZ125",
        "source_latitude": 42.18194,
        "source_longitude": 23.01722,
        "validated_latitude": 42.18194,
        "validated_longitude": 23.01722,
        "latitude_raw": 42.18194,
        "longitude_raw": 23.01722,
        "coordinate_format": "decimal",
        "coordinate_quality": "official_as_published",
        "coordinate_correction_source": null,
        "coordinate_note": null,
        "coordinate_is_corrected": false,
        "depth_raw": "неприлож.",
        "depth_m": null,
        "point_use": "DW",
        "control_basic_physchem": "(x) 4y",
        "control_additional_physchem": "(1,2,3,4)4y",
        "control_metals_metalloids": "(1,2,3,4,5,6,7,8,9,10,16,17,18,19)1y (12,13,14,15) 4y",
        "control_organic": "(3,4,5,12,13,14,18,23,37,49) 1y",
        "operational_basic_physchem": null,
        "operational_additional_physchem": null,
        "operational_metals_metalloids": null,
        "operational_organic": null,
        "control_chemical": "X",
        "operational_chemical": null,
        "drinking_water_protection_zone": "X",
        "nitrate_directive_monitoring": "X",
        "wise_reporting": "X",
        "eea_reporting": null,
        "justification": "поров водоносен хоризонт, зона за защита на водите ЗЗВ ПБВ"
      }
    },
    {
      "type": "Feature",
      "geometry": {
        "type": "Point",
        "coordinates": [
          22.55775,
          42.41544444
        ]
      },
      "properties": {
        "eu_point_code": "BG4G001PTPZMP571",
        "oracle_point_code": 8984.0,
        "settlement": "Долно Уйно",
        "database_name": "Долно Уйно, ШК-1,  \"Кюстендилска вода\" ЕООД",
        "basin_name": "Долно Уйно,община Кюстендил, \"Кюстендилска вода\" ЕООД, ШК-1",
        "municipality": "Кюстендил",
        "region": "Кюстендил",
        "laboratory": "София",
        "canonical_code": "BG4G001PTPZ125",
        "source_body_code": "BG4G001PTPZ125",
        "source_latitude": 42.41544444,
        "source_longitude": 22.55775,
        "validated_latitude": 42.41544444,
        "validated_longitude": 22.55775,
        "latitude_raw": "42°24'55,6\"",
        "longitude_raw": "22°33'27,9\"",
        "coordinate_format": "dms",
        "coordinate_quality": "official_as_published",
        "coordinate_correction_source": null,
        "coordinate_note": null,
        "coordinate_is_corrected": false,
        "depth_raw": 5.0,
        "depth_m": 5.0,
        "point_use": "DW",
        "control_basic_physchem": "(x) 4y",
        "control_additional_physchem": "(1,2,3,4)4y",
        "control_metals_metalloids": "(1,2,3,4,5,6,7,8,9,10,16,17,18,19)1y (12,13,14,15) 4y",
        "control_organic": "(3,4,5,12,13,14,18,23,37,49) 1y",
        "operational_basic_physchem": null,
        "operational_additional_physchem": null,
        "operational_metals_metalloids": null,
        "operational_organic": null,
        "control_chemical": "X",
        "operational_chemical": null,
        "drinking_water_protection_zone": "X",
        "nitrate_directive_monitoring": "X",
        "wise_reporting": "X",
        "eea_reporting": null,
        "justification": "поров водоносен хоризонт, зона за защита на водите ЗЗВ ПБВ"
      }
    },
    {
      "type": "Feature",
      "geometry": {
        "type": "Point",
        "coordinates": [
          22.58197222,
          42.55302778
        ]
      },
      "properties": {
        "eu_point_code": "BG4G001PTPZMP572",
        "oracle_point_code": 8985.0,
        "settlement": "Трекляно",
        "database_name": "Трекляно,  ВС Стубело, \"Кюстендилска вода\" ЕООД",
        "basin_name": "Трекляно,община Трекляно, \"Кюстендилска вода\" ЕООД,ВС\"Стубело\"",
        "municipality": "Трекляно",
        "region": "Кюстендил",
        "laboratory": "София",
        "canonical_code": "BG4G001PTPZ125",
        "source_body_code": "BG4G001PTPZ125",
        "source_latitude": 42.55302778,
        "source_longitude": 22.58197222,
        "validated_latitude": 42.55302778,
        "validated_longitude": 22.58197222,
        "latitude_raw": "42°33'10,9\"",
        "longitude_raw": "22°34'55,1\"",
        "coordinate_format": "dms",
        "coordinate_quality": "official_as_published",
        "coordinate_correction_source": null,
        "coordinate_note": null,
        "coordinate_is_corrected": false,
        "depth_raw": "неприлож.",
        "depth_m": null,
        "point_use": "DW",
        "control_basic_physchem": "(x) 4y",
        "control_additional_physchem": "(1,2,3,4)4y",
        "control_metals_metalloids": "(1,2,3,4,5,6,7,8,9,10,16,17,18,19)1y (12,13,14,15) 4y",
        "control_organic": "(3,4,5,12,13,14,18,23,37,49) 1y",
        "operational_basic_physchem": null,
        "operational_additional_physchem": null,
        "operational_metals_metalloids": null,
        "operational_organic": null,
        "control_chemical": "X",
        "operational_chemical": null,
        "drinking_water_protection_zone": "X",
        "nitrate_directive_monitoring": "X",
        "wise_reporting": "X",
        "eea_reporting": null,
        "justification": "поров водоносен хоризонт, зона за защита на водите ЗЗВ ПБВ"
      }
    },
    {
      "type": "Feature",
      "geometry": {
        "type": "Point",
        "coordinates": [
          22.60363889,
          42.53725
        ]
      },
      "properties": {
        "eu_point_code": "BG4G001PTPZMP573",
        "oracle_point_code": 8986.0,
        "settlement": "Трекляно",
        "database_name": "Трекляно, ВС Врело, \"Кюстендилска вода\" ЕООД, ВС\"Врело\"",
        "basin_name": "Трекляно,община Трекляно, \"Кюстендилска вода\" ЕООД, ВС\"Врело\"",
        "municipality": "Трекляно",
        "region": "Кюстендил",
        "laboratory": "София",
        "canonical_code": "BG4G001PTPZ125",
        "source_body_code": "BG4G001PTPZ125",
        "source_latitude": 42.53725,
        "source_longitude": 22.60363889,
        "validated_latitude": 42.53725,
        "validated_longitude": 22.60363889,
        "latitude_raw": "42°32'14,1\"",
        "longitude_raw": "22°36'13,1\"",
        "coordinate_format": "dms",
        "coordinate_quality": "official_as_published",
        "coordinate_correction_source": null,
        "coordinate_note": null,
        "coordinate_is_corrected": false,
        "depth_raw": "неприлож.",
        "depth_m": null,
        "point_use": "DW",
        "control_basic_physchem": "(x) 4y",
        "control_additional_physchem": "(1,2,3,4)4y",
        "control_metals_metalloids": "(1,2,3,4,5,6,7,8,9,10,16,17,18,19)1y (12,13,14,15) 4y",
        "control_organic": "(3,4,5,12,13,14,18,23,37,49) 1y",
        "operational_basic_physchem": null,
        "operational_additional_physchem": null,
        "operational_metals_metalloids": null,
        "operational_organic": null,
        "control_chemical": "X",
        "operational_chemical": null,
        "drinking_water_protection_zone": "X",
        "nitrate_directive_monitoring": "X",
        "wise_reporting": "X",
        "eea_reporting": null,
        "justification": "поров водоносен хоризонт, зона за защита на водите ЗЗВ ПБВ"
      }
    },
    {
      "type": "Feature",
      "geometry": {
        "type": "Point",
        "coordinates": [
          22.93583,
          41.98472
        ]
      },
      "properties": {
        "eu_point_code": "BG4G000T1T2MP046",
        "oracle_point_code": 8331.0,
        "settlement": "Логодаж",
        "database_name": "Логодаж, КЕИ \"Черквата\", НИМХ 562I2/414",
        "basin_name": "Логодаж, КЕИ \"Черквата\", НИМХ 562I2/414",
        "municipality": "Благоевград",
        "region": "Благоевград",
        "laboratory": "Благоевград",
        "canonical_code": "BG4G00T1T2033",
        "source_body_code": "BG4G000T1T2033",
        "source_latitude": 41.98472,
        "source_longitude": 22.93583,
        "validated_latitude": 41.98472,
        "validated_longitude": 22.93583,
        "latitude_raw": 41.98472,
        "longitude_raw": 22.93583,
        "coordinate_format": "decimal",
        "coordinate_quality": "official_as_published",
        "coordinate_correction_source": null,
        "coordinate_note": null,
        "coordinate_is_corrected": false,
        "depth_raw": "неприлож.",
        "depth_m": null,
        "point_use": "DW",
        "control_basic_physchem": "(x) 4y",
        "control_additional_physchem": "(1,2,3,4)4y",
        "control_metals_metalloids": "(1,2,3,4,5,6,7,8,9,10,16,17,18,19)1y (12,13,14,15) 4y",
        "control_organic": "(3,4,5,12,13,14,18,23,37,49) 1y",
        "operational_basic_physchem": null,
        "operational_additional_physchem": null,
        "operational_metals_metalloids": null,
        "operational_organic": null,
        "control_chemical": "X",
        "operational_chemical": null,
        "drinking_water_protection_zone": "X",
        "nitrate_directive_monitoring": "X",
        "wise_reporting": "X",
        "eea_reporting": null,
        "justification": "поров водоносен хоризонт, зона за защита на водите ЗЗВ ПБВ"
      }
    },
    {
      "type": "Feature",
      "geometry": {
        "type": "Point",
        "coordinates": [
          22.80528,
          42.13806
        ]
      },
      "properties": {
        "eu_point_code": "BG4G000T1T2MP047",
        "oracle_point_code": 8332.0,
        "settlement": "Смоличано",
        "database_name": "Смоличано, КЕИ \"Света Анна\", НИМХ 551I2/1301",
        "basin_name": "КЕИ \"Света Анна\", НИМХ 551I2/1301, Смоличано",
        "municipality": "Невестино",
        "region": "Кюстендил",
        "laboratory": "София",
        "canonical_code": "BG4G00T1T2034",
        "source_body_code": "BG4G000T1T2034",
        "source_latitude": 42.13806,
        "source_longitude": 22.80528,
        "validated_latitude": 42.13806,
        "validated_longitude": 22.80528,
        "latitude_raw": 42.13806,
        "longitude_raw": 22.80528,
        "coordinate_format": "decimal",
        "coordinate_quality": "official_as_published",
        "coordinate_correction_source": null,
        "coordinate_note": null,
        "coordinate_is_corrected": false,
        "depth_raw": "неприлож.",
        "depth_m": null,
        "point_use": "DW",
        "control_basic_physchem": "(x) 4y",
        "control_additional_physchem": "(1,2,3,4)4y",
        "control_metals_metalloids": "(1,2,3,4,5,6,7,8,9,10,16,17,18,19)1y (12,13,14,15) 4y",
        "control_organic": "(3,4,5,12,13,14,18,23,37,49) 1y",
        "operational_basic_physchem": null,
        "operational_additional_physchem": null,
        "operational_metals_metalloids": null,
        "operational_organic": null,
        "control_chemical": "X",
        "operational_chemical": null,
        "drinking_water_protection_zone": "X",
        "nitrate_directive_monitoring": "X",
        "wise_reporting": "X",
        "eea_reporting": null,
        "justification": "поров водоносен хоризонт, зона за защита на водите ЗЗВ ПБВ"
      }
    },
    {
      "type": "Feature",
      "geometry": {
        "type": "Point",
        "coordinates": [
          22.91002,
          42.22538
        ]
      },
      "properties": {
        "eu_point_code": "BG4G00001T2MP048",
        "oracle_point_code": 8333.0,
        "settlement": "Мърводол",
        "database_name": "Мърводол, КЕИ \"Мърводол\", НИМХ 549I2/415",
        "basin_name": "КЕИ \"Мърводол\", НИМХ 549I2/415, с. Мърводол, общ. Невестино, обл. Кюстендил",
        "municipality": "Невестино",
        "region": "Кюстендил",
        "laboratory": "София",
        "canonical_code": "BG4G00001T2035",
        "source_body_code": "BG4G00001T2035",
        "source_latitude": 42.22538,
        "source_longitude": 22.91002,
        "validated_latitude": 42.22538,
        "validated_longitude": 22.91002,
        "latitude_raw": 42.22538,
        "longitude_raw": 22.91002,
        "coordinate_format": "decimal",
        "coordinate_quality": "official_as_published",
        "coordinate_correction_source": null,
        "coordinate_note": null,
        "coordinate_is_corrected": false,
        "depth_raw": "неприлож.",
        "depth_m": null,
        "point_use": "DW",
        "control_basic_physchem": "(x) 4y",
        "control_additional_physchem": "(1,2,3,4)4y",
        "control_metals_metalloids": "(1,2,3,4,5,6,7,8,9,10,16,17,18,19)1y (12,13,14,15) 4y",
        "control_organic": "(3,4,5,12,13,14,18,23,37,49) 1y",
        "operational_basic_physchem": null,
        "operational_additional_physchem": null,
        "operational_metals_metalloids": null,
        "operational_organic": null,
        "control_chemical": "X",
        "operational_chemical": null,
        "drinking_water_protection_zone": "X",
        "nitrate_directive_monitoring": "X",
        "wise_reporting": "X",
        "eea_reporting": null,
        "justification": "поров водоносен хоризонт, зона за защита на водите ЗЗВ ПБВ"
      }
    },
    {
      "type": "Feature",
      "geometry": {
        "type": "Point",
        "coordinates": [
          22.73389,
          42.46778
        ]
      },
      "properties": {
        "eu_point_code": "BG4G000T2T3MP041",
        "oracle_point_code": 8471.0,
        "settlement": "Земен",
        "database_name": "Земен, КЕИ \"Манастира\", \"ВиК\" - Перник",
        "basin_name": "Земен, КЕИ \"Манастира\", \"ВиК\" - Перник",
        "municipality": "Земен",
        "region": "Перник",
        "laboratory": "София",
        "canonical_code": "BG4G00T2T3028",
        "source_body_code": "BG4G000T2T3028",
        "source_latitude": 42.46778,
        "source_longitude": 22.73389,
        "validated_latitude": 42.46778,
        "validated_longitude": 22.73389,
        "latitude_raw": 42.46778,
        "longitude_raw": 22.73389,
        "coordinate_format": "decimal",
        "coordinate_quality": "official_as_published",
        "coordinate_correction_source": null,
        "coordinate_note": null,
        "coordinate_is_corrected": false,
        "depth_raw": "неприлож.",
        "depth_m": null,
        "point_use": "DW",
        "control_basic_physchem": "(x) 4y",
        "control_additional_physchem": "(1,2,3,4)4y",
        "control_metals_metalloids": "(1,2,3,4,5,6,7,8,9,10,16,17,18,19)1y (12,13,14,15) 4y",
        "control_organic": "(3,4,5,12,13,14,18,23,37,49) 1y",
        "operational_basic_physchem": null,
        "operational_additional_physchem": null,
        "operational_metals_metalloids": null,
        "operational_organic": null,
        "control_chemical": "X",
        "operational_chemical": null,
        "drinking_water_protection_zone": "X",
        "nitrate_directive_monitoring": "X",
        "wise_reporting": "X",
        "eea_reporting": null,
        "justification": "поров водоносен хоризонт, зона за защита на водите ЗЗВ ПБВ"
      }
    },
    {
      "type": "Feature",
      "geometry": {
        "type": "Point",
        "coordinates": [
          22.59613888,
          42.48211113
        ]
      },
      "properties": {
        "eu_point_code": "BG4G000T2T3MP552",
        "oracle_point_code": 1042.0,
        "settlement": "Долни Коритен",
        "database_name": "Долни Коритен, Каптаж 1 \"Езерото\", Община Трекляно",
        "basin_name": "Долни Коритен, Каптаж 1 \"Езерото\", Община Трекляно",
        "municipality": "Трекляно",
        "region": "Кюстендил",
        "laboratory": "София",
        "canonical_code": "BG4G00T2T3028",
        "source_body_code": "BG4G000T2T3028",
        "source_latitude": 42.48211113,
        "source_longitude": 22.59613888,
        "validated_latitude": 42.48211113,
        "validated_longitude": 22.59613888,
        "latitude_raw": 42.4821111267,
        "longitude_raw": 22.5961388801,
        "coordinate_format": "decimal",
        "coordinate_quality": "official_as_published",
        "coordinate_correction_source": null,
        "coordinate_note": null,
        "coordinate_is_corrected": false,
        "depth_raw": "неприлож.",
        "depth_m": null,
        "point_use": "DW",
        "control_basic_physchem": "(x) 4y",
        "control_additional_physchem": "(1,2,3,4)4y",
        "control_metals_metalloids": "(1,2,3,4,5,6,7,8,9,10,16,17,18,19)1y (12,13,14,15) 4y",
        "control_organic": "(3,4,5,12,13,14,18,23,37,49) 1y",
        "operational_basic_physchem": null,
        "operational_additional_physchem": null,
        "operational_metals_metalloids": null,
        "operational_organic": null,
        "control_chemical": "X",
        "operational_chemical": null,
        "drinking_water_protection_zone": "X",
        "nitrate_directive_monitoring": "X",
        "wise_reporting": "X",
        "eea_reporting": null,
        "justification": "поров водоносен хоризонт, зона за защита на водите ЗЗВ ПБВ"
      }
    },
    {
      "type": "Feature",
      "geometry": {
        "type": "Point",
        "coordinates": [
          22.682577,
          42.411904
        ]
      },
      "properties": {
        "eu_point_code": "BG4G000T2T3MP539",
        "oracle_point_code": 1043.0,
        "settlement": "Полска Скакавица",
        "database_name": "Полска Скакавица,  КЕИ, НИМХ 510I2/86",
        "basin_name": "Полска Скакавица,  КЕИ, НИМХ 510I2/86, с. Полска Скакавица",
        "municipality": "Кюстендил",
        "region": "Кюстендил",
        "laboratory": "София",
        "canonical_code": "BG4G00T2T3028",
        "source_body_code": "BG4G000T2T3028",
        "source_latitude": 42.411904,
        "source_longitude": 22.682577,
        "validated_latitude": 42.411904,
        "validated_longitude": 22.682577,
        "latitude_raw": 42.411904,
        "longitude_raw": 22.682577,
        "coordinate_format": "decimal",
        "coordinate_quality": "official_as_published",
        "coordinate_correction_source": null,
        "coordinate_note": null,
        "coordinate_is_corrected": false,
        "depth_raw": "неприлож.",
        "depth_m": null,
        "point_use": "DW",
        "control_basic_physchem": "(x) 4y",
        "control_additional_physchem": "(1,2,3,4)4y",
        "control_metals_metalloids": "(1,2,3,4,5,6,7,8,9,10,16,17,18,19)1y (12,13,14,15) 4y",
        "control_organic": "(3,4,5,12,13,14,18,23,37,49) 1y",
        "operational_basic_physchem": null,
        "operational_additional_physchem": null,
        "operational_metals_metalloids": null,
        "operational_organic": null,
        "control_chemical": "X",
        "operational_chemical": null,
        "drinking_water_protection_zone": "X",
        "nitrate_directive_monitoring": "X",
        "wise_reporting": "X",
        "eea_reporting": null,
        "justification": "поров водоносен хоризонт, зона за защита на водите ЗЗВ ПБВ"
      }
    },
    {
      "type": "Feature",
      "geometry": {
        "type": "Point",
        "coordinates": [
          22.73983,
          42.62381
        ]
      },
      "properties": {
        "eu_point_code": "BG4G000T2T3MP042",
        "oracle_point_code": 8326.0,
        "settlement": "Елов дол",
        "database_name": "Елов дол, каптаж \"Селото\", \"ВиК\" - Перник",
        "basin_name": "Еловдол, каптаж \"Селото\", \"ВиК\" - Перник",
        "municipality": "Земен",
        "region": "Перник",
        "laboratory": "София",
        "canonical_code": "BG4G001T2T3029",
        "source_body_code": "BG4G000T2T3029",
        "source_latitude": 42.62381,
        "source_longitude": 22.73983,
        "validated_latitude": 42.62381,
        "validated_longitude": 22.73983,
        "latitude_raw": 42.62381,
        "longitude_raw": 22.73983,
        "coordinate_format": "decimal",
        "coordinate_quality": "official_as_published",
        "coordinate_correction_source": null,
        "coordinate_note": null,
        "coordinate_is_corrected": false,
        "depth_raw": "неприлож.",
        "depth_m": null,
        "point_use": "DW",
        "control_basic_physchem": "(x) 4y",
        "control_additional_physchem": "(1,2,3,4)4y",
        "control_metals_metalloids": "(1,2,3,4,5,6,7,8,9,10,16,17,18,19)1y (12,13,14,15) 4y",
        "control_organic": "(3,4,5,12,13,14,18,23,37,49) 1y",
        "operational_basic_physchem": null,
        "operational_additional_physchem": null,
        "operational_metals_metalloids": null,
        "operational_organic": null,
        "control_chemical": "X",
        "operational_chemical": null,
        "drinking_water_protection_zone": "X",
        "nitrate_directive_monitoring": "X",
        "wise_reporting": "X",
        "eea_reporting": null,
        "justification": "поров водоносен хоризонт, зона за защита на водите ЗЗВ ПБВ"
      }
    },
    {
      "type": "Feature",
      "geometry": {
        "type": "Point",
        "coordinates": [
          22.83061111,
          42.51388902
        ]
      },
      "properties": {
        "eu_point_code": "BG4G001PTPZMP547",
        "oracle_point_code": 1044.0,
        "settlement": "Лобош",
        "database_name": "Лобош, ШК - \"Министерство на физическото възпитание и спорта\"",
        "basin_name": "Лобош, ШК - \"Министерство на физическото възпитание и спорта\"",
        "municipality": "Ковачевци",
        "region": "Перник",
        "laboratory": "София",
        "canonical_code": "BG4G001T2T3029",
        "source_body_code": "BG4G000T2T3029",
        "source_latitude": 42.51388902,
        "source_longitude": 22.83061111,
        "validated_latitude": 42.51388902,
        "validated_longitude": 22.83061111,
        "latitude_raw": 42.5138890204,
        "longitude_raw": 22.8306111096,
        "coordinate_format": "decimal",
        "coordinate_quality": "official_as_published",
        "coordinate_correction_source": null,
        "coordinate_note": null,
        "coordinate_is_corrected": false,
        "depth_raw": 8.9,
        "depth_m": 8.9,
        "point_use": "IND",
        "control_basic_physchem": "(x) 4y",
        "control_additional_physchem": "(1,2,3,4)4y",
        "control_metals_metalloids": "(1,2,3,4,5,6,7,8,9,10,16,17,18,19)1y (12,13,14,15) 4y",
        "control_organic": "(3,4,5,12,13,14,18,23,37,49) 1y",
        "operational_basic_physchem": null,
        "operational_additional_physchem": null,
        "operational_metals_metalloids": null,
        "operational_organic": null,
        "control_chemical": "Х",
        "operational_chemical": null,
        "drinking_water_protection_zone": "-",
        "nitrate_directive_monitoring": null,
        "wise_reporting": null,
        "eea_reporting": null,
        "justification": "стара мрежа редица от данни"
      }
    },
    {
      "type": "Feature",
      "geometry": {
        "type": "Point",
        "coordinates": [
          22.81681944,
          42.55114722
        ]
      },
      "properties": {
        "eu_point_code": "BG4G001T2T3MP557",
        "oracle_point_code": 8971.0,
        "settlement": "Лобош",
        "database_name": "Лобош, ТК Тайница/ В и К ООД Перник",
        "basin_name": "ТК Тайница/ В и К ООД Перник",
        "municipality": "Ковачевци",
        "region": "Перник",
        "laboratory": "София",
        "canonical_code": "BG4G001T2T3029",
        "source_body_code": "BG4G000T2T3029",
        "source_latitude": 42.55114722,
        "source_longitude": 22.81681944,
        "validated_latitude": 42.55114722,
        "validated_longitude": 22.81681944,
        "latitude_raw": "42°33'4,13\"",
        "longitude_raw": "22°49'0,55\"",
        "coordinate_format": "dms",
        "coordinate_quality": "official_as_published",
        "coordinate_correction_source": null,
        "coordinate_note": null,
        "coordinate_is_corrected": false,
        "depth_raw": 265.0,
        "depth_m": 265.0,
        "point_use": "DW",
        "control_basic_physchem": "(x) 4y",
        "control_additional_physchem": "(1,2,3,4)4y",
        "control_metals_metalloids": "(1,2,3,4,5,6,7,8,9,10,16,17,18,19)1y (12,13,14,15) 4y",
        "control_organic": "(3,4,5,12,13,14,18,23,37,49) 1y",
        "operational_basic_physchem": null,
        "operational_additional_physchem": null,
        "operational_metals_metalloids": null,
        "operational_organic": null,
        "control_chemical": "X",
        "operational_chemical": null,
        "drinking_water_protection_zone": "X",
        "nitrate_directive_monitoring": "X",
        "wise_reporting": "X",
        "eea_reporting": null,
        "justification": "поров водоносен хоризонт, зона за защита на водите ЗЗВ ПБВ"
      }
    },
    {
      "type": "Feature",
      "geometry": {
        "type": "Point",
        "coordinates": [
          23.0661,
          42.47888
        ]
      },
      "properties": {
        "eu_point_code": "BG4G1T1T2T3MP051",
        "oracle_point_code": 346.0,
        "settlement": "Друган",
        "database_name": "Друган, извор \"Опалово\", НИМХ 504I2/40",
        "basin_name": "Друган, извор \"Опалово, НИМХ 504I2/40",
        "municipality": "Радомир",
        "region": "Перник",
        "laboratory": "София",
        "canonical_code": "BG4G1T1T2T3037",
        "source_body_code": "BG4G1T1T2T3037",
        "source_latitude": 42.47888,
        "source_longitude": 23.0661,
        "validated_latitude": 42.47888,
        "validated_longitude": 23.0661,
        "latitude_raw": 42.47888,
        "longitude_raw": 23.0661,
        "coordinate_format": "decimal",
        "coordinate_quality": "official_as_published",
        "coordinate_correction_source": null,
        "coordinate_note": null,
        "coordinate_is_corrected": false,
        "depth_raw": "неприлож.",
        "depth_m": null,
        "point_use": "DW",
        "control_basic_physchem": "(x) 4y",
        "control_additional_physchem": "(1,2,3,4)4y",
        "control_metals_metalloids": "(1,2,3,4,5,6,7,8,9,10,16,17,18,19)1y (12,13,14,15) 4y",
        "control_organic": "(3,4,5,12,13,14,18,23,37,49) 1y",
        "operational_basic_physchem": null,
        "operational_additional_physchem": null,
        "operational_metals_metalloids": null,
        "operational_organic": null,
        "control_chemical": "X",
        "operational_chemical": null,
        "drinking_water_protection_zone": "X",
        "nitrate_directive_monitoring": "X",
        "wise_reporting": "X",
        "eea_reporting": null,
        "justification": "поров водоносен хоризонт, зона за защита на водите ЗЗВ ПБВ"
      }
    },
    {
      "type": "Feature",
      "geometry": {
        "type": "Point",
        "coordinates": [
          23.17980327,
          42.49551949
        ]
      },
      "properties": {
        "eu_point_code": "BG4G0T1T2T3MP099",
        "oracle_point_code": 8336.0,
        "settlement": "Боснек",
        "database_name": "Боснек, ВС (дренаж) \"Селото\", ВиК Перник",
        "basin_name": "Боснек, ВС (дренаж) \"Селото\", ВиК Перник",
        "municipality": "Перник",
        "region": "Перник",
        "laboratory": "София",
        "canonical_code": "BG4G1T1T2T3037",
        "source_body_code": "BG4G1T1T2T3037",
        "source_latitude": 42.49551949,
        "source_longitude": 23.17980327,
        "validated_latitude": 42.49551949,
        "validated_longitude": 23.17980327,
        "latitude_raw": 42.4955194892,
        "longitude_raw": 23.179803268,
        "coordinate_format": "decimal",
        "coordinate_quality": "official_as_published",
        "coordinate_correction_source": null,
        "coordinate_note": null,
        "coordinate_is_corrected": false,
        "depth_raw": "неприлож.",
        "depth_m": null,
        "point_use": "DW",
        "control_basic_physchem": "(x) 4y",
        "control_additional_physchem": "(1,2,3,4)4y",
        "control_metals_metalloids": "(1,2,3,4,5,6,7,8,9,10,16,17,18,19)1y (12,13,14,15) 4y",
        "control_organic": "(3,4,5,12,13,14,18,23,37,49) 1y",
        "operational_basic_physchem": null,
        "operational_additional_physchem": null,
        "operational_metals_metalloids": null,
        "operational_organic": null,
        "control_chemical": "X",
        "operational_chemical": null,
        "drinking_water_protection_zone": "X",
        "nitrate_directive_monitoring": "X",
        "wise_reporting": "X",
        "eea_reporting": null,
        "justification": "поров водоносен хоризонт, зона за защита на водите ЗЗВ ПБВ"
      }
    },
    {
      "type": "Feature",
      "geometry": {
        "type": "Point",
        "coordinates": [
          23.12755833,
          42.51885833
        ]
      },
      "properties": {
        "eu_point_code": "BG4G1T1T2T3MP558",
        "oracle_point_code": 8972.0,
        "settlement": "Студена",
        "database_name": "Студена, КИ Свети Илия, с. Студена, ВиК ООД Перник",
        "basin_name": "Студена, КИ Свети Илия, с. Студена, ВиК ООД Перник",
        "municipality": "Перник",
        "region": "Перник",
        "laboratory": "София",
        "canonical_code": "BG4G1T1T2T3037",
        "source_body_code": "BG4G000T2T3037",
        "source_latitude": 42.51885833,
        "source_longitude": 23.12755833,
        "validated_latitude": 42.51885833,
        "validated_longitude": 23.12755833,
        "latitude_raw": "42°31'7,89\"",
        "longitude_raw": "23°7'39,21\"",
        "coordinate_format": "dms",
        "coordinate_quality": "official_as_published",
        "coordinate_correction_source": null,
        "coordinate_note": null,
        "coordinate_is_corrected": false,
        "depth_raw": "неприлож.",
        "depth_m": null,
        "point_use": "DW",
        "control_basic_physchem": "(x) 4y",
        "control_additional_physchem": "(1,2,3,4)4y",
        "control_metals_metalloids": "(1,2,3,4,5,6,7,8,9,10,16,17,18,19)1y (12,13,14,15) 4y",
        "control_organic": "(3,4,5,12,13,14,18,23,37,49) 1y",
        "operational_basic_physchem": null,
        "operational_additional_physchem": null,
        "operational_metals_metalloids": null,
        "operational_organic": null,
        "control_chemical": "X",
        "operational_chemical": null,
        "drinking_water_protection_zone": "X",
        "nitrate_directive_monitoring": "X",
        "wise_reporting": "X",
        "eea_reporting": null,
        "justification": "поров водоносен хоризонт, зона за защита на водите ЗЗВ ПБВ"
      }
    }
  ],
  "quality_report": {
    "production_duplicates_removed": [
      {
        "eu_point_code": "BG4G000000QMP101",
        "oracle_point_code": 8865.0,
        "canonical_code": "BG4G000000N011",
        "validated_latitude": 41.40884909,
        "validated_longitude": 23.20810455,
        "depth_m": 50.0
      }
    ],
    "corrected_coordinate_records": [
      {
        "eu_point_code": "BG4G00000QNMP634",
        "oracle_point_code": 8983.0,
        "canonical_code": "BG4G00000QN006",
        "source_latitude": 42.38886111,
        "source_longitude": 23.62505556,
        "validated_latitude": 42.38886111,
        "validated_longitude": 22.62505556,
        "coordinate_correction_source": "SONDI-derived spatial validation",
        "coordinate_note": "Official source longitude is 23?37'30,2\". This places the point 65.55 km from the nearest monitoring point in the same groundwater body. Interpreting the degree value as 22? gives 22.62505556, spatially consistent with the other points. Raw official value preserved unchanged."
      }
    ],
    "unlocated_records": [],
    "unknown_groundwater_body_codes": []
  }
}