{
  "type": "FeatureCollection",
  "features": [
    {
      "type": "Feature",
      "properties": {
        "average_dip": "(45.0,35.0,55.0)",
        "average_rake": "(-65,-80.0,-50.0)",
        "catalog_id": "ME_BGCS001",
        "catalog_name": "EMME",
        "epistemic_quality": "1",
        "lower_seis_depth": "(15.0,,)",
        "net_slip_rate": "(0.2,0.1,0.4)",
        "slip_type": "Sinistral-Normal",
        "upper_seis_depth": "(0.0,,)"
      },
      "geometry": {
        "type": "LineString",
        "coordinates": [
          [
            26.347992,
            41.844493
          ],
          [
            26.234177,
            41.8739
          ],
          [
            26.125047,
            41.902193
          ],
          [
            26.005671,
            41.918555
          ],
          [
            25.836114,
            41.940147
          ],
          [
            25.66722,
            41.951433
          ],
          [
            25.535414,
            41.980385
          ],
          [
            25.399301,
            42.01196
          ],
          [
            25.321679,
            42.035602
          ],
          [
            25.222163,
            42.066631
          ],
          [
            25.136581,
            42.094706
          ],
          [
            25.043035,
            42.131646
          ],
          [
            24.953471,
            42.162676
          ],
          [
            24.823725,
            42.217394
          ],
          [
            24.704361,
            42.259503
          ],
          [
            24.603849,
            42.299272
          ]
        ]
      }
    },
    {
      "type": "Feature",
      "properties": {
        "average_dip": "(47.5,40.0,55.0)",
        "average_rake": "(-75,-90.0,-60.0)",
        "catalog_id": "ME_BGCS006",
        "catalog_name": "EMME",
        "epistemic_quality": "1",
        "lower_seis_depth": "(15.0,,)",
        "net_slip_rate": "(0.2,0.1,0.4)",
        "slip_type": "Normal",
        "upper_seis_depth": "(1.0,,)"
      },
      "geometry": {
        "type": "LineString",
        "coordinates": [
          [
            26.176791,
            41.711203
          ],
          [
            26.123651,
            41.72388
          ],
          [
            26.081451,
            41.735404
          ],
          [
            26.018933,
            41.745777
          ],
          [
            25.970481,
            41.748081
          ],
          [
            25.911091,
            41.746929
          ],
          [
            25.839195,
            41.743472
          ],
          [
            25.782929,
            41.751539
          ],
          [
            25.725474,
            41.76539
          ],
          [
            25.68577,
            41.783446
          ],
          [
            25.646065,
            41.801502
          ],
          [
            25.593322,
            41.820711
          ],
          [
            25.540579,
            41.83992
          ],
          [
            25.48883,
            41.854696
          ],
          [
            25.437081,
            41.869472
          ]
        ]
      }
    },
    {
      "type": "Feature",
      "properties": {
        "average_dip": "(62.5,50.0,75.0)",
        "average_rake": "(-80,-90.0,-70.0)",
        "catalog_id": "ME_BGCS007",
        "catalog_name": "EMME",
        "epistemic_quality": "1",
        "lower_seis_depth": "(15.0,,)",
        "net_slip_rate": "(0.2,0.1,0.4)",
        "slip_type": "Normal",
        "upper_seis_depth": "(1.0,,)"
      },
      "geometry": {
        "type": "LineString",
        "coordinates": [
          [
            26.591698,
            41.834274
          ],
          [
            26.566001,
            41.858706
          ],
          [
            26.540305,
            41.883137
          ],
          [
            26.514608,
            41.907569
          ],
          [
            26.49794,
            41.926667
          ],
          [
            26.481271,
            41.945765
          ],
          [
            26.462867,
            41.971057
          ],
          [
            26.444463,
            41.996348
          ],
          [
            26.425364,
            42.018027
          ],
          [
            26.406265,
            42.039706
          ],
          [
            26.379482,
            42.069341
          ],
          [
            26.352698,
            42.098976
          ],
          [
            26.330866,
            42.11657
          ],
          [
            26.309034,
            42.134164
          ],
          [
            26.27061,
            42.160391
          ]
        ]
      }
    },
    {
      "type": "Feature",
      "properties": {
        "average_dip": "(50.0,40.0,60.0)",
        "average_rake": "(-75,-90.0,-60.0)",
        "catalog_id": "ME_BGCS008",
        "catalog_name": "EMME",
        "epistemic_quality": "1",
        "lower_seis_depth": "(15.0,,)",
        "net_slip_rate": "(0.2,0.1,0.4)",
        "slip_type": "Normal",
        "upper_seis_depth": "(0.0,,)"
      },
      "geometry": {
        "type": "LineString",
        "coordinates": [
          [
            27.185063,
            42.175242
          ],
          [
            27.154662,
            42.178525
          ],
          [
            27.12426,
            42.181808
          ],
          [
            27.078714,
            42.187625
          ],
          [
            27.033168,
            42.193441
          ],
          [
            26.984481,
            42.199839
          ],
          [
            26.935794,
            42.206238
          ],
          [
            26.891643,
            42.207446
          ],
          [
            26.847491,
            42.208653
          ],
          [
            26.812661,
            42.210869
          ],
          [
            26.777831,
            42.213085
          ],
          [
            26.742176,
            42.213809
          ],
          [
            26.706521,
            42.214532
          ]
        ]
      }
    },
    {
      "type": "Feature",
      "properties": {
        "average_dip": "(50.0,40.0,60.0)",
        "average_rake": "(-90,-100.0,-80.0)",
        "catalog_id": "ME_BGCS009",
        "catalog_name": "EMME",
        "epistemic_quality": "1",
        "lower_seis_depth": "(15.0,,)",
        "net_slip_rate": "(0.2,0.1,0.4)",
        "slip_type": "Normal",
        "upper_seis_depth": "(1.0,,)"
      },
      "geometry": {
        "type": "LineString",
        "coordinates": [
          [
            27.387615,
            42.326723
          ],
          [
            27.328223,
            42.324418
          ],
          [
            27.289151,
            42.325571
          ],
          [
            27.248515,
            42.327876
          ],
          [
            27.200063,
            42.332486
          ],
          [
            27.162437,
            42.335697
          ],
          [
            27.120709,
            42.332181
          ],
          [
            27.078981,
            42.328665
          ],
          [
            27.042069,
            42.326322
          ],
          [
            27.005157,
            42.323978
          ],
          [
            26.952567,
            42.321893
          ],
          [
            26.899977,
            42.319808
          ]
        ]
      }
    },
    {
      "type": "Feature",
      "properties": {
        "average_dip": "(50.0,40.0,60.0)",
        "average_rake": "(-90,-100.0,-80.0)",
        "catalog_id": "ME_BGCS044",
        "catalog_name": "EMME",
        "epistemic_quality": "1",
        "lower_seis_depth": "(15.0,,)",
        "net_slip_rate": "(0.2,0.1,0.3)",
        "slip_type": "Normal",
        "upper_seis_depth": "(1.0,,)"
      },
      "geometry": {
        "type": "LineString",
        "coordinates": [
          [
            27.720706,
            42.628591
          ],
          [
            27.674422,
            42.624585
          ],
          [
            27.620271,
            42.623564
          ],
          [
            27.570958,
            42.616573
          ],
          [
            27.532838,
            42.61457
          ],
          [
            27.497339,
            42.607764
          ],
          [
            27.441591,
            42.603024
          ],
          [
            27.394219,
            42.599055
          ],
          [
            27.347671,
            42.598355
          ],
          [
            27.295073,
            42.595124
          ],
          [
            27.26434,
            42.591964
          ],
          [
            27.233607,
            42.588803
          ],
          [
            27.192868,
            42.58143
          ]
        ]
      }
    },
    {
      "type": "Feature",
      "properties": {
        "average_dip": "(55.0,35.0,75.0)",
        "average_rake": "(-115,-160.0,-70.0)",
        "catalog_id": "ME_GRCS150",
        "catalog_name": "EMME",
        "epistemic_quality": "1",
        "lower_seis_depth": "(14.0,,)",
        "net_slip_rate": "(0.3,0.2,0.5)",
        "slip_type": "Dextral-Normal",
        "upper_seis_depth": "(0.0,,)"
      },
      "geometry": {
        "type": "LineString",
        "coordinates": [
          [
            24.479029,
            40.94717
          ],
          [
            24.536421,
            40.966303
          ],
          [
            24.563718,
            40.977452
          ],
          [
            24.600179,
            40.988512
          ],
          [
            24.642136,
            41.005872
          ],
          [
            24.669696,
            41.018896
          ],
          [
            24.697504,
            41.039627
          ],
          [
            24.732261,
            41.064727
          ],
          [
            24.762167,
            41.089367
          ],
          [
            24.787028,
            41.10597
          ],
          [
            24.815387,
            41.120258
          ],
          [
            24.848474,
            41.133553
          ],
          [
            24.872523,
            41.142523
          ],
          [
            24.895239,
            41.147025
          ],
          [
            24.916664,
            41.148406
          ],
          [
            24.930547,
            41.149095
          ],
          [
            24.945815,
            41.147831
          ],
          [
            24.956765,
            41.144722
          ],
          [
            24.9724,
            41.14184
          ],
          [
            25.000681,
            41.139563
          ],
          [
            25.017327,
            41.140125
          ],
          [
            25.033268,
            41.137556
          ],
          [
            25.039714,
            41.13518
          ],
          [
            25.055369,
            41.131161
          ],
          [
            25.074362,
            41.127232
          ],
          [
            25.091676,
            41.123979
          ],
          [
            25.112214,
            41.120659
          ],
          [
            25.13001,
            41.120284
          ],
          [
            25.144873,
            41.120867
          ],
          [
            25.158567,
            41.121921
          ],
          [
            25.168193,
            41.125307
          ],
          [
            25.185599,
            41.130319
          ],
          [
            25.197584,
            41.133202
          ],
          [
            25.207721,
            41.134328
          ],
          [
            25.216603,
            41.133686
          ],
          [
            25.224281,
            41.13262
          ],
          [
            25.234943,
            41.131937
          ],
          [
            25.251065,
            41.134275
          ],
          [
            25.28464,
            41.142506
          ],
          [
            25.305744,
            41.150561
          ],
          [
            25.349548,
            41.161686
          ],
          [
            25.376025,
            41.170056
          ],
          [
            25.391658,
            41.174632
          ],
          [
            25.407814,
            41.177398
          ],
          [
            25.42091,
            41.177989
          ],
          [
            25.435676,
            41.175845
          ],
          [
            25.454503,
            41.171359
          ],
          [
            25.479725,
            41.163574
          ],
          [
            25.512679,
            41.155323
          ],
          [
            25.566469,
            41.142816
          ],
          [
            25.603306,
            41.134447
          ],
          [
            25.644498,
            41.125049
          ],
          [
            25.689884,
            41.112959
          ],
          [
            25.743292,
            41.1
          ],
          [
            25.786962,
            41.091728
          ],
          [
            25.826633,
            41.086023
          ]
        ]
      }
    },
    {
      "type": "Feature",
      "properties": {
        "average_dip": "(60.0,45.0,75.0)",
        "average_rake": "(-105,-130.0,-80.0)",
        "catalog_id": "ME_GRCS160",
        "catalog_name": "EMME",
        "epistemic_quality": "1",
        "lower_seis_depth": "(14.0,,)",
        "net_slip_rate": "(0.6,0.4,0.7)",
        "slip_type": "Normal",
        "upper_seis_depth": "(0.0,,)"
      },
      "geometry": {
        "type": "LineString",
        "coordinates": [
          [
            26.129644,
            40.847688
          ],
          [
            26.075288,
            40.845883
          ],
          [
            26.043484,
            40.846334
          ],
          [
            26.009367,
            40.847237
          ],
          [
            25.977563,
            40.847237
          ],
          [
            25.93882,
            40.849945
          ],
          [
            25.898921,
            40.851299
          ],
          [
            25.872755,
            40.851635
          ],
          [
            25.848035,
            40.85087
          ],
          [
            25.818977,
            40.851089
          ],
          [
            25.795541,
            40.850947
          ],
          [
            25.772571,
            40.849996
          ],
          [
            25.732671,
            40.847154
          ],
          [
            25.703369,
            40.847658
          ],
          [
            25.664393,
            40.855469
          ],
          [
            25.632694,
            40.862169
          ],
          [
            25.605403,
            40.864925
          ],
          [
            25.593815,
            40.864103
          ],
          [
            25.582228,
            40.861225
          ],
          [
            25.568007,
            40.856292
          ],
          [
            25.557473,
            40.856292
          ],
          [
            25.531755,
            40.86396
          ],
          [
            25.499536,
            40.875203
          ]
        ]
      }
    },
    {
      "type": "Feature",
      "properties": {
        "average_dip": "(62.5,45.0,80.0)",
        "average_rake": "(-105,-120.0,-90.0)",
        "catalog_id": "ME_GRCS170",
        "catalog_name": "EMME",
        "epistemic_quality": "1",
        "lower_seis_depth": "(14.0,,)",
        "net_slip_rate": "(0.3,0.3,0.3)",
        "slip_type": "Normal",
        "upper_seis_depth": "(0.0,,)"
      },
      "geometry": {
        "type": "LineString",
        "coordinates": [
          [
            26.121717,
            41.542607
          ],
          [
            26.165257,
            41.551238
          ],
          [
            26.208797,
            41.559869
          ],
          [
            26.238586,
            41.566811
          ],
          [
            26.289786,
            41.574118
          ],
          [
            26.328418,
            41.58033
          ],
          [
            26.367051,
            41.586541
          ],
          [
            26.40708,
            41.592752
          ],
          [
            26.447109,
            41.598963
          ],
          [
            26.481553,
            41.604809
          ],
          [
            26.515996,
            41.610655
          ],
          [
            26.574329,
            41.619393
          ]
        ]
      }
    },
    {
      "type": "Feature",
      "properties": {
        "average_dip": "(56.5,35.0,78.0)",
        "average_rake": "(12,180.0,-156.0)",
        "catalog_id": "ME_TRCS013",
        "catalog_name": "EMME",
        "epistemic_quality": "1",
        "lower_seis_depth": "(15.0,,)",
        "net_slip_rate": "(21.4,15.0,27.9)",
        "slip_type": "Dextral",
        "upper_seis_depth": "(0.5,,)"
      },
      "geometry": {
        "type": "LineString",
        "coordinates": [
          [
            28.0563,
            40.7968
          ],
          [
            28.116661,
            40.807777
          ],
          [
            28.177022,
            40.818754
          ],
          [
            28.237518,
            40.829367
          ],
          [
            28.298014,
            40.839979
          ],
          [
            28.35958,
            40.846214
          ],
          [
            28.421145,
            40.852448
          ],
          [
            28.482832,
            40.858031
          ],
          [
            28.544518,
            40.863614
          ],
          [
            28.606536,
            40.866479
          ],
          [
            28.668554,
            40.869343
          ],
          [
            28.730577,
            40.872208
          ],
          [
            28.7926,
            40.875073
          ],
          [
            28.853591,
            40.866096
          ],
          [
            28.914582,
            40.857118
          ],
          [
            28.967916,
            40.833045
          ],
          [
            29.02125,
            40.808972
          ],
          [
            29.074556,
            40.784913
          ],
          [
            29.127861,
            40.760853
          ],
          [
            29.2279,
            40.7157
          ]
        ]
      }
    },
    {
      "type": "Feature",
      "properties": {
        "average_dip": "(34.0,30.0,38.0)",
        "average_rake": "(90,90.0,90.0)",
        "catalog_id": "ME_TRCS407",
        "catalog_name": "EMME",
        "epistemic_quality": "1",
        "lower_seis_depth": "(16.0,,)",
        "net_slip_rate": "(1.0,0.0001,2.0)",
        "slip_type": "Reverse",
        "upper_seis_depth": "(1.5,,)"
      },
      "geometry": {
        "type": "LineString",
        "coordinates": [
          [
            28.5069,
            41.53188
          ],
          [
            28.626373,
            41.52755
          ],
          [
            28.745838,
            41.52322
          ],
          [
            28.865295,
            41.51889
          ],
          [
            28.984744,
            41.514561
          ],
          [
            29.104185,
            41.510232
          ],
          [
            29.223618,
            41.505904
          ],
          [
            29.343043,
            41.501575
          ],
          [
            29.46244,
            41.496905
          ],
          [
            29.581828,
            41.492233
          ],
          [
            29.701208,
            41.487561
          ],
          [
            29.820579,
            41.482889
          ],
          [
            29.939941,
            41.478218
          ],
          [
            30.059295,
            41.473547
          ],
          [
            30.17864,
            41.468877
          ],
          [
            30.2934,
            41.493904
          ],
          [
            30.408859,
            41.517184
          ],
          [
            30.524356,
            41.540472
          ],
          [
            30.639877,
            41.563807
          ],
          [
            30.755271,
            41.587598
          ],
          [
            30.870704,
            41.611398
          ],
          [
            30.986177,
            41.635206
          ],
          [
            31.101308,
            41.660042
          ],
          [
            31.198088,
            41.712905
          ],
          [
            31.294919,
            41.765796
          ],
          [
            31.391802,
            41.818715
          ],
          [
            31.488737,
            41.871663
          ],
          [
            31.585724,
            41.92464
          ],
          [
            31.690065,
            41.969314
          ],
          [
            31.806003,
            41.993612
          ],
          [
            31.921982,
            42.017918
          ],
          [
            32.038002,
            42.042232
          ],
          [
            32.154063,
            42.066556
          ],
          [
            32.270165,
            42.090888
          ],
          [
            32.386309,
            42.115228
          ],
          [
            32.490651,
            42.1603
          ],
          [
            32.57972,
            42.220821
          ],
          [
            32.670041,
            42.280387
          ],
          [
            32.762927,
            42.337831
          ],
          [
            32.863928,
            42.387312
          ],
          [
            32.984931,
            42.392875
          ],
          [
            33.105945,
            42.398438
          ],
          [
            33.22697,
            42.404002
          ],
          [
            33.348005,
            42.409566
          ],
          [
            33.469051,
            42.415131
          ],
          [
            33.590108,
            42.420696
          ],
          [
            33.71105,
            42.4276
          ],
          [
            33.831932,
            42.435198
          ],
          [
            33.952829,
            42.442797
          ],
          [
            34.07374,
            42.450397
          ],
          [
            34.194665,
            42.457998
          ],
          [
            34.315605,
            42.4656
          ],
          [
            34.43656,
            42.473202
          ],
          [
            34.552938,
            42.447778
          ],
          [
            34.669722,
            42.423506
          ],
          [
            34.786464,
            42.399243
          ],
          [
            34.903164,
            42.374989
          ],
          [
            35.019822,
            42.350744
          ],
          [
            35.136438,
            42.326507
          ],
          [
            35.253013,
            42.302279
          ],
          [
            35.369547,
            42.278059
          ],
          [
            35.486039,
            42.253848
          ],
          [
            35.602489,
            42.229646
          ],
          [
            35.718898,
            42.205452
          ],
          [
            35.835265,
            42.181267
          ],
          [
            35.951592,
            42.157091
          ],
          [
            36.041153,
            42.097041
          ],
          [
            36.106689,
            42.021869
          ],
          [
            36.172202,
            41.946722
          ],
          [
            36.237692,
            41.871602
          ],
          [
            36.30316,
            41.796508
          ],
          [
            36.368604,
            41.72144
          ],
          [
            36.434026,
            41.646399
          ],
          [
            36.48336,
            41.58981
          ]
        ]
      }
    },
    {
      "type": "Feature",
      "properties": {
        "average_dip": "(85.0,85.0,85.0)",
        "average_rake": "(180,180.0,180.0)",
        "catalog_id": "ME_TRCS418",
        "catalog_name": "EMME",
        "epistemic_quality": "1",
        "lower_seis_depth": "(16.0,,)",
        "net_slip_rate": "(0.5,0.0001,1.0)",
        "slip_type": "Dextral",
        "upper_seis_depth": "(0.0,,)"
      },
      "geometry": {
        "type": "LineString",
        "coordinates": [
          [
            27.99441,
            42.92793
          ],
          [
            28.026165,
            42.840377
          ],
          [
            28.057917,
            42.752832
          ],
          [
            28.089667,
            42.665295
          ],
          [
            28.121413,
            42.577765
          ],
          [
            28.153157,
            42.490244
          ],
          [
            28.184898,
            42.40273
          ],
          [
            28.216636,
            42.315224
          ],
          [
            28.248371,
            42.227727
          ],
          [
            28.280102,
            42.140238
          ],
          [
            28.311831,
            42.052758
          ],
          [
            28.343557,
            41.965286
          ],
          [
            28.375279,
            41.877822
          ],
          [
            28.406999,
            41.790367
          ],
          [
            28.438716,
            41.70292
          ],
          [
            28.470429,
            41.615481
          ],
          [
            28.50214,
            41.528051
          ],
          [
            28.533848,
            41.440629
          ],
          [
            28.565552,
            41.353215
          ],
          [
            28.597254,
            41.265809
          ],
          [
            28.628953,
            41.178412
          ],
          [
            28.66066,
            41.09099
          ]
        ]
      }
    },
    {
      "type": "Feature",
      "properties": {
        "average_dip": "(72.5,55.0,90.0)",
        "average_rake": "(22,180.0,-135.0)",
        "catalog_id": "ME_TRCS996",
        "catalog_name": "EMME",
        "epistemic_quality": "1",
        "lower_seis_depth": "(19.0,,)",
        "net_slip_rate": "(21.9,15.0,28.8881)",
        "slip_type": "Dextral-Normal",
        "upper_seis_depth": "(0.0,,)"
      },
      "geometry": {
        "type": "LineString",
        "coordinates": [
          [
            25.005397,
            39.984839
          ],
          [
            25.081501,
            40.006679
          ],
          [
            25.251618,
            40.053514
          ],
          [
            25.389534,
            40.092251
          ],
          [
            25.524078,
            40.123521
          ],
          [
            25.628512,
            40.161581
          ],
          [
            25.773818,
            40.212031
          ],
          [
            25.926659,
            40.247307
          ],
          [
            26.085589,
            40.272354
          ],
          [
            26.200499,
            40.315794
          ],
          [
            26.321028,
            40.371284
          ],
          [
            26.488272,
            40.451043
          ],
          [
            26.585053,
            40.491599
          ],
          [
            26.681833,
            40.532155
          ],
          [
            26.84888,
            40.595414
          ],
          [
            26.900067,
            40.616927
          ],
          [
            26.987711,
            40.655205
          ],
          [
            27.067007,
            40.682895
          ],
          [
            27.136914,
            40.699998
          ],
          [
            27.20682,
            40.715472
          ],
          [
            27.336198,
            40.75212
          ],
          [
            27.424327,
            40.777384
          ],
          [
            27.501385,
            40.79608
          ],
          [
            27.575641,
            40.803779
          ],
          [
            27.710143,
            40.808178
          ],
          [
            27.881072,
            40.811477
          ],
          [
            28.026022,
            40.80224
          ]
        ]
      }
    },
    {
      "type": "Feature",
      "properties": {
        "average_dip": "(45.0,35,55)",
        "average_rake": "(-65,-80,-50)",
        "catalog_id": "EUR_BGCS001",
        "catalog_name": "SHARE",
        "lower_seis_depth": "(15.0,,)",
        "net_slip_rate": "(0.2,0.1,0.4)",
        "slip_type": "Sinistral-Normal",
        "upper_seis_depth": "(0.0,,)"
      },
      "geometry": {
        "type": "LineString",
        "coordinates": [
          [
            24.603849,
            42.299272
          ],
          [
            24.704361,
            42.259503
          ],
          [
            24.823725,
            42.217394
          ],
          [
            24.953471,
            42.162676
          ],
          [
            25.043035,
            42.131646
          ],
          [
            25.136581,
            42.094706
          ],
          [
            25.222163,
            42.066631
          ],
          [
            25.321679,
            42.035602
          ],
          [
            25.399301,
            42.01196
          ],
          [
            25.535414,
            41.980385
          ],
          [
            25.66722,
            41.951433
          ],
          [
            25.836114,
            41.940147
          ],
          [
            26.005671,
            41.918555
          ],
          [
            26.125047,
            41.902193
          ],
          [
            26.234177,
            41.8739
          ],
          [
            26.347992,
            41.844493
          ]
        ]
      }
    },
    {
      "type": "Feature",
      "properties": {
        "average_dip": "(50.0,40,60)",
        "average_rake": "(-80,-90,-70)",
        "catalog_id": "EUR_BGCS002",
        "catalog_name": "SHARE",
        "lower_seis_depth": "(15.0,,)",
        "net_slip_rate": "(0.2,0.1,0.4)",
        "slip_type": "Normal",
        "upper_seis_depth": "(0.0,,)"
      },
      "geometry": {
        "type": "LineString",
        "coordinates": [
          [
            25.057872,
            42.229164
          ],
          [
            25.112846,
            42.230145
          ],
          [
            25.151935,
            42.229548
          ],
          [
            25.191001,
            42.227692
          ],
          [
            25.261163,
            42.22653
          ],
          [
            25.308897,
            42.226711
          ],
          [
            25.364681,
            42.22367
          ],
          [
            25.476622,
            42.217375
          ],
          [
            25.604959,
            42.211505
          ],
          [
            25.762595,
            42.203166
          ],
          [
            25.893074,
            42.18845
          ],
          [
            25.949372,
            42.184035
          ],
          [
            26.068592,
            42.177168
          ],
          [
            26.169562,
            42.171759
          ]
        ]
      }
    },
    {
      "type": "Feature",
      "properties": {
        "average_dip": "(50.0,40,60)",
        "average_rake": "(-80,-90,-70)",
        "catalog_id": "EUR_BGCS003",
        "catalog_name": "SHARE",
        "lower_seis_depth": "(10.0,,)",
        "net_slip_rate": "(0.2,0.1,0.4)",
        "slip_type": "Normal",
        "upper_seis_depth": "(1.0,,)"
      },
      "geometry": {
        "type": "LineString",
        "coordinates": [
          [
            24.700097,
            42.326179
          ],
          [
            24.751595,
            42.320348
          ],
          [
            24.840211,
            42.305399
          ],
          [
            24.907933,
            42.291545
          ],
          [
            24.984997,
            42.279423
          ],
          [
            25.055055,
            42.282886
          ],
          [
            25.13095,
            42.288849
          ],
          [
            25.202175,
            42.288081
          ],
          [
            25.288145,
            42.290459
          ]
        ]
      }
    },
    {
      "type": "Feature",
      "properties": {
        "average_dip": "(60.0,50,70)",
        "average_rake": "(-102,-125,-80)",
        "catalog_id": "EUR_BGCS004",
        "catalog_name": "SHARE",
        "lower_seis_depth": "(15.0,,)",
        "net_slip_rate": "(0.2,0.1,0.4)",
        "slip_type": "Normal",
        "upper_seis_depth": "(1.0,,)"
      },
      "geometry": {
        "type": "LineString",
        "coordinates": [
          [
            25.506821,
            42.367332
          ],
          [
            25.621613,
            42.431445
          ],
          [
            25.706781,
            42.464184
          ],
          [
            25.790099,
            42.48601
          ],
          [
            25.884525,
            42.512232
          ],
          [
            25.930813,
            42.531144
          ],
          [
            25.978951,
            42.547355
          ],
          [
            26.028943,
            42.562215
          ],
          [
            26.067966,
            42.566542
          ],
          [
            26.114111,
            42.579777
          ]
        ]
      }
    },
    {
      "type": "Feature",
      "properties": {
        "average_dip": "(50.0,40,60)",
        "average_rake": "(-75,-90,-60)",
        "catalog_id": "EUR_BGCS005",
        "catalog_name": "SHARE",
        "lower_seis_depth": "(15.0,,)",
        "net_slip_rate": "(0.2,0.1,0.4)",
        "slip_type": "Normal",
        "upper_seis_depth": "(1.0,,)"
      },
      "geometry": {
        "type": "LineString",
        "coordinates": [
          [
            23.727117,
            42.291559
          ],
          [
            23.865605,
            42.244166
          ],
          [
            23.937093,
            42.224047
          ],
          [
            24.046499,
            42.188321
          ],
          [
            24.134593,
            42.15333
          ],
          [
            24.214489,
            42.12371
          ],
          [
            24.337001,
            42.08619
          ],
          [
            24.399725,
            42.065007
          ],
          [
            24.487249,
            42.043111
          ]
        ]
      }
    },
    {
      "type": "Feature",
      "properties": {
        "average_dip": "(47.5,40,55)",
        "average_rake": "(-75,-90,-60)",
        "catalog_id": "EUR_BGCS006",
        "catalog_name": "SHARE",
        "lower_seis_depth": "(15.0,,)",
        "net_slip_rate": "(0.2,0.1,0.4)",
        "slip_type": "Normal",
        "upper_seis_depth": "(1.0,,)"
      },
      "geometry": {
        "type": "LineString",
        "coordinates": [
          [
            25.437081,
            41.869472
          ],
          [
            25.48883,
            41.854696
          ],
          [
            25.540579,
            41.83992
          ],
          [
            25.593322,
            41.820711
          ],
          [
            25.646065,
            41.801502
          ],
          [
            25.68577,
            41.783446
          ],
          [
            25.725474,
            41.76539
          ],
          [
            25.782929,
            41.751539
          ],
          [
            25.839195,
            41.743472
          ],
          [
            25.911091,
            41.746929
          ],
          [
            25.970481,
            41.748081
          ],
          [
            26.018933,
            41.745777
          ],
          [
            26.081451,
            41.735404
          ],
          [
            26.123651,
            41.72388
          ],
          [
            26.176791,
            41.711203
          ]
        ]
      }
    },
    {
      "type": "Feature",
      "properties": {
        "average_dip": "(62.5,50,75)",
        "average_rake": "(-80,-90,-70)",
        "catalog_id": "EUR_BGCS007",
        "catalog_name": "SHARE",
        "lower_seis_depth": "(15.0,,)",
        "net_slip_rate": "(0.2,0.1,0.4)",
        "slip_type": "Normal",
        "upper_seis_depth": "(1.0,,)"
      },
      "geometry": {
        "type": "LineString",
        "coordinates": [
          [
            26.27061,
            42.160391
          ],
          [
            26.309034,
            42.134164
          ],
          [
            26.330866,
            42.11657
          ],
          [
            26.352698,
            42.098976
          ],
          [
            26.379482,
            42.069341
          ],
          [
            26.406265,
            42.039706
          ],
          [
            26.425364,
            42.018027
          ],
          [
            26.444463,
            41.996348
          ],
          [
            26.462867,
            41.971057
          ],
          [
            26.481271,
            41.945765
          ],
          [
            26.49794,
            41.926667
          ],
          [
            26.514608,
            41.907569
          ],
          [
            26.540305,
            41.883137
          ],
          [
            26.566001,
            41.858706
          ],
          [
            26.591698,
            41.834274
          ]
        ]
      }
    },
    {
      "type": "Feature",
      "properties": {
        "average_dip": "(50.0,40,60)",
        "average_rake": "(-75,-90,-60)",
        "catalog_id": "EUR_BGCS008",
        "catalog_name": "SHARE",
        "lower_seis_depth": "(15.0,,)",
        "net_slip_rate": "(0.2,0.1,0.4)",
        "slip_type": "Normal",
        "upper_seis_depth": "(0.0,,)"
      },
      "geometry": {
        "type": "LineString",
        "coordinates": [
          [
            26.706521,
            42.214532
          ],
          [
            26.742176,
            42.213809
          ],
          [
            26.777831,
            42.213085
          ],
          [
            26.812661,
            42.210869
          ],
          [
            26.847491,
            42.208653
          ],
          [
            26.891643,
            42.207446
          ],
          [
            26.935794,
            42.206238
          ],
          [
            26.984481,
            42.199839
          ],
          [
            27.033168,
            42.193441
          ],
          [
            27.078714,
            42.187625
          ],
          [
            27.12426,
            42.181808
          ],
          [
            27.154662,
            42.178525
          ],
          [
            27.185063,
            42.175242
          ]
        ]
      }
    },
    {
      "type": "Feature",
      "properties": {
        "average_dip": "(50.0,40,60)",
        "average_rake": "(-90,-100,-80)",
        "catalog_id": "EUR_BGCS009",
        "catalog_name": "SHARE",
        "lower_seis_depth": "(15.0,,)",
        "net_slip_rate": "(0.2,0.1,0.4)",
        "slip_type": "Normal",
        "upper_seis_depth": "(1.0,,)"
      },
      "geometry": {
        "type": "LineString",
        "coordinates": [
          [
            26.899977,
            42.319808
          ],
          [
            27.005157,
            42.323978
          ],
          [
            27.078981,
            42.328665
          ],
          [
            27.162437,
            42.335697
          ],
          [
            27.200063,
            42.332486
          ],
          [
            27.248515,
            42.327876
          ],
          [
            27.289151,
            42.325571
          ],
          [
            27.328223,
            42.324418
          ],
          [
            27.387615,
            42.326723
          ]
        ]
      }
    },
    {
      "type": "Feature",
      "properties": {
        "average_dip": "(45.0,35,55)",
        "average_rake": "(-90,-100,-80)",
        "catalog_id": "EUR_BGCS010",
        "catalog_name": "SHARE",
        "lower_seis_depth": "(15.0,,)",
        "net_slip_rate": "(0.2,0.1,0.3)",
        "slip_type": "Normal",
        "upper_seis_depth": "(1.0,,)"
      },
      "geometry": {
        "type": "LineString",
        "coordinates": [
          [
            26.165951,
            42.651068
          ],
          [
            26.330735,
            42.668802
          ],
          [
            26.430715,
            42.670288
          ],
          [
            26.535991,
            42.667751
          ],
          [
            26.628653,
            42.664261
          ],
          [
            26.710323,
            42.657281
          ],
          [
            26.823603,
            42.650577
          ],
          [
            26.882479,
            42.650024
          ],
          [
            26.947283,
            42.644621
          ]
        ]
      }
    },
    {
      "type": "Feature",
      "properties": {
        "average_dip": "(50.0,40,60)",
        "average_rake": "(-75,-90,-60)",
        "catalog_id": "EUR_BGCS011",
        "catalog_name": "SHARE",
        "lower_seis_depth": "(10.0,,)",
        "net_slip_rate": "(0.2,0.1,0.3)",
        "slip_type": "Normal",
        "upper_seis_depth": "(0.0,,)"
      },
      "geometry": {
        "type": "LineString",
        "coordinates": [
          [
            26.499822,
            42.715521
          ],
          [
            26.556259,
            42.729003
          ],
          [
            26.612696,
            42.742484
          ],
          [
            26.654768,
            42.753719
          ],
          [
            26.69684,
            42.764953
          ],
          [
            26.74712,
            42.773192
          ],
          [
            26.7974,
            42.781431
          ],
          [
            26.844602,
            42.784926
          ],
          [
            26.891804,
            42.788421
          ],
          [
            26.939006,
            42.791916
          ],
          [
            27.001943,
            42.788421
          ],
          [
            27.064881,
            42.784926
          ],
          [
            27.127818,
            42.781431
          ]
        ]
      }
    },
    {
      "type": "Feature",
      "properties": {
        "average_dip": "(50.0,40,60)",
        "average_rake": "(-90,-100,-80)",
        "catalog_id": "EUR_BGCS012",
        "catalog_name": "SHARE",
        "lower_seis_depth": "(15.0,,)",
        "net_slip_rate": "(0.2,0.1,0.4)",
        "slip_type": "Normal",
        "upper_seis_depth": "(1.0,,)"
      },
      "geometry": {
        "type": "LineString",
        "coordinates": [
          [
            26.849346,
            42.733561
          ],
          [
            26.899284,
            42.73456
          ],
          [
            26.949223,
            42.735559
          ],
          [
            26.999161,
            42.736558
          ],
          [
            27.045709,
            42.737258
          ],
          [
            27.092256,
            42.737957
          ],
          [
            27.140113,
            42.739505
          ],
          [
            27.187969,
            42.741052
          ],
          [
            27.229014,
            42.74255
          ],
          [
            27.27006,
            42.744047
          ],
          [
            27.31829,
            42.741051
          ],
          [
            27.36652,
            42.738055
          ]
        ]
      }
    },
    {
      "type": "Feature",
      "properties": {
        "average_dip": "(50.0,40,60)",
        "average_rake": "(-75,-90,-60)",
        "catalog_id": "EUR_BGCS013",
        "catalog_name": "SHARE",
        "lower_seis_depth": "(10.0,,)",
        "net_slip_rate": "(0.2,0.1,0.3)",
        "slip_type": "Normal",
        "upper_seis_depth": "(0.0,,)"
      },
      "geometry": {
        "type": "LineString",
        "coordinates": [
          [
            27.126404,
            42.862928
          ],
          [
            27.181815,
            42.851943
          ],
          [
            27.237225,
            42.840958
          ],
          [
            27.292636,
            42.829973
          ],
          [
            27.340864,
            42.823232
          ],
          [
            27.389092,
            42.816491
          ],
          [
            27.436294,
            42.811998
          ],
          [
            27.483496,
            42.807504
          ],
          [
            27.530698,
            42.801512
          ],
          [
            27.5779,
            42.79552
          ],
          [
            27.625102,
            42.782788
          ],
          [
            27.672304,
            42.770055
          ],
          [
            27.725664,
            42.747586
          ],
          [
            27.779024,
            42.725117
          ],
          [
            27.858036,
            42.710887
          ],
          [
            27.937048,
            42.696656
          ]
        ]
      }
    },
    {
      "type": "Feature",
      "properties": {
        "average_dip": "(50.0,40,60)",
        "average_rake": "(-75,-90,-60)",
        "catalog_id": "EUR_BGCS014",
        "catalog_name": "SHARE",
        "lower_seis_depth": "(15.0,,)",
        "net_slip_rate": "(0.2,0.1,0.3)",
        "slip_type": "Normal",
        "upper_seis_depth": "(1.0,,)"
      },
      "geometry": {
        "type": "LineString",
        "coordinates": [
          [
            26.40949,
            42.809348
          ],
          [
            26.466952,
            42.825077
          ],
          [
            26.524414,
            42.840806
          ],
          [
            26.569565,
            42.849794
          ],
          [
            26.614716,
            42.858781
          ],
          [
            26.661918,
            42.864773
          ],
          [
            26.70912,
            42.870764
          ],
          [
            26.756321,
            42.877255
          ],
          [
            26.803523,
            42.883747
          ],
          [
            26.850724,
            42.890238
          ],
          [
            26.899466,
            42.895106
          ],
          [
            26.948208,
            42.899975
          ],
          [
            26.99695,
            42.904843
          ],
          [
            27.045692,
            42.909711
          ]
        ]
      }
    },
    {
      "type": "Feature",
      "properties": {
        "average_dip": "(45.0,35,55)",
        "average_rake": "(-90,-100,-80)",
        "catalog_id": "EUR_BGCS015",
        "catalog_name": "SHARE",
        "lower_seis_depth": "(15.0,,)",
        "net_slip_rate": "(0.2,0.1,0.3)",
        "slip_type": "Normal",
        "upper_seis_depth": "(1.0,,)"
      },
      "geometry": {
        "type": "LineString",
        "coordinates": [
          [
            25.298918,
            42.589954
          ],
          [
            25.355014,
            42.597443
          ],
          [
            25.393881,
            42.602742
          ],
          [
            25.459337,
            42.604933
          ],
          [
            25.507565,
            42.604933
          ],
          [
            25.554113,
            42.605633
          ],
          [
            25.591988,
            42.612199
          ],
          [
            25.64198,
            42.614901
          ],
          [
            25.686417,
            42.621655
          ],
          [
            25.734555,
            42.625708
          ],
          [
            25.780843,
            42.62841
          ]
        ]
      }
    },
    {
      "type": "Feature",
      "properties": {
        "average_dip": "(60.0,50,70)",
        "average_rake": "(-75,-90,-60)",
        "catalog_id": "EUR_BGCS016",
        "catalog_name": "SHARE",
        "lower_seis_depth": "(15.0,,)",
        "net_slip_rate": "(0.2,0.1,0.2)",
        "slip_type": "Normal",
        "upper_seis_depth": "(1.0,,)"
      },
      "geometry": {
        "type": "LineString",
        "coordinates": [
          [
            26.880115,
            43.099916
          ],
          [
            27.005149,
            43.090696
          ],
          [
            27.100489,
            43.079172
          ],
          [
            27.202081,
            43.068799
          ],
          [
            27.281824,
            43.060798
          ],
          [
            27.37812,
            43.046735
          ],
          [
            27.474408,
            43.03736
          ],
          [
            27.577128,
            43.032672
          ],
          [
            27.658461,
            43.025006
          ],
          [
            27.738169,
            43.019244
          ],
          [
            27.849137,
            43.015786
          ],
          [
            27.953857,
            43.003109
          ],
          [
            28.052321,
            42.996195
          ]
        ]
      }
    },
    {
      "type": "Feature",
      "properties": {
        "average_dip": "(60.0,50,70)",
        "average_rake": "(-60,-80,-40)",
        "catalog_id": "EUR_BGCS017",
        "catalog_name": "SHARE",
        "lower_seis_depth": "(20.0,,)",
        "net_slip_rate": "(0.1,0.05,0.1)",
        "slip_type": "Sinistral-Normal",
        "upper_seis_depth": "(1.0,,)"
      },
      "geometry": {
        "type": "LineString",
        "coordinates": [
          [
            26.098303,
            44.099222
          ],
          [
            26.178319,
            44.076005
          ],
          [
            26.276903,
            44.054727
          ],
          [
            26.381536,
            44.019953
          ],
          [
            26.469498,
            43.989714
          ],
          [
            26.579002,
            43.957779
          ],
          [
            26.682943,
            43.941967
          ],
          [
            26.807447,
            43.930687
          ],
          [
            26.918024,
            43.915817
          ],
          [
            27.023634,
            43.901814
          ],
          [
            27.149893,
            43.870243
          ],
          [
            27.265539,
            43.831497
          ],
          [
            27.385679,
            43.802418
          ],
          [
            27.478013,
            43.775541
          ],
          [
            27.533453,
            43.761858
          ]
        ]
      }
    },
    {
      "type": "Feature",
      "properties": {
        "average_dip": "(47.5,35,60)",
        "average_rake": "(-95,-110,-80)",
        "catalog_id": "EUR_BGCS018",
        "catalog_name": "SHARE",
        "lower_seis_depth": "(19.0,,)",
        "net_slip_rate": "(0.1,0.05,0.2)",
        "slip_type": "Normal",
        "upper_seis_depth": "(1.0,,)"
      },
      "geometry": {
        "type": "LineString",
        "coordinates": [
          [
            25.302494,
            43.158748
          ],
          [
            25.347002,
            43.157858
          ],
          [
            25.391509,
            43.156967
          ],
          [
            25.445133,
            43.153233
          ],
          [
            25.498756,
            43.149498
          ],
          [
            25.542256,
            43.145359
          ],
          [
            25.585755,
            43.141219
          ],
          [
            25.633983,
            43.141219
          ],
          [
            25.682211,
            43.141219
          ],
          [
            25.730911,
            43.138115
          ],
          [
            25.779611,
            43.13501
          ],
          [
            25.821692,
            43.13432
          ],
          [
            25.863773,
            43.13363
          ],
          [
            25.921457,
            43.133975
          ],
          [
            25.979141,
            43.13432
          ]
        ]
      }
    },
    {
      "type": "Feature",
      "properties": {
        "average_dip": "(60.0,50,70)",
        "average_rake": "(-125,-140,-110)",
        "catalog_id": "EUR_BGCS019",
        "catalog_name": "SHARE",
        "lower_seis_depth": "(18.0,,)",
        "net_slip_rate": "(0.1,0.05,0.1)",
        "slip_type": "Dextral-Normal",
        "upper_seis_depth": "(2.0,,)"
      },
      "geometry": {
        "type": "LineString",
        "coordinates": [
          [
            25.943018,
            43.235512
          ],
          [
            25.978933,
            43.250491
          ],
          [
            26.046658,
            43.279702
          ],
          [
            26.078468,
            43.293932
          ],
          [
            26.118829,
            43.307913
          ],
          [
            26.159189,
            43.321894
          ],
          [
            26.19955,
            43.335875
          ],
          [
            26.232952,
            43.345446
          ],
          [
            26.294373,
            43.360362
          ],
          [
            26.344987,
            43.37604
          ],
          [
            26.392822,
            43.382777
          ]
        ]
      }
    },
    {
      "type": "Feature",
      "properties": {
        "average_dip": "(60.0,50,70)",
        "average_rake": "(-125,-140,-110)",
        "catalog_id": "EUR_BGCS020",
        "catalog_name": "SHARE",
        "lower_seis_depth": "(18.0,,)",
        "net_slip_rate": "(0.1,0.05,0.1)",
        "slip_type": "Dextral-Normal",
        "upper_seis_depth": "(2.0,,)"
      },
      "geometry": {
        "type": "LineString",
        "coordinates": [
          [
            25.731918,
            43.248081
          ],
          [
            25.785422,
            43.267514
          ],
          [
            25.869418,
            43.297514
          ],
          [
            25.957444,
            43.330506
          ],
          [
            26.050465,
            43.359665
          ],
          [
            26.139535,
            43.394371
          ],
          [
            26.19573,
            43.421844
          ],
          [
            26.251142,
            43.441317
          ],
          [
            26.306554,
            43.46079
          ],
          [
            26.379408,
            43.478766
          ],
          [
            26.452262,
            43.496741
          ],
          [
            26.54872,
            43.522955
          ],
          [
            26.617782,
            43.534689
          ]
        ]
      }
    },
    {
      "type": "Feature",
      "properties": {
        "average_dip": "(50.0,40,60)",
        "average_rake": "(-105,-120,-90)",
        "catalog_id": "EUR_BGCS021",
        "catalog_name": "SHARE",
        "lower_seis_depth": "(12.0,,)",
        "net_slip_rate": "(0.1,0.05,0.2)",
        "slip_type": "Normal",
        "upper_seis_depth": "(1.0,,)"
      },
      "geometry": {
        "type": "LineString",
        "coordinates": [
          [
            24.076195,
            43.320035
          ],
          [
            24.160594,
            43.306206
          ],
          [
            24.320014,
            43.291224
          ],
          [
            24.449738,
            43.276242
          ],
          [
            24.643544,
            43.258955
          ],
          [
            24.796712,
            43.247431
          ],
          [
            24.951444,
            43.246278
          ],
          [
            25.09367,
            43.242821
          ],
          [
            25.253092,
            43.222076
          ]
        ]
      }
    },
    {
      "type": "Feature",
      "properties": {
        "average_dip": "(60.0,50,70)",
        "average_rake": "(-35,-50,-20)",
        "catalog_id": "EUR_BGCS022",
        "catalog_name": "SHARE",
        "lower_seis_depth": "(15.0,,)",
        "net_slip_rate": "(0.2,0.1,0.2)",
        "slip_type": "Sinistral-Normal",
        "upper_seis_depth": "(1.0,,)"
      },
      "geometry": {
        "type": "LineString",
        "coordinates": [
          [
            23.626841,
            43.063879
          ],
          [
            23.661807,
            43.038195
          ],
          [
            23.705922,
            43.010902
          ],
          [
            23.742955,
            42.988444
          ],
          [
            23.784563,
            42.970471
          ],
          [
            23.826171,
            42.952498
          ],
          [
            23.870931,
            42.932221
          ],
          [
            23.915691,
            42.911943
          ],
          [
            23.960451,
            42.891666
          ],
          [
            24.007102,
            42.870928
          ],
          [
            24.053754,
            42.850189
          ],
          [
            24.100405,
            42.829451
          ]
        ]
      }
    },
    {
      "type": "Feature",
      "properties": {
        "average_dip": "(60.0,50,70)",
        "average_rake": "(-35,-50,-20)",
        "catalog_id": "EUR_BGCS023",
        "catalog_name": "SHARE",
        "lower_seis_depth": "(25.0,,)",
        "net_slip_rate": "(0.2,0.1,0.2)",
        "slip_type": "Sinistral-Normal",
        "upper_seis_depth": "(1.0,,)"
      },
      "geometry": {
        "type": "LineString",
        "coordinates": [
          [
            23.113755,
            43.59738
          ],
          [
            23.164014,
            43.586463
          ],
          [
            23.214272,
            43.575546
          ],
          [
            23.264531,
            43.564629
          ],
          [
            23.319356,
            43.551985
          ],
          [
            23.374181,
            43.539342
          ],
          [
            23.429006,
            43.526698
          ],
          [
            23.491449,
            43.50971
          ],
          [
            23.553892,
            43.492721
          ],
          [
            23.616335,
            43.475733
          ],
          [
            23.675231,
            43.455264
          ],
          [
            23.734127,
            43.434794
          ],
          [
            23.793023,
            43.414325
          ],
          [
            23.851919,
            43.393855
          ]
        ]
      }
    },
    {
      "type": "Feature",
      "properties": {
        "average_dip": "(60.0,50,70)",
        "average_rake": "(-45,-60,-30)",
        "catalog_id": "EUR_BGCS024",
        "catalog_name": "SHARE",
        "lower_seis_depth": "(25.0,,)",
        "net_slip_rate": "(0.2,0.1,0.2)",
        "slip_type": "Sinistral-Normal",
        "upper_seis_depth": "(1.0,,)"
      },
      "geometry": {
        "type": "LineString",
        "coordinates": [
          [
            23.247678,
            43.343278
          ],
          [
            23.323695,
            43.316833
          ],
          [
            23.379049,
            43.289141
          ],
          [
            23.417558,
            43.265645
          ],
          [
            23.47295,
            43.24202
          ],
          [
            23.516862,
            43.217775
          ],
          [
            23.55695,
            43.194956
          ],
          [
            23.604678,
            43.170711
          ],
          [
            23.646678,
            43.150745
          ],
          [
            23.68295,
            43.133631
          ]
        ]
      }
    },
    {
      "type": "Feature",
      "properties": {
        "average_dip": "(60.0,50,70)",
        "average_rake": "(-75,-90,-60)",
        "catalog_id": "EUR_BGCS025",
        "catalog_name": "SHARE",
        "lower_seis_depth": "(15.0,,)",
        "net_slip_rate": "(0.2,0.1,0.3)",
        "slip_type": "Normal",
        "upper_seis_depth": "(0.0,,)"
      },
      "geometry": {
        "type": "LineString",
        "coordinates": [
          [
            23.034853,
            42.879772
          ],
          [
            23.116321,
            42.858379
          ],
          [
            23.240465,
            42.822725
          ],
          [
            23.294777,
            42.809889
          ],
          [
            23.347149,
            42.795628
          ],
          [
            23.426577,
            42.768854
          ],
          [
            23.465681,
            42.757144
          ],
          [
            23.527957,
            42.729465
          ],
          [
            23.571405,
            42.714561
          ],
          [
            23.607609,
            42.694334
          ],
          [
            23.661197,
            42.669849
          ],
          [
            23.6964,
            42.652762
          ],
          [
            23.737036,
            42.629713
          ],
          [
            23.80268,
            42.600901
          ]
        ]
      }
    },
    {
      "type": "Feature",
      "properties": {
        "average_dip": "(60.0,50,70)",
        "average_rake": "(-75,-90,-60)",
        "catalog_id": "EUR_BGCS026",
        "catalog_name": "SHARE",
        "lower_seis_depth": "(10.0,,)",
        "net_slip_rate": "(0.2,0.2,0.3)",
        "slip_type": "Normal",
        "upper_seis_depth": "(0.0,,)"
      },
      "geometry": {
        "type": "LineString",
        "coordinates": [
          [
            23.058129,
            42.762826
          ],
          [
            23.112441,
            42.724319
          ],
          [
            23.155117,
            42.698648
          ],
          [
            23.193909,
            42.681534
          ],
          [
            23.230765,
            42.654436
          ],
          [
            23.263464,
            42.640085
          ],
          [
            23.292702,
            42.6273
          ],
          [
            23.349089,
            42.614503
          ],
          [
            23.380121,
            42.605946
          ],
          [
            23.420785,
            42.59533
          ],
          [
            23.453833,
            42.590259
          ],
          [
            23.496095,
            42.584684
          ],
          [
            23.540989,
            42.579361
          ],
          [
            23.594577,
            42.56978
          ]
        ]
      }
    },
    {
      "type": "Feature",
      "properties": {
        "average_dip": "(55.0,40,70)",
        "average_rake": "(-75,-90,-60)",
        "catalog_id": "EUR_BGCS027",
        "catalog_name": "SHARE",
        "lower_seis_depth": "(15.0,,)",
        "net_slip_rate": "(0.2,0.1,0.4)",
        "slip_type": "Normal",
        "upper_seis_depth": "(0.0,,)"
      },
      "geometry": {
        "type": "LineString",
        "coordinates": [
          [
            23.537025,
            42.507208
          ],
          [
            23.580885,
            42.472329
          ],
          [
            23.641617,
            42.444924
          ],
          [
            23.700443,
            42.428051
          ],
          [
            23.74244,
            42.415241
          ],
          [
            23.779659,
            42.405177
          ],
          [
            23.816878,
            42.395113
          ],
          [
            23.850713,
            42.383371
          ],
          [
            23.884548,
            42.371629
          ],
          [
            23.93079,
            42.351501
          ],
          [
            23.977032,
            42.331372
          ],
          [
            24.014294,
            42.311319
          ]
        ]
      }
    },
    {
      "type": "Feature",
      "properties": {
        "average_dip": "(57.5,45,70)",
        "average_rake": "(-75,-90,-60)",
        "catalog_id": "EUR_BGCS028",
        "catalog_name": "SHARE",
        "lower_seis_depth": "(15.0,,)",
        "net_slip_rate": "(0.2,0.1,0.4)",
        "slip_type": "Normal",
        "upper_seis_depth": "(0.0,,)"
      },
      "geometry": {
        "type": "LineString",
        "coordinates": [
          [
            23.2534,
            42.444567
          ],
          [
            23.281149,
            42.421169
          ],
          [
            23.308897,
            42.397771
          ],
          [
            23.334035,
            42.383415
          ],
          [
            23.359172,
            42.369058
          ],
          [
            23.398639,
            42.34931
          ],
          [
            23.438106,
            42.329561
          ],
          [
            23.516224,
            42.295579
          ],
          [
            23.576108,
            42.273361
          ]
        ]
      }
    },
    {
      "type": "Feature",
      "properties": {
        "average_dip": "(60.0,50,70)",
        "average_rake": "(-105,-120,-90)",
        "catalog_id": "EUR_BGCS029",
        "catalog_name": "SHARE",
        "lower_seis_depth": "(12.0,,)",
        "net_slip_rate": "(0.2,0.1,0.4)",
        "slip_type": "Normal",
        "upper_seis_depth": "(0.0,,)"
      },
      "geometry": {
        "type": "LineString",
        "coordinates": [
          [
            23.799861,
            42.057426
          ],
          [
            23.864639,
            42.045373
          ],
          [
            23.929415,
            42.039347
          ],
          [
            23.976987,
            42.037087
          ],
          [
            24.020509,
            42.03332
          ],
          [
            24.06011,
            42.032348
          ],
          [
            24.100467,
            42.023528
          ],
          [
            24.134023,
            42.009689
          ],
          [
            24.174355,
            41.992643
          ],
          [
            24.219901,
            41.977577
          ],
          [
            24.257351,
            41.962511
          ],
          [
            24.294799,
            41.945186
          ],
          [
            24.325163,
            41.933133
          ]
        ]
      }
    },
    {
      "type": "Feature",
      "properties": {
        "average_dip": "(50.0,40,60)",
        "average_rake": "(-110,-120,-100)",
        "catalog_id": "EUR_BGCS030",
        "catalog_name": "SHARE",
        "lower_seis_depth": "(15.0,,)",
        "net_slip_rate": "(0.2,0.1,0.4)",
        "slip_type": "Normal",
        "upper_seis_depth": "(1.0,,)"
      },
      "geometry": {
        "type": "LineString",
        "coordinates": [
          [
            22.220173,
            42.669853
          ],
          [
            22.261903,
            42.693051
          ],
          [
            22.303633,
            42.716249
          ],
          [
            22.354788,
            42.745426
          ],
          [
            22.407351,
            42.777366
          ],
          [
            22.457728,
            42.804642
          ],
          [
            22.491216,
            42.823727
          ],
          [
            22.530988,
            42.847879
          ],
          [
            22.580118,
            42.869196
          ],
          [
            22.614968,
            42.884874
          ],
          [
            22.653374,
            42.901076
          ]
        ]
      }
    },
    {
      "type": "Feature",
      "properties": {
        "average_dip": "(50.0,40,60)",
        "average_rake": "(-105,-120,-90)",
        "catalog_id": "EUR_BGCS031",
        "catalog_name": "SHARE",
        "lower_seis_depth": "(15.0,,)",
        "net_slip_rate": "(0.2,0.1,0.4)",
        "slip_type": "Normal",
        "upper_seis_depth": "(1.0,,)"
      },
      "geometry": {
        "type": "LineString",
        "coordinates": [
          [
            22.463435,
            42.461583
          ],
          [
            22.546271,
            42.518054
          ],
          [
            22.644883,
            42.580479
          ],
          [
            22.693903,
            42.607066
          ],
          [
            22.736387,
            42.637278
          ],
          [
            22.772331,
            42.66749
          ],
          [
            22.806647,
            42.690452
          ],
          [
            22.850763,
            42.718247
          ],
          [
            22.886711,
            42.744834
          ],
          [
            22.935731,
            42.766586
          ],
          [
            22.976579,
            42.79559
          ]
        ]
      }
    },
    {
      "type": "Feature",
      "properties": {
        "average_dip": "(60.0,50,70)",
        "average_rake": "(-110,-120,-100)",
        "catalog_id": "EUR_BGCS032",
        "catalog_name": "SHARE",
        "lower_seis_depth": "(12.0,,)",
        "net_slip_rate": "(0.2,0.1,0.4)",
        "slip_type": "Normal",
        "upper_seis_depth": "(1.0,,)"
      },
      "geometry": {
        "type": "LineString",
        "coordinates": [
          [
            22.820519,
            41.880948
          ],
          [
            22.849579,
            41.905858
          ],
          [
            22.883045,
            41.936667
          ],
          [
            22.917197,
            41.963274
          ],
          [
            22.956671,
            41.9873
          ],
          [
            22.996145,
            42.011326
          ],
          [
            23.027725,
            42.034524
          ],
          [
            23.059305,
            42.057721
          ],
          [
            23.089757,
            42.078434
          ],
          [
            23.120209,
            42.099147
          ],
          [
            23.153188,
            42.128408
          ]
        ]
      }
    },
    {
      "type": "Feature",
      "properties": {
        "average_dip": "(60.0,50,70)",
        "average_rake": "(-105,-120,-90)",
        "catalog_id": "EUR_BGCS033",
        "catalog_name": "SHARE",
        "lower_seis_depth": "(12.0,,)",
        "net_slip_rate": "(0.2,0.1,0.4)",
        "slip_type": "Normal",
        "upper_seis_depth": "(1.0,,)"
      },
      "geometry": {
        "type": "LineString",
        "coordinates": [
          [
            22.865549,
            41.837514
          ],
          [
            22.911081,
            41.862876
          ],
          [
            22.982229,
            41.905145
          ],
          [
            23.039145,
            41.941073
          ],
          [
            23.104601,
            41.983342
          ],
          [
            23.138749,
            42.012931
          ]
        ]
      }
    },
    {
      "type": "Feature",
      "properties": {
        "average_dip": "(60.0,50,70)",
        "average_rake": "(-65,-80,-50)",
        "catalog_id": "EUR_BGCS034",
        "catalog_name": "SHARE",
        "lower_seis_depth": "(12.0,,)",
        "net_slip_rate": "(0.2,0.1,0.4)",
        "slip_type": "Sinistral-Normal",
        "upper_seis_depth": "(1.0,,)"
      },
      "geometry": {
        "type": "LineString",
        "coordinates": [
          [
            23.286704,
            41.899235
          ],
          [
            23.30391,
            41.889442
          ],
          [
            23.327189,
            41.873623
          ],
          [
            23.362615,
            41.857804
          ],
          [
            23.403101,
            41.840479
          ],
          [
            23.433465,
            41.826166
          ],
          [
            23.476987,
            41.81788
          ],
          [
            23.531643,
            41.808841
          ],
          [
            23.574153,
            41.802814
          ]
        ]
      }
    },
    {
      "type": "Feature",
      "properties": {
        "average_dip": "(62.5,55,70)",
        "average_rake": "(-60,-80,-40)",
        "catalog_id": "EUR_BGCS035",
        "catalog_name": "SHARE",
        "lower_seis_depth": "(12.0,,)",
        "net_slip_rate": "(0.2,0.1,0.4)",
        "slip_type": "Sinistral-Normal",
        "upper_seis_depth": "(1.0,,)"
      },
      "geometry": {
        "type": "LineString",
        "coordinates": [
          [
            23.854638,
            41.838958
          ],
          [
            23.901998,
            41.813866
          ],
          [
            23.93341,
            41.790473
          ],
          [
            23.964822,
            41.767079
          ],
          [
            24.000944,
            41.739007
          ],
          [
            24.037066,
            41.710934
          ],
          [
            24.066906,
            41.691049
          ],
          [
            24.096746,
            41.671165
          ],
          [
            24.125016,
            41.65479
          ],
          [
            24.153286,
            41.638414
          ],
          [
            24.175367,
            41.622778
          ]
        ]
      }
    },
    {
      "type": "Feature",
      "properties": {
        "average_dip": "(55.0,40,70)",
        "average_rake": "(-105,-120,-90)",
        "catalog_id": "EUR_BGCS036",
        "catalog_name": "SHARE",
        "lower_seis_depth": "(15.0,,)",
        "net_slip_rate": "(0.2,0.1,0.4)",
        "slip_type": "Normal",
        "upper_seis_depth": "(0.0,,)"
      },
      "geometry": {
        "type": "LineString",
        "coordinates": [
          [
            22.885469,
            41.763544
          ],
          [
            22.973693,
            41.788905
          ],
          [
            23.061913,
            41.820607
          ],
          [
            23.118829,
            41.841741
          ],
          [
            23.144441,
            41.852308
          ],
          [
            23.178593,
            41.864989
          ],
          [
            23.195665,
            41.879783
          ],
          [
            23.227042,
            41.901747
          ],
          [
            23.256234,
            41.927832
          ],
          [
            23.323729,
            41.983342
          ]
        ]
      }
    },
    {
      "type": "Feature",
      "properties": {
        "average_dip": "(50.0,40,60)",
        "average_rake": "(-105,-120,-90)",
        "catalog_id": "EUR_BGCS037",
        "catalog_name": "SHARE",
        "lower_seis_depth": "(15.0,,)",
        "net_slip_rate": "(0.2,0.1,0.4)",
        "slip_type": "Normal",
        "upper_seis_depth": "(1.0,,)"
      },
      "geometry": {
        "type": "LineString",
        "coordinates": [
          [
            22.594471,
            42.390892
          ],
          [
            22.623664,
            42.408794
          ],
          [
            22.664148,
            42.432168
          ],
          [
            22.701116,
            42.452945
          ],
          [
            22.734322,
            42.470877
          ],
          [
            22.787055,
            42.495799
          ],
          [
            22.831087,
            42.51268
          ],
          [
            22.869835,
            42.529562
          ],
          [
            22.910345,
            42.545145
          ],
          [
            22.954377,
            42.569818
          ],
          [
            22.987841,
            42.57761
          ]
        ]
      }
    },
    {
      "type": "Feature",
      "properties": {
        "average_dip": "(45.0,35,55)",
        "average_rake": "(-90,-100,-80)",
        "catalog_id": "EUR_BGCS038",
        "catalog_name": "SHARE",
        "lower_seis_depth": "(12.0,,)",
        "net_slip_rate": "(0.2,0.1,0.3)",
        "slip_type": "Normal",
        "upper_seis_depth": "(1.0,,)"
      },
      "geometry": {
        "type": "LineString",
        "coordinates": [
          [
            25.810466,
            42.681079
          ],
          [
            25.851198,
            42.691992
          ],
          [
            25.886378,
            42.69472
          ],
          [
            25.928958,
            42.694046
          ],
          [
            25.97895,
            42.696748
          ],
          [
            26.02709,
            42.69472
          ],
          [
            26.06597,
            42.690627
          ],
          [
            26.13633,
            42.683807
          ]
        ]
      }
    },
    {
      "type": "Feature",
      "properties": {
        "average_dip": "(60.0,50,70)",
        "average_rake": "(-60,-80,-40)",
        "catalog_id": "EUR_BGCS039",
        "catalog_name": "SHARE",
        "lower_seis_depth": "(15.0,,)",
        "net_slip_rate": "(0.2,0.1,0.2)",
        "slip_type": "Sinistral-Normal",
        "upper_seis_depth": "(1.0,,)"
      },
      "geometry": {
        "type": "LineString",
        "coordinates": [
          [
            27.095648,
            43.283464
          ],
          [
            27.191944,
            43.255338
          ],
          [
            27.2722,
            43.231899
          ],
          [
            27.368496,
            43.217836
          ],
          [
            27.464784,
            43.208461
          ],
          [
            27.545024,
            43.196742
          ],
          [
            27.647752,
            43.185022
          ],
          [
            27.7312,
            43.177991
          ],
          [
            27.840336,
            43.166271
          ],
          [
            27.949472,
            43.152208
          ],
          [
            28.02972,
            43.145177
          ]
        ]
      }
    },
    {
      "type": "Feature",
      "properties": {
        "average_dip": "(45.0,35,55)",
        "average_rake": "(-105,-120,-90)",
        "catalog_id": "EUR_BGCS040",
        "catalog_name": "SHARE",
        "lower_seis_depth": "(12.0,,)",
        "net_slip_rate": "(0.2,0.1,0.3)",
        "slip_type": "Normal",
        "upper_seis_depth": "(1.0,,)"
      },
      "geometry": {
        "type": "LineString",
        "coordinates": [
          [
            24.97428,
            42.652604
          ],
          [
            25.050135,
            42.654818
          ],
          [
            25.091021,
            42.658168
          ],
          [
            25.152949,
            42.664271
          ],
          [
            25.216941,
            42.673426
          ],
          [
            25.274741,
            42.68258
          ],
          [
            25.326349,
            42.696312
          ],
          [
            25.375889,
            42.705466
          ],
          [
            25.413336,
            42.712798
          ]
        ]
      }
    },
    {
      "type": "Feature",
      "properties": {
        "average_dip": "(60.0,50,70)",
        "average_rake": "(-60,-80,-40)",
        "catalog_id": "EUR_BGCS041",
        "catalog_name": "SHARE",
        "lower_seis_depth": "(15.0,,)",
        "net_slip_rate": "(0.1,0.05,0.1)",
        "slip_type": "Sinistral-Normal",
        "upper_seis_depth": "(1.0,,)"
      },
      "geometry": {
        "type": "LineString",
        "coordinates": [
          [
            27.667,
            43.459254
          ],
          [
            27.808232,
            43.454566
          ],
          [
            27.984776,
            43.428784
          ],
          [
            28.090696,
            43.412376
          ],
          [
            28.219096,
            43.38425
          ],
          [
            28.382792,
            43.35378
          ],
          [
            28.581808,
            43.325654
          ],
          [
            28.755136,
            43.302216
          ]
        ]
      }
    },
    {
      "type": "Feature",
      "properties": {
        "average_dip": "(60.0,50,70)",
        "average_rake": "(-30,-40,-20)",
        "catalog_id": "EUR_BGCS042",
        "catalog_name": "SHARE",
        "lower_seis_depth": "(25.0,,)",
        "net_slip_rate": "(0.1,0.05,0.2)",
        "slip_type": "Sinistral-Normal",
        "upper_seis_depth": "(1.0,,)"
      },
      "geometry": {
        "type": "LineString",
        "coordinates": [
          [
            22.248468,
            43.724491
          ],
          [
            22.332572,
            43.691311
          ],
          [
            22.453673,
            43.641692
          ],
          [
            22.57257,
            43.584669
          ],
          [
            22.64718,
            43.544979
          ],
          [
            22.769111,
            43.49932
          ],
          [
            22.826983,
            43.477557
          ],
          [
            22.889352,
            43.457112
          ],
          [
            22.956537,
            43.434245
          ],
          [
            23.030728,
            43.411603
          ],
          [
            23.093052,
            43.392697
          ],
          [
            23.222724,
            43.362069
          ]
        ]
      }
    },
    {
      "type": "Feature",
      "properties": {
        "average_dip": "(60.0,50,70)",
        "average_rake": "(-75,-90,-60)",
        "catalog_id": "EUR_BGCS043",
        "catalog_name": "SHARE",
        "lower_seis_depth": "(12.0,,)",
        "net_slip_rate": "(0.2,0.2,0.3)",
        "slip_type": "Normal",
        "upper_seis_depth": "(1.0,,)"
      },
      "geometry": {
        "type": "LineString",
        "coordinates": [
          [
            24.549601,
            42.742849
          ],
          [
            24.616857,
            42.718222
          ],
          [
            24.658465,
            42.700249
          ],
          [
            24.700073,
            42.682276
          ],
          [
            24.744833,
            42.661999
          ],
          [
            24.788443,
            42.64508
          ],
          [
            24.832879,
            42.632859
          ],
          [
            24.868059,
            42.623354
          ],
          [
            24.912491,
            42.612491
          ]
        ]
      }
    },
    {
      "type": "Feature",
      "properties": {
        "average_dip": "(50.0,40,60)",
        "average_rake": "(-90,-100,-80)",
        "catalog_id": "EUR_BGCS044",
        "catalog_name": "SHARE",
        "lower_seis_depth": "(15.0,,)",
        "net_slip_rate": "(0.2,0.1,0.3)",
        "slip_type": "Normal",
        "upper_seis_depth": "(1.0,,)"
      },
      "geometry": {
        "type": "LineString",
        "coordinates": [
          [
            27.192868,
            42.58143
          ],
          [
            27.233607,
            42.588803
          ],
          [
            27.295073,
            42.595124
          ],
          [
            27.347671,
            42.598355
          ],
          [
            27.394219,
            42.599055
          ],
          [
            27.441591,
            42.603024
          ],
          [
            27.497339,
            42.607764
          ],
          [
            27.532838,
            42.61457
          ],
          [
            27.570958,
            42.616573
          ],
          [
            27.620271,
            42.623564
          ],
          [
            27.674422,
            42.624585
          ],
          [
            27.720706,
            42.628591
          ]
        ]
      }
    },
    {
      "type": "Feature",
      "properties": {
        "average_dip": "(60.0,50,70)",
        "average_rake": "(-60,-80,-40)",
        "catalog_id": "EUR_BGCS045",
        "catalog_name": "SHARE",
        "lower_seis_depth": "(20.0,,)",
        "net_slip_rate": "(0.1,0.05,0.1)",
        "slip_type": "Sinistral-Normal",
        "upper_seis_depth": "(1.0,,)"
      },
      "geometry": {
        "type": "LineString",
        "coordinates": [
          [
            26.712849,
            44.333574
          ],
          [
            26.862149,
            44.247055
          ],
          [
            27.10153,
            44.122608
          ],
          [
            27.197029,
            44.092691
          ],
          [
            27.354716,
            44.018717
          ],
          [
            27.464624,
            43.984605
          ],
          [
            27.65038,
            43.921742
          ],
          [
            27.885429,
            43.83485
          ],
          [
            28.047072,
            43.77066
          ],
          [
            28.189992,
            43.688501
          ],
          [
            28.308561,
            43.644457
          ],
          [
            28.449071,
            43.617685
          ],
          [
            28.586991,
            43.591692
          ],
          [
            28.642431,
            43.578009
          ]
        ]
      }
    },
    {
      "type": "Feature",
      "properties": {
        "average_dip": "(50.0,40,60)",
        "average_rake": "(-75,-90,-60)",
        "catalog_id": "EUR_BGCS046",
        "catalog_name": "SHARE",
        "lower_seis_depth": "(15.0,,)",
        "net_slip_rate": "(0.2,0.1,0.4)",
        "slip_type": "Normal",
        "upper_seis_depth": "(1.0,,)"
      },
      "geometry": {
        "type": "LineString",
        "coordinates": [
          [
            24.499457,
            42.143457
          ],
          [
            24.605985,
            42.103962
          ],
          [
            24.727825,
            42.060055
          ],
          [
            24.819049,
            42.028924
          ],
          [
            24.917585,
            41.975607
          ],
          [
            25.013465,
            41.92229
          ],
          [
            25.106681,
            41.886745
          ]
        ]
      }
    },
    {
      "type": "Feature",
      "properties": {
        "average_dip": "(60.0,50,70)",
        "average_rake": "(-110,-130,-90)",
        "catalog_id": "EUR_BGCS047",
        "catalog_name": "SHARE",
        "lower_seis_depth": "(10.0,,)",
        "net_slip_rate": "(0.3,0.05,0.5)",
        "slip_type": "Normal",
        "upper_seis_depth": "(1.0,,)"
      },
      "geometry": {
        "type": "LineString",
        "coordinates": [
          [
            23.119898,
            42.209485
          ],
          [
            23.166508,
            42.226293
          ],
          [
            23.207788,
            42.249034
          ],
          [
            23.24374,
            42.268809
          ],
          [
            23.286352,
            42.287595
          ],
          [
            23.314316,
            42.303415
          ]
        ]
      }
    },
    {
      "type": "Feature",
      "properties": {
        "average_dip": "(50.0,40,60)",
        "average_rake": "(-80,-90,-70)",
        "catalog_id": "EUR_BGCS048",
        "catalog_name": "SHARE",
        "lower_seis_depth": "(10.0,,)",
        "net_slip_rate": "(0.2,0.1,0.4)",
        "slip_type": "Normal",
        "upper_seis_depth": "(1.0,,)"
      },
      "geometry": {
        "type": "LineString",
        "coordinates": [
          [
            25.484741,
            42.301828
          ],
          [
            25.569977,
            42.302694
          ],
          [
            25.626642,
            42.303631
          ],
          [
            25.719304,
            42.309448
          ],
          [
            25.810396,
            42.312938
          ],
          [
            25.887354,
            42.309448
          ],
          [
            25.973734,
            42.307121
          ],
          [
            26.061684,
            42.301305
          ]
        ]
      }
    },
    {
      "type": "Feature",
      "properties": {
        "average_dip": "(72.5,60,85)",
        "average_rake": "(-100,-130,-70)",
        "catalog_id": "EUR_GRCS060",
        "catalog_name": "SHARE",
        "lower_seis_depth": "(12.0,,)",
        "net_slip_rate": "(1.0,1.0,1.0)",
        "slip_type": "Normal",
        "upper_seis_depth": "(0.0,,)"
      },
      "geometry": {
        "type": "LineString",
        "coordinates": [
          [
            21.906724,
            40.955337
          ],
          [
            21.9316,
            40.968561
          ],
          [
            21.955165,
            40.98082
          ],
          [
            21.96234,
            40.986713
          ],
          [
            21.967489,
            40.994104
          ],
          [
            21.969293,
            40.999706
          ],
          [
            21.973038,
            41.006414
          ],
          [
            21.978747,
            41.012242
          ],
          [
            21.989287,
            41.018069
          ],
          [
            21.99807,
            41.022525
          ],
          [
            22.006414,
            41.025268
          ],
          [
            22.016954,
            41.027325
          ],
          [
            22.031008,
            41.029381
          ],
          [
            22.04335,
            41.035023
          ],
          [
            22.070208,
            41.042056
          ],
          [
            22.097875,
            41.049421
          ],
          [
            22.120023,
            41.053407
          ],
          [
            22.144766,
            41.056278
          ],
          [
            22.155831,
            41.060504
          ],
          [
            22.162442,
            41.069194
          ],
          [
            22.165704,
            41.082908
          ],
          [
            22.168624,
            41.091027
          ],
          [
            22.174522,
            41.094679
          ],
          [
            22.183374,
            41.099457
          ],
          [
            22.195189,
            41.103402
          ],
          [
            22.228872,
            41.114764
          ],
          [
            22.251315,
            41.123309
          ],
          [
            22.279136,
            41.133248
          ],
          [
            22.303291,
            41.141818
          ]
        ]
      }
    },
    {
      "type": "Feature",
      "properties": {
        "average_dip": "(57.5,45,70)",
        "average_rake": "(-105,-115,-95)",
        "catalog_id": "EUR_GRCS068",
        "catalog_name": "SHARE",
        "lower_seis_depth": "(16.0,,)",
        "net_slip_rate": "(0.3,0.2,0.4)",
        "slip_type": "Normal",
        "upper_seis_depth": "(0.0,,)"
      },
      "geometry": {
        "type": "LineString",
        "coordinates": [
          [
            22.141769,
            40.812197
          ],
          [
            22.167822,
            40.824048
          ],
          [
            22.193874,
            40.835899
          ],
          [
            22.238354,
            40.854647
          ],
          [
            22.274828,
            40.857425
          ],
          [
            22.318418,
            40.850481
          ],
          [
            22.362244,
            40.839998
          ]
        ]
      }
    },
    {
      "type": "Feature",
      "properties": {
        "average_dip": "(60.0,50,70)",
        "average_rake": "(-100,-115,-85)",
        "catalog_id": "EUR_GRCS069",
        "catalog_name": "SHARE",
        "lower_seis_depth": "(15.0,,)",
        "net_slip_rate": "(0.3,0.2,0.4)",
        "slip_type": "Normal",
        "upper_seis_depth": "(0.0,,)"
      },
      "geometry": {
        "type": "LineString",
        "coordinates": [
          [
            22.537261,
            40.994044
          ],
          [
            22.503413,
            40.985187
          ],
          [
            22.469565,
            40.970131
          ],
          [
            22.431204,
            40.949761
          ],
          [
            22.387202,
            40.923192
          ],
          [
            22.368021,
            40.908136
          ]
        ]
      }
    },
    {
      "type": "Feature",
      "properties": {
        "average_dip": "(72.5,60,85)",
        "average_rake": "(-90,-100,-80)",
        "catalog_id": "EUR_GRCS120",
        "catalog_name": "SHARE",
        "lower_seis_depth": "(15.0,,)",
        "net_slip_rate": "(0.5,0.1,0.8)",
        "slip_type": "Normal",
        "upper_seis_depth": "(0.0,,)"
      },
      "geometry": {
        "type": "LineString",
        "coordinates": [
          [
            23.053692,
            40.806669
          ],
          [
            23.073293,
            40.807689
          ],
          [
            23.10044,
            40.808936
          ],
          [
            23.128682,
            40.811962
          ],
          [
            23.172669,
            40.813502
          ],
          [
            23.204559,
            40.81374
          ],
          [
            23.233089,
            40.815383
          ],
          [
            23.265638,
            40.81693
          ],
          [
            23.289924,
            40.818245
          ],
          [
            23.316681,
            40.819803
          ],
          [
            23.342021,
            40.820977
          ],
          [
            23.358959,
            40.822992
          ],
          [
            23.36789,
            40.824495
          ],
          [
            23.377288,
            40.826662
          ],
          [
            23.382623,
            40.826889
          ],
          [
            23.388341,
            40.825422
          ],
          [
            23.403008,
            40.813653
          ],
          [
            23.410202,
            40.809848
          ],
          [
            23.417434,
            40.807619
          ],
          [
            23.427177,
            40.807077
          ],
          [
            23.444126,
            40.809417
          ],
          [
            23.467558,
            40.819033
          ],
          [
            23.482369,
            40.823436
          ],
          [
            23.501122,
            40.826403
          ],
          [
            23.526467,
            40.827536
          ]
        ]
      }
    },
    {
      "type": "Feature",
      "properties": {
        "average_dip": "(57.5,45,70)",
        "average_rake": "(-95,-110,-80)",
        "catalog_id": "EUR_GRCS130",
        "catalog_name": "SHARE",
        "lower_seis_depth": "(15.0,,)",
        "net_slip_rate": "(0.3,0.2,0.4)",
        "slip_type": "Normal",
        "upper_seis_depth": "(0.0,,)"
      },
      "geometry": {
        "type": "LineString",
        "coordinates": [
          [
            22.722052,
            41.249719
          ],
          [
            22.742469,
            41.262847
          ],
          [
            22.780583,
            41.283315
          ],
          [
            22.813819,
            41.299261
          ],
          [
            22.852987,
            41.309036
          ],
          [
            22.889497,
            41.308927
          ],
          [
            22.934514,
            41.306943
          ],
          [
            22.975529,
            41.300072
          ],
          [
            23.006202,
            41.291072
          ],
          [
            23.037786,
            41.284516
          ],
          [
            23.076671,
            41.278836
          ],
          [
            23.109515,
            41.27868
          ],
          [
            23.143567,
            41.277591
          ],
          [
            23.181276,
            41.277391
          ],
          [
            23.222634,
            41.277158
          ],
          [
            23.249433,
            41.28067
          ],
          [
            23.268897,
            41.280552
          ],
          [
            23.299298,
            41.279443
          ],
          [
            23.321512,
            41.278969
          ],
          [
            23.350776,
            41.279422
          ],
          [
            23.402454,
            41.282953
          ]
        ]
      }
    },
    {
      "type": "Feature",
      "properties": {
        "average_dip": "(52.5,40,65)",
        "average_rake": "(-87,-95,-80)",
        "catalog_id": "EUR_GRCS140",
        "catalog_name": "SHARE",
        "lower_seis_depth": "(15.0,,)",
        "net_slip_rate": "(0.3,0.2,0.4)",
        "slip_type": "Normal",
        "upper_seis_depth": "(0.0,,)"
      },
      "geometry": {
        "type": "LineString",
        "coordinates": [
          [
            23.791896,
            41.215172
          ],
          [
            23.815782,
            41.216568
          ],
          [
            23.84041,
            41.219205
          ],
          [
            23.862714,
            41.220703
          ],
          [
            23.883273,
            41.220941
          ],
          [
            23.905673,
            41.217905
          ],
          [
            23.932081,
            41.211848
          ],
          [
            23.976907,
            41.202001
          ],
          [
            24.02619,
            41.198078
          ],
          [
            24.072051,
            41.195396
          ],
          [
            24.101655,
            41.192471
          ],
          [
            24.121797,
            41.188645
          ],
          [
            24.13958,
            41.181835
          ],
          [
            24.162581,
            41.173845
          ],
          [
            24.188082,
            41.168917
          ],
          [
            24.220201,
            41.166038
          ],
          [
            24.258964,
            41.166667
          ],
          [
            24.300768,
            41.168531
          ],
          [
            24.342421,
            41.167746
          ],
          [
            24.35611,
            41.166694
          ]
        ]
      }
    },
    {
      "type": "Feature",
      "properties": {
        "average_dip": "(65.0,50,80)",
        "average_rake": "(-90,-100,-80)",
        "catalog_id": "EUR_GRCS145",
        "catalog_name": "SHARE",
        "lower_seis_depth": "(16.0,,)",
        "net_slip_rate": "(0.1,0.05,0.1)",
        "slip_type": "Normal",
        "upper_seis_depth": "(0.0,,)"
      },
      "geometry": {
        "type": "LineString",
        "coordinates": [
          [
            23.809907,
            41.000948
          ],
          [
            23.798677,
            41.013226
          ],
          [
            23.789454,
            41.02267
          ],
          [
            23.775417,
            41.03715
          ],
          [
            23.754162,
            41.053284
          ],
          [
            23.750152,
            41.059501
          ],
          [
            23.748949,
            41.062413
          ],
          [
            23.746944,
            41.07288
          ],
          [
            23.740126,
            41.080436
          ],
          [
            23.720543,
            41.090239
          ],
          [
            23.699667,
            41.098944
          ],
          [
            23.682892,
            41.104981
          ],
          [
            23.671895,
            41.106245
          ],
          [
            23.648969,
            41.106666
          ],
          [
            23.628839,
            41.105824
          ],
          [
            23.601999,
            41.103858
          ],
          [
            23.583723,
            41.101359
          ],
          [
            23.564722,
            41.099085
          ],
          [
            23.546828,
            41.096277
          ],
          [
            23.533408,
            41.094592
          ],
          [
            23.521863,
            41.094436
          ],
          [
            23.508558,
            41.096804
          ]
        ]
      }
    },
    {
      "type": "Feature",
      "properties": {
        "average_dip": "(55.0,35,75)",
        "average_rake": "(-115,-160,-70)",
        "catalog_id": "EUR_GRCS150",
        "catalog_name": "SHARE",
        "lower_seis_depth": "(14.0,,)",
        "net_slip_rate": "(0.3,0.2,0.5)",
        "slip_type": "Dextral-Normal",
        "upper_seis_depth": "(0.0,,)"
      },
      "geometry": {
        "type": "LineString",
        "coordinates": [
          [
            25.826633,
            41.086023
          ],
          [
            25.786962,
            41.091728
          ],
          [
            25.743292,
            41.1
          ],
          [
            25.689884,
            41.112959
          ],
          [
            25.644498,
            41.125049
          ],
          [
            25.603306,
            41.134447
          ],
          [
            25.566469,
            41.142816
          ],
          [
            25.512679,
            41.155323
          ],
          [
            25.479725,
            41.163574
          ],
          [
            25.454503,
            41.171359
          ],
          [
            25.435676,
            41.175845
          ],
          [
            25.42091,
            41.177989
          ],
          [
            25.407814,
            41.177398
          ],
          [
            25.391658,
            41.174632
          ],
          [
            25.376025,
            41.170056
          ],
          [
            25.349548,
            41.161686
          ],
          [
            25.305744,
            41.150561
          ],
          [
            25.28464,
            41.142506
          ],
          [
            25.251065,
            41.134275
          ],
          [
            25.234943,
            41.131937
          ],
          [
            25.224281,
            41.13262
          ],
          [
            25.216603,
            41.133686
          ],
          [
            25.207721,
            41.134328
          ],
          [
            25.197584,
            41.133202
          ],
          [
            25.185599,
            41.130319
          ],
          [
            25.168193,
            41.125307
          ],
          [
            25.158567,
            41.121921
          ],
          [
            25.144873,
            41.120867
          ],
          [
            25.13001,
            41.120284
          ],
          [
            25.112214,
            41.120659
          ],
          [
            25.091676,
            41.123979
          ],
          [
            25.074362,
            41.127232
          ],
          [
            25.055369,
            41.131161
          ],
          [
            25.039714,
            41.13518
          ],
          [
            25.033268,
            41.137556
          ],
          [
            25.017327,
            41.140125
          ],
          [
            25.000681,
            41.139563
          ],
          [
            24.9724,
            41.14184
          ],
          [
            24.956765,
            41.144722
          ],
          [
            24.945815,
            41.147831
          ],
          [
            24.930547,
            41.149095
          ],
          [
            24.916664,
            41.148406
          ],
          [
            24.895239,
            41.147025
          ],
          [
            24.872523,
            41.142523
          ],
          [
            24.848474,
            41.133553
          ],
          [
            24.815387,
            41.120258
          ],
          [
            24.787028,
            41.10597
          ],
          [
            24.762167,
            41.089367
          ],
          [
            24.732261,
            41.064727
          ],
          [
            24.697504,
            41.039627
          ],
          [
            24.669696,
            41.018896
          ],
          [
            24.642136,
            41.005872
          ],
          [
            24.600179,
            40.988512
          ],
          [
            24.563718,
            40.977452
          ],
          [
            24.536421,
            40.966303
          ],
          [
            24.479029,
            40.94717
          ]
        ]
      }
    },
    {
      "type": "Feature",
      "properties": {
        "average_dip": "(55.0,40,70)",
        "average_rake": "(-105,-120,-90)",
        "catalog_id": "EUR_GRCS155",
        "catalog_name": "SHARE",
        "lower_seis_depth": "(15.0,,)",
        "net_slip_rate": "(0.3,0.3,0.4)",
        "slip_type": "Normal",
        "upper_seis_depth": "(0.0,,)"
      },
      "geometry": {
        "type": "LineString",
        "coordinates": [
          [
            24.03129,
            40.70947
          ],
          [
            24.062512,
            40.714727
          ],
          [
            24.093733,
            40.719983
          ],
          [
            24.121282,
            40.728584
          ],
          [
            24.14883,
            40.737185
          ],
          [
            24.17393,
            40.753432
          ],
          [
            24.199029,
            40.769679
          ],
          [
            24.238905,
            40.789069
          ],
          [
            24.27878,
            40.808458
          ],
          [
            24.310609,
            40.822165
          ],
          [
            24.342438,
            40.835872
          ]
        ]
      }
    },
    {
      "type": "Feature",
      "properties": {
        "average_dip": "(60.0,45,75)",
        "average_rake": "(-105,-130,-80)",
        "catalog_id": "EUR_GRCS160",
        "catalog_name": "SHARE",
        "lower_seis_depth": "(14.0,,)",
        "net_slip_rate": "(0.6,0.4,0.7)",
        "slip_type": "Normal",
        "upper_seis_depth": "(0.0,,)"
      },
      "geometry": {
        "type": "LineString",
        "coordinates": [
          [
            25.499536,
            40.875203
          ],
          [
            25.531755,
            40.86396
          ],
          [
            25.557473,
            40.856292
          ],
          [
            25.568007,
            40.856292
          ],
          [
            25.582228,
            40.861225
          ],
          [
            25.593815,
            40.864103
          ],
          [
            25.605403,
            40.864925
          ],
          [
            25.632694,
            40.862169
          ],
          [
            25.664393,
            40.855469
          ],
          [
            25.703369,
            40.847658
          ],
          [
            25.732671,
            40.847154
          ],
          [
            25.772571,
            40.849996
          ],
          [
            25.795541,
            40.850947
          ],
          [
            25.818977,
            40.851089
          ],
          [
            25.848035,
            40.85087
          ],
          [
            25.872755,
            40.851635
          ],
          [
            25.898921,
            40.851299
          ],
          [
            25.93882,
            40.849945
          ],
          [
            25.977563,
            40.847237
          ],
          [
            26.009367,
            40.847237
          ],
          [
            26.043484,
            40.846334
          ],
          [
            26.075288,
            40.845883
          ],
          [
            26.129644,
            40.847688
          ]
        ]
      }
    },
    {
      "type": "Feature",
      "properties": {
        "average_dip": "(62.5,45,80)",
        "average_rake": "(-105,-120,-90)",
        "catalog_id": "EUR_GRCS170",
        "catalog_name": "SHARE",
        "lower_seis_depth": "(14.0,,)",
        "net_slip_rate": "(0.3,0.3,0.3)",
        "slip_type": "Normal",
        "upper_seis_depth": "(0.0,,)"
      },
      "geometry": {
        "type": "LineString",
        "coordinates": [
          [
            26.574329,
            41.619393
          ],
          [
            26.515996,
            41.610655
          ],
          [
            26.481553,
            41.604809
          ],
          [
            26.447109,
            41.598963
          ],
          [
            26.40708,
            41.592752
          ],
          [
            26.367051,
            41.586541
          ],
          [
            26.328418,
            41.58033
          ],
          [
            26.289786,
            41.574118
          ],
          [
            26.238586,
            41.566811
          ],
          [
            26.208797,
            41.559869
          ],
          [
            26.165257,
            41.551238
          ],
          [
            26.121717,
            41.542607
          ]
        ]
      }
    },
    {
      "type": "Feature",
      "properties": {
        "average_dip": "(55.0,50,60)",
        "average_rake": "(-105,-120,-90)",
        "catalog_id": "EUR_MKCS011",
        "catalog_name": "SHARE",
        "lower_seis_depth": "(11.0,,)",
        "net_slip_rate": "(0.2,0.1,0.4)",
        "slip_type": "Normal",
        "upper_seis_depth": "(1.0,,)"
      },
      "geometry": {
        "type": "LineString",
        "coordinates": [
          [
            22.25973,
            41.843656
          ],
          [
            22.343729,
            41.845796
          ],
          [
            22.403865,
            41.843656
          ],
          [
            22.475331,
            41.84409
          ],
          [
            22.580378,
            41.828394
          ],
          [
            22.665808,
            41.818188
          ],
          [
            22.723264,
            41.811002
          ],
          [
            22.792339,
            41.801625
          ],
          [
            22.838812,
            41.800869
          ],
          [
            22.879081,
            41.797337
          ],
          [
            22.944203,
            41.791626
          ]
        ]
      }
    },
    {
      "type": "Feature",
      "properties": {
        "average_dip": "(60.0,50,70)",
        "average_rake": "(-105,-120,-90)",
        "catalog_id": "EUR_MKCS012",
        "catalog_name": "SHARE",
        "lower_seis_depth": "(15.0,,)",
        "net_slip_rate": "(0.3,0.05,0.5)",
        "slip_type": "Normal",
        "upper_seis_depth": "(1.0,,)"
      },
      "geometry": {
        "type": "LineString",
        "coordinates": [
          [
            22.003419,
            42.15283
          ],
          [
            22.079348,
            42.161336
          ],
          [
            22.158104,
            42.168714
          ],
          [
            22.211541,
            42.171867
          ],
          [
            22.294572,
            42.188878
          ],
          [
            22.382068,
            42.210962
          ],
          [
            22.5169,
            42.250454
          ],
          [
            22.64135,
            42.278661
          ],
          [
            22.757476,
            42.30594
          ],
          [
            22.84159,
            42.319235
          ],
          [
            22.90817,
            42.328134
          ]
        ]
      }
    },
    {
      "type": "Feature",
      "properties": {
        "average_dip": "(47.5,40,55)",
        "average_rake": "(-75,-90,-60)",
        "catalog_id": "EUR_MKCS013",
        "catalog_name": "SHARE",
        "lower_seis_depth": "(10.0,,)",
        "net_slip_rate": "(0.3,0.1,0.5)",
        "slip_type": "Normal",
        "upper_seis_depth": "(1.0,,)"
      },
      "geometry": {
        "type": "LineString",
        "coordinates": [
          [
            22.750258,
            41.381576
          ],
          [
            22.844485,
            41.372249
          ],
          [
            22.909547,
            41.370462
          ],
          [
            22.971101,
            41.365278
          ],
          [
            23.011757,
            41.362664
          ],
          [
            23.060545,
            41.365278
          ],
          [
            23.115102,
            41.369211
          ],
          [
            23.174381,
            41.376606
          ],
          [
            23.281249,
            41.401003
          ]
        ]
      }
    },
    {
      "type": "Feature",
      "properties": {
        "average_dip": "(45.0,35,55)",
        "average_rake": "(-60,-70,-50)",
        "catalog_id": "EUR_MKCS014",
        "catalog_name": "SHARE",
        "lower_seis_depth": "(11.0,,)",
        "net_slip_rate": "(0.3,0.1,0.5)",
        "slip_type": "Sinistral-Normal",
        "upper_seis_depth": "(1.0,,)"
      },
      "geometry": {
        "type": "LineString",
        "coordinates": [
          [
            22.390116,
            41.376584
          ],
          [
            22.411914,
            41.368027
          ],
          [
            22.446033,
            41.353765
          ],
          [
            22.468778,
            41.347347
          ],
          [
            22.500053,
            41.337364
          ],
          [
            22.532277,
            41.328094
          ],
          [
            22.572081,
            41.318111
          ],
          [
            22.626103,
            41.308841
          ],
          [
            22.675385,
            41.302423
          ],
          [
            22.719929,
            41.296718
          ]
        ]
      }
    },
    {
      "type": "Feature",
      "properties": {
        "average_dip": "(50.0,40,60)",
        "average_rake": "(-40,-50,-30)",
        "catalog_id": "EUR_MKCS016",
        "catalog_name": "SHARE",
        "lower_seis_depth": "(12.0,,)",
        "net_slip_rate": "(0.3,0.1,0.5)",
        "slip_type": "Sinistral-Normal",
        "upper_seis_depth": "(1.0,,)"
      },
      "geometry": {
        "type": "LineString",
        "coordinates": [
          [
            22.567092,
            41.476417
          ],
          [
            22.596682,
            41.452172
          ],
          [
            22.635818,
            41.430066
          ],
          [
            22.671136,
            41.408673
          ],
          [
            22.711746,
            41.388514
          ],
          [
            22.738884,
            41.377297
          ]
        ]
      }
    },
    {
      "type": "Feature",
      "properties": {
        "average_dip": "(65.0,60,70)",
        "average_rake": "(-45,-60,-30)",
        "catalog_id": "EUR_MKCS017",
        "catalog_name": "SHARE",
        "lower_seis_depth": "(10.0,,)",
        "net_slip_rate": "(0.3,0.1,0.5)",
        "slip_type": "Sinistral-Normal",
        "upper_seis_depth": "(1.0,,)"
      },
      "geometry": {
        "type": "LineString",
        "coordinates": [
          [
            22.095735,
            41.695663
          ],
          [
            22.172211,
            41.648727
          ],
          [
            22.235575,
            41.598554
          ],
          [
            22.33968,
            41.522326
          ],
          [
            22.384676,
            41.500907
          ],
          [
            22.430635,
            41.48242
          ],
          [
            22.476572,
            41.456274
          ],
          [
            22.515159,
            41.426688
          ],
          [
            22.573957,
            41.388158
          ]
        ]
      }
    },
    {
      "type": "Feature",
      "properties": {
        "average_dip": "(55.0,50,60)",
        "average_rake": "(-40,-50,-30)",
        "catalog_id": "EUR_MKCS018",
        "catalog_name": "SHARE",
        "lower_seis_depth": "(10.0,,)",
        "net_slip_rate": "(0.3,0.1,0.5)",
        "slip_type": "Sinistral-Normal",
        "upper_seis_depth": "(1.0,,)"
      },
      "geometry": {
        "type": "LineString",
        "coordinates": [
          [
            22.343729,
            41.632583
          ],
          [
            22.388593,
            41.615468
          ],
          [
            22.429638,
            41.598354
          ],
          [
            22.464956,
            41.58124
          ],
          [
            22.501228,
            41.566979
          ],
          [
            22.540364,
            41.552004
          ],
          [
            22.579502,
            41.528472
          ],
          [
            22.632,
            41.496383
          ]
        ]
      }
    },
    {
      "type": "Feature",
      "properties": {
        "average_dip": "(65.0,60,70)",
        "average_rake": "(-55,-70,-40)",
        "catalog_id": "EUR_MKCS019",
        "catalog_name": "SHARE",
        "lower_seis_depth": "(12.0,,)",
        "net_slip_rate": "(0.2,0.1,0.3)",
        "slip_type": "Sinistral-Normal",
        "upper_seis_depth": "(1.0,,)"
      },
      "geometry": {
        "type": "LineString",
        "coordinates": [
          [
            22.084363,
            41.696524
          ],
          [
            22.035771,
            41.713879
          ],
          [
            21.992243,
            41.725952
          ],
          [
            21.948713,
            41.740289
          ],
          [
            21.906196,
            41.753871
          ],
          [
            21.856593,
            41.769717
          ],
          [
            21.818126,
            41.78179
          ],
          [
            21.779658,
            41.801409
          ],
          [
            21.739669,
            41.821685
          ],
          [
            21.700698,
            41.857246
          ]
        ]
      }
    },
    {
      "type": "Feature",
      "properties": {
        "average_dip": "(60.0,50,70)",
        "average_rake": "(-105,-120,-90)",
        "catalog_id": "EUR_RSCS001",
        "catalog_name": "SHARE",
        "lower_seis_depth": "(12.0,,)",
        "net_slip_rate": "(0.2,0.05,0.3)",
        "slip_type": "Normal",
        "upper_seis_depth": "(1.0,,)"
      },
      "geometry": {
        "type": "LineString",
        "coordinates": [
          [
            21.66628,
            42.444381
          ],
          [
            21.746046,
            42.488408
          ],
          [
            21.806323,
            42.516097
          ],
          [
            21.867413,
            42.547473
          ],
          [
            21.931974,
            42.568924
          ],
          [
            21.988378,
            42.599118
          ],
          [
            22.038516,
            42.650214
          ],
          [
            22.095966,
            42.709827
          ]
        ]
      }
    },
    {
      "type": "Feature",
      "properties": {
        "average_dip": "(70.0,60,80)",
        "average_rake": "(-12,-30,5)",
        "catalog_id": "EUR_RSCS002",
        "catalog_name": "SHARE",
        "lower_seis_depth": "(15.0,,)",
        "net_slip_rate": "(0.1,0.05,0.2)",
        "slip_type": "Sinistral",
        "upper_seis_depth": "(1.0,,)"
      },
      "geometry": {
        "type": "LineString",
        "coordinates": [
          [
            22.215708,
            43.540936
          ],
          [
            22.090442,
            43.597261
          ],
          [
            21.954906,
            43.655068
          ],
          [
            21.818345,
            43.721028
          ],
          [
            21.708894,
            43.767946
          ],
          [
            21.617097,
            43.812927
          ],
          [
            21.547275,
            43.86777
          ]
        ]
      }
    },
    {
      "type": "Feature",
      "properties": {
        "average_dip": "(70.0,60,80)",
        "average_rake": "(-35,-50,-20)",
        "catalog_id": "EUR_RSCS006",
        "catalog_name": "SHARE",
        "lower_seis_depth": "(18.0,,)",
        "net_slip_rate": "(0.1,0.05,0.2)",
        "slip_type": "Sinistral-Normal",
        "upper_seis_depth": "(1.0,,)"
      },
      "geometry": {
        "type": "LineString",
        "coordinates": [
          [
            23.193437,
            42.970112
          ],
          [
            22.970599,
            43.051673
          ],
          [
            22.763629,
            43.11555
          ],
          [
            22.618211,
            43.155361
          ],
          [
            22.487997,
            43.206872
          ],
          [
            22.3662,
            43.240563
          ],
          [
            22.240389,
            43.271136
          ],
          [
            22.11,
            43.3
          ],
          [
            21.987917,
            43.313936
          ],
          [
            21.857301,
            43.35231
          ]
        ]
      }
    },
    {
      "type": "Feature",
      "properties": {
        "average_dip": "(60.0,50,70)",
        "average_rake": "(-105,-120,-90)",
        "catalog_id": "EUR_RSCS009",
        "catalog_name": "SHARE",
        "lower_seis_depth": "(12.0,,)",
        "net_slip_rate": "(0.1,0.05,0.2)",
        "slip_type": "Normal",
        "upper_seis_depth": "(1.0,,)"
      },
      "geometry": {
        "type": "LineString",
        "coordinates": [
          [
            21.752703,
            42.808463
          ],
          [
            21.803137,
            42.819873
          ],
          [
            21.882665,
            42.844118
          ],
          [
            21.973831,
            42.869789
          ],
          [
            22.030083,
            42.892608
          ],
          [
            22.142585,
            42.952507
          ],
          [
            22.231813,
            42.991014
          ]
        ]
      }
    },
    {
      "type": "Feature",
      "properties": {
        "average_dip": "(60.0,50,70)",
        "average_rake": "(-75,-90,-60)",
        "catalog_id": "EUR_RSCS016",
        "catalog_name": "SHARE",
        "lower_seis_depth": "(15.0,,)",
        "net_slip_rate": "(0.2,0.1,0.2)",
        "slip_type": "Normal",
        "upper_seis_depth": "(1.0,,)"
      },
      "geometry": {
        "type": "LineString",
        "coordinates": [
          [
            21.814504,
            43.256263
          ],
          [
            21.90423,
            43.236301
          ],
          [
            21.993736,
            43.213857
          ],
          [
            22.050911,
            43.203378
          ],
          [
            22.146737,
            43.178172
          ],
          [
            22.216449,
            43.158689
          ],
          [
            22.284214,
            43.135609
          ],
          [
            22.365095,
            43.111988
          ],
          [
            22.396979,
            43.096253
          ],
          [
            22.443739,
            43.081141
          ],
          [
            22.507593,
            43.052034
          ],
          [
            22.568725,
            43.031466
          ],
          [
            22.603888,
            43.016751
          ],
          [
            22.674803,
            42.995731
          ]
        ]
      }
    },
    {
      "type": "Feature",
      "properties": {
        "average_dip": "(56.5,35,78)",
        "average_rake": "(12,180,-156)",
        "catalog_id": "EUR_TRCS013",
        "catalog_name": "SHARE",
        "lower_seis_depth": "(15.0,,)",
        "net_slip_rate": "(27.0,26.1806,27.9)",
        "slip_type": "Sinistral",
        "upper_seis_depth": "(0.5,,)"
      },
      "geometry": {
        "type": "LineString",
        "coordinates": [
          [
            29.2279,
            40.7157
          ],
          [
            29.127861,
            40.760853
          ],
          [
            29.02125,
            40.808972
          ],
          [
            28.914582,
            40.857118
          ],
          [
            28.7926,
            40.875073
          ],
          [
            28.668554,
            40.869343
          ],
          [
            28.544518,
            40.863614
          ],
          [
            28.421145,
            40.852448
          ],
          [
            28.298014,
            40.839979
          ],
          [
            28.177022,
            40.818754
          ],
          [
            28.0563,
            40.7968
          ]
        ]
      }
    },
    {
      "type": "Feature",
      "properties": {
        "average_dip": "(34.0,30,38)",
        "average_rake": "(90,90,90)",
        "catalog_id": "EUR_TRCS407",
        "catalog_name": "SHARE",
        "lower_seis_depth": "(16.0,,)",
        "net_slip_rate": "(1.0,0.0001,2.0)",
        "slip_type": "Reverse",
        "upper_seis_depth": "(1.5,,)"
      },
      "geometry": {
        "type": "LineString",
        "coordinates": [
          [
            36.48336,
            41.58981
          ],
          [
            36.434026,
            41.646399
          ],
          [
            36.368604,
            41.72144
          ],
          [
            36.30316,
            41.796508
          ],
          [
            36.237692,
            41.871602
          ],
          [
            36.172202,
            41.946722
          ],
          [
            36.106689,
            42.021869
          ],
          [
            36.041153,
            42.097041
          ],
          [
            35.951592,
            42.157091
          ],
          [
            35.835265,
            42.181267
          ],
          [
            35.718898,
            42.205452
          ],
          [
            35.602489,
            42.229646
          ],
          [
            35.486039,
            42.253848
          ],
          [
            35.369547,
            42.278059
          ],
          [
            35.253013,
            42.302279
          ],
          [
            35.136438,
            42.326507
          ],
          [
            35.019822,
            42.350744
          ],
          [
            34.903164,
            42.374989
          ],
          [
            34.786464,
            42.399243
          ],
          [
            34.669722,
            42.423506
          ],
          [
            34.552938,
            42.447778
          ],
          [
            34.43656,
            42.473202
          ],
          [
            34.315605,
            42.4656
          ],
          [
            34.194665,
            42.457998
          ],
          [
            34.07374,
            42.450397
          ],
          [
            33.952829,
            42.442797
          ],
          [
            33.831932,
            42.435198
          ],
          [
            33.71105,
            42.4276
          ],
          [
            33.590108,
            42.420696
          ],
          [
            33.469051,
            42.415131
          ],
          [
            33.348005,
            42.409566
          ],
          [
            33.22697,
            42.404002
          ],
          [
            33.105945,
            42.398438
          ],
          [
            32.984931,
            42.392875
          ],
          [
            32.863928,
            42.387312
          ],
          [
            32.762927,
            42.337831
          ],
          [
            32.670041,
            42.280387
          ],
          [
            32.57972,
            42.220821
          ],
          [
            32.490651,
            42.1603
          ],
          [
            32.386309,
            42.115228
          ],
          [
            32.270165,
            42.090888
          ],
          [
            32.154063,
            42.066556
          ],
          [
            32.038002,
            42.042232
          ],
          [
            31.921982,
            42.017918
          ],
          [
            31.806003,
            41.993612
          ],
          [
            31.690065,
            41.969314
          ],
          [
            31.585724,
            41.92464
          ],
          [
            31.488737,
            41.871663
          ],
          [
            31.391802,
            41.818715
          ],
          [
            31.294919,
            41.765796
          ],
          [
            31.198088,
            41.712905
          ],
          [
            31.101308,
            41.660042
          ],
          [
            30.986177,
            41.635206
          ],
          [
            30.870704,
            41.611398
          ],
          [
            30.755271,
            41.587598
          ],
          [
            30.639877,
            41.563807
          ],
          [
            30.524356,
            41.540472
          ],
          [
            30.408859,
            41.517184
          ],
          [
            30.2934,
            41.493904
          ],
          [
            30.17864,
            41.468877
          ],
          [
            30.059295,
            41.473547
          ],
          [
            29.939941,
            41.478218
          ],
          [
            29.820579,
            41.482889
          ],
          [
            29.701208,
            41.487561
          ],
          [
            29.581828,
            41.492233
          ],
          [
            29.46244,
            41.496905
          ],
          [
            29.343043,
            41.501575
          ],
          [
            29.223618,
            41.505904
          ],
          [
            29.104185,
            41.510232
          ],
          [
            28.984744,
            41.514561
          ],
          [
            28.865295,
            41.51889
          ],
          [
            28.745838,
            41.52322
          ],
          [
            28.626373,
            41.52755
          ],
          [
            28.5069,
            41.53188
          ]
        ]
      }
    },
    {
      "type": "Feature",
      "properties": {
        "average_dip": "(85.0,85,85)",
        "average_rake": "(180,180,180)",
        "catalog_id": "EUR_TRCS418",
        "catalog_name": "SHARE",
        "lower_seis_depth": "(16.0,,)",
        "net_slip_rate": "(0.5,0.0001,1.0)",
        "slip_type": "Dextral",
        "upper_seis_depth": "(0.0,,)"
      },
      "geometry": {
        "type": "LineString",
        "coordinates": [
          [
            28.66066,
            41.09099
          ],
          [
            28.628953,
            41.178412
          ],
          [
            28.597254,
            41.265809
          ],
          [
            28.565552,
            41.353215
          ],
          [
            28.533848,
            41.440629
          ],
          [
            28.50214,
            41.528051
          ],
          [
            28.470429,
            41.615481
          ],
          [
            28.438716,
            41.70292
          ],
          [
            28.406999,
            41.790367
          ],
          [
            28.375279,
            41.877822
          ],
          [
            28.343557,
            41.965286
          ],
          [
            28.311831,
            42.052758
          ],
          [
            28.280102,
            42.140238
          ],
          [
            28.248371,
            42.227727
          ],
          [
            28.216636,
            42.315224
          ],
          [
            28.184898,
            42.40273
          ],
          [
            28.153157,
            42.490244
          ],
          [
            28.121413,
            42.577765
          ],
          [
            28.089667,
            42.665295
          ],
          [
            28.057917,
            42.752832
          ],
          [
            28.026165,
            42.840377
          ],
          [
            27.99441,
            42.92793
          ]
        ]
      }
    },
    {
      "type": "Feature",
      "properties": {
        "average_dip": "(72.5,55,90)",
        "average_rake": "(22,180,-135)",
        "catalog_id": "EUR_TRCS996",
        "catalog_name": "SHARE",
        "lower_seis_depth": "(19.0,,)",
        "net_slip_rate": "(27.7,26.5,28.8881)",
        "slip_type": "Sinistral",
        "upper_seis_depth": "(0.0,,)"
      },
      "geometry": {
        "type": "LineString",
        "coordinates": [
          [
            28.026022,
            40.80224
          ],
          [
            27.881072,
            40.811477
          ],
          [
            27.710143,
            40.808178
          ],
          [
            27.575641,
            40.803779
          ],
          [
            27.501385,
            40.79608
          ],
          [
            27.424327,
            40.777384
          ],
          [
            27.336198,
            40.75212
          ],
          [
            27.20682,
            40.715472
          ],
          [
            27.136914,
            40.699998
          ],
          [
            27.067007,
            40.682895
          ],
          [
            26.987711,
            40.655205
          ],
          [
            26.900067,
            40.616927
          ],
          [
            26.84888,
            40.595414
          ],
          [
            26.681833,
            40.532155
          ],
          [
            26.585053,
            40.491599
          ],
          [
            26.488272,
            40.451043
          ],
          [
            26.321028,
            40.371284
          ],
          [
            26.200499,
            40.315794
          ],
          [
            26.085589,
            40.272354
          ],
          [
            25.926659,
            40.247307
          ],
          [
            25.773818,
            40.212031
          ],
          [
            25.628512,
            40.161581
          ],
          [
            25.524078,
            40.123521
          ],
          [
            25.389534,
            40.092251
          ],
          [
            25.251618,
            40.053514
          ],
          [
            25.081501,
            40.006679
          ],
          [
            25.005397,
            39.984839
          ]
        ]
      }
    }
  ]
}