{
  "type": "FeatureCollection",
  "metadata": {
    "schema_version": 2,
    "visibility": "FREE",
    "allowed_properties": [
      "facility_type",
      "mineral_id",
      "name",
      "settlement"
    ]
  },
  "features": [
    {
      "type": "Feature",
      "geometry": {
        "type": "Point",
        "coordinates": [
          22.8476944,
          42.2580278
        ]
      },
      "properties": {
        "mineral_id": "mw_221aa42d3b02059f",
        "name": "Сондаж №1хг",
        "facility_type": "Минерален водовземен сондаж",
        "settlement": "Невестино"
      }
    },
    {
      "type": "Feature",
      "geometry": {
        "type": "Point",
        "coordinates": [
          22.8683889,
          42.2583056
        ]
      },
      "properties": {
        "mineral_id": "mw_ffe830493fcf4f68",
        "name": "Сондаж №2хг \"Топилата\"",
        "facility_type": "Минерален водовземен сондаж",
        "settlement": "Четирци"
      }
    },
    {
      "type": "Feature",
      "geometry": {
        "type": "Point",
        "coordinates": [
          22.8684028,
          42.2586694
        ]
      },
      "properties": {
        "mineral_id": "mw_d5e06c32adfcbc43",
        "name": "Извор 1 \"Топилата\"",
        "facility_type": "Минерален каптаж/извор",
        "settlement": "Четирци"
      }
    },
    {
      "type": "Feature",
      "geometry": {
        "type": "Point",
        "coordinates": [
          22.8687028,
          42.2586444
        ]
      },
      "properties": {
        "mineral_id": "mw_489be16aea62b42c",
        "name": "КЕИ \"Топилата\"",
        "facility_type": "Минерален каптаж/извор",
        "settlement": "Четирци"
      }
    },
    {
      "type": "Feature",
      "geometry": {
        "type": "Point",
        "coordinates": [
          23.1138719,
          41.8932361
        ]
      },
      "properties": {
        "mineral_id": "mw_6ef13fdb612c5df6",
        "name": "Сондаж №1 хг",
        "facility_type": "Минерален водовземен сондаж",
        "settlement": "Симитли"
      }
    },
    {
      "type": "Feature",
      "geometry": {
        "type": "Point",
        "coordinates": [
          23.1109719,
          41.8924633
        ]
      },
      "properties": {
        "mineral_id": "mw_b1bcf18ba9669d2e",
        "name": "Сондаж №5",
        "facility_type": "Минерален водовземен сондаж",
        "settlement": "Симитли"
      }
    },
    {
      "type": "Feature",
      "geometry": {
        "type": "Point",
        "coordinates": [
          23.1091714,
          41.8903536
        ]
      },
      "properties": {
        "mineral_id": "mw_9f8a47ec4e71c4f0",
        "name": "Сондаж №6",
        "facility_type": "Минерален водовземен сондаж",
        "settlement": "Симитли"
      }
    },
    {
      "type": "Feature",
      "geometry": {
        "type": "Point",
        "coordinates": [
          23.1138581,
          41.8932808
        ]
      },
      "properties": {
        "mineral_id": "mw_501b1f34b3f7b4fc",
        "name": "Сондаж №7",
        "facility_type": "Минерален водовземен сондаж",
        "settlement": "Симитли"
      }
    },
    {
      "type": "Feature",
      "geometry": {
        "type": "Point",
        "coordinates": [
          23.1089617,
          41.889845
        ]
      },
      "properties": {
        "mineral_id": "mw_6e32e8f3c26e4216",
        "name": "Сондаж №8",
        "facility_type": "Минерален водовземен сондаж",
        "settlement": "Симитли"
      }
    },
    {
      "type": "Feature",
      "geometry": {
        "type": "Point",
        "coordinates": [
          23.1095994,
          41.8914617
        ]
      },
      "properties": {
        "mineral_id": "mw_70402efc528d5524",
        "name": "Сондаж №14 хг",
        "facility_type": "Минерален водовземен сондаж",
        "settlement": "Симитли"
      }
    },
    {
      "type": "Feature",
      "geometry": {
        "type": "Point",
        "coordinates": [
          23.1080097,
          41.8907886
        ]
      },
      "properties": {
        "mineral_id": "mw_f8caa349596dae97",
        "name": "Сондаж №18",
        "facility_type": "Минерален водовземен сондаж",
        "settlement": "Симитли"
      }
    },
    {
      "type": "Feature",
      "geometry": {
        "type": "Point",
        "coordinates": [
          23.2824122,
          41.5684783
        ]
      },
      "properties": {
        "mineral_id": "mw_788f845cdf632c85",
        "name": "Сондаж №1 хг",
        "facility_type": "Минерален водовземен сондаж",
        "settlement": "Сандански"
      }
    },
    {
      "type": "Feature",
      "geometry": {
        "type": "Point",
        "coordinates": [
          23.2802753,
          41.5678597
        ]
      },
      "properties": {
        "mineral_id": "mw_751a6bb20409e890",
        "name": "Сондаж №6",
        "facility_type": "Минерален водовземен сондаж",
        "settlement": "Сандански"
      }
    },
    {
      "type": "Feature",
      "geometry": {
        "type": "Point",
        "coordinates": [
          23.2813042,
          41.5675831
        ]
      },
      "properties": {
        "mineral_id": "mw_b01aeb9fd18219ca",
        "name": "КЕИ №8 (КЕИ №8 \"Централан каптаж\")",
        "facility_type": "Минерален каптаж/извор",
        "settlement": "Сандански"
      }
    },
    {
      "type": "Feature",
      "geometry": {
        "type": "Point",
        "coordinates": [
          23.2839722,
          41.5701389
        ]
      },
      "properties": {
        "mineral_id": "mw_c772a70a810a546c",
        "name": "Каптаж в парка",
        "facility_type": "Минерален каптаж/извор",
        "settlement": "Сандански"
      }
    },
    {
      "type": "Feature",
      "geometry": {
        "type": "Point",
        "coordinates": [
          23.4227778,
          41.4539167
        ]
      },
      "properties": {
        "mineral_id": "mw_2a9e77e30e5960b4",
        "name": "Сондаж 236хг",
        "facility_type": "Минерален водовземен сондаж",
        "settlement": "Катунци"
      }
    },
    {
      "type": "Feature",
      "geometry": {
        "type": "Point",
        "coordinates": [
          23.42275,
          41.4540556
        ]
      },
      "properties": {
        "mineral_id": "mw_9751c6ae5aeb9f38",
        "name": "Сондаж 235хг          (С-2914)",
        "facility_type": "Минерален водовземен сондаж",
        "settlement": "Катунци"
      }
    },
    {
      "type": "Feature",
      "geometry": {
        "type": "Point",
        "coordinates": [
          23.9808611,
          42.0283889
        ]
      },
      "properties": {
        "mineral_id": "mw_54353d341f45e158",
        "name": "Каптиран естествен извор № К-6 \"Вельова баня\"",
        "facility_type": "Минерален каптаж/извор",
        "settlement": "Велинград"
      }
    },
    {
      "type": "Feature",
      "geometry": {
        "type": "Point",
        "coordinates": [
          23.9811667,
          42.0285278
        ]
      },
      "properties": {
        "mineral_id": "mw_269debfd48c3acf8",
        "name": "Каптаж № К-9 \"Вельова баня\"",
        "facility_type": "Минерален каптаж/извор",
        "settlement": "Велинград"
      }
    },
    {
      "type": "Feature",
      "geometry": {
        "type": "Point",
        "coordinates": [
          23.9812778,
          42.0285833
        ]
      },
      "properties": {
        "mineral_id": "mw_d82bf4fc3be69c0e",
        "name": "Каптаж № К-11 \"Вельова баня\"",
        "facility_type": "Минерален каптаж/извор",
        "settlement": "Велинград"
      }
    },
    {
      "type": "Feature",
      "geometry": {
        "type": "Point",
        "coordinates": [
          23.9783611,
          42.0286389
        ]
      },
      "properties": {
        "mineral_id": "mw_cc42cee42c1b7d7e",
        "name": "КЕИ № К-8 \"Вельова баня\"",
        "facility_type": "Минерален каптаж/извор",
        "settlement": "Велинград"
      }
    },
    {
      "type": "Feature",
      "geometry": {
        "type": "Point",
        "coordinates": [
          23.9783333,
          42.0286667
        ]
      },
      "properties": {
        "mineral_id": "mw_6b1ec2d868a69f5c",
        "name": "Сондаж № 1ВКП \"Вельова баня\"",
        "facility_type": "Минерален водовземен сондаж",
        "settlement": "Велинград"
      }
    },
    {
      "type": "Feature",
      "geometry": {
        "type": "Point",
        "coordinates": [
          23.9818333,
          42.0288611
        ]
      },
      "properties": {
        "mineral_id": "mw_871826ca257c823b",
        "name": "Сондаж № 2ВКП \"Вельова баня\"",
        "facility_type": "Минерален водовземен сондаж",
        "settlement": "Велинград"
      }
    },
    {
      "type": "Feature",
      "geometry": {
        "type": "Point",
        "coordinates": [
          23.9809444,
          42.0285556
        ]
      },
      "properties": {
        "mineral_id": "mw_863def67aec92be4",
        "name": "Сондаж № 7КГ \"Вельова баня\"",
        "facility_type": "Минерален водовземен сондаж",
        "settlement": "Велинград"
      }
    },
    {
      "type": "Feature",
      "geometry": {
        "type": "Point",
        "coordinates": [
          23.9861944,
          42.0288611
        ]
      },
      "properties": {
        "mineral_id": "mw_b9437939f0cf49ba",
        "name": "Каптиран естествен извор № К-14",
        "facility_type": "Минерален каптаж/извор",
        "settlement": "Велинград"
      }
    },
    {
      "type": "Feature",
      "geometry": {
        "type": "Point",
        "coordinates": [
          23.9856556,
          42.0282417
        ]
      },
      "properties": {
        "mineral_id": "mw_5cfe235eaaecac0f",
        "name": "Каптиран естествен извор № К-16",
        "facility_type": "Минерален каптаж/извор",
        "settlement": "Велинград"
      }
    },
    {
      "type": "Feature",
      "geometry": {
        "type": "Point",
        "coordinates": [
          23.9853972,
          42.0280194
        ]
      },
      "properties": {
        "mineral_id": "mw_b0655f04e593eac6",
        "name": "Каптиран естествен извор № К-17/К-15",
        "facility_type": "Минерален каптаж/извор",
        "settlement": "Велинград"
      }
    },
    {
      "type": "Feature",
      "geometry": {
        "type": "Point",
        "coordinates": [
          23.9878333,
          42.02925
        ]
      },
      "properties": {
        "mineral_id": "mw_044eccdd49347344",
        "name": "Каптиран естествен извор № К-18",
        "facility_type": "Минерален каптаж/извор",
        "settlement": "Велинград"
      }
    },
    {
      "type": "Feature",
      "geometry": {
        "type": "Point",
        "coordinates": [
          23.9896389,
          42.0297778
        ]
      },
      "properties": {
        "mineral_id": "mw_a1d2195e4a46ab0e",
        "name": "Каптиран естествен извор № К-19",
        "facility_type": "Минерален каптаж/извор",
        "settlement": "Велинград"
      }
    },
    {
      "type": "Feature",
      "geometry": {
        "type": "Point",
        "coordinates": [
          23.9895556,
          42.0303056
        ]
      },
      "properties": {
        "mineral_id": "mw_315d1338d30b840b",
        "name": "Каптиран естествен извор № К-21",
        "facility_type": "Минерален каптаж/извор",
        "settlement": "Велинград"
      }
    },
    {
      "type": "Feature",
      "geometry": {
        "type": "Point",
        "coordinates": [
          23.9903056,
          42.0313611
        ]
      },
      "properties": {
        "mineral_id": "mw_954f5b15da88129c",
        "name": "Каптиран естествен извор № К-28 \"Кремъчна баня\"",
        "facility_type": "Минерален каптаж/извор",
        "settlement": "Велинград"
      }
    },
    {
      "type": "Feature",
      "geometry": {
        "type": "Point",
        "coordinates": [
          23.9903333,
          42.0313333
        ]
      },
      "properties": {
        "mineral_id": "mw_fed9bc8a7cc45918",
        "name": "Каптиран естествен извор № К-29 \"Кремъчна баня\"",
        "facility_type": "Минерален каптаж/извор",
        "settlement": "Велинград"
      }
    },
    {
      "type": "Feature",
      "geometry": {
        "type": "Point",
        "coordinates": [
          23.9901111,
          42.0311389
        ]
      },
      "properties": {
        "mineral_id": "mw_f76e0ea5334a3440",
        "name": "Сондаж № 7ВКП \"Кремъчна баня\"",
        "facility_type": "Минерален водовземен сондаж",
        "settlement": "Велинград"
      }
    },
    {
      "type": "Feature",
      "geometry": {
        "type": "Point",
        "coordinates": [
          23.9971944,
          42.0329444
        ]
      },
      "properties": {
        "mineral_id": "mw_86298c6e69df230f",
        "name": "Сондаж № 8КГ \"Топилата\"",
        "facility_type": "Минерален водовземен сондаж",
        "settlement": "Велинград"
      }
    },
    {
      "type": "Feature",
      "geometry": {
        "type": "Point",
        "coordinates": [
          23.9850556,
          42.0291111
        ]
      },
      "properties": {
        "mineral_id": "mw_4a752e5cea2510dc",
        "name": "Сондаж № 6ВКП \"Вельова баня\"",
        "facility_type": "Минерален водовземен сондаж",
        "settlement": "Велинград"
      }
    },
    {
      "type": "Feature",
      "geometry": {
        "type": "Point",
        "coordinates": [
          23.9803056,
          42.0283611
        ]
      },
      "properties": {
        "mineral_id": "mw_036a819141ef1891",
        "name": "Каптиран естествен извор № К-7 \"Вельова баня\"",
        "facility_type": "Минерален каптаж/извор",
        "settlement": "Велинград"
      }
    },
    {
      "type": "Feature",
      "geometry": {
        "type": "Point",
        "coordinates": [
          23.9981389,
          42.0279722
        ]
      },
      "properties": {
        "mineral_id": "mw_136837cfbe19195a",
        "name": "Снондаж № 9 \"Кентавър\"",
        "facility_type": "Минерален водовземен сондаж",
        "settlement": "Велинград"
      }
    },
    {
      "type": "Feature",
      "geometry": {
        "type": "Point",
        "coordinates": [
          23.9728889,
          41.9954722
        ]
      },
      "properties": {
        "mineral_id": "mw_12fc0a83b1fff176",
        "name": "КЕИ № 1 \"Стар каптаж\"",
        "facility_type": "Минерален каптаж/извор",
        "settlement": "Велинград"
      }
    },
    {
      "type": "Feature",
      "geometry": {
        "type": "Point",
        "coordinates": [
          23.9730278,
          41.9955
        ]
      },
      "properties": {
        "mineral_id": "mw_d42e00c28449517c",
        "name": "КЕИ № 2 \"Нов каптаж\"",
        "facility_type": "Минерален каптаж/извор",
        "settlement": "Велинград"
      }
    },
    {
      "type": "Feature",
      "geometry": {
        "type": "Point",
        "coordinates": [
          23.9731389,
          41.9952222
        ]
      },
      "properties": {
        "mineral_id": "mw_3ea371ac535b5066",
        "name": "Сондаж №1",
        "facility_type": "Минерален водовземен сондаж",
        "settlement": "Велинград"
      }
    },
    {
      "type": "Feature",
      "geometry": {
        "type": "Point",
        "coordinates": [
          23.9730556,
          41.9951111
        ]
      },
      "properties": {
        "mineral_id": "mw_498dd9e7ff845d86",
        "name": "Сондаж №2",
        "facility_type": "Минерален водовземен сондаж",
        "settlement": "Велинград"
      }
    },
    {
      "type": "Feature",
      "geometry": {
        "type": "Point",
        "coordinates": [
          23.9728889,
          41.99575
        ]
      },
      "properties": {
        "mineral_id": "mw_51a3b648edaa4ff0",
        "name": "Сондаж №3",
        "facility_type": "Минерален водовземен сондаж",
        "settlement": "Велинград"
      }
    },
    {
      "type": "Feature",
      "geometry": {
        "type": "Point",
        "coordinates": [
          23.9731389,
          41.9951111
        ]
      },
      "properties": {
        "mineral_id": "mw_e48d114e47bb1b3c",
        "name": "Сондаж №4",
        "facility_type": "Минерален водовземен сондаж",
        "settlement": "Велинград"
      }
    },
    {
      "type": "Feature",
      "geometry": {
        "type": "Point",
        "coordinates": [
          23.9690556,
          41.9998889
        ]
      },
      "properties": {
        "mineral_id": "mw_724e20e5fe0d26f4",
        "name": "Сондаж №5 \"Горски пункт\"",
        "facility_type": "Минерален водовземен сондаж",
        "settlement": "Велинград"
      }
    },
    {
      "type": "Feature",
      "geometry": {
        "type": "Point",
        "coordinates": [
          23.9728889,
          41.9954722
        ]
      },
      "properties": {
        "mineral_id": "mw_7ab5b65bc2bc23b6",
        "name": "Каптажна шахта за мин. вода",
        "facility_type": "Минерален каптаж/извор",
        "settlement": "Велинград"
      }
    },
    {
      "type": "Feature",
      "geometry": {
        "type": "Point",
        "coordinates": [
          24.3965833,
          41.7417778
        ]
      },
      "properties": {
        "mineral_id": "mw_6550ee9fe9467fa9",
        "name": "Сондаж 1",
        "facility_type": "Минерален водовземен сондаж",
        "settlement": "Девин"
      }
    },
    {
      "type": "Feature",
      "geometry": {
        "type": "Point",
        "coordinates": [
          24.383975,
          41.7439167
        ]
      },
      "properties": {
        "mineral_id": "mw_d7f0f95f930f27bf",
        "name": "Сондаж 3",
        "facility_type": "Минерален водовземен сондаж",
        "settlement": "Девин"
      }
    },
    {
      "type": "Feature",
      "geometry": {
        "type": "Point",
        "coordinates": [
          24.3692778,
          41.7430556
        ]
      },
      "properties": {
        "mineral_id": "mw_209d6e3ff6baa1d4",
        "name": "Сондаж 5",
        "facility_type": "Минерален водовземен сондаж",
        "settlement": "Девин"
      }
    },
    {
      "type": "Feature",
      "geometry": {
        "type": "Point",
        "coordinates": [
          24.3582333,
          41.7428833
        ]
      },
      "properties": {
        "mineral_id": "mw_1878756778ffce06",
        "name": "Сондаж 6",
        "facility_type": "Минерален водовземен сондаж",
        "settlement": "Девин"
      }
    },
    {
      "type": "Feature",
      "geometry": {
        "type": "Point",
        "coordinates": [
          24.4525278,
          41.8516389
        ]
      },
      "properties": {
        "mineral_id": "mw_dc6dd689e8cf56ab",
        "name": "Сондаж №1 ВКП",
        "facility_type": "Минерален водовземен сондаж",
        "settlement": "Михалково"
      }
    },
    {
      "type": "Feature",
      "geometry": {
        "type": "Point",
        "coordinates": [
          24.4526944,
          41.8516944
        ]
      },
      "properties": {
        "mineral_id": "mw_6682cedeef1b0aa9",
        "name": "Сондаж №1А ВП каптаж",
        "facility_type": "Минерален каптаж/извор",
        "settlement": "Михалково"
      }
    },
    {
      "type": "Feature",
      "geometry": {
        "type": "Point",
        "coordinates": [
          24.4518889,
          41.8514167
        ]
      },
      "properties": {
        "mineral_id": "mw_a770b52985a76cb8",
        "name": "Сондаж  №2 ГПП",
        "facility_type": "Минерален водовземен сондаж",
        "settlement": "Михалково"
      }
    },
    {
      "type": "Feature",
      "geometry": {
        "type": "Point",
        "coordinates": [
          24.4369722,
          41.8476389
        ]
      },
      "properties": {
        "mineral_id": "mw_a3a240f9c1d56867",
        "name": "Сондаж  №3 КГ",
        "facility_type": "Минерален водовземен сондаж",
        "settlement": "Михалково"
      }
    },
    {
      "type": "Feature",
      "geometry": {
        "type": "Point",
        "coordinates": [
          25.2088056,
          42.6032778
        ]
      },
      "properties": {
        "mineral_id": "mw_d893bfbcee59b4f7",
        "name": "Сондаж МС 1",
        "facility_type": "Минерален водовземен сондаж",
        "settlement": "Павел баня"
      }
    },
    {
      "type": "Feature",
      "geometry": {
        "type": "Point",
        "coordinates": [
          25.2122222,
          42.5974444
        ]
      },
      "properties": {
        "mineral_id": "mw_0cb6b1ac674eaecc",
        "name": "Сондаж МС 2",
        "facility_type": "Минерален водовземен сондаж",
        "settlement": "Павел баня"
      }
    },
    {
      "type": "Feature",
      "geometry": {
        "type": "Point",
        "coordinates": [
          25.2096139,
          42.5994556
        ]
      },
      "properties": {
        "mineral_id": "mw_8de8f09d1322365d",
        "name": "Сондаж № 3",
        "facility_type": "Минерален водовземен сондаж",
        "settlement": "Павел баня"
      }
    },
    {
      "type": "Feature",
      "geometry": {
        "type": "Point",
        "coordinates": [
          25.2141944,
          42.5999167
        ]
      },
      "properties": {
        "mineral_id": "mw_3646322df8e081cf",
        "name": "Сондаж № Сз-7",
        "facility_type": "Минерален водовземен сондаж",
        "settlement": "Павел баня"
      }
    },
    {
      "type": "Feature",
      "geometry": {
        "type": "Point",
        "coordinates": [
          25.2076389,
          42.60075
        ]
      },
      "properties": {
        "mineral_id": "mw_151d1079503d97ee",
        "name": "Сондаж № Сз-8",
        "facility_type": "Минерален водовземен сондаж",
        "settlement": "Павел баня"
      }
    },
    {
      "type": "Feature",
      "geometry": {
        "type": "Point",
        "coordinates": [
          25.2091106,
          42.6018775
        ]
      },
      "properties": {
        "mineral_id": "mw_1494f1f02e5b4305",
        "name": "Сондаж № Х-19",
        "facility_type": "Минерален водовземен сондаж",
        "settlement": "Павел баня"
      }
    },
    {
      "type": "Feature",
      "geometry": {
        "type": "Point",
        "coordinates": [
          25.2091111,
          42.6019167
        ]
      },
      "properties": {
        "mineral_id": "mw_9adebe4e298888d7",
        "name": "Сондаж НС Х-18",
        "facility_type": "Минерален мониторингов сондаж",
        "settlement": "Павел баня"
      }
    },
    {
      "type": "Feature",
      "geometry": {
        "type": "Point",
        "coordinates": [
          25.2096667,
          42.5991944
        ]
      },
      "properties": {
        "mineral_id": "mw_727557111112afb2",
        "name": "КЕИ \"Кадемлията\"",
        "facility_type": "Минерален каптаж/извор",
        "settlement": "Павел баня"
      }
    },
    {
      "type": "Feature",
      "geometry": {
        "type": "Point",
        "coordinates": [
          25.2089444,
          42.5993889
        ]
      },
      "properties": {
        "mineral_id": "mw_6bbd73c6586a6e1c",
        "name": "КЕИ \"Жабарника\"",
        "facility_type": "Минерален каптаж/извор",
        "settlement": "Павел баня"
      }
    },
    {
      "type": "Feature",
      "geometry": {
        "type": "Point",
        "coordinates": [
          23.8195278,
          42.3642778
        ]
      },
      "properties": {
        "mineral_id": "mw_62b32c72b570d43b",
        "name": "Каптиран естествен извор",
        "facility_type": "Минерален каптаж/извор",
        "settlement": "Пчелин"
      }
    },
    {
      "type": "Feature",
      "geometry": {
        "type": "Point",
        "coordinates": [
          23.8199167,
          42.3645833
        ]
      },
      "properties": {
        "mineral_id": "mw_5405d6c171c7de7c",
        "name": "Сондаж 2 ХГ",
        "facility_type": "Минерален мониторингов сондаж",
        "settlement": "Пчелин"
      }
    },
    {
      "type": "Feature",
      "geometry": {
        "type": "Point",
        "coordinates": [
          23.8196389,
          42.3645
        ]
      },
      "properties": {
        "mineral_id": "mw_85fde85a40180250",
        "name": "Сондаж №3 ХГ",
        "facility_type": "Минерален водовземен сондаж",
        "settlement": "Пчелин"
      }
    },
    {
      "type": "Feature",
      "geometry": {
        "type": "Point",
        "coordinates": [
          25.8928333,
          41.9328333
        ]
      },
      "properties": {
        "mineral_id": "mw_96f5cc58e417825e",
        "name": "Сондаж № 2",
        "facility_type": "Минерален водовземен сондаж",
        "settlement": "Харманли"
      }
    },
    {
      "type": "Feature",
      "geometry": {
        "type": "Point",
        "coordinates": [
          25.9000833,
          41.9330556
        ]
      },
      "properties": {
        "mineral_id": "mw_55768f7663097414",
        "name": "Сондаж № 3",
        "facility_type": "Минерален водовземен сондаж",
        "settlement": "Харманли"
      }
    },
    {
      "type": "Feature",
      "geometry": {
        "type": "Point",
        "coordinates": [
          24.7028333,
          42.5004444
        ]
      },
      "properties": {
        "mineral_id": "mw_a3de5698a84d5c3a",
        "name": "Каптаж \"Стублата\"",
        "facility_type": "Минерален каптаж/извор",
        "settlement": "Хисаря"
      }
    },
    {
      "type": "Feature",
      "geometry": {
        "type": "Point",
        "coordinates": [
          24.7030278,
          42.50075
        ]
      },
      "properties": {
        "mineral_id": "mw_14e01c6ddea41995",
        "name": "Каптаж “Чулуджа\" (Бистрица)",
        "facility_type": "Минерален каптаж/извор",
        "settlement": "Хисаря"
      }
    },
    {
      "type": "Feature",
      "geometry": {
        "type": "Point",
        "coordinates": [
          24.7031667,
          42.5007778
        ]
      },
      "properties": {
        "mineral_id": "mw_0ed0b08f8a68b4c9",
        "name": "Каптаж \"Хавуз\"- зад бяня \"Топлица\"",
        "facility_type": "Минерален каптаж/извор",
        "settlement": "Хисаря"
      }
    },
    {
      "type": "Feature",
      "geometry": {
        "type": "Point",
        "coordinates": [
          24.7035833,
          42.50075
        ]
      },
      "properties": {
        "mineral_id": "mw_f34d5a444bca62de",
        "name": "Каптаж \"Момина сълза\"",
        "facility_type": "Минерален каптаж/извор",
        "settlement": "Хисаря"
      }
    },
    {
      "type": "Feature",
      "geometry": {
        "type": "Point",
        "coordinates": [
          24.7009056,
          42.5016194
        ]
      },
      "properties": {
        "mineral_id": "mw_c486c545c28977ad",
        "name": "Каптаж \"Свежест\" (Инджес)",
        "facility_type": "Минерален каптаж/извор",
        "settlement": "Хисаря"
      }
    },
    {
      "type": "Feature",
      "geometry": {
        "type": "Point",
        "coordinates": [
          24.7005278,
          42.5016111
        ]
      },
      "properties": {
        "mineral_id": "mw_d053052f7c8990bc",
        "name": "Каптаж \"Русалка\" (Кюпчез)",
        "facility_type": "Минерален каптаж/извор",
        "settlement": "Хисаря"
      }
    },
    {
      "type": "Feature",
      "geometry": {
        "type": "Point",
        "coordinates": [
          24.7123611,
          42.5043333
        ]
      },
      "properties": {
        "mineral_id": "mw_7e8364dd9ce1f3eb",
        "name": "Сондаж № 1",
        "facility_type": "Минерален водовземен сондаж",
        "settlement": "Хисаря"
      }
    },
    {
      "type": "Feature",
      "geometry": {
        "type": "Point",
        "coordinates": [
          24.7154139,
          42.5040444
        ]
      },
      "properties": {
        "mineral_id": "mw_fa4d86ea245df4d2",
        "name": "Сондаж № 3",
        "facility_type": "Минерален водовземен сондаж",
        "settlement": "Хисаря"
      }
    },
    {
      "type": "Feature",
      "geometry": {
        "type": "Point",
        "coordinates": [
          24.7029167,
          42.5
        ]
      },
      "properties": {
        "mineral_id": "mw_88ce98bd71b61df4",
        "name": "Сондаж № 4",
        "facility_type": "Минерален водовземен сондаж",
        "settlement": "Хисаря"
      }
    },
    {
      "type": "Feature",
      "geometry": {
        "type": "Point",
        "coordinates": [
          24.7003889,
          42.5014167
        ]
      },
      "properties": {
        "mineral_id": "mw_7a72dc62ddc2155f",
        "name": "Сондаж № 5",
        "facility_type": "Минерален водовземен сондаж",
        "settlement": "Хисаря"
      }
    },
    {
      "type": "Feature",
      "geometry": {
        "type": "Point",
        "coordinates": [
          24.7046944,
          42.4992778
        ]
      },
      "properties": {
        "mineral_id": "mw_b6fe2fbf13dddc8f",
        "name": "Сондаж № 6",
        "facility_type": "Минерален водовземен сондаж",
        "settlement": "Хисаря"
      }
    },
    {
      "type": "Feature",
      "geometry": {
        "type": "Point",
        "coordinates": [
          24.7111111,
          42.5023333
        ]
      },
      "properties": {
        "mineral_id": "mw_560c9a83879e5ca7",
        "name": "Сондаж № 7",
        "facility_type": "Минерален водовземен сондаж",
        "settlement": "Хисаря"
      }
    },
    {
      "type": "Feature",
      "geometry": {
        "type": "Point",
        "coordinates": [
          24.71825,
          42.5062778
        ]
      },
      "properties": {
        "mineral_id": "mw_4b7e9079c5b4a430",
        "name": "Сондаж № 8 източно от МО",
        "facility_type": "Минерален мониторингов сондаж",
        "settlement": "Хисаря"
      }
    },
    {
      "type": "Feature",
      "geometry": {
        "type": "Point",
        "coordinates": [
          24.7055028,
          42.4935861
        ]
      },
      "properties": {
        "mineral_id": "mw_e86f90eded6f63bb",
        "name": "Каптаж “Чобан чешма”",
        "facility_type": "Минерален каптаж/извор",
        "settlement": "Хисаря"
      }
    },
    {
      "type": "Feature",
      "geometry": {
        "type": "Point",
        "coordinates": [
          24.7120833,
          42.5036667
        ]
      },
      "properties": {
        "mineral_id": "mw_4f09e7da9d8fe784",
        "name": "Каптаж \"Момина баня\"",
        "facility_type": "Минерален каптаж/извор",
        "settlement": "Хисаря"
      }
    },
    {
      "type": "Feature",
      "geometry": {
        "type": "Point",
        "coordinates": [
          24.7144722,
          42.50225
        ]
      },
      "properties": {
        "mineral_id": "mw_5028dd03474cd495",
        "name": "Каптаж \"Парилките\"",
        "facility_type": "Минерален каптаж/извор",
        "settlement": "Хисаря"
      }
    },
    {
      "type": "Feature",
      "geometry": {
        "type": "Point",
        "coordinates": [
          24.7149722,
          42.4971111
        ]
      },
      "properties": {
        "mineral_id": "mw_63ae924b9a080615",
        "name": "Два каптажа \"Вълкови извори\"",
        "facility_type": "Минерален каптаж/извор",
        "settlement": "Хисаря"
      }
    },
    {
      "type": "Feature",
      "geometry": {
        "type": "Point",
        "coordinates": [
          24.7134167,
          42.4983889
        ]
      },
      "properties": {
        "mineral_id": "mw_6058d29a63910d08",
        "name": "Каптаж \"Пепеляшка-І\"",
        "facility_type": "Минерален каптаж/извор",
        "settlement": "Хисаря"
      }
    },
    {
      "type": "Feature",
      "geometry": {
        "type": "Point",
        "coordinates": [
          24.7141944,
          42.49725
        ]
      },
      "properties": {
        "mineral_id": "mw_5f05325343111225",
        "name": "Каптаж \"Пепеляшка-ІІ\"",
        "facility_type": "Минерален каптаж/извор",
        "settlement": "Хисаря"
      }
    },
    {
      "type": "Feature",
      "geometry": {
        "type": "Point",
        "coordinates": [
          24.713,
          42.4958333
        ]
      },
      "properties": {
        "mineral_id": "mw_3be7bd9c6e546b7b",
        "name": "Каптаж \"Чаир баня\"",
        "facility_type": "Минерален каптаж/извор",
        "settlement": "Хисаря"
      }
    },
    {
      "type": "Feature",
      "geometry": {
        "type": "Point",
        "coordinates": [
          24.7110556,
          42.4799167
        ]
      },
      "properties": {
        "mineral_id": "mw_6d0e2dc7418d0d89",
        "name": "Каптаж \"Банчето-Миромир\"",
        "facility_type": "Минерален каптаж/извор",
        "settlement": "Хисаря"
      }
    },
    {
      "type": "Feature",
      "geometry": {
        "type": "Point",
        "coordinates": [
          25.2906667,
          42.1651944
        ]
      },
      "properties": {
        "mineral_id": "mw_9600964862055231",
        "name": "Сондаж №6",
        "facility_type": "Минерален мониторингов сондаж",
        "settlement": "Чирпан"
      }
    },
    {
      "type": "Feature",
      "geometry": {
        "type": "Point",
        "coordinates": [
          25.3196111,
          42.191
        ]
      },
      "properties": {
        "mineral_id": "mw_82ea013b635c30f4",
        "name": "Сондаж №7",
        "facility_type": "Минерален водовземен сондаж",
        "settlement": "Чирпан"
      }
    },
    {
      "type": "Feature",
      "geometry": {
        "type": "Point",
        "coordinates": [
          23.1403139,
          42.7060194
        ]
      },
      "properties": {
        "mineral_id": "mw_4ccb8d7cea5c25a7",
        "name": "КЕИ \"Бански каптаж\"",
        "facility_type": "Минерален каптаж/извор",
        "settlement": "Банкя"
      }
    },
    {
      "type": "Feature",
      "geometry": {
        "type": "Point",
        "coordinates": [
          23.14105,
          42.7065639
        ]
      },
      "properties": {
        "mineral_id": "mw_8da08b6931e804ec",
        "name": "Сондаж № 1 ВКП",
        "facility_type": "Минерален водовземен сондаж",
        "settlement": "Банкя"
      }
    },
    {
      "type": "Feature",
      "geometry": {
        "type": "Point",
        "coordinates": [
          23.1384167,
          42.7096056
        ]
      },
      "properties": {
        "mineral_id": "mw_8ec005913c14145f",
        "name": "Сондаж № 1ХГ",
        "facility_type": "Минерален мониторингов сондаж",
        "settlement": "Банкя"
      }
    },
    {
      "type": "Feature",
      "geometry": {
        "type": "Point",
        "coordinates": [
          23.1451917,
          42.7025722
        ]
      },
      "properties": {
        "mineral_id": "mw_ce612c2f554fbc0b",
        "name": "Сондаж № 2ХГ",
        "facility_type": "Минерален водовземен сондаж",
        "settlement": "Банкя"
      }
    },
    {
      "type": "Feature",
      "geometry": {
        "type": "Point",
        "coordinates": [
          23.1467444,
          42.7077972
        ]
      },
      "properties": {
        "mineral_id": "mw_db4ee760843d895d",
        "name": "Сондаж № 3ХГ",
        "facility_type": "Минерален водовземен сондаж",
        "settlement": "Банкя"
      }
    },
    {
      "type": "Feature",
      "geometry": {
        "type": "Point",
        "coordinates": [
          23.1500944,
          42.7132667
        ]
      },
      "properties": {
        "mineral_id": "mw_5feda37a0c00cc5f",
        "name": "Сондаж  \"Банкя Палас\"",
        "facility_type": "Минерален водовземен сондаж",
        "settlement": "Банкя"
      }
    },
    {
      "type": "Feature",
      "geometry": {
        "type": "Point",
        "coordinates": [
          23.1313778,
          42.7205639
        ]
      },
      "properties": {
        "mineral_id": "mw_2f10cd89c390fc4a",
        "name": "Сондаж № 6хг \"Вердикал\"",
        "facility_type": "Минерален мониторингов сондаж",
        "settlement": "Банкя"
      }
    },
    {
      "type": "Feature",
      "geometry": {
        "type": "Point",
        "coordinates": [
          23.1733611,
          42.71975
        ]
      },
      "properties": {
        "mineral_id": "mw_b937747ce5893a94",
        "name": "Сондаж № 1хг \"Иваняне\"",
        "facility_type": "Минерален мониторингов сондаж",
        "settlement": "Банкя"
      }
    },
    {
      "type": "Feature",
      "geometry": {
        "type": "Point",
        "coordinates": [
          23.1769167,
          42.7178889
        ]
      },
      "properties": {
        "mineral_id": "mw_a9c6c974f304429e",
        "name": "Сондаж ТК №  1  \"Иваняне\"",
        "facility_type": "Минерален водовземен сондаж",
        "settlement": "Банкя"
      }
    },
    {
      "type": "Feature",
      "geometry": {
        "type": "Point",
        "coordinates": [
          23.1769167,
          42.7178889
        ]
      },
      "properties": {
        "mineral_id": "mw_985deac08fd039b3",
        "name": "Сондаж ТК №  1  \"Иваняне\"",
        "facility_type": "Минерален водовземен сондаж",
        "settlement": "Банкя"
      }
    },
    {
      "type": "Feature",
      "geometry": {
        "type": "Point",
        "coordinates": [
          23.1769167,
          42.7178889
        ]
      },
      "properties": {
        "mineral_id": "mw_41157f41be0445ce",
        "name": "Сондаж ТК №  1  \"Иваняне\"",
        "facility_type": "Минерален водовземен сондаж",
        "settlement": "Банкя"
      }
    },
    {
      "type": "Feature",
      "geometry": {
        "type": "Point",
        "coordinates": [
          23.1769167,
          42.7178889
        ]
      },
      "properties": {
        "mineral_id": "mw_8e2b0c3d7861ff27",
        "name": "Сондаж ТК №  1  \"Иваняне\"",
        "facility_type": "Минерален водовземен сондаж",
        "settlement": "Банкя"
      }
    },
    {
      "type": "Feature",
      "geometry": {
        "type": "Point",
        "coordinates": [
          23.413775,
          42.3668972
        ]
      },
      "properties": {
        "mineral_id": "mw_7d772acf30e340ba",
        "name": "КИ \"Белчински бани\"",
        "facility_type": "Минерален водовземен сондаж",
        "settlement": "Белчин"
      }
    },
    {
      "type": "Feature",
      "geometry": {
        "type": "Point",
        "coordinates": [
          23.4135389,
          42.3670222
        ]
      },
      "properties": {
        "mineral_id": "mw_0e65830ed00da652",
        "name": "Сондаж № 1 ХГ",
        "facility_type": "Минерален водовземен сондаж",
        "settlement": "Белчин"
      }
    },
    {
      "type": "Feature",
      "geometry": {
        "type": "Point",
        "coordinates": [
          23.1595167,
          43.1898333
        ]
      },
      "properties": {
        "mineral_id": "mw_62c38750b12f3a63",
        "name": "Сондаж № 1",
        "facility_type": "Минерален водовземен сондаж",
        "settlement": "Бързия"
      }
    },
    {
      "type": "Feature",
      "geometry": {
        "type": "Point",
        "coordinates": [
          23.1595167,
          43.1898333
        ]
      },
      "properties": {
        "mineral_id": "mw_59a672c7eb5c25ea",
        "name": "Сондаж № 1",
        "facility_type": "Минерален водовземен сондаж",
        "settlement": "Бързия"
      }
    },
    {
      "type": "Feature",
      "geometry": {
        "type": "Point",
        "coordinates": [
          23.1595167,
          43.1898333
        ]
      },
      "properties": {
        "mineral_id": "mw_9aa56895fae75463",
        "name": "Сондаж № 1",
        "facility_type": "Минерален водовземен сондаж",
        "settlement": "Бързия"
      }
    },
    {
      "type": "Feature",
      "geometry": {
        "type": "Point",
        "coordinates": [
          23.1595167,
          43.1898333
        ]
      },
      "properties": {
        "mineral_id": "mw_2f0869ac60344ff9",
        "name": "Сондаж № 1",
        "facility_type": "Минерален водовземен сондаж",
        "settlement": "Бързия"
      }
    },
    {
      "type": "Feature",
      "geometry": {
        "type": "Point",
        "coordinates": [
          25.6444722,
          42.8775833
        ]
      },
      "properties": {
        "mineral_id": "mw_113f7f79bd2fb489",
        "name": "КИ \"Вонеща вода\"",
        "facility_type": "Минерален водовземен сондаж",
        "settlement": "Вонеща вода"
      }
    },
    {
      "type": "Feature",
      "geometry": {
        "type": "Point",
        "coordinates": [
          25.6444722,
          42.8775833
        ]
      },
      "properties": {
        "mineral_id": "mw_77fd9e0ffff64339",
        "name": "КИ \"Вонеща вода\"",
        "facility_type": "Минерален водовземен сондаж",
        "settlement": "Вонеща вода"
      }
    },
    {
      "type": "Feature",
      "geometry": {
        "type": "Point",
        "coordinates": [
          25.6444722,
          42.8775833
        ]
      },
      "properties": {
        "mineral_id": "mw_31ce095e0cc604ef",
        "name": "КИ \"Вонеща вода\"",
        "facility_type": "Минерален водовземен сондаж",
        "settlement": "Вонеща вода"
      }
    },
    {
      "type": "Feature",
      "geometry": {
        "type": "Point",
        "coordinates": [
          25.6444722,
          42.8775833
        ]
      },
      "properties": {
        "mineral_id": "mw_77878f3ae0b1248e",
        "name": "КИ \"Вонеща вода\"",
        "facility_type": "Минерален водовземен сондаж",
        "settlement": "Вонеща вода"
      }
    },
    {
      "type": "Feature",
      "geometry": {
        "type": "Point",
        "coordinates": [
          25.6366111,
          42.8710556
        ]
      },
      "properties": {
        "mineral_id": "mw_afd44922abbfe925",
        "name": "Сондаж № Л 51 А",
        "facility_type": "Минерален водовземен сондаж",
        "settlement": "Вонеща вода"
      }
    },
    {
      "type": "Feature",
      "geometry": {
        "type": "Point",
        "coordinates": [
          25.6366111,
          42.8710556
        ]
      },
      "properties": {
        "mineral_id": "mw_84d9cb5df3e1ed50",
        "name": "Сондаж № Л 51 А",
        "facility_type": "Минерален водовземен сондаж",
        "settlement": "Вонеща вода"
      }
    },
    {
      "type": "Feature",
      "geometry": {
        "type": "Point",
        "coordinates": [
          25.6366111,
          42.8710556
        ]
      },
      "properties": {
        "mineral_id": "mw_e030e1ea9fefc2cd",
        "name": "Сондаж № Л 51 А",
        "facility_type": "Минерален водовземен сондаж",
        "settlement": "Вонеща вода"
      }
    },
    {
      "type": "Feature",
      "geometry": {
        "type": "Point",
        "coordinates": [
          25.6366111,
          42.8710556
        ]
      },
      "properties": {
        "mineral_id": "mw_ed0fec181a107ffd",
        "name": "Сондаж № Л 51 А",
        "facility_type": "Минерален водовземен сондаж",
        "settlement": "Вонеща вода"
      }
    },
    {
      "type": "Feature",
      "geometry": {
        "type": "Point",
        "coordinates": [
          25.6365833,
          42.8709722
        ]
      },
      "properties": {
        "mineral_id": "mw_1dec99eba0cd3168",
        "name": "Сондаж № Л 51",
        "facility_type": "Минерален мониторингов сондаж",
        "settlement": "Вонеща вода"
      }
    },
    {
      "type": "Feature",
      "geometry": {
        "type": "Point",
        "coordinates": [
          25.6366111,
          42.8710556
        ]
      },
      "properties": {
        "mineral_id": "mw_78b07748d53964c3",
        "name": "Сондаж № ВТ - 8",
        "facility_type": "Минерален мониторингов сондаж",
        "settlement": "Вонеща вода"
      }
    },
    {
      "type": "Feature",
      "geometry": {
        "type": "Point",
        "coordinates": [
          23.2857833,
          43.1895667
        ]
      },
      "properties": {
        "mineral_id": "mw_019eace386f59f77",
        "name": "Сондаж № 1  (Р 1хг)",
        "facility_type": "Минерален мониторингов сондаж",
        "settlement": "Вършец"
      }
    },
    {
      "type": "Feature",
      "geometry": {
        "type": "Point",
        "coordinates": [
          23.2857833,
          43.1895667
        ]
      },
      "properties": {
        "mineral_id": "mw_2b87d5a61cdde846",
        "name": "Сондаж № 1  (Р 1хг)",
        "facility_type": "Минерален мониторингов сондаж",
        "settlement": "Вършец"
      }
    },
    {
      "type": "Feature",
      "geometry": {
        "type": "Point",
        "coordinates": [
          23.2857833,
          43.1895667
        ]
      },
      "properties": {
        "mineral_id": "mw_0f1745058e2ff3a1",
        "name": "Сондаж № 1  (Р 1хг)",
        "facility_type": "Минерален мониторингов сондаж",
        "settlement": "Вършец"
      }
    },
    {
      "type": "Feature",
      "geometry": {
        "type": "Point",
        "coordinates": [
          23.2857833,
          43.1895667
        ]
      },
      "properties": {
        "mineral_id": "mw_1148900da7a4dc37",
        "name": "Сондаж № 1  (Р 1хг)",
        "facility_type": "Минерален мониторингов сондаж",
        "settlement": "Вършец"
      }
    },
    {
      "type": "Feature",
      "geometry": {
        "type": "Point",
        "coordinates": [
          23.28665,
          43.1901167
        ]
      },
      "properties": {
        "mineral_id": "mw_c5f69a45771691cf",
        "name": "Сондаж № 2 (Р 2хг)",
        "facility_type": "Минерален водовземен сондаж",
        "settlement": "Вършец"
      }
    },
    {
      "type": "Feature",
      "geometry": {
        "type": "Point",
        "coordinates": [
          23.28665,
          43.1901167
        ]
      },
      "properties": {
        "mineral_id": "mw_b3ed1e8e91476a16",
        "name": "Сондаж № 2 (Р 2хг)",
        "facility_type": "Минерален водовземен сондаж",
        "settlement": "Вършец"
      }
    },
    {
      "type": "Feature",
      "geometry": {
        "type": "Point",
        "coordinates": [
          23.28665,
          43.1901167
        ]
      },
      "properties": {
        "mineral_id": "mw_9fb8963367d41a64",
        "name": "Сондаж № 2 (Р 2хг)",
        "facility_type": "Минерален водовземен сондаж",
        "settlement": "Вършец"
      }
    },
    {
      "type": "Feature",
      "geometry": {
        "type": "Point",
        "coordinates": [
          23.28665,
          43.1901167
        ]
      },
      "properties": {
        "mineral_id": "mw_5bb087ebb2068d0c",
        "name": "Сондаж № 2 (Р 2хг)",
        "facility_type": "Минерален водовземен сондаж",
        "settlement": "Вършец"
      }
    },
    {
      "type": "Feature",
      "geometry": {
        "type": "Point",
        "coordinates": [
          23.2870667,
          43.1915667
        ]
      },
      "properties": {
        "mineral_id": "mw_bb6ac053b14a7538",
        "name": "Сондаж № 3 (МС 3)",
        "facility_type": "Минерален водовземен сондаж",
        "settlement": "Вършец"
      }
    },
    {
      "type": "Feature",
      "geometry": {
        "type": "Point",
        "coordinates": [
          23.2870667,
          43.1915667
        ]
      },
      "properties": {
        "mineral_id": "mw_1085165fd71bc3db",
        "name": "Сондаж № 3 (МС 3)",
        "facility_type": "Минерален водовземен сондаж",
        "settlement": "Вършец"
      }
    },
    {
      "type": "Feature",
      "geometry": {
        "type": "Point",
        "coordinates": [
          23.2870667,
          43.1915667
        ]
      },
      "properties": {
        "mineral_id": "mw_63c0fb1c9c992816",
        "name": "Сондаж № 3 (МС 3)",
        "facility_type": "Минерален водовземен сондаж",
        "settlement": "Вършец"
      }
    },
    {
      "type": "Feature",
      "geometry": {
        "type": "Point",
        "coordinates": [
          23.2870667,
          43.1915667
        ]
      },
      "properties": {
        "mineral_id": "mw_870387a3ab7c2676",
        "name": "Сондаж № 3 (МС 3)",
        "facility_type": "Минерален водовземен сондаж",
        "settlement": "Вършец"
      }
    },
    {
      "type": "Feature",
      "geometry": {
        "type": "Point",
        "coordinates": [
          23.2866167,
          43.1903833
        ]
      },
      "properties": {
        "mineral_id": "mw_7613a449785792e5",
        "name": "Сондаж № 4 (МС 4)",
        "facility_type": "Минерален водовземен сондаж",
        "settlement": "Вършец"
      }
    },
    {
      "type": "Feature",
      "geometry": {
        "type": "Point",
        "coordinates": [
          23.2866167,
          43.1903833
        ]
      },
      "properties": {
        "mineral_id": "mw_d3b59e0bbbaafe30",
        "name": "Сондаж № 4 (МС 4)",
        "facility_type": "Минерален водовземен сондаж",
        "settlement": "Вършец"
      }
    },
    {
      "type": "Feature",
      "geometry": {
        "type": "Point",
        "coordinates": [
          23.2866167,
          43.1903833
        ]
      },
      "properties": {
        "mineral_id": "mw_1c7b2f1d0aa14c69",
        "name": "Сондаж № 4 (МС 4)",
        "facility_type": "Минерален водовземен сондаж",
        "settlement": "Вършец"
      }
    },
    {
      "type": "Feature",
      "geometry": {
        "type": "Point",
        "coordinates": [
          23.2866167,
          43.1903833
        ]
      },
      "properties": {
        "mineral_id": "mw_a5d51e9fffc3d9fc",
        "name": "Сондаж № 4 (МС 4)",
        "facility_type": "Минерален водовземен сондаж",
        "settlement": "Вършец"
      }
    },
    {
      "type": "Feature",
      "geometry": {
        "type": "Point",
        "coordinates": [
          23.28225,
          43.2921667
        ]
      },
      "properties": {
        "mineral_id": "mw_0eee91863f780a72",
        "name": "Сондаж № Р-4",
        "facility_type": "Минерален водовземен сондаж",
        "settlement": "Замфирово"
      }
    },
    {
      "type": "Feature",
      "geometry": {
        "type": "Point",
        "coordinates": [
          23.4770433,
          42.6487049
        ]
      },
      "properties": {
        "mineral_id": "mw_f5fa69f1032d4f15",
        "name": "Сондаж № С -в",
        "facility_type": "Минерален водовземен сондаж",
        "settlement": "Казичене"
      }
    },
    {
      "type": "Feature",
      "geometry": {
        "type": "Point",
        "coordinates": [
          23.4618828,
          42.6516916
        ]
      },
      "properties": {
        "mineral_id": "mw_3d2fd9e104babac4",
        "name": "Сондаж № С -1хг",
        "facility_type": "Минерален мониторингов сондаж",
        "settlement": "Казичене"
      }
    },
    {
      "type": "Feature",
      "geometry": {
        "type": "Point",
        "coordinates": [
          23.4667967,
          42.6476943
        ]
      },
      "properties": {
        "mineral_id": "mw_d39f24f7a75f8c49",
        "name": "Сондаж № С -3хг",
        "facility_type": "Минерален мониторингов сондаж",
        "settlement": "Казичене"
      }
    },
    {
      "type": "Feature",
      "geometry": {
        "type": "Point",
        "coordinates": [
          23.4617131,
          42.6526606
        ]
      },
      "properties": {
        "mineral_id": "mw_14c3f853bc0b2102",
        "name": "Сондаж № С -14хг",
        "facility_type": "Минерален мониторингов сондаж",
        "settlement": "Казичене"
      }
    },
    {
      "type": "Feature",
      "geometry": {
        "type": "Point",
        "coordinates": [
          23.4746997,
          42.6501727
        ]
      },
      "properties": {
        "mineral_id": "mw_6ccfd55c8543115b",
        "name": "Сондаж № С -21хг",
        "facility_type": "Минерален мониторингов сондаж",
        "settlement": "Казичене"
      }
    },
    {
      "type": "Feature",
      "geometry": {
        "type": "Point",
        "coordinates": [
          23.4607462,
          42.6640947
        ]
      },
      "properties": {
        "mineral_id": "mw_4d6ebd84b510fcd3",
        "name": "Сондаж № С -28хг",
        "facility_type": "Минерален мониторингов сондаж",
        "settlement": "Казичене"
      }
    },
    {
      "type": "Feature",
      "geometry": {
        "type": "Point",
        "coordinates": [
          23.4619444,
          42.6507322
        ]
      },
      "properties": {
        "mineral_id": "mw_6c2b1233b58312b9",
        "name": "Сондаж № Р - 1",
        "facility_type": "Минерален водовземен сондаж",
        "settlement": "Казичене"
      }
    },
    {
      "type": "Feature",
      "geometry": {
        "type": "Point",
        "coordinates": [
          23.4787775,
          42.6483233
        ]
      },
      "properties": {
        "mineral_id": "mw_449a7620c51854e6",
        "name": "Сондаж № Р - 2",
        "facility_type": "Минерален мониторингов сондаж",
        "settlement": "Казичене"
      }
    },
    {
      "type": "Feature",
      "geometry": {
        "type": "Point",
        "coordinates": [
          23.5222372,
          42.6687381
        ]
      },
      "properties": {
        "mineral_id": "mw_0334e43a6e5fcf61",
        "name": "Сондаж № С -11в",
        "facility_type": "Минерален водовземен сондаж",
        "settlement": "Равно поле"
      }
    },
    {
      "type": "Feature",
      "geometry": {
        "type": "Point",
        "coordinates": [
          23.5222372,
          42.6687381
        ]
      },
      "properties": {
        "mineral_id": "mw_e122f13a229d26e6",
        "name": "Сондаж № С -11в",
        "facility_type": "Минерален водовземен сондаж",
        "settlement": "Равно поле"
      }
    },
    {
      "type": "Feature",
      "geometry": {
        "type": "Point",
        "coordinates": [
          23.5222372,
          42.6687381
        ]
      },
      "properties": {
        "mineral_id": "mw_55a6f4199e15ebdf",
        "name": "Сондаж № С -11в",
        "facility_type": "Минерален водовземен сондаж",
        "settlement": "Равно поле"
      }
    },
    {
      "type": "Feature",
      "geometry": {
        "type": "Point",
        "coordinates": [
          23.5222372,
          42.6687381
        ]
      },
      "properties": {
        "mineral_id": "mw_d37217d537570d4b",
        "name": "Сондаж № С -11в",
        "facility_type": "Минерален водовземен сондаж",
        "settlement": "Равно поле"
      }
    },
    {
      "type": "Feature",
      "geometry": {
        "type": "Point",
        "coordinates": [
          23.5220861,
          42.6710278
        ]
      },
      "properties": {
        "mineral_id": "mw_ae215efe14432a07",
        "name": "Сондаж № С -44хг",
        "facility_type": "Минерален водовземен сондаж",
        "settlement": "Равно поле"
      }
    },
    {
      "type": "Feature",
      "geometry": {
        "type": "Point",
        "coordinates": [
          23.5211605,
          42.6655056
        ]
      },
      "properties": {
        "mineral_id": "mw_83e99660a917f78c",
        "name": "Сондаж № С -45хг",
        "facility_type": "Минерален водовземен сондаж",
        "settlement": "Равно поле"
      }
    },
    {
      "type": "Feature",
      "geometry": {
        "type": "Point",
        "coordinates": [
          23.5221481,
          42.6678286
        ]
      },
      "properties": {
        "mineral_id": "mw_b81e38817110acf3",
        "name": "Сондаж № С -46хг",
        "facility_type": "Минерален водовземен сондаж",
        "settlement": "Равно поле"
      }
    },
    {
      "type": "Feature",
      "geometry": {
        "type": "Point",
        "coordinates": [
          23.5227917,
          42.6598639
        ]
      },
      "properties": {
        "mineral_id": "mw_34d54c7b6e114d81",
        "name": "Сондаж № С -49хг",
        "facility_type": "Минерален мониторингов сондаж",
        "settlement": "Равно поле"
      }
    },
    {
      "type": "Feature",
      "geometry": {
        "type": "Point",
        "coordinates": [
          23.5183453,
          42.6699056
        ]
      },
      "properties": {
        "mineral_id": "mw_9ef092baadde64d0",
        "name": "Сондаж № С -50хг",
        "facility_type": "Минерален водовземен сондаж",
        "settlement": "Равно поле"
      }
    },
    {
      "type": "Feature",
      "geometry": {
        "type": "Point",
        "coordinates": [
          23.5152436,
          42.6687746
        ]
      },
      "properties": {
        "mineral_id": "mw_d8a5817d2daf534c",
        "name": "Сондаж № С -53хг",
        "facility_type": "Минерален водовземен сондаж",
        "settlement": "Равно поле"
      }
    },
    {
      "type": "Feature",
      "geometry": {
        "type": "Point",
        "coordinates": [
          23.5295917,
          42.6717289
        ]
      },
      "properties": {
        "mineral_id": "mw_d00fba72901dbba8",
        "name": "Сондаж № С -55хг",
        "facility_type": "Минерален водовземен сондаж",
        "settlement": "Равно поле"
      }
    },
    {
      "type": "Feature",
      "geometry": {
        "type": "Point",
        "coordinates": [
          23.5290136,
          42.6586231
        ]
      },
      "properties": {
        "mineral_id": "mw_0ea5d3e6dede417b",
        "name": "Сондаж № С -47хг",
        "facility_type": "Минерален мониторингов сондаж",
        "settlement": "Равно поле"
      }
    },
    {
      "type": "Feature",
      "geometry": {
        "type": "Point",
        "coordinates": [
          25.0389444,
          43.2493333
        ]
      },
      "properties": {
        "mineral_id": "mw_39106417ffab8798",
        "name": "Сондаж № Р - 1хг",
        "facility_type": "Минерален водовземен сондаж",
        "settlement": "Крушуна"
      }
    },
    {
      "type": "Feature",
      "geometry": {
        "type": "Point",
        "coordinates": [
          25.0389444,
          43.2493333
        ]
      },
      "properties": {
        "mineral_id": "mw_3304f83cb98a864a",
        "name": "Сондаж № Р - 1хг",
        "facility_type": "Минерален водовземен сондаж",
        "settlement": "Крушуна"
      }
    },
    {
      "type": "Feature",
      "geometry": {
        "type": "Point",
        "coordinates": [
          25.0389444,
          43.2493333
        ]
      },
      "properties": {
        "mineral_id": "mw_673249999e1e0517",
        "name": "Сондаж № Р - 1хг",
        "facility_type": "Минерален водовземен сондаж",
        "settlement": "Крушуна"
      }
    },
    {
      "type": "Feature",
      "geometry": {
        "type": "Point",
        "coordinates": [
          25.0389444,
          43.2493333
        ]
      },
      "properties": {
        "mineral_id": "mw_b780d3fd2b809293",
        "name": "Сондаж № Р - 1хг",
        "facility_type": "Минерален водовземен сондаж",
        "settlement": "Крушуна"
      }
    },
    {
      "type": "Feature",
      "geometry": {
        "type": "Point",
        "coordinates": [
          25.4919167,
          43.3371667
        ]
      },
      "properties": {
        "mineral_id": "mw_d37624095df69511",
        "name": "Сондаж № Р - 2хг",
        "facility_type": "Минерален водовземен сондаж",
        "settlement": "Обединение"
      }
    },
    {
      "type": "Feature",
      "geometry": {
        "type": "Point",
        "coordinates": [
          25.2794722,
          43.4451667
        ]
      },
      "properties": {
        "mineral_id": "mw_d33787b61865e065",
        "name": "Сондаж № Р - 2хг",
        "facility_type": "Минерален водовземен сондаж",
        "settlement": "Овча могила"
      }
    },
    {
      "type": "Feature",
      "geometry": {
        "type": "Point",
        "coordinates": [
          25.2794722,
          43.4451667
        ]
      },
      "properties": {
        "mineral_id": "mw_5d2052e8240eafdd",
        "name": "Сондаж № Р - 2хг",
        "facility_type": "Минерален водовземен сондаж",
        "settlement": "Овча могила"
      }
    },
    {
      "type": "Feature",
      "geometry": {
        "type": "Point",
        "coordinates": [
          25.2794722,
          43.4451667
        ]
      },
      "properties": {
        "mineral_id": "mw_bda4e675ff33d2e2",
        "name": "Сондаж № Р - 2хг",
        "facility_type": "Минерален водовземен сондаж",
        "settlement": "Овча могила"
      }
    },
    {
      "type": "Feature",
      "geometry": {
        "type": "Point",
        "coordinates": [
          25.2794722,
          43.4451667
        ]
      },
      "properties": {
        "mineral_id": "mw_181e459a9badf43f",
        "name": "Сондаж № Р - 2хг",
        "facility_type": "Минерален водовземен сондаж",
        "settlement": "Овча могила"
      }
    },
    {
      "type": "Feature",
      "geometry": {
        "type": "Point",
        "coordinates": [
          25.2794722,
          43.4451667
        ]
      },
      "properties": {
        "mineral_id": "mw_b691e9b407e203eb",
        "name": "Сондаж № Р - 2хг",
        "facility_type": "Минерален водовземен сондаж",
        "settlement": "Овча могила"
      }
    },
    {
      "type": "Feature",
      "geometry": {
        "type": "Point",
        "coordinates": [
          25.2794722,
          43.4451667
        ]
      },
      "properties": {
        "mineral_id": "mw_696cf75a35018e07",
        "name": "Сондаж № Р - 2хг",
        "facility_type": "Минерален водовземен сондаж",
        "settlement": "Овча могила"
      }
    },
    {
      "type": "Feature",
      "geometry": {
        "type": "Point",
        "coordinates": [
          25.2794722,
          43.4451667
        ]
      },
      "properties": {
        "mineral_id": "mw_b50522f86f1467ad",
        "name": "Сондаж № Р - 2хг",
        "facility_type": "Минерален водовземен сондаж",
        "settlement": "Овча могила"
      }
    },
    {
      "type": "Feature",
      "geometry": {
        "type": "Point",
        "coordinates": [
          25.6211944,
          43.3657028
        ]
      },
      "properties": {
        "mineral_id": "mw_83d306ee13f4ff60",
        "name": "Сондаж № Р - 1хг",
        "facility_type": "Минерален водовземен сондаж",
        "settlement": "Полски Тръмбеш"
      }
    },
    {
      "type": "Feature",
      "geometry": {
        "type": "Point",
        "coordinates": [
          25.6211944,
          43.3657028
        ]
      },
      "properties": {
        "mineral_id": "mw_413fc46e78e197bd",
        "name": "Сондаж № Р - 1хг",
        "facility_type": "Минерален водовземен сондаж",
        "settlement": "Полски Тръмбеш"
      }
    },
    {
      "type": "Feature",
      "geometry": {
        "type": "Point",
        "coordinates": [
          25.6211944,
          43.3657028
        ]
      },
      "properties": {
        "mineral_id": "mw_61b635ccf100f6a5",
        "name": "Сондаж № Р - 1хг",
        "facility_type": "Минерален водовземен сондаж",
        "settlement": "Полски Тръмбеш"
      }
    },
    {
      "type": "Feature",
      "geometry": {
        "type": "Point",
        "coordinates": [
          25.6211944,
          43.3657028
        ]
      },
      "properties": {
        "mineral_id": "mw_bed51d98e70f7f86",
        "name": "Сондаж № Р - 1хг",
        "facility_type": "Минерален водовземен сондаж",
        "settlement": "Полски Тръмбеш"
      }
    },
    {
      "type": "Feature",
      "geometry": {
        "type": "Point",
        "coordinates": [
          25.5616833,
          43.2003833
        ]
      },
      "properties": {
        "mineral_id": "mw_744e7ab1439fd860",
        "name": "Сондаж № Р - 1хг",
        "facility_type": "Минерален водовземен сондаж",
        "settlement": "Ресен"
      }
    },
    {
      "type": "Feature",
      "geometry": {
        "type": "Point",
        "coordinates": [
          25.5551694,
          43.2077583
        ]
      },
      "properties": {
        "mineral_id": "mw_893dbcfe6505c84d",
        "name": "Сондаж № Р - 3хг",
        "facility_type": "Минерален водовземен сондаж",
        "settlement": "Ресен"
      }
    },
    {
      "type": "Feature",
      "geometry": {
        "type": "Point",
        "coordinates": [
          25.3006667,
          43.6212778
        ]
      },
      "properties": {
        "mineral_id": "mw_a8502b615d812654",
        "name": "Сондаж № Р - 1хг",
        "facility_type": "Минерален водовземен сондаж",
        "settlement": "Свищов"
      }
    },
    {
      "type": "Feature",
      "geometry": {
        "type": "Point",
        "coordinates": [
          25.3685278,
          43.61775
        ]
      },
      "properties": {
        "mineral_id": "mw_4bdd247907a071d7",
        "name": "Сондаж № Р - 4хг",
        "facility_type": "Закрито минерално съоръжение",
        "settlement": "Свищов"
      }
    },
    {
      "type": "Feature",
      "geometry": {
        "type": "Point",
        "coordinates": [
          25.3067778,
          43.6216667
        ]
      },
      "properties": {
        "mineral_id": "mw_506a0d9f9100d14a",
        "name": "Сондаж № Р - 6хг",
        "facility_type": "Минерален водовземен сондаж",
        "settlement": "Свищов"
      }
    },
    {
      "type": "Feature",
      "geometry": {
        "type": "Point",
        "coordinates": [
          23.224,
          43.2146111
        ]
      },
      "properties": {
        "mineral_id": "mw_a5af6c3cfae1a0c0",
        "name": "Сондаж №  3хг",
        "facility_type": "Минерален водовземен сондаж",
        "settlement": "Слатина"
      }
    },
    {
      "type": "Feature",
      "geometry": {
        "type": "Point",
        "coordinates": [
          23.3051667,
          42.6949722
        ]
      },
      "properties": {
        "mineral_id": "mw_e0badec22683deb6",
        "name": "Сондаж № 6 ХГ",
        "facility_type": "Закрито минерално съоръжение",
        "settlement": "София"
      }
    },
    {
      "type": "Feature",
      "geometry": {
        "type": "Point",
        "coordinates": [
          23.30725,
          42.6949167
        ]
      },
      "properties": {
        "mineral_id": "mw_d9f40c325eacd2a0",
        "name": "Сондаж № 8ХГ",
        "facility_type": "Закрито минерално съоръжение",
        "settlement": "София"
      }
    },
    {
      "type": "Feature",
      "geometry": {
        "type": "Point",
        "coordinates": [
          23.2390278,
          42.6790833
        ]
      },
      "properties": {
        "mineral_id": "mw_b86966249c2fc699",
        "name": "Сондаж № 3 ХГ",
        "facility_type": "Минерален водовземен сондаж",
        "settlement": "Горна баня"
      }
    },
    {
      "type": "Feature",
      "geometry": {
        "type": "Point",
        "coordinates": [
          23.2368611,
          42.6774167
        ]
      },
      "properties": {
        "mineral_id": "mw_a37af45f1a6cfe0b",
        "name": "Сондаж № 4 ХГ",
        "facility_type": "Минерален водовземен сондаж",
        "settlement": "Горна баня"
      }
    },
    {
      "type": "Feature",
      "geometry": {
        "type": "Point",
        "coordinates": [
          23.2380833,
          42.67225
        ]
      },
      "properties": {
        "mineral_id": "mw_18277c27d762c54e",
        "name": "КИ \"Домуз дере\"",
        "facility_type": "Минерален водовземен сондаж",
        "settlement": "Горна баня"
      }
    },
    {
      "type": "Feature",
      "geometry": {
        "type": "Point",
        "coordinates": [
          23.2409167,
          42.6803889
        ]
      },
      "properties": {
        "mineral_id": "mw_0551a065b7569d53",
        "name": "КИ \"Хазната\"",
        "facility_type": "Минерален водовземен сондаж",
        "settlement": "Горна баня"
      }
    },
    {
      "type": "Feature",
      "geometry": {
        "type": "Point",
        "coordinates": [
          23.3853333,
          42.5401111
        ]
      },
      "properties": {
        "mineral_id": "mw_7aed44c7551442c4",
        "name": "Сондаж № 1 ХГ",
        "facility_type": "Минерален водовземен сондаж",
        "settlement": "Железница"
      }
    },
    {
      "type": "Feature",
      "geometry": {
        "type": "Point",
        "coordinates": [
          23.3853056,
          42.5399167
        ]
      },
      "properties": {
        "mineral_id": "mw_205763ffe0a12685",
        "name": "Сондаж № 2 ХГ",
        "facility_type": "Минерален водовземен сондаж",
        "settlement": "Железница"
      }
    },
    {
      "type": "Feature",
      "geometry": {
        "type": "Point",
        "coordinates": [
          23.3861389,
          42.5399167
        ]
      },
      "properties": {
        "mineral_id": "mw_61282454cfa0c389",
        "name": "КИ № 1 \"Горен\"",
        "facility_type": "Минерален водовземен сондаж",
        "settlement": "Железница"
      }
    },
    {
      "type": "Feature",
      "geometry": {
        "type": "Point",
        "coordinates": [
          23.3855278,
          42.5401111
        ]
      },
      "properties": {
        "mineral_id": "mw_f13a2294c93263ae",
        "name": "НЕИ № 1",
        "facility_type": "Минерален мониторингов сондаж",
        "settlement": "Железница"
      }
    },
    {
      "type": "Feature",
      "geometry": {
        "type": "Point",
        "coordinates": [
          23.3855278,
          43.5400556
        ]
      },
      "properties": {
        "mineral_id": "mw_b1443dc87bd781fa",
        "name": "НЕИ № 2",
        "facility_type": "Минерален мониторингов сондаж",
        "settlement": "Железница"
      }
    },
    {
      "type": "Feature",
      "geometry": {
        "type": "Point",
        "coordinates": [
          23.3855444,
          42.5400111
        ]
      },
      "properties": {
        "mineral_id": "mw_06a336cbe436e6d5",
        "name": "КИ № 2 \"Баня\"",
        "facility_type": "Минерален водовземен сондаж",
        "settlement": "Железница"
      }
    },
    {
      "type": "Feature",
      "geometry": {
        "type": "Point",
        "coordinates": [
          23.3899722,
          42.53375
        ]
      },
      "properties": {
        "mineral_id": "mw_68443e3d4ac0c18d",
        "name": "НЕИ № 3",
        "facility_type": "Минерален мониторингов сондаж",
        "settlement": "Железница"
      }
    },
    {
      "type": "Feature",
      "geometry": {
        "type": "Point",
        "coordinates": [
          23.3911389,
          42.53875
        ]
      },
      "properties": {
        "mineral_id": "mw_1ddab85f478ce394",
        "name": "НЕИ № 4",
        "facility_type": "Минерален мониторингов сондаж",
        "settlement": "Железница"
      }
    },
    {
      "type": "Feature",
      "geometry": {
        "type": "Point",
        "coordinates": [
          23.2360556,
          42.6574444
        ]
      },
      "properties": {
        "mineral_id": "mw_f48f3a1c07a1c486",
        "name": "Сондаж № 1 ХГ",
        "facility_type": "Минерален водовземен сондаж",
        "settlement": "София - Княжево"
      }
    },
    {
      "type": "Feature",
      "geometry": {
        "type": "Point",
        "coordinates": [
          23.2408611,
          42.6583056
        ]
      },
      "properties": {
        "mineral_id": "mw_9dc0deee8c2d9ae5",
        "name": "Сондаж № 6ХГ",
        "facility_type": "Минерален водовземен сондаж",
        "settlement": "София - Княжево"
      }
    },
    {
      "type": "Feature",
      "geometry": {
        "type": "Point",
        "coordinates": [
          23.2438611,
          42.6598333
        ]
      },
      "properties": {
        "mineral_id": "mw_56b24aec19e1eba5",
        "name": "Сондаж № 1 ВКП",
        "facility_type": "Минерален водовземен сондаж",
        "settlement": "София - Княжево"
      }
    },
    {
      "type": "Feature",
      "geometry": {
        "type": "Point",
        "coordinates": [
          23.2428889,
          42.6595833
        ]
      },
      "properties": {
        "mineral_id": "mw_7ec29e4372352970",
        "name": "Сондаж № 2 ВКП",
        "facility_type": "Минерален мониторингов сондаж",
        "settlement": "София - Княжево"
      }
    },
    {
      "type": "Feature",
      "geometry": {
        "type": "Point",
        "coordinates": [
          23.2436389,
          42.6590833
        ]
      },
      "properties": {
        "mineral_id": "mw_f532e045d586a343",
        "name": "Сондаж № 3 ВКП",
        "facility_type": "Минерален водовземен сондаж",
        "settlement": "София - Княжево"
      }
    },
    {
      "type": "Feature",
      "geometry": {
        "type": "Point",
        "coordinates": [
          23.2577778,
          42.6652222
        ]
      },
      "properties": {
        "mineral_id": "mw_7a9488aa7eb9a6a4",
        "name": "Сондаж \" Книжна Фабрика\"",
        "facility_type": "Минерален водовземен сондаж",
        "settlement": "София - Княжево"
      }
    },
    {
      "type": "Feature",
      "geometry": {
        "type": "Point",
        "coordinates": [
          23.2577778,
          42.6652222
        ]
      },
      "properties": {
        "mineral_id": "mw_75113425a7a37266",
        "name": "Сондаж \" Книжна Фабрика\"",
        "facility_type": "Минерален водовземен сондаж",
        "settlement": "София - Княжево"
      }
    },
    {
      "type": "Feature",
      "geometry": {
        "type": "Point",
        "coordinates": [
          23.2577778,
          42.6652222
        ]
      },
      "properties": {
        "mineral_id": "mw_27f5693ff49ba34a",
        "name": "Сондаж \" Книжна Фабрика\"",
        "facility_type": "Минерален водовземен сондаж",
        "settlement": "София - Княжево"
      }
    },
    {
      "type": "Feature",
      "geometry": {
        "type": "Point",
        "coordinates": [
          23.2577778,
          42.6652222
        ]
      },
      "properties": {
        "mineral_id": "mw_630f04e8ac61f9ae",
        "name": "Сондаж \" Книжна Фабрика\"",
        "facility_type": "Минерален водовземен сондаж",
        "settlement": "София - Княжево"
      }
    },
    {
      "type": "Feature",
      "geometry": {
        "type": "Point",
        "coordinates": [
          23.2435278,
          42.6594722
        ]
      },
      "properties": {
        "mineral_id": "mw_78cf4bf83dc19291",
        "name": "КИ \"Бански каптаж\"",
        "facility_type": "Минерален каптаж/извор",
        "settlement": "София - Княжево"
      }
    },
    {
      "type": "Feature",
      "geometry": {
        "type": "Point",
        "coordinates": [
          23.2356389,
          42.6575833
        ]
      },
      "properties": {
        "mineral_id": "mw_7da99cce6adc13ae",
        "name": "КИ \"Клисурска баня\"",
        "facility_type": "Закрито минерално съоръжение",
        "settlement": "София - Княжево"
      }
    },
    {
      "type": "Feature",
      "geometry": {
        "type": "Point",
        "coordinates": [
          23.3223889,
          42.6861389
        ]
      },
      "properties": {
        "mineral_id": "mw_1cac7af41e36d6f7",
        "name": "Сондаж № 2ХГ",
        "facility_type": "Минерален мониторингов сондаж",
        "settlement": "София"
      }
    },
    {
      "type": "Feature",
      "geometry": {
        "type": "Point",
        "coordinates": [
          23.3220833,
          42.6861389
        ]
      },
      "properties": {
        "mineral_id": "mw_4fd91fa2acad7d25",
        "name": "Сондаж № 7ХГ",
        "facility_type": "Минерален мониторингов сондаж",
        "settlement": "София"
      }
    },
    {
      "type": "Feature",
      "geometry": {
        "type": "Point",
        "coordinates": [
          23.3254861,
          42.684375
        ]
      },
      "properties": {
        "mineral_id": "mw_bf2595924a1666ff",
        "name": "Сондаж № 34ХГ",
        "facility_type": "Минерален водовземен сондаж",
        "settlement": "София"
      }
    },
    {
      "type": "Feature",
      "geometry": {
        "type": "Point",
        "coordinates": [
          23.3269556,
          42.6849083
        ]
      },
      "properties": {
        "mineral_id": "mw_9827912edd965a71",
        "name": "Сондаж № 35ХГ",
        "facility_type": "Минерален водовземен сондаж",
        "settlement": "София"
      }
    },
    {
      "type": "Feature",
      "geometry": {
        "type": "Point",
        "coordinates": [
          23.3270833,
          42.7434722
        ]
      },
      "properties": {
        "mineral_id": "mw_9eae5c7f9ce91491",
        "name": "Сондаж № 2ХГ",
        "facility_type": "Минерален водовземен сондаж",
        "settlement": "София"
      }
    },
    {
      "type": "Feature",
      "geometry": {
        "type": "Point",
        "coordinates": [
          23.3121944,
          42.7376667
        ]
      },
      "properties": {
        "mineral_id": "mw_3349646a0c3caafe",
        "name": "Сондаж № 4ХГ",
        "facility_type": "Минерален водовземен сондаж",
        "settlement": "София"
      }
    },
    {
      "type": "Feature",
      "geometry": {
        "type": "Point",
        "coordinates": [
          23.3084722,
          42.7286111
        ]
      },
      "properties": {
        "mineral_id": "mw_621b83297d6d4bd2",
        "name": "Сондаж № 6ХГ",
        "facility_type": "Минерален водовземен сондаж",
        "settlement": "София"
      }
    },
    {
      "type": "Feature",
      "geometry": {
        "type": "Point",
        "coordinates": [
          23.3080556,
          42.7295556
        ]
      },
      "properties": {
        "mineral_id": "mw_680744f964d23aee",
        "name": "Сондаж № 7ХГ",
        "facility_type": "Минерален водовземен сондаж",
        "settlement": "София"
      }
    },
    {
      "type": "Feature",
      "geometry": {
        "type": "Point",
        "coordinates": [
          23.2697778,
          42.6781389
        ]
      },
      "properties": {
        "mineral_id": "mw_484eabfd7de9f10d",
        "name": "Сондаж № 1ХГ",
        "facility_type": "Минерален водовземен сондаж",
        "settlement": "София"
      }
    },
    {
      "type": "Feature",
      "geometry": {
        "type": "Point",
        "coordinates": [
          23.2699722,
          42.6827222
        ]
      },
      "properties": {
        "mineral_id": "mw_869880d9d914b042",
        "name": "Сондаж № 5ХГ",
        "facility_type": "Минерален водовземен сондаж",
        "settlement": "София"
      }
    },
    {
      "type": "Feature",
      "geometry": {
        "type": "Point",
        "coordinates": [
          23.2678333,
          42.6776944
        ]
      },
      "properties": {
        "mineral_id": "mw_ca5d3379018179e9",
        "name": "Сондаж № 1 ВКП",
        "facility_type": "Минерален водовземен сондаж",
        "settlement": "София"
      }
    },
    {
      "type": "Feature",
      "geometry": {
        "type": "Point",
        "coordinates": [
          23.2677778,
          42.6783056
        ]
      },
      "properties": {
        "mineral_id": "mw_37796c3f905660c3",
        "name": "КИ",
        "facility_type": "Друго минерално съоръжение",
        "settlement": "София"
      }
    },
    {
      "type": "Feature",
      "geometry": {
        "type": "Point",
        "coordinates": [
          23.4033056,
          42.6021111
        ]
      },
      "properties": {
        "mineral_id": "mw_5ecf762f4072471d",
        "name": "КИ \"Тунела\"",
        "facility_type": "Минерален водовземен сондаж",
        "settlement": "Панчарево"
      }
    },
    {
      "type": "Feature",
      "geometry": {
        "type": "Point",
        "coordinates": [
          23.4043056,
          42.6018333
        ]
      },
      "properties": {
        "mineral_id": "mw_f783faaf7bc9bfb2",
        "name": "КИ \"Гъбата\"",
        "facility_type": "Минерален водовземен сондаж",
        "settlement": "Панчарево"
      }
    },
    {
      "type": "Feature",
      "geometry": {
        "type": "Point",
        "coordinates": [
          23.3121111,
          42.7371111
        ]
      },
      "properties": {
        "mineral_id": "mw_f8317494b3364201",
        "name": "Сондаж № 4ХГ",
        "facility_type": "Минерален водовземен сондаж",
        "settlement": "София"
      }
    },
    {
      "type": "Feature",
      "geometry": {
        "type": "Point",
        "coordinates": [
          23.3121944,
          42.7379444
        ]
      },
      "properties": {
        "mineral_id": "mw_19dbf0728c9213ab",
        "name": "Сондаж № 5ХГ",
        "facility_type": "Минерален водовземен сондаж",
        "settlement": "София"
      }
    },
    {
      "type": "Feature",
      "geometry": {
        "type": "Point",
        "coordinates": [
          23.3228556,
          42.6993167
        ]
      },
      "properties": {
        "mineral_id": "mw_9f56d17ea753a462",
        "name": "КИ",
        "facility_type": "Минерален водовземен сондаж",
        "settlement": "София"
      }
    },
    {
      "type": "Feature",
      "geometry": {
        "type": "Point",
        "coordinates": [
          23.3250389,
          42.6979833
        ]
      },
      "properties": {
        "mineral_id": "mw_065e127e0efd3fef",
        "name": "Сондаж № 3ХГ",
        "facility_type": "Минерален мониторингов сондаж",
        "settlement": "София"
      }
    },
    {
      "type": "Feature",
      "geometry": {
        "type": "Point",
        "coordinates": [
          24.5500611,
          42.8265167
        ]
      },
      "properties": {
        "mineral_id": "mw_db92d9f4299bebac",
        "name": "Сондаж № Р 1-хг",
        "facility_type": "Минерален водовземен сондаж",
        "settlement": "Чифлик"
      }
    },
    {
      "type": "Feature",
      "geometry": {
        "type": "Point",
        "coordinates": [
          24.5500611,
          42.8265167
        ]
      },
      "properties": {
        "mineral_id": "mw_b45ea02946b6087f",
        "name": "Сондаж № Р 1-хг",
        "facility_type": "Минерален водовземен сондаж",
        "settlement": "Чифлик"
      }
    },
    {
      "type": "Feature",
      "geometry": {
        "type": "Point",
        "coordinates": [
          24.5500611,
          42.8265167
        ]
      },
      "properties": {
        "mineral_id": "mw_babfd7f8b89a9b42",
        "name": "Сондаж № Р 1-хг",
        "facility_type": "Минерален водовземен сондаж",
        "settlement": "Чифлик"
      }
    },
    {
      "type": "Feature",
      "geometry": {
        "type": "Point",
        "coordinates": [
          24.5500611,
          42.8265167
        ]
      },
      "properties": {
        "mineral_id": "mw_d093d27d2efdbe1a",
        "name": "Сондаж № Р 1-хг",
        "facility_type": "Минерален водовземен сондаж",
        "settlement": "Чифлик"
      }
    },
    {
      "type": "Feature",
      "geometry": {
        "type": "Point",
        "coordinates": [
          24.5380278,
          42.8790833
        ]
      },
      "properties": {
        "mineral_id": "mw_b8c2aac41faafcfa",
        "name": "Сондаж № Л - 1",
        "facility_type": "Минерален водовземен сондаж",
        "settlement": "Шипково"
      }
    },
    {
      "type": "Feature",
      "geometry": {
        "type": "Point",
        "coordinates": [
          24.5380278,
          42.8790833
        ]
      },
      "properties": {
        "mineral_id": "mw_ba0eb662318fc09a",
        "name": "Сондаж № Л - 2",
        "facility_type": "Минерален мониторингов сондаж",
        "settlement": "Шипково"
      }
    },
    {
      "type": "Feature",
      "geometry": {
        "type": "Point",
        "coordinates": [
          24.5354167,
          42.8791111
        ]
      },
      "properties": {
        "mineral_id": "mw_6607517fb6ae7dfc",
        "name": "Сондаж № Л - 28",
        "facility_type": "Минерален водовземен сондаж",
        "settlement": "Шипково"
      }
    },
    {
      "type": "Feature",
      "geometry": {
        "type": "Point",
        "coordinates": [
          24.5494444,
          42.8775
        ]
      },
      "properties": {
        "mineral_id": "mw_88153eabb8ffc270",
        "name": "Сондаж № Л - 36",
        "facility_type": "Минерален водовземен сондаж",
        "settlement": "Шипково"
      }
    },
    {
      "type": "Feature",
      "geometry": {
        "type": "Point",
        "coordinates": [
          24.5354167,
          42.8791111
        ]
      },
      "properties": {
        "mineral_id": "mw_47a4714513025166",
        "name": "Сондаж № Л - 37",
        "facility_type": "Минерален водовземен сондаж",
        "settlement": "Шипково"
      }
    },
    {
      "type": "Feature",
      "geometry": {
        "type": "Point",
        "coordinates": [
          24.5354167,
          42.8791111
        ]
      },
      "properties": {
        "mineral_id": "mw_31db66d41b69c32d",
        "name": "Сондаж № Л - 37",
        "facility_type": "Минерален водовземен сондаж",
        "settlement": "Шипково"
      }
    },
    {
      "type": "Feature",
      "geometry": {
        "type": "Point",
        "coordinates": [
          24.5354167,
          42.8791111
        ]
      },
      "properties": {
        "mineral_id": "mw_f77d0a38bbe80d40",
        "name": "Сондаж № Л - 37",
        "facility_type": "Минерален водовземен сондаж",
        "settlement": "Шипково"
      }
    },
    {
      "type": "Feature",
      "geometry": {
        "type": "Point",
        "coordinates": [
          24.5354167,
          42.8791111
        ]
      },
      "properties": {
        "mineral_id": "mw_082ae5454659adc3",
        "name": "Сондаж № Л - 37",
        "facility_type": "Минерален водовземен сондаж",
        "settlement": "Шипково"
      }
    },
    {
      "type": "Feature",
      "geometry": {
        "type": "Point",
        "coordinates": [
          24.5357778,
          42.8799167
        ]
      },
      "properties": {
        "mineral_id": "mw_ed31070775312313",
        "name": "Сондаж № ВКП 1",
        "facility_type": "Минерален мониторингов сондаж",
        "settlement": "Шипково"
      }
    },
    {
      "type": "Feature",
      "geometry": {
        "type": "Point",
        "coordinates": [
          24.535,
          42.8801111
        ]
      },
      "properties": {
        "mineral_id": "mw_e5f7185cd28e4ccc",
        "name": "КИ Шипково",
        "facility_type": "Минерален водовземен сондаж",
        "settlement": "Шипково"
      }
    },
    {
      "type": "Feature",
      "geometry": {
        "type": "Point",
        "coordinates": [
          23.29075,
          42.8270833
        ]
      },
      "properties": {
        "mineral_id": "mw_3374e2537fec27c8",
        "name": "Сондаж № 2ХГ",
        "facility_type": "Минерален водовземен сондаж",
        "settlement": "Доброславци"
      }
    },
    {
      "type": "Feature",
      "geometry": {
        "type": "Point",
        "coordinates": [
          23.2855568,
          42.8230126
        ]
      },
      "properties": {
        "mineral_id": "mw_2b5f099dfd383312",
        "name": "Сондаж № 4ХГ",
        "facility_type": "Минерален водовземен сондаж",
        "settlement": "Доброславци"
      }
    },
    {
      "type": "Feature",
      "geometry": {
        "type": "Point",
        "coordinates": [
          23.282627,
          42.8238519
        ]
      },
      "properties": {
        "mineral_id": "mw_6db6fcdbb7f81ce8",
        "name": "Сондаж № 603",
        "facility_type": "Минерален водовземен сондаж",
        "settlement": "Доброславци"
      }
    },
    {
      "type": "Feature",
      "geometry": {
        "type": "Point",
        "coordinates": [
          23.3162667,
          42.7757063
        ]
      },
      "properties": {
        "mineral_id": "mw_50c7e99c0e229cf5",
        "name": "Сондаж № 1ХГ",
        "facility_type": "Минерален мониторингов сондаж",
        "settlement": "Требич"
      }
    },
    {
      "type": "Feature",
      "geometry": {
        "type": "Point",
        "coordinates": [
          23.3165153,
          42.7750989
        ]
      },
      "properties": {
        "mineral_id": "mw_102ef71d5f7b6edf",
        "name": "Сондаж № 512хг",
        "facility_type": "Минерален водовземен сондаж",
        "settlement": "Требич"
      }
    },
    {
      "type": "Feature",
      "geometry": {
        "type": "Point",
        "coordinates": [
          23.3284823,
          42.7431405
        ]
      },
      "properties": {
        "mineral_id": "mw_f85e91fa9cc642b0",
        "name": "Сондаж № 2ХГ",
        "facility_type": "Минерален водовземен сондаж",
        "settlement": "Илиянци"
      }
    },
    {
      "type": "Feature",
      "geometry": {
        "type": "Point",
        "coordinates": [
          23.3271,
          42.7434833
        ]
      },
      "properties": {
        "mineral_id": "mw_3c7990569f13de9b",
        "name": "Сондаж № 3ХГ",
        "facility_type": "Минерален водовземен сондаж",
        "settlement": "Илиянци"
      }
    },
    {
      "type": "Feature",
      "geometry": {
        "type": "Point",
        "coordinates": [
          23.2063028,
          42.824075
        ]
      },
      "properties": {
        "mineral_id": "mw_b2885f2cd0e0ee14",
        "name": "Сондаж № ТК-1",
        "facility_type": "Минерален водовземен сондаж",
        "settlement": "Костинброд"
      }
    },
    {
      "type": "Feature",
      "geometry": {
        "type": "Point",
        "coordinates": [
          23.2044167,
          42.8247111
        ]
      },
      "properties": {
        "mineral_id": "mw_9179264a4050ae0a",
        "name": "Сондаж № ТК-2",
        "facility_type": "Минерален водовземен сондаж",
        "settlement": "Костинброд"
      }
    },
    {
      "type": "Feature",
      "geometry": {
        "type": "Point",
        "coordinates": [
          23.2066383,
          42.8304806
        ]
      },
      "properties": {
        "mineral_id": "mw_df18a00dd954aef4",
        "name": "Сондаж № 738 Костинброд, Шияковци",
        "facility_type": "Минерален водовземен сондаж",
        "settlement": "Костинброд"
      }
    },
    {
      "type": "Feature",
      "geometry": {
        "type": "Point",
        "coordinates": [
          23.2041167,
          42.8306889
        ]
      },
      "properties": {
        "mineral_id": "mw_08761f3ac55485df",
        "name": "Сондаж № ТК 2 - ПС Шияковци",
        "facility_type": "Минерален мониторингов сондаж",
        "settlement": "Костинброд"
      }
    },
    {
      "type": "Feature",
      "geometry": {
        "type": "Point",
        "coordinates": [
          23.1818056,
          42.8397778
        ]
      },
      "properties": {
        "mineral_id": "mw_cff7af03b3603767",
        "name": "Сондаж № ТК - ПС Маслово",
        "facility_type": "Минерален водовземен сондаж",
        "settlement": "Маслово"
      }
    },
    {
      "type": "Feature",
      "geometry": {
        "type": "Point",
        "coordinates": [
          23.1565,
          42.847
        ]
      },
      "properties": {
        "mineral_id": "mw_eb4a8a0ef127db25",
        "name": "Сондаж № ТК 1 - ПС Хаджия",
        "facility_type": "Минерален водовземен сондаж",
        "settlement": "Петърч"
      }
    },
    {
      "type": "Feature",
      "geometry": {
        "type": "Point",
        "coordinates": [
          23.1719333,
          42.79775
        ]
      },
      "properties": {
        "mineral_id": "mw_ad3bcc9216f46ff6",
        "name": "Сондаж № ТК 3",
        "facility_type": "Минерален водовземен сондаж",
        "settlement": "Костинброд"
      }
    },
    {
      "type": "Feature",
      "geometry": {
        "type": "Point",
        "coordinates": [
          23.2787333,
          42.7823556
        ]
      },
      "properties": {
        "mineral_id": "mw_d454e5aa33f8f4b2",
        "name": "Сондаж",
        "facility_type": "Минерален водовземен сондаж",
        "settlement": "Мрамор"
      }
    },
    {
      "type": "Feature",
      "geometry": {
        "type": "Point",
        "coordinates": [
          23.3412302,
          42.8037508
        ]
      },
      "properties": {
        "mineral_id": "mw_99e15fdc0fd8fbd2",
        "name": "Сондаж № С-451  (3хг)",
        "facility_type": "Минерален водовземен сондаж",
        "settlement": "Кумарица"
      }
    },
    {
      "type": "Feature",
      "geometry": {
        "type": "Point",
        "coordinates": [
          23.3421111,
          42.8016667
        ]
      },
      "properties": {
        "mineral_id": "mw_b99d829bd34d4ec1",
        "name": "Сондаж № 2хг",
        "facility_type": "Минерален водовземен сондаж",
        "settlement": "Кумарица"
      }
    },
    {
      "type": "Feature",
      "geometry": {
        "type": "Point",
        "coordinates": [
          23.3518889,
          42.8356944
        ]
      },
      "properties": {
        "mineral_id": "mw_d954d04008c2ed14",
        "name": "Сондаж № 20",
        "facility_type": "Минерален водовземен сондаж",
        "settlement": "Курило"
      }
    },
    {
      "type": "Feature",
      "geometry": {
        "type": "Point",
        "coordinates": [
          23.3822175,
          42.7998278
        ]
      },
      "properties": {
        "mineral_id": "mw_7c2751fa298c91aa",
        "name": "Сондаж № 588хг",
        "facility_type": "Минерален водовземен сондаж",
        "settlement": "Гниляне"
      }
    },
    {
      "type": "Feature",
      "geometry": {
        "type": "Point",
        "coordinates": [
          23.3753042,
          42.7933613
        ]
      },
      "properties": {
        "mineral_id": "mw_8b1be27b26c03bf3",
        "name": "Сондаж № 320хг",
        "facility_type": "Минерален водовземен сондаж",
        "settlement": "Световрачане"
      }
    },
    {
      "type": "Feature",
      "geometry": {
        "type": "Point",
        "coordinates": [
          23.4233889,
          42.7558833
        ]
      },
      "properties": {
        "mineral_id": "mw_90fd2569d54f8b0d",
        "name": "Сондаж № 596хг",
        "facility_type": "Минерален водовземен сондаж",
        "settlement": "Чепинци"
      }
    },
    {
      "type": "Feature",
      "geometry": {
        "type": "Point",
        "coordinates": [
          23.4233761,
          42.7558593
        ]
      },
      "properties": {
        "mineral_id": "mw_64df00174b83fcfe",
        "name": "Сондаж № 608хг",
        "facility_type": "Минерален водовземен сондаж",
        "settlement": "Чепинци"
      }
    },
    {
      "type": "Feature",
      "geometry": {
        "type": "Point",
        "coordinates": [
          23.4329167,
          42.7643056
        ]
      },
      "properties": {
        "mineral_id": "mw_ebffceaf28477d0b",
        "name": "Сондаж",
        "facility_type": "Минерален водовземен сондаж",
        "settlement": "Чепинци"
      }
    },
    {
      "type": "Feature",
      "geometry": {
        "type": "Point",
        "coordinates": [
          23.4533889,
          42.7468056
        ]
      },
      "properties": {
        "mineral_id": "mw_e30cb0e11f1ad9a2",
        "name": "Сондаж № 61хг",
        "facility_type": "Минерален мониторингов сондаж",
        "settlement": "Чепинци"
      }
    },
    {
      "type": "Feature",
      "geometry": {
        "type": "Point",
        "coordinates": [
          23.3614833,
          42.7265139
        ]
      },
      "properties": {
        "mineral_id": "mw_a44cd41b36d87237",
        "name": "Сондаж № 1хг",
        "facility_type": "Минерален водовземен сондаж",
        "settlement": "Бенковски"
      }
    },
    {
      "type": "Feature",
      "geometry": {
        "type": "Point",
        "coordinates": [
          23.4901465,
          42.6876193
        ]
      },
      "properties": {
        "mineral_id": "mw_75cb9e369b077034",
        "name": "Сондаж № 54хг",
        "facility_type": "Минерален водовземен сондаж",
        "settlement": "Кривина"
      }
    },
    {
      "type": "Feature",
      "geometry": {
        "type": "Point",
        "coordinates": [
          23.5210075,
          42.7046917
        ]
      },
      "properties": {
        "mineral_id": "mw_65b251d1b9cc124d",
        "name": "Сондаж № 12хг",
        "facility_type": "Минерален водовземен сондаж",
        "settlement": "Горни Богров"
      }
    },
    {
      "type": "Feature",
      "geometry": {
        "type": "Point",
        "coordinates": [
          23.3634958,
          42.6684428
        ]
      },
      "properties": {
        "mineral_id": "mw_f4e07a4da4ccde7f",
        "name": "Сондаж № 14хг, 4-ти километър",
        "facility_type": "Минерален водовземен сондаж",
        "settlement": "София"
      }
    },
    {
      "type": "Feature",
      "geometry": {
        "type": "Point",
        "coordinates": [
          23.4727525,
          42.6793061
        ]
      },
      "properties": {
        "mineral_id": "mw_4ffa3f9df66820e1",
        "name": "Сондаж № 58хг",
        "facility_type": "Минерален водовземен сондаж",
        "settlement": "Кривина"
      }
    },
    {
      "type": "Feature",
      "geometry": {
        "type": "Point",
        "coordinates": [
          23.1937964,
          42.8363736
        ]
      },
      "properties": {
        "mineral_id": "mw_5150255813f3cf99",
        "name": "Сондаж № С 49 Костинброд, Маслово",
        "facility_type": "Минерален водовземен сондаж",
        "settlement": "Маслово"
      }
    },
    {
      "type": "Feature",
      "geometry": {
        "type": "Point",
        "coordinates": [
          23.1769467,
          42.7989742
        ]
      },
      "properties": {
        "mineral_id": "mw_a88681d9041423a7",
        "name": "Сондаж ТК - Никас, Костинброд",
        "facility_type": "Минерален водовземен сондаж",
        "settlement": "Костинброд"
      }
    },
    {
      "type": "Feature",
      "geometry": {
        "type": "Point",
        "coordinates": [
          23.3634958,
          42.6824556
        ]
      },
      "properties": {
        "mineral_id": "mw_a022d282eb6a17ca",
        "name": "Сондаж № 36хг (плаж \"Република\")",
        "facility_type": "Минерален водовземен сондаж",
        "settlement": "София"
      }
    },
    {
      "type": "Feature",
      "geometry": {
        "type": "Point",
        "coordinates": [
          23.3411764,
          42.7007202
        ]
      },
      "properties": {
        "mineral_id": "mw_5a39837b90786d46",
        "name": "Сондаж № С -1 Исул",
        "facility_type": "Минерален мониторингов сондаж",
        "settlement": "София"
      }
    },
    {
      "type": "Feature",
      "geometry": {
        "type": "Point",
        "coordinates": [
          28.0027364,
          43.2243108
        ]
      },
      "properties": {
        "mineral_id": "mw_451d1f31f6e0d805",
        "name": "Р-134х ,,Св. Св. Константин и Елена\"           ПИ 10135.2569.164",
        "facility_type": "Минерален водовземен сондаж",
        "settlement": "Варна"
      }
    },
    {
      "type": "Feature",
      "geometry": {
        "type": "Point",
        "coordinates": [
          28.0093186,
          43.2332353
        ]
      },
      "properties": {
        "mineral_id": "mw_df16b7d20140b573",
        "name": "Р-6х ,,Св. Св. Константин и Елена\"                      ПИ 10135.2569.4",
        "facility_type": "Минерален водовземен сондаж",
        "settlement": "Варна"
      }
    },
    {
      "type": "Feature",
      "geometry": {
        "type": "Point",
        "coordinates": [
          27.9390383,
          43.2260406
        ]
      },
      "properties": {
        "mineral_id": "mw_b865edf51943795d",
        "name": "Р-119х Варна         ПИ 10135.2555.2644",
        "facility_type": "Минерален водовземен сондаж",
        "settlement": "Варна"
      }
    },
    {
      "type": "Feature",
      "geometry": {
        "type": "Point",
        "coordinates": [
          28.0398306,
          43.2722572
        ]
      },
      "properties": {
        "mineral_id": "mw_14279205c2f78f85",
        "name": "Р-11х                   ,,Зл. пясъци\"   ПИ 10135.2574.1",
        "facility_type": "Минерален водовземен сондаж",
        "settlement": "Варна"
      }
    },
    {
      "type": "Feature",
      "geometry": {
        "type": "Point",
        "coordinates": [
          27.9198944,
          43.1971658
        ]
      },
      "properties": {
        "mineral_id": "mw_a7c06779a137ae93",
        "name": "Р-161х           Варна               ПИ  10135.1510.10",
        "facility_type": "Минерален водовземен сондаж",
        "settlement": "Варна"
      }
    },
    {
      "type": "Feature",
      "geometry": {
        "type": "Point",
        "coordinates": [
          28.0517181,
          43.3033964
        ]
      },
      "properties": {
        "mineral_id": "mw_70f04602f735436f",
        "name": "Р-70х ( МП-36)                    Златни пясъци  ПИ 10135.513.9, с НТП - за хидротехн съоръж",
        "facility_type": "Минерален мониторингов сондаж",
        "settlement": "к.к. Златни пясъци"
      }
    },
    {
      "type": "Feature",
      "geometry": {
        "type": "Point",
        "coordinates": [
          28.014145,
          43.2294944
        ]
      },
      "properties": {
        "mineral_id": "mw_b9b548663c34d3b1",
        "name": "Р-2х                        ,,Св. Св. Константин и Елена\"    ПИ 10135.2569.100",
        "facility_type": "Минерален водовземен сондаж",
        "settlement": "к.к. \"Св. Св. Константин и Елена\""
      }
    },
    {
      "type": "Feature",
      "geometry": {
        "type": "Point",
        "coordinates": [
          27.8967822,
          43.1908847
        ]
      },
      "properties": {
        "mineral_id": "mw_d903d4ce0e4a144b",
        "name": "Р-39х                        Варна (КРЗ)    ПИ 10135.5501.445",
        "facility_type": "Минерален водовземен сондаж",
        "settlement": "Варна"
      }
    },
    {
      "type": "Feature",
      "geometry": {
        "type": "Point",
        "coordinates": [
          27.8975353,
          43.1997322
        ]
      },
      "properties": {
        "mineral_id": "mw_2a55cad43950bc58",
        "name": "Р-107х                    Варна   /КЗ \"Георги Димитров\"/     ПИ 10135.5501.278",
        "facility_type": "Минерален водовземен сондаж",
        "settlement": "Варна"
      }
    },
    {
      "type": "Feature",
      "geometry": {
        "type": "Point",
        "coordinates": [
          27.76075,
          43.1847222
        ]
      },
      "properties": {
        "mineral_id": "mw_7f74fcf360a03ebf",
        "name": "Р-82х                 Варна  (Флотски арсенал)     ПИ 38354.307.10",
        "facility_type": "Минерален водовземен сондаж",
        "settlement": "с.Константиново"
      }
    },
    {
      "type": "Feature",
      "geometry": {
        "type": "Point",
        "coordinates": [
          28.04425,
          43.2844736
        ]
      },
      "properties": {
        "mineral_id": "mw_0977c2f4a9c8d413",
        "name": "Р-3х ,,Зл. пясъци\"             (Интернационал)   ПИ 10135.513.253",
        "facility_type": "Минерален водовземен сондаж",
        "settlement": "Варна"
      }
    },
    {
      "type": "Feature",
      "geometry": {
        "type": "Point",
        "coordinates": [
          28.0184661,
          43.2428483
        ]
      },
      "properties": {
        "mineral_id": "mw_bae83231dbf6676a",
        "name": "Р-9х                 ,,Св. Св. Константин и Елена\" (Сл. Ден)    ПИ 10135.2570.96",
        "facility_type": "Минерален водовземен сондаж",
        "settlement": "Варна"
      }
    },
    {
      "type": "Feature",
      "geometry": {
        "type": "Point",
        "coordinates": [
          28.0153172,
          43.2348592
        ]
      },
      "properties": {
        "mineral_id": "mw_81fd4cd9efc6e4c5",
        "name": "Р-83х                     ,,Св. Св. Константин и Елена\" (МО)    ПИ 10135.2570.107",
        "facility_type": "Минерален водовземен сондаж",
        "settlement": "Варна"
      }
    },
    {
      "type": "Feature",
      "geometry": {
        "type": "Point",
        "coordinates": [
          27.8874372,
          43.2264789
        ]
      },
      "properties": {
        "mineral_id": "mw_e3b059b554233fae",
        "name": "Р-106х  Варна                      (Дом Младост)     ПИ 10135.3515.5020",
        "facility_type": "Минерален водовземен сондаж",
        "settlement": "Варна"
      }
    },
    {
      "type": "Feature",
      "geometry": {
        "type": "Point",
        "coordinates": [
          27.8845511,
          43.1840806
        ]
      },
      "properties": {
        "mineral_id": "mw_0e1995a05e506ff8",
        "name": "Р-1                     Аспарухово, Варна          ПИ 10135.5502.31",
        "facility_type": "Минерален водовземен сондаж",
        "settlement": "Варна"
      }
    },
    {
      "type": "Feature",
      "geometry": {
        "type": "Point",
        "coordinates": [
          28.0324117,
          43.2600025
        ]
      },
      "properties": {
        "mineral_id": "mw_7f92dca9346c6bf7",
        "name": "Р-68х  ,,Зл. пясъци\"                    (Журналист)   ПИ 10135.2572.150",
        "facility_type": "Минерален водовземен сондаж",
        "settlement": "Варна"
      }
    },
    {
      "type": "Feature",
      "geometry": {
        "type": "Point",
        "coordinates": [
          27.9365486,
          43.2081064
        ]
      },
      "properties": {
        "mineral_id": "mw_04077b67d1a484e5",
        "name": "Р-37х ,,Варна\"        /Офицерски плаж/     ПИ 10135.2561.16",
        "facility_type": "Минерален водовземен сондаж",
        "settlement": "Варна"
      }
    },
    {
      "type": "Feature",
      "geometry": {
        "type": "Point",
        "coordinates": [
          27.9230581,
          43.2011489
        ]
      },
      "properties": {
        "mineral_id": "mw_4b63b5ae67608270",
        "name": "Р-1х  Варна                    (Аквариума)    ПИ 10135.1509.13",
        "facility_type": "Минерален водовземен сондаж",
        "settlement": "Варна"
      }
    },
    {
      "type": "Feature",
      "geometry": {
        "type": "Point",
        "coordinates": [
          27.8842689,
          43.1844072
        ]
      },
      "properties": {
        "mineral_id": "mw_e9a1bcb1db57f34d",
        "name": "С-5              ,,Аспарухово\"  ПИ   10135.5502.588",
        "facility_type": "Минерален водовземен сондаж",
        "settlement": "Варна"
      }
    },
    {
      "type": "Feature",
      "geometry": {
        "type": "Point",
        "coordinates": [
          27.8401097,
          43.2088939
        ]
      },
      "properties": {
        "mineral_id": "mw_ffa2633c725ae1ed",
        "name": "С-6х           Тополи          ПИ 72709.516.1031",
        "facility_type": "Минерален водовземен сондаж",
        "settlement": "с.Тополи"
      }
    },
    {
      "type": "Feature",
      "geometry": {
        "type": "Point",
        "coordinates": [
          27.8863056,
          43.2095278
        ]
      },
      "properties": {
        "mineral_id": "mw_e5f072a35d619f92",
        "name": "С-7          Максуда -Варна",
        "facility_type": "Закрито минерално съоръжение",
        "settlement": "Варна"
      }
    },
    {
      "type": "Feature",
      "geometry": {
        "type": "Point",
        "coordinates": [
          27.89325,
          43.19575
        ]
      },
      "properties": {
        "mineral_id": "mw_cc81350389325d61",
        "name": "С-11                         ТЕЦ \"Я.Костов\" -Варна",
        "facility_type": "Закрито минерално съоръжение",
        "settlement": "Варна"
      }
    },
    {
      "type": "Feature",
      "geometry": {
        "type": "Point",
        "coordinates": [
          27.8664722,
          43.1928333
        ]
      },
      "properties": {
        "mineral_id": "mw_5b684e9e7b4ce75e",
        "name": "С-1                               Гребна база -Варна",
        "facility_type": "Закрито минерално съоръжение",
        "settlement": "Варна"
      }
    },
    {
      "type": "Feature",
      "geometry": {
        "type": "Point",
        "coordinates": [
          27.92325,
          43.20125
        ]
      },
      "properties": {
        "mineral_id": "mw_caedf9bbd132e2a7",
        "name": "С-13        Аквариума -Варна",
        "facility_type": "Закрито минерално съоръжение",
        "settlement": "Варна"
      }
    },
    {
      "type": "Feature",
      "geometry": {
        "type": "Point",
        "coordinates": [
          28.0433333,
          43.2801667
        ]
      },
      "properties": {
        "mineral_id": "mw_e387d9c8310f9370",
        "name": "С-3х                    \"Кривата липа\"",
        "facility_type": "Закрито минерално съоръжение",
        "settlement": "Варна"
      }
    },
    {
      "type": "Feature",
      "geometry": {
        "type": "Point",
        "coordinates": [
          27.7648381,
          43.2339633
        ]
      },
      "properties": {
        "mineral_id": "mw_1c488c3db785d578",
        "name": "Р-135х                 ,,Игнатиево\"      ПИ 32278.38.162",
        "facility_type": "Минерален водовземен сондаж",
        "settlement": "гр. .Игнатиево"
      }
    },
    {
      "type": "Feature",
      "geometry": {
        "type": "Point",
        "coordinates": [
          28.0264467,
          43.2465636
        ]
      },
      "properties": {
        "mineral_id": "mw_97177ff5b77eb2fa",
        "name": "Р-66х                   ,,Св. Св. Константин и Елена\"    ПИ 10135.2570.11",
        "facility_type": "Закрито минерално съоръжение",
        "settlement": "Варна"
      }
    },
    {
      "type": "Feature",
      "geometry": {
        "type": "Point",
        "coordinates": [
          27.4606786,
          43.1463322
        ]
      },
      "properties": {
        "mineral_id": "mw_19f8ef13fd1b6f9c",
        "name": "С-43                       \"Ерека\"              ПИ 58503.171.339",
        "facility_type": "Минерален водовземен сондаж",
        "settlement": "Провадия"
      }
    },
    {
      "type": "Feature",
      "geometry": {
        "type": "Point",
        "coordinates": [
          28.0497778,
          43.3017222
        ]
      },
      "properties": {
        "mineral_id": "mw_d65a7d2231e4b2e8",
        "name": "С-2х                    Златна рибка",
        "facility_type": "Закрито минерално съоръжение",
        "settlement": "Варна"
      }
    },
    {
      "type": "Feature",
      "geometry": {
        "type": "Point",
        "coordinates": [
          28.0492292,
          43.30082
        ]
      },
      "properties": {
        "mineral_id": "mw_7a84c432b3387a1b",
        "name": "С-2Бх  ,,Зл.пясъци\"                           (х-л Берлин)  ПИ 10135.513.573",
        "facility_type": "Минерален водовземен сондаж",
        "settlement": "Варна"
      }
    },
    {
      "type": "Feature",
      "geometry": {
        "type": "Point",
        "coordinates": [
          27.5601644,
          43.0890108
        ]
      },
      "properties": {
        "mineral_id": "mw_81c79a5d12c731c0",
        "name": "Р-6                          Царевци,         ПИ 70220.47.34",
        "facility_type": "Минерален водовземен сондаж",
        "settlement": "с.Царевци"
      }
    },
    {
      "type": "Feature",
      "geometry": {
        "type": "Point",
        "coordinates": [
          27.8941575,
          43.2042831
        ]
      },
      "properties": {
        "mineral_id": "mw_f7fbed0baff67918",
        "name": "Р-7х ,,Варна\"                          /сп. Варна/    ПИ  10135.1.708",
        "facility_type": "Закрито минерално съоръжение",
        "settlement": "Варна"
      }
    },
    {
      "type": "Feature",
      "geometry": {
        "type": "Point",
        "coordinates": [
          27.9068831,
          43.2004544
        ]
      },
      "properties": {
        "mineral_id": "mw_8e0de52a490e3803",
        "name": "Р-96х ,,Варна\"                           /Ж.п. Гара/   ПИ 10135.1506.845",
        "facility_type": "Минерален водовземен сондаж",
        "settlement": "Варна"
      }
    },
    {
      "type": "Feature",
      "geometry": {
        "type": "Point",
        "coordinates": [
          27.6855833,
          42.9749722
        ]
      },
      "properties": {
        "mineral_id": "mw_5cbde0d245c34894",
        "name": "С-16             Д.Чифлик",
        "facility_type": "Закрито минерално съоръжение",
        "settlement": "Долни чифлик"
      }
    },
    {
      "type": "Feature",
      "geometry": {
        "type": "Point",
        "coordinates": [
          27.8629708,
          42.9865389
        ]
      },
      "properties": {
        "mineral_id": "mw_41eca32cfe3c80b9",
        "name": "Р-68               \"Н.Оряхово\"     ПИ 52115.28.104",
        "facility_type": "Закрито минерално съоръжение",
        "settlement": "с.Ново Оряхово"
      }
    },
    {
      "type": "Feature",
      "geometry": {
        "type": "Point",
        "coordinates": [
          27.8446111,
          42.98825
        ]
      },
      "properties": {
        "mineral_id": "mw_0e88ca738a8c8667",
        "name": "Е-9                               Н. Оряхово",
        "facility_type": "Минерален водовземен сондаж",
        "settlement": "с.Ново Оряхово"
      }
    },
    {
      "type": "Feature",
      "geometry": {
        "type": "Point",
        "coordinates": [
          27.8504722,
          42.9881944
        ]
      },
      "properties": {
        "mineral_id": "mw_d68a1a0bce8ff37a",
        "name": "Е-8                               Н. Оряхово",
        "facility_type": "Минерален водовземен сондаж",
        "settlement": "с.Ново Оряхово"
      }
    },
    {
      "type": "Feature",
      "geometry": {
        "type": "Point",
        "coordinates": [
          27.8448056,
          42.9862778
        ]
      },
      "properties": {
        "mineral_id": "mw_c7c767bab03bf6e6",
        "name": "Е-6                               Н. Оряхово",
        "facility_type": "Минерален водовземен сондаж",
        "settlement": "с.Ново Оряхово"
      }
    },
    {
      "type": "Feature",
      "geometry": {
        "type": "Point",
        "coordinates": [
          27.8392222,
          42.9869722
        ]
      },
      "properties": {
        "mineral_id": "mw_da209a6558504e26",
        "name": "Е-7                               Н. Оряхово",
        "facility_type": "Минерален водовземен сондаж",
        "settlement": "с.Ново Оряхово"
      }
    },
    {
      "type": "Feature",
      "geometry": {
        "type": "Point",
        "coordinates": [
          27.8506667,
          42.9696944
        ]
      },
      "properties": {
        "mineral_id": "mw_3b06220d2e30e0e2",
        "name": "Р-15             Шкорпиловци",
        "facility_type": "Закрито минерално съоръжение",
        "settlement": "с.Шкорпиловци"
      }
    },
    {
      "type": "Feature",
      "geometry": {
        "type": "Point",
        "coordinates": [
          27.9905808,
          43.2173061
        ]
      },
      "properties": {
        "mineral_id": "mw_4395e819c11eecb3",
        "name": "Р-5х             \"Евксиноград\"  ПИ 10135.2567.173",
        "facility_type": "Минерален водовземен сондаж",
        "settlement": "Варна"
      }
    },
    {
      "type": "Feature",
      "geometry": {
        "type": "Point",
        "coordinates": [
          27.7273528,
          43.1956667
        ]
      },
      "properties": {
        "mineral_id": "mw_5f33b526bd0fd620",
        "name": "Р-63х             \"Страшимирово\"(МП-35)    ПИ 03719.501.6179",
        "facility_type": "Минерален мониторингов сондаж",
        "settlement": "с.Страшимирово"
      }
    },
    {
      "type": "Feature",
      "geometry": {
        "type": "Point",
        "coordinates": [
          27.7273611,
          43.1956667
        ]
      },
      "properties": {
        "mineral_id": "mw_e6ed4eaa34753f5b",
        "name": "С-1х             \"Белопал\"",
        "facility_type": "Закрито минерално съоръжение",
        "settlement": "с.Страшимирово"
      }
    },
    {
      "type": "Feature",
      "geometry": {
        "type": "Point",
        "coordinates": [
          27.7273611,
          43.1961111
        ]
      },
      "properties": {
        "mineral_id": "mw_fb25e8cc914fd26a",
        "name": "С-2х             \"Белопал\"",
        "facility_type": "Закрито минерално съоръжение",
        "settlement": "с.Страшимирово"
      }
    },
    {
      "type": "Feature",
      "geometry": {
        "type": "Point",
        "coordinates": [
          27.8508378,
          43.2256681
        ]
      },
      "properties": {
        "mineral_id": "mw_b8394b0ce869e047",
        "name": "Р-146х ,,Варна\"            /Пивоварен завод/  ПИ 10135.4510.461",
        "facility_type": "Закрито минерално съоръжение",
        "settlement": "Варна"
      }
    },
    {
      "type": "Feature",
      "geometry": {
        "type": "Point",
        "coordinates": [
          28.0294386,
          43.2529206
        ]
      },
      "properties": {
        "mineral_id": "mw_30e07f390b84e4d9",
        "name": "Р-67х ,,Зл. пясъци\"                                 (Кабакум)   ПИ 10135.2572.206",
        "facility_type": "Закрито минерално съоръжение",
        "settlement": "Варна"
      }
    },
    {
      "type": "Feature",
      "geometry": {
        "type": "Point",
        "coordinates": [
          27.7614972,
          43.191
        ]
      },
      "properties": {
        "mineral_id": "mw_478fad75131dae29",
        "name": "Р-64х                       ТЕЦ-Варна     ПИ 27125.503.99",
        "facility_type": "Закрито минерално съоръжение",
        "settlement": "с.Езерово"
      }
    },
    {
      "type": "Feature",
      "geometry": {
        "type": "Point",
        "coordinates": [
          28.0065656,
          43.2376156
        ]
      },
      "properties": {
        "mineral_id": "mw_1ebcc27d0eecfbc9",
        "name": "Р-165х             ,,Св. Св. Константин и Елена\"     ПИ 10135.2517.5024",
        "facility_type": "Минерален водовземен сондаж",
        "settlement": "Варна"
      }
    },
    {
      "type": "Feature",
      "geometry": {
        "type": "Point",
        "coordinates": [
          27.8819614,
          43.1899678
        ]
      },
      "properties": {
        "mineral_id": "mw_2e346272acc26309",
        "name": "С-10               Джанавара    ПИ 10135.5214.2",
        "facility_type": "Минерален водовземен сондаж",
        "settlement": "Варна"
      }
    },
    {
      "type": "Feature",
      "geometry": {
        "type": "Point",
        "coordinates": [
          27.8905839,
          43.2066472
        ]
      },
      "properties": {
        "mineral_id": "mw_27ec323f6e011826",
        "name": "С-5х ф-ка           ,,Христо Ботев\"       ПИ 10135.1.1691",
        "facility_type": "Минерален водовземен сондаж",
        "settlement": "Варна"
      }
    },
    {
      "type": "Feature",
      "geometry": {
        "type": "Point",
        "coordinates": [
          27.8873056,
          43.2086111
        ]
      },
      "properties": {
        "mineral_id": "mw_f0f20de44b1c83e8",
        "name": "С-14               Спирка Варна",
        "facility_type": "Закрито минерално съоръжение",
        "settlement": "Варна"
      }
    },
    {
      "type": "Feature",
      "geometry": {
        "type": "Point",
        "coordinates": [
          27.8425306,
          43.1842722
        ]
      },
      "properties": {
        "mineral_id": "mw_39347ad7ad645589",
        "name": "Р-110х             ,,Варна\"    ПИ 30497.37.15",
        "facility_type": "Минерален водовземен сондаж",
        "settlement": "с. Звездица"
      }
    },
    {
      "type": "Feature",
      "geometry": {
        "type": "Point",
        "coordinates": [
          27.816885,
          43.2532039
        ]
      },
      "properties": {
        "mineral_id": "mw_f336f547f3ce622c",
        "name": "Р-126х             ,,Аксаково\"  ПИ 00182.502.390",
        "facility_type": "Минерален водовземен сондаж",
        "settlement": "Аксаково"
      }
    },
    {
      "type": "Feature",
      "geometry": {
        "type": "Point",
        "coordinates": [
          27.9108889,
          43.2960556
        ]
      },
      "properties": {
        "mineral_id": "mw_fe3e9147d19e8593",
        "name": "Р-60х             Орешак",
        "facility_type": "Минерален водовземен сондаж",
        "settlement": "с.Орешак"
      }
    },
    {
      "type": "Feature",
      "geometry": {
        "type": "Point",
        "coordinates": [
          27.9051944,
          43.1778333
        ]
      },
      "properties": {
        "mineral_id": "mw_717059e45e572de0",
        "name": "Р-4х             Първи май",
        "facility_type": "Закрито минерално съоръжение",
        "settlement": "Варна"
      }
    },
    {
      "type": "Feature",
      "geometry": {
        "type": "Point",
        "coordinates": [
          28.2253889,
          43.4016667
        ]
      },
      "properties": {
        "mineral_id": "mw_dfc70a021288bfc2",
        "name": "С-29                           Балчик \"Тузлата\"",
        "facility_type": "Минерален водовземен сондаж",
        "settlement": "Балчик"
      }
    },
    {
      "type": "Feature",
      "geometry": {
        "type": "Point",
        "coordinates": [
          27.8641389,
          42.9868056
        ]
      },
      "properties": {
        "mineral_id": "mw_ea39a2bb575d4a0e",
        "name": "Р-23                              Н. Оряхово",
        "facility_type": "Минерален водовземен сондаж",
        "settlement": "с.Ново Оряхово"
      }
    },
    {
      "type": "Feature",
      "geometry": {
        "type": "Point",
        "coordinates": [
          28.0109461,
          43.2255272
        ]
      },
      "properties": {
        "mineral_id": "mw_536598a5c044bac2",
        "name": "Вн-48 ,,Варна\"                             /Гранд хотел Варна/             ПИ 10135.2569.130",
        "facility_type": "Минерален водовземен сондаж",
        "settlement": "Варна"
      }
    },
    {
      "type": "Feature",
      "geometry": {
        "type": "Point",
        "coordinates": [
          27.8561111,
          43.2123611
        ]
      },
      "properties": {
        "mineral_id": "mw_d95dba960ccffd4e",
        "name": "Р-65х             Налбанка",
        "facility_type": "Закрито минерално съоръжение",
        "settlement": "с.Тополи"
      }
    },
    {
      "type": "Feature",
      "geometry": {
        "type": "Point",
        "coordinates": [
          28.0246403,
          43.3324947
        ]
      },
      "properties": {
        "mineral_id": "mw_72ce4bf91f469447",
        "name": "Р-179х ,,Осеново\"  /Пашева/              ПИ 54145.30.41",
        "facility_type": "Минерален водовземен сондаж",
        "settlement": "с. Осеново"
      }
    },
    {
      "type": "Feature",
      "geometry": {
        "type": "Point",
        "coordinates": [
          27.85802,
          43.2186194
        ]
      },
      "properties": {
        "mineral_id": "mw_e858ed2022bf7b82",
        "name": "ТК-5х                  ЗПЗ-Варна     ПИ 10135.4510.106",
        "facility_type": "Минерален водовземен сондаж",
        "settlement": "Варна"
      }
    },
    {
      "type": "Feature",
      "geometry": {
        "type": "Point",
        "coordinates": [
          28.0276622,
          43.3869225
        ]
      },
      "properties": {
        "mineral_id": "mw_ce69e5932dd78a37",
        "name": "Р-184х, Албена             \"Екопроект С\" Рогачево        ПИ 62788.8.511",
        "facility_type": "Минерален водовземен сондаж",
        "settlement": "с.Рогачево"
      }
    },
    {
      "type": "Feature",
      "geometry": {
        "type": "Point",
        "coordinates": [
          26.4961944,
          43.191
        ]
      },
      "properties": {
        "mineral_id": "mw_534d18f873518abb",
        "name": "Сн-2                             Боаза",
        "facility_type": "Минерален водовземен сондаж",
        "settlement": "с. Пайдушко"
      }
    },
    {
      "type": "Feature",
      "geometry": {
        "type": "Point",
        "coordinates": [
          26.4962072,
          43.1910092
        ]
      },
      "properties": {
        "mineral_id": "mw_d05c1f0104185124",
        "name": "Сондаж № 1                            Боаза",
        "facility_type": "Минерален водовземен сондаж",
        "settlement": "с. Пайдушко"
      }
    },
    {
      "type": "Feature",
      "geometry": {
        "type": "Point",
        "coordinates": [
          26.9504722,
          43.2707778
        ]
      },
      "properties": {
        "mineral_id": "mw_d07881459da36cc3",
        "name": "ТК-1                         Лида",
        "facility_type": "Минерален водовземен сондаж",
        "settlement": "Шумен"
      }
    },
    {
      "type": "Feature",
      "geometry": {
        "type": "Point",
        "coordinates": [
          26.9403333,
          43.1970833
        ]
      },
      "properties": {
        "mineral_id": "mw_ad517e68cbba0d79",
        "name": "СН-1 (Р-2)                               Мараш                ПИ 47161.503.2",
        "facility_type": "Закрито минерално съоръжение",
        "settlement": "с.Мараш"
      }
    },
    {
      "type": "Feature",
      "geometry": {
        "type": "Point",
        "coordinates": [
          28.1606944,
          43.4057778
        ]
      },
      "properties": {
        "mineral_id": "mw_d92b31714813d283",
        "name": "Р-41х             \"Балчик\"                     ПИ 02508.87.104.1.10",
        "facility_type": "Минерален водовземен сондаж",
        "settlement": "Балчик"
      }
    },
    {
      "type": "Feature",
      "geometry": {
        "type": "Point",
        "coordinates": [
          28.2373889,
          43.4053056
        ]
      },
      "properties": {
        "mineral_id": "mw_9851e354b8513de4",
        "name": "Тх-33             Тузлата",
        "facility_type": "Закрито минерално съоръжение",
        "settlement": "с.Топола"
      }
    },
    {
      "type": "Feature",
      "geometry": {
        "type": "Point",
        "coordinates": [
          28.2804186,
          43.4136322
        ]
      },
      "properties": {
        "mineral_id": "mw_88099bde86018246",
        "name": "Р-155х             \"Каварна\"       ПИ 05009.200.599",
        "facility_type": "Минерален водовземен сондаж",
        "settlement": "с.Божурец"
      }
    },
    {
      "type": "Feature",
      "geometry": {
        "type": "Point",
        "coordinates": [
          28.5153622,
          43.4162697
        ]
      },
      "properties": {
        "mineral_id": "mw_1bf591a2948815ef",
        "name": "Р-8х             \"Русалка\"        ПИ 65543.31.165",
        "facility_type": "Минерален водовземен сондаж",
        "settlement": "с. Св. Никола"
      }
    },
    {
      "type": "Feature",
      "geometry": {
        "type": "Point",
        "coordinates": [
          28.5604722,
          43.6280278
        ]
      },
      "properties": {
        "mineral_id": "mw_3b6a71d0df229b9f",
        "name": "С-1             \"Крапец\"",
        "facility_type": "Закрито минерално съоръжение",
        "settlement": "с.Крапец"
      }
    },
    {
      "type": "Feature",
      "geometry": {
        "type": "Point",
        "coordinates": [
          28.0672222,
          43.3357222
        ]
      },
      "properties": {
        "mineral_id": "mw_fd09ee84021b911d",
        "name": "С-1х                           х-л Палма",
        "facility_type": "Минерален водовземен сондаж",
        "settlement": "с.Кранево"
      }
    },
    {
      "type": "Feature",
      "geometry": {
        "type": "Point",
        "coordinates": [
          28.1688889,
          43.4041833
        ]
      },
      "properties": {
        "mineral_id": "mw_441fc986069979df",
        "name": "С-5х                           Балчик",
        "facility_type": "Закрито минерално съоръжение",
        "settlement": "Балчик"
      }
    },
    {
      "type": "Feature",
      "geometry": {
        "type": "Point",
        "coordinates": [
          28.0515,
          43.389
        ]
      },
      "properties": {
        "mineral_id": "mw_54fae609f93609d2",
        "name": "С-6х                           \"Оброчище\"",
        "facility_type": "Закрито минерално съоръжение",
        "settlement": "с.Оброчище"
      }
    },
    {
      "type": "Feature",
      "geometry": {
        "type": "Point",
        "coordinates": [
          28.2164444,
          43.3999444
        ]
      },
      "properties": {
        "mineral_id": "mw_6426af5aa8006be0",
        "name": "Тх-15х             \"Тузлата\"",
        "facility_type": "Минерален водовземен сондаж",
        "settlement": "Балчик"
      }
    },
    {
      "type": "Feature",
      "geometry": {
        "type": "Point",
        "coordinates": [
          28.6066389,
          43.5415
        ]
      },
      "properties": {
        "mineral_id": "mw_cebf3cfde697608e",
        "name": "Р-118 (МП-101)            Фара Шабла              ПИ 83017.505.6",
        "facility_type": "Минерален мониторингов сондаж",
        "settlement": "Шабла"
      }
    },
    {
      "type": "Feature",
      "geometry": {
        "type": "Point",
        "coordinates": [
          28.5835,
          43.5666944
        ]
      },
      "properties": {
        "mineral_id": "mw_f43cec87ce75d5f6",
        "name": "Р-124            \"Шабла\"           ПИ 83017.48.62",
        "facility_type": "Минерален водовземен сондаж",
        "settlement": "Шабла"
      }
    },
    {
      "type": "Feature",
      "geometry": {
        "type": "Point",
        "coordinates": [
          28.0474261,
          43.3460956
        ]
      },
      "properties": {
        "mineral_id": "mw_13616516a7036d12",
        "name": "Р-58х              ВиК Кранево    ПИ 39459.19.47",
        "facility_type": "Минерален водовземен сондаж",
        "settlement": "с.Кранево"
      }
    },
    {
      "type": "Feature",
      "geometry": {
        "type": "Point",
        "coordinates": [
          28.1408611,
          43.4143611
        ]
      },
      "properties": {
        "mineral_id": "mw_cf31ca7c4216eb93",
        "name": "Р-61х              ВиК Балчик",
        "facility_type": "Минерален водовземен сондаж",
        "settlement": "Балчик"
      }
    },
    {
      "type": "Feature",
      "geometry": {
        "type": "Point",
        "coordinates": [
          28.2429353,
          43.4059186
        ]
      },
      "properties": {
        "mineral_id": "mw_857bf9498c0997b8",
        "name": "Вн-39 ,,Каварна\"               /Икантълъка/    ПИ 72693.600.1.4-ЧДС",
        "facility_type": "Минерален водовземен сондаж",
        "settlement": "с.Топола - к.к.\"Карвуна\""
      }
    },
    {
      "type": "Feature",
      "geometry": {
        "type": "Point",
        "coordinates": [
          28.2508683,
          43.4070928
        ]
      },
      "properties": {
        "mineral_id": "mw_8ac046b569300e96",
        "name": "Р-54х ,,Каварна\"          /Тервелски лагер/               ПИ 72693.155.8",
        "facility_type": "Минерален водовземен сондаж",
        "settlement": "с.Топола"
      }
    },
    {
      "type": "Feature",
      "geometry": {
        "type": "Point",
        "coordinates": [
          28.0639777,
          43.3417969
        ]
      },
      "properties": {
        "mineral_id": "mw_792d5d80483bd8a1",
        "name": "Вн-45        Кранево                ПИ 39459.503.221",
        "facility_type": "Минерален водовземен сондаж",
        "settlement": "с.Кранево"
      }
    },
    {
      "type": "Feature",
      "geometry": {
        "type": "Point",
        "coordinates": [
          28.3495628,
          43.4165619
        ]
      },
      "properties": {
        "mineral_id": "mw_d459bd48fc9da171",
        "name": "Р-113                   ,,Каварна\"      ПИ 35064.501.2299",
        "facility_type": "Минерален водовземен сондаж",
        "settlement": "Каварна"
      }
    },
    {
      "type": "Feature",
      "geometry": {
        "type": "Point",
        "coordinates": [
          28.1482639,
          43.4222528
        ]
      },
      "properties": {
        "mineral_id": "mw_7e667f9b78d9b109",
        "name": "Р-169х, Балчик               Папас олио     ПИ 02508.55.188",
        "facility_type": "Минерален водовземен сондаж",
        "settlement": "Балчик"
      }
    },
    {
      "type": "Feature",
      "geometry": {
        "type": "Point",
        "coordinates": [
          28.5059444,
          43.6419167
        ]
      },
      "properties": {
        "mineral_id": "mw_3daa1e38b1803d29",
        "name": "Р-1            Ваклино",
        "facility_type": "Минерален водовземен сондаж",
        "settlement": "с.Ваклино"
      }
    },
    {
      "type": "Feature",
      "geometry": {
        "type": "Point",
        "coordinates": [
          28.0683428,
          43.3386933
        ]
      },
      "properties": {
        "mineral_id": "mw_57935be46de8b8d0",
        "name": "Вн-35х               Кранево          ПИ 39459.25.509",
        "facility_type": "Минерален водовземен сондаж",
        "settlement": "с.Кранево"
      }
    },
    {
      "type": "Feature",
      "geometry": {
        "type": "Point",
        "coordinates": [
          28.0856257,
          43.3718062
        ]
      },
      "properties": {
        "mineral_id": "mw_9616cdd68df60e06",
        "name": "Р-12х                     Aлбена                 ПИ 53120.506.54",
        "facility_type": "Минерален водовземен сондаж",
        "settlement": "с. Оброчище"
      }
    },
    {
      "type": "Feature",
      "geometry": {
        "type": "Point",
        "coordinates": [
          28.0618228,
          43.3708756
        ]
      },
      "properties": {
        "mineral_id": "mw_1e85cd0e8a2fa0ca",
        "name": "Р-13х                     Aлбена                     ПИ 53120.109.1",
        "facility_type": "Минерален водовземен сондаж",
        "settlement": "с. Оброчище"
      }
    },
    {
      "type": "Feature",
      "geometry": {
        "type": "Point",
        "coordinates": [
          28.0781246,
          43.3648218
        ]
      },
      "properties": {
        "mineral_id": "mw_dc460d4c58b2f8df",
        "name": "Р-149х                     Aлбена                         ПИ 53120.506.107",
        "facility_type": "Минерален водовземен сондаж",
        "settlement": "с. Оброчище"
      }
    },
    {
      "type": "Feature",
      "geometry": {
        "type": "Point",
        "coordinates": [
          28.1983456,
          43.4156086
        ]
      },
      "properties": {
        "mineral_id": "mw_6b7a35144e42b60e",
        "name": "Р-177х               Балчик                    ПИ 02508.541.136.1",
        "facility_type": "Минерален водовземен сондаж",
        "settlement": "Балчик"
      }
    },
    {
      "type": "Feature",
      "geometry": {
        "type": "Point",
        "coordinates": [
          28.2263656,
          43.4139522
        ]
      },
      "properties": {
        "mineral_id": "mw_fe24f51bd07e7bb1",
        "name": "Р-178х               Балчик                   ПИ 02508.541.447",
        "facility_type": "Минерален водовземен сондаж",
        "settlement": "Балчик"
      }
    },
    {
      "type": "Feature",
      "geometry": {
        "type": "Point",
        "coordinates": [
          27.1979278,
          42.7015611
        ]
      },
      "properties": {
        "mineral_id": "mw_753aead5fabe9721",
        "name": "Б-135                     Поляново",
        "facility_type": "Минерален водовземен сондаж",
        "settlement": "с.Поляново"
      }
    },
    {
      "type": "Feature",
      "geometry": {
        "type": "Point",
        "coordinates": [
          27.1984722,
          42.7013889
        ]
      },
      "properties": {
        "mineral_id": "mw_2abbd3111f380686",
        "name": "Б-111                   Поляново",
        "facility_type": "Минерален водовземен сондаж",
        "settlement": "с.Поляново"
      }
    },
    {
      "type": "Feature",
      "geometry": {
        "type": "Point",
        "coordinates": [
          27.3133333,
          42.6742222
        ]
      },
      "properties": {
        "mineral_id": "mw_93c831d99d9bedbc",
        "name": "Б-20                       Съдиево",
        "facility_type": "Минерален водовземен сондаж",
        "settlement": "с.Съдиево"
      }
    },
    {
      "type": "Feature",
      "geometry": {
        "type": "Point",
        "coordinates": [
          27.3127778,
          42.6734722
        ]
      },
      "properties": {
        "mineral_id": "mw_74528ff8956b8a1e",
        "name": "Б-88                       Съдиево",
        "facility_type": "Минерален водовземен сондаж",
        "settlement": "с.Съдиево"
      }
    },
    {
      "type": "Feature",
      "geometry": {
        "type": "Point",
        "coordinates": [
          27.5723333,
          42.6236389
        ]
      },
      "properties": {
        "mineral_id": "mw_560c342686ea3853",
        "name": "Б-53                   Каменар",
        "facility_type": "Минерален водовземен сондаж",
        "settlement": "с. Каменар"
      }
    },
    {
      "type": "Feature",
      "geometry": {
        "type": "Point",
        "coordinates": [
          27.5723333,
          42.6236667
        ]
      },
      "properties": {
        "mineral_id": "mw_a6451f8e990e947c",
        "name": "ТК-1                   Каменар",
        "facility_type": "Минерален мониторингов сондаж",
        "settlement": "с. Каменар"
      }
    },
    {
      "type": "Feature",
      "geometry": {
        "type": "Point",
        "coordinates": [
          27.5816667,
          42.6144167
        ]
      },
      "properties": {
        "mineral_id": "mw_9c2fb6ab25dba509",
        "name": "Б-180                   Каменар",
        "facility_type": "Минерален водовземен сондаж",
        "settlement": "с. Каменар"
      }
    },
    {
      "type": "Feature",
      "geometry": {
        "type": "Point",
        "coordinates": [
          27.5563889,
          42.7044722
        ]
      },
      "properties": {
        "mineral_id": "mw_604c198e2034f7a7",
        "name": "Б-11                   Медово",
        "facility_type": "Минерален водовземен сондаж",
        "settlement": "с. Медово"
      }
    },
    {
      "type": "Feature",
      "geometry": {
        "type": "Point",
        "coordinates": [
          27.5554444,
          42.7040833
        ]
      },
      "properties": {
        "mineral_id": "mw_07cf5d4c77abd127",
        "name": "Б-72                  Медово",
        "facility_type": "Минерален водовземен сондаж",
        "settlement": "с. Медово"
      }
    },
    {
      "type": "Feature",
      "geometry": {
        "type": "Point",
        "coordinates": [
          27.5676111,
          42.6981667
        ]
      },
      "properties": {
        "mineral_id": "mw_57718713cab9de04",
        "name": "Б-73                 Медово",
        "facility_type": "Минерален водовземен сондаж",
        "settlement": "с. Медово"
      }
    },
    {
      "type": "Feature",
      "geometry": {
        "type": "Point",
        "coordinates": [
          27.4802222,
          42.6056111
        ]
      },
      "properties": {
        "mineral_id": "mw_f0c41fdcd6669d31",
        "name": "Б-166                  Рудник             ПИ 07079.17.2348",
        "facility_type": "Минерален водовземен сондаж",
        "settlement": "с.Рудник"
      }
    },
    {
      "type": "Feature",
      "geometry": {
        "type": "Point",
        "coordinates": [
          27.4120278,
          42.6185278
        ]
      },
      "properties": {
        "mineral_id": "mw_b825b2656f6e8e24",
        "name": "Б-81               \"Изворище\"  ПИ 070799.13.2908",
        "facility_type": "Минерален каптаж/извор",
        "settlement": "с.Изворище"
      }
    },
    {
      "type": "Feature",
      "geometry": {
        "type": "Point",
        "coordinates": [
          27.2542019,
          42.6974683
        ]
      },
      "properties": {
        "mineral_id": "mw_4489a4e106d346ce",
        "name": "Б-75               Айтос",
        "facility_type": "Минерален мониторингов сондаж",
        "settlement": "Айтос"
      }
    },
    {
      "type": "Feature",
      "geometry": {
        "type": "Point",
        "coordinates": [
          27.2546944,
          42.6975833
        ]
      },
      "properties": {
        "mineral_id": "mw_ec16a2c53776843c",
        "name": "Б-18              Айтос",
        "facility_type": "Минерален водовземен сондаж",
        "settlement": "Айтос"
      }
    },
    {
      "type": "Feature",
      "geometry": {
        "type": "Point",
        "coordinates": [
          27.3938889,
          42.6117778
        ]
      },
      "properties": {
        "mineral_id": "mw_de3fc5b4b7b461ef",
        "name": "Б-191              Бургаски минерални бани",
        "facility_type": "Минерален водовземен сондаж",
        "settlement": "с.Ветрен"
      }
    },
    {
      "type": "Feature",
      "geometry": {
        "type": "Point",
        "coordinates": [
          27.7650661,
          42.2382742
        ]
      },
      "properties": {
        "mineral_id": "mw_5bb2c092fdff995f",
        "name": "Б-6                  Китен                          ПИ 37023.501.18",
        "facility_type": "Минерален водовземен сондаж",
        "settlement": "с.Китен"
      }
    },
    {
      "type": "Feature",
      "geometry": {
        "type": "Point",
        "coordinates": [
          27.7096503,
          42.7050464
        ]
      },
      "properties": {
        "mineral_id": "mw_f73c5cd25b664374",
        "name": "Б-76            \"Слънчев бряг\"",
        "facility_type": "Минерален водовземен сондаж",
        "settlement": "к.к. Слънчев бряг"
      }
    },
    {
      "type": "Feature",
      "geometry": {
        "type": "Point",
        "coordinates": [
          27.7200322,
          42.7074103
        ]
      },
      "properties": {
        "mineral_id": "mw_9784547bdc4bc339",
        "name": "Б-1           Слънчев бряг",
        "facility_type": "Минерален водовземен сондаж",
        "settlement": "к.к. Слънчев бряг"
      }
    },
    {
      "type": "Feature",
      "geometry": {
        "type": "Point",
        "coordinates": [
          27.8712222,
          42.9523333
        ]
      },
      "properties": {
        "mineral_id": "mw_a0fe6f084e98ceaf",
        "name": "Р-54 Шкорпиловци",
        "facility_type": "Закрито минерално съоръжение",
        "settlement": "с.Шкорпиловци"
      }
    },
    {
      "type": "Feature",
      "geometry": {
        "type": "Point",
        "coordinates": [
          28.1159858,
          43.4183967
        ]
      },
      "properties": {
        "mineral_id": "mw_53ffe82dfe3410ff",
        "name": "Р-199х\"Албена-Балчик\"                      ПИ 02508.90.770",
        "facility_type": "Минерален водовземен сондаж",
        "settlement": "Балчик"
      }
    },
    {
      "type": "Feature",
      "geometry": {
        "type": "Point",
        "coordinates": [
          28.2371692,
          43.4086775
        ]
      },
      "properties": {
        "mineral_id": "mw_4d376bf1320c3cd1",
        "name": "Р-33а \"Тузлата - Бялата лагуна\"     ПИ 72693.154.9",
        "facility_type": "Минерален водовземен сондаж",
        "settlement": "с.Топола"
      }
    },
    {
      "type": "Feature",
      "geometry": {
        "type": "Point",
        "coordinates": [
          28.2146444,
          43.4822306
        ]
      },
      "properties": {
        "mineral_id": "mw_e601e93c3b1e3f7e",
        "name": "Р-1 \"Гурково\"",
        "facility_type": "Минерален водовземен сондаж",
        "settlement": "с.Гурково"
      }
    },
    {
      "type": "Feature",
      "geometry": {
        "type": "Point",
        "coordinates": [
          28.0119642,
          43.3591447
        ]
      },
      "properties": {
        "mineral_id": "mw_dede78107a73658b",
        "name": "Р-182х ,,Кранево\"                 /\"Евросилекс\"/                        ПИ 14653.136.68",
        "facility_type": "Минерален водовземен сондаж",
        "settlement": "с. Генерал Кантарджиево"
      }
    },
    {
      "type": "Feature",
      "geometry": {
        "type": "Point",
        "coordinates": [
          28.6079167,
          43.5615
        ]
      },
      "properties": {
        "mineral_id": "mw_15c50e2dd82cf888",
        "name": "Р-40              Шабла",
        "facility_type": "Закрито минерално съоръжение",
        "settlement": "Шабла"
      }
    },
    {
      "type": "Feature",
      "geometry": {
        "type": "Point",
        "coordinates": [
          27.8920556,
          43.07725
        ]
      },
      "properties": {
        "mineral_id": "mw_7b49f6c91ce92f65",
        "name": "Р-70 ,,Близнаци\"      ПИ 04426.501.62",
        "facility_type": "Минерален водовземен сондаж",
        "settlement": "с. Близнаци"
      }
    },
    {
      "type": "Feature",
      "geometry": {
        "type": "Point",
        "coordinates": [
          28.0595833,
          43.3518333
        ]
      },
      "properties": {
        "mineral_id": "mw_b705d735fe4e1641",
        "name": "С-8 /СК-8 Албена/ Кранево  ПИ 39459.4.159-ДС",
        "facility_type": "Минерален водовземен сондаж",
        "settlement": "с. Кранево"
      }
    },
    {
      "type": "Feature",
      "geometry": {
        "type": "Point",
        "coordinates": [
          27.87853,
          43.21938
        ]
      },
      "properties": {
        "mineral_id": "mw_e4502f74e7b8dc3a",
        "name": "Р-209х ,,ИСУ – Инвест – Варна“   ПИ 10135.3514.813",
        "facility_type": "Минерален водовземен сондаж",
        "settlement": "Варна"
      }
    },
    {
      "type": "Feature",
      "geometry": {
        "type": "Point",
        "coordinates": [
          28.04425,
          43.3833889
        ]
      },
      "properties": {
        "mineral_id": "mw_afc3e0254a5ed06d",
        "name": "С-1 /СК-1 \"Албена\"/       ПИ 53120.109.29",
        "facility_type": "Минерален водовземен сондаж",
        "settlement": "с.Оброчище"
      }
    },
    {
      "type": "Feature",
      "geometry": {
        "type": "Point",
        "coordinates": [
          28.0613889,
          43.3715
        ]
      },
      "properties": {
        "mineral_id": "mw_c506efe27cf75f06",
        "name": "С-2 /СК-2 \"Албена\"/              ПИ 62788.34.12",
        "facility_type": "Минерален водовземен сондаж",
        "settlement": "с. Рогачево"
      }
    },
    {
      "type": "Feature",
      "geometry": {
        "type": "Point",
        "coordinates": [
          28.0568889,
          43.3685556
        ]
      },
      "properties": {
        "mineral_id": "mw_c726ba5a232f2003",
        "name": "С-3 /СК-3 \"Албена\"/                ПИ 62788.34.10",
        "facility_type": "Минерален водовземен сондаж",
        "settlement": "с. Рогачево"
      }
    },
    {
      "type": "Feature",
      "geometry": {
        "type": "Point",
        "coordinates": [
          28.0525556,
          43.368
        ]
      },
      "properties": {
        "mineral_id": "mw_4857d7da02920368",
        "name": "С-4 /СК-4 \"Албена\"/              ПИ 62788.34.6",
        "facility_type": "Минерален водовземен сондаж",
        "settlement": "с. Рогачево"
      }
    },
    {
      "type": "Feature",
      "geometry": {
        "type": "Point",
        "coordinates": [
          28.0528889,
          43.3639722
        ]
      },
      "properties": {
        "mineral_id": "mw_de63bb30f4eda4f6",
        "name": "С-5 /СК-5 \"Албена\"/              ПИ 62788.33.9",
        "facility_type": "Минерален водовземен сондаж",
        "settlement": "с. Рогачево"
      }
    },
    {
      "type": "Feature",
      "geometry": {
        "type": "Point",
        "coordinates": [
          28.0537778,
          43.3603611
        ]
      },
      "properties": {
        "mineral_id": "mw_c69db58fc6540910",
        "name": "С-6 /СК-6 \"Албена\"/                 ПИ 39459.507.404",
        "facility_type": "Минерален водовземен сондаж",
        "settlement": "с. Кранево"
      }
    },
    {
      "type": "Feature",
      "geometry": {
        "type": "Point",
        "coordinates": [
          28.0573333,
          43.3566111
        ]
      },
      "properties": {
        "mineral_id": "mw_386e7bf80ca73bfd",
        "name": "С-7 /СК-7 \"Албена\"/        ПИ 39459.4.159",
        "facility_type": "Минерален водовземен сондаж",
        "settlement": "с. Кранево"
      }
    },
    {
      "type": "Feature",
      "geometry": {
        "type": "Point",
        "coordinates": [
          28.2811022,
          43.4987481
        ]
      },
      "properties": {
        "mineral_id": "mw_5088008c03a95d2c",
        "name": "Р-66х Гурково            ПИ 18160.40.79",
        "facility_type": "Закрито минерално съоръжение",
        "settlement": "с. Гурково"
      }
    },
    {
      "type": "Feature",
      "geometry": {
        "type": "Point",
        "coordinates": [
          28.2641561,
          43.4871322
        ]
      },
      "properties": {
        "mineral_id": "mw_1004d5f78c5299b0",
        "name": "Р-134 Гурково      /Македонка/     ПИ 18160.56.2",
        "facility_type": "Минерален водовземен сондаж",
        "settlement": "с. Гурково"
      }
    },
    {
      "type": "Feature",
      "geometry": {
        "type": "Point",
        "coordinates": [
          28.2895375,
          43.4905147
        ]
      },
      "properties": {
        "mineral_id": "mw_0c1355365c6072de",
        "name": "Р-136 Гурково    ПИ 18160.43.25",
        "facility_type": "Минерален водовземен сондаж",
        "settlement": "с. Гурково"
      }
    },
    {
      "type": "Feature",
      "geometry": {
        "type": "Point",
        "coordinates": [
          28.2976892,
          43.4877369
        ]
      },
      "properties": {
        "mineral_id": "mw_beb27be0d840417d",
        "name": "Р-170 Гурково      ПИ 18160.43.27",
        "facility_type": "Минерален водовземен сондаж",
        "settlement": "с. Гурково"
      }
    },
    {
      "type": "Feature",
      "geometry": {
        "type": "Point",
        "coordinates": [
          28.0829653,
          43.4401844
        ]
      },
      "properties": {
        "mineral_id": "mw_40fe147b78e7343f",
        "name": "Р - Бобовец     ПИ 04515.13.51",
        "facility_type": "Минерален водовземен сондаж",
        "settlement": "с. Бобовец"
      }
    },
    {
      "type": "Feature",
      "geometry": {
        "type": "Point",
        "coordinates": [
          28.0690653,
          43.5689622
        ]
      },
      "properties": {
        "mineral_id": "mw_97f6ac7f27077a93",
        "name": "Р-Дропла         ПИ 23769.51.78",
        "facility_type": "Минерален водовземен сондаж",
        "settlement": "с. Дропла"
      }
    },
    {
      "type": "Feature",
      "geometry": {
        "type": "Point",
        "coordinates": [
          28.0247092,
          43.4114861
        ]
      },
      "properties": {
        "mineral_id": "mw_3cfe6e84c3f66bc8",
        "name": "Р-59х \"Църква\"     ПИ 78639.16.24",
        "facility_type": "Минерален водовземен сондаж",
        "settlement": "с. Църква"
      }
    },
    {
      "type": "Feature",
      "geometry": {
        "type": "Point",
        "coordinates": [
          28.3053222,
          43.5020825
        ]
      },
      "properties": {
        "mineral_id": "mw_ff76dc56c771c2b3",
        "name": "Р-109 Могилище       ПИ 48828.1.109-ЧС",
        "facility_type": "Минерален водовземен сондаж",
        "settlement": "с. Могилище"
      }
    },
    {
      "type": "Feature",
      "geometry": {
        "type": "Point",
        "coordinates": [
          28.3418472,
          43.4590656
        ]
      },
      "properties": {
        "mineral_id": "mw_1c5612928aa7d532",
        "name": "Р-104 Каварна     ПИ 35064.30.158-МЗГ-ХМС",
        "facility_type": "Минерален водовземен сондаж",
        "settlement": "Каварна"
      }
    },
    {
      "type": "Feature",
      "geometry": {
        "type": "Point",
        "coordinates": [
          28.2787586,
          43.4413558
        ]
      },
      "properties": {
        "mineral_id": "mw_dab8431899ac62bf",
        "name": "Р-Селце               ПИ 05009.15.117 - ОС-Кв",
        "facility_type": "Минерален водовземен сондаж",
        "settlement": "с. Божурец"
      }
    },
    {
      "type": "Feature",
      "geometry": {
        "type": "Point",
        "coordinates": [
          28.31566,
          43.4676222
        ]
      },
      "properties": {
        "mineral_id": "mw_7e39677ccc938372",
        "name": "Р-110 Раковски      ПИ 66113.26.58 -,,НС\" ЕАД",
        "facility_type": "Минерален водовземен сондаж",
        "settlement": "с. Селце"
      }
    },
    {
      "type": "Feature",
      "geometry": {
        "type": "Point",
        "coordinates": [
          28.3107381,
          43.6017872
        ]
      },
      "properties": {
        "mineral_id": "mw_0eb03ce5965de971",
        "name": "Р-Белгун    ПИ 03318.10.156- ОС-Кв",
        "facility_type": "Минерален водовземен сондаж",
        "settlement": "с. Белгун"
      }
    },
    {
      "type": "Feature",
      "geometry": {
        "type": "Point",
        "coordinates": [
          27.7047222,
          43.3088056
        ]
      },
      "properties": {
        "mineral_id": "mw_b566424aba850e4d",
        "name": "Р-162х Изгрев       ПИ 32528.23.48",
        "facility_type": "Минерален водовземен сондаж",
        "settlement": "с. Изгрев"
      }
    },
    {
      "type": "Feature",
      "geometry": {
        "type": "Point",
        "coordinates": [
          27.61761,
          43.0876256
        ]
      },
      "properties": {
        "mineral_id": "mw_075b1799b9ec70d8",
        "name": "С-65 ,,Юнак\"   ПИ 35208.57.8 и ПИ 35208.57.10",
        "facility_type": "Минерален водовземен сондаж",
        "settlement": "с. Казашка река"
      }
    },
    {
      "type": "Feature",
      "geometry": {
        "type": "Point",
        "coordinates": [
          27.6865833,
          43.2503611
        ]
      },
      "properties": {
        "mineral_id": "mw_c9494db8e348379b",
        "name": "Р-139х ,,Сук - Слънчево\"",
        "facility_type": "Минерален водовземен сондаж",
        "settlement": "с. Слънчево"
      }
    },
    {
      "type": "Feature",
      "geometry": {
        "type": "Point",
        "coordinates": [
          28.3135833,
          43.5275278
        ]
      },
      "properties": {
        "mineral_id": "mw_7f0ee116ddf0c3e3",
        "name": "Р-52 \"Елана - Вранино\"",
        "facility_type": "Минерален водовземен сондаж",
        "settlement": "с.Вранино"
      }
    },
    {
      "type": "Feature",
      "geometry": {
        "type": "Point",
        "coordinates": [
          23.057194444444445,
          42.00608333333333
        ]
      },
      "properties": {
        "mineral_id": "mw_dd0a5edfb84938be",
        "name": "Сондаж 1ХГ",
        "facility_type": "Минерален водовземен сондаж",
        "settlement": "Зелен дол"
      }
    },
    {
      "type": "Feature",
      "geometry": {
        "type": "Point",
        "coordinates": [
          23.05388888888889,
          42.004666666666665
        ]
      },
      "properties": {
        "mineral_id": "mw_3f8ecc2aed64e5cf",
        "name": "Сондаж 14ХГ",
        "facility_type": "Минерален водовземен сондаж",
        "settlement": "Зелен дол"
      }
    },
    {
      "type": "Feature",
      "geometry": {
        "type": "Point",
        "coordinates": [
          23.16713888888889,
          42.58611111111111
        ]
      },
      "properties": {
        "mineral_id": "mw_946e3d934839ef29",
        "name": "Сондаж №7",
        "facility_type": "Минерален водовземен сондаж",
        "settlement": "???????"
      }
    },
    {
      "type": "Feature",
      "geometry": {
        "type": "Point",
        "coordinates": [
          23.167055555555557,
          42.58625
        ]
      },
      "properties": {
        "mineral_id": "mw_f8bde49d5368bf66",
        "name": "Сондаж №8",
        "facility_type": "Минерален водовземен сондаж",
        "settlement": "???????"
      }
    },
    {
      "type": "Feature",
      "geometry": {
        "type": "Point",
        "coordinates": [
          23.166916666666665,
          42.58630555555556
        ]
      },
      "properties": {
        "mineral_id": "mw_316fc985f28c948e",
        "name": "Сондаж №9",
        "facility_type": "Минерален водовземен сондаж",
        "settlement": "???????"
      }
    },
    {
      "type": "Feature",
      "geometry": {
        "type": "Point",
        "coordinates": [
          23.16761111,
          42.58638889
        ]
      },
      "properties": {
        "mineral_id": "mw_7e93a3f2f70d6401",
        "name": "Сондаж №1",
        "facility_type": "Минерален водовземен сондаж",
        "settlement": "Рударци"
      }
    },
    {
      "type": "Feature",
      "geometry": {
        "type": "Point",
        "coordinates": [
          23.1675,
          42.58652778
        ]
      },
      "properties": {
        "mineral_id": "mw_b49006b555ee8a62",
        "name": "Сондаж №2",
        "facility_type": "Минерален водовземен сондаж",
        "settlement": "Рударци"
      }
    },
    {
      "type": "Feature",
      "geometry": {
        "type": "Point",
        "coordinates": [
          23.16713889,
          42.58644444
        ]
      },
      "properties": {
        "mineral_id": "mw_525d0ffa1c5930ff",
        "name": "Сондаж №3",
        "facility_type": "Минерален водовземен сондаж",
        "settlement": "Рударци"
      }
    },
    {
      "type": "Feature",
      "geometry": {
        "type": "Point",
        "coordinates": [
          23.16722222,
          42.58638889
        ]
      },
      "properties": {
        "mineral_id": "mw_ec113127681eeebc",
        "name": "Сондаж №4",
        "facility_type": "Минерален водовземен сондаж",
        "settlement": "Рударци"
      }
    },
    {
      "type": "Feature",
      "geometry": {
        "type": "Point",
        "coordinates": [
          23.16733333,
          42.58630556
        ]
      },
      "properties": {
        "mineral_id": "mw_a76efa3e49602d6c",
        "name": "Сондаж №5",
        "facility_type": "Минерален водовземен сондаж",
        "settlement": "Рударци"
      }
    },
    {
      "type": "Feature",
      "geometry": {
        "type": "Point",
        "coordinates": [
          23.16722222,
          42.58622222
        ]
      },
      "properties": {
        "mineral_id": "mw_f18a4ec0baa9e92d",
        "name": "Сондаж №6",
        "facility_type": "Минерален водовземен сондаж",
        "settlement": "Рударци"
      }
    },
    {
      "type": "Feature",
      "geometry": {
        "type": "Point",
        "coordinates": [
          23.11328333888889,
          41.893722225
        ]
      },
      "properties": {
        "mineral_id": "mw_cfe28f427ccb6d5c",
        "name": "Сондаж №2",
        "facility_type": "Закрито минерално съоръжение",
        "settlement": "Симитли"
      }
    },
    {
      "type": "Feature",
      "geometry": {
        "type": "Point",
        "coordinates": [
          23.3235628,
          41.5115799
        ]
      },
      "properties": {
        "mineral_id": "mw_cd2a1a182b0d957e",
        "name": "Сондаж №1хг",
        "facility_type": "Минерален водовземен сондаж",
        "settlement": "Спатово"
      }
    },
    {
      "type": "Feature",
      "geometry": {
        "type": "Point",
        "coordinates": [
          23.3246758,
          41.5122356
        ]
      },
      "properties": {
        "mineral_id": "mw_17c09f6e843d3fb2",
        "name": "Сондаж №3хг",
        "facility_type": "Минерален водовземен сондаж",
        "settlement": "Спатово"
      }
    },
    {
      "type": "Feature",
      "geometry": {
        "type": "Point",
        "coordinates": [
          23.3352885,
          41.498758
        ]
      },
      "properties": {
        "mineral_id": "mw_5503fbac1418f26b",
        "name": "Сондаж Сн-7",
        "facility_type": "Минерален водовземен сондаж",
        "settlement": "Хотово"
      }
    },
    {
      "type": "Feature",
      "geometry": {
        "type": "Point",
        "coordinates": [
          23.775425286452,
          42.310901433257
        ]
      },
      "properties": {
        "mineral_id": "mw_07544739efd28920",
        "name": "Каптиран естествен извор \"Долна баня",
        "facility_type": "Минерален каптаж/извор",
        "settlement": "Долна баня"
      }
    },
    {
      "type": "Feature",
      "geometry": {
        "type": "Point",
        "coordinates": [
          23.522124666,
          42.667839455
        ]
      },
      "properties": {
        "mineral_id": "mw_b6d1806bb8db81de",
        "name": "Сондаж № С-46хг \"Равно поле",
        "facility_type": "Минерален водовземен сондаж",
        "settlement": ""
      }
    },
    {
      "type": "Feature",
      "geometry": {
        "type": "Point",
        "coordinates": [
          23.3871944444,
          42.3627222222
        ]
      },
      "properties": {
        "mineral_id": "mw_7cfe8c41b771290b",
        "name": "Сондаж № ПС - 1хг",
        "facility_type": "Минерален водовземен сондаж",
        "settlement": "северозападния край на с. Белчин"
      }
    },
    {
      "type": "Feature",
      "geometry": {
        "type": "Point",
        "coordinates": [
          23.565586491,
          41.822925548
        ]
      },
      "properties": {
        "mineral_id": "mw_f0bc766149dc50f2",
        "name": "КЕИ № 2 \"Банята",
        "facility_type": "Минерален каптаж/извор",
        "settlement": "Добринище"
      }
    },
    {
      "type": "Feature",
      "geometry": {
        "type": "Point",
        "coordinates": [
          23.570289818,
          41.820807163
        ]
      },
      "properties": {
        "mineral_id": "mw_45df79c58bda66d7",
        "name": "КЕИ № 4а \"Сребърният извор",
        "facility_type": "Минерален каптаж/извор",
        "settlement": "Добринище"
      }
    },
    {
      "type": "Feature",
      "geometry": {
        "type": "Point",
        "coordinates": [
          23.57051689,
          41.819955052
        ]
      },
      "properties": {
        "mineral_id": "mw_0799a7458a1a9781",
        "name": "Каптиран естествен извор \"Тепавицата",
        "facility_type": "Минерален каптаж/извор",
        "settlement": "Добринище"
      }
    },
    {
      "type": "Feature",
      "geometry": {
        "type": "Point",
        "coordinates": [
          23.807028965,
          41.623306239
        ]
      },
      "properties": {
        "mineral_id": "mw_24ca7c64989a6332",
        "name": "КЕИ \"Миро-женско",
        "facility_type": "Минерален каптаж/извор",
        "settlement": ""
      }
    },
    {
      "type": "Feature",
      "geometry": {
        "type": "Point",
        "coordinates": [
          23.806890091,
          41.623199339
        ]
      },
      "properties": {
        "mineral_id": "mw_27ba7616341b13f3",
        "name": "КЕИ \"Миро-мъжко",
        "facility_type": "Минерален каптаж/извор",
        "settlement": ""
      }
    },
    {
      "type": "Feature",
      "geometry": {
        "type": "Point",
        "coordinates": [
          23.806619738,
          41.623131162
        ]
      },
      "properties": {
        "mineral_id": "mw_0f3e489bf8634092",
        "name": "Сондаж \"АПК",
        "facility_type": "Минерален водовземен сондаж",
        "settlement": "Баните"
      }
    },
    {
      "type": "Feature",
      "geometry": {
        "type": "Point",
        "coordinates": [
          23.797241704,
          41.619167705
        ]
      },
      "properties": {
        "mineral_id": "mw_930f20a3510b2716",
        "name": "Сондаж \"Вила Шамов",
        "facility_type": "Минерален водовземен сондаж",
        "settlement": ""
      }
    },
    {
      "type": "Feature",
      "geometry": {
        "type": "Point",
        "coordinates": [
          23.800316214,
          41.620125134
        ]
      },
      "properties": {
        "mineral_id": "mw_3707302fdb70003b",
        "name": "Сондаж \"Никола Ушев",
        "facility_type": "Минерален водовземен сондаж",
        "settlement": ""
      }
    },
    {
      "type": "Feature",
      "geometry": {
        "type": "Point",
        "coordinates": [
          23.799440783,
          41.619897882
        ]
      },
      "properties": {
        "mineral_id": "mw_c1621805accf4863",
        "name": "Сондаж № 4ВКП",
        "facility_type": "Минерален водовземен сондаж",
        "settlement": ""
      }
    },
    {
      "type": "Feature",
      "geometry": {
        "type": "Point",
        "coordinates": [
          23.802558025,
          41.621023288
        ]
      },
      "properties": {
        "mineral_id": "mw_591d2a815fc6803e",
        "name": "КЕИ \"Басейн в средна баня",
        "facility_type": "Минерален каптаж/извор",
        "settlement": "Марчево и с. Огняново"
      }
    },
    {
      "type": "Feature",
      "geometry": {
        "type": "Point",
        "coordinates": [
          23.798908317,
          41.620231823
        ]
      },
      "properties": {
        "mineral_id": "mw_3c28b8b00a84021f",
        "name": "КЕИ № 17 \"Тасков гьол",
        "facility_type": "Минерален каптаж/извор",
        "settlement": "Марчево"
      }
    },
    {
      "type": "Feature",
      "geometry": {
        "type": "Point",
        "coordinates": [
          23.80395462,
          41.620578607
        ]
      },
      "properties": {
        "mineral_id": "mw_e68102fb401e676a",
        "name": "Сондаж \"Делта-Бисер",
        "facility_type": "Минерален водовземен сондаж",
        "settlement": "Марчево и с. Огняново"
      }
    },
    {
      "type": "Feature",
      "geometry": {
        "type": "Point",
        "coordinates": [
          23.801057222,
          41.620353413
        ]
      },
      "properties": {
        "mineral_id": "mw_a884e1bf730197c8",
        "name": "Сондаж \"Дом Терзиев",
        "facility_type": "Минерален водовземен сондаж",
        "settlement": "Марчево и с. Огняново"
      }
    },
    {
      "type": "Feature",
      "geometry": {
        "type": "Point",
        "coordinates": [
          23.796233167,
          41.616805865
        ]
      },
      "properties": {
        "mineral_id": "mw_346f70f2307ed630",
        "name": "Сондаж \"Петралийски",
        "facility_type": "Минерален водовземен сондаж",
        "settlement": "Марчево"
      }
    },
    {
      "type": "Feature",
      "geometry": {
        "type": "Point",
        "coordinates": [
          23.803542991,
          41.620969871
        ]
      },
      "properties": {
        "mineral_id": "mw_8f1c86a9ba3db1b0",
        "name": "Сондаж № 3ВКП",
        "facility_type": "Минерален водовземен сондаж",
        "settlement": "Баните"
      }
    },
    {
      "type": "Feature",
      "geometry": {
        "type": "Point",
        "coordinates": [
          23.797844781,
          41.621109748
        ]
      },
      "properties": {
        "mineral_id": "mw_309c175f25bcea90",
        "name": "Сондаж Виктория 2",
        "facility_type": "Минерален водовземен сондаж",
        "settlement": "Огняново и с. Гърмен"
      }
    },
    {
      "type": "Feature",
      "geometry": {
        "type": "Point",
        "coordinates": [
          23.262196701,
          41.458324055
        ]
      },
      "properties": {
        "mineral_id": "mw_e6da526bad9ae4c5",
        "name": "Сондаж № 1ВКН",
        "facility_type": "Минерален водовземен сондаж",
        "settlement": "Рупите"
      }
    },
    {
      "type": "Feature",
      "geometry": {
        "type": "Point",
        "coordinates": [
          23.524666089,
          41.878002935
        ]
      },
      "properties": {
        "mineral_id": "mw_124b16ed07585fc7",
        "name": "Каптиран естествен извор № 4",
        "facility_type": "Минерален каптаж/извор",
        "settlement": "Баня"
      }
    },
    {
      "type": "Feature",
      "geometry": {
        "type": "Point",
        "coordinates": [
          23.524666089,
          41.878002935
        ]
      },
      "properties": {
        "mineral_id": "mw_ec329876cae085ad",
        "name": "Каптиран естествен извор № 5",
        "facility_type": "Минерален каптаж/извор",
        "settlement": "Баня"
      }
    },
    {
      "type": "Feature",
      "geometry": {
        "type": "Point",
        "coordinates": [
          23.53007353,
          41.881671319
        ]
      },
      "properties": {
        "mineral_id": "mw_c4ae5ba12ce08d38",
        "name": "Каптиран естествен извор № 6",
        "facility_type": "Минерален каптаж/извор",
        "settlement": "Баня"
      }
    },
    {
      "type": "Feature",
      "geometry": {
        "type": "Point",
        "coordinates": [
          23.528795072,
          41.880150591
        ]
      },
      "properties": {
        "mineral_id": "mw_d6e2b5d1b567de00",
        "name": "Каптиран естествен извор № 7",
        "facility_type": "Минерален каптаж/извор",
        "settlement": "Баня"
      }
    },
    {
      "type": "Feature",
      "geometry": {
        "type": "Point",
        "coordinates": [
          23.422706557,
          41.453890388
        ]
      },
      "properties": {
        "mineral_id": "mw_c02bf9fda3206450",
        "name": "сондаж № 235хг",
        "facility_type": "Минерален водовземен сондаж",
        "settlement": "Катунци"
      }
    },
    {
      "type": "Feature",
      "geometry": {
        "type": "Point",
        "coordinates": [
          28.08635495,
          43.371922253
        ]
      },
      "properties": {
        "mineral_id": "mw_a82d40fa5afbe985",
        "name": "Сондаж № Р-12х \"Албена\"",
        "facility_type": "Минерален водовземен сондаж",
        "settlement": "Оброчище"
      }
    },
    {
      "type": "Feature",
      "geometry": {
        "type": "Point",
        "coordinates": [
          28.061842282,
          43.371188579
        ]
      },
      "properties": {
        "mineral_id": "mw_4607ae84e4a129be",
        "name": "Сондаж № Р-13х \"Албена\"",
        "facility_type": "Минерален водовземен сондаж",
        "settlement": "Оброчище"
      }
    },
    {
      "type": "Feature",
      "geometry": {
        "type": "Point",
        "coordinates": [
          28.07815033,
          43.364845916
        ]
      },
      "properties": {
        "mineral_id": "mw_19dfaf244fc82177",
        "name": "Сондаж № Р-149х \"Албена\"",
        "facility_type": "Минерален водовземен сондаж",
        "settlement": "Оброчище"
      }
    },
    {
      "type": "Feature",
      "geometry": {
        "type": "Point",
        "coordinates": [
          28.032431611,
          43.259997433
        ]
      },
      "properties": {
        "mineral_id": "mw_03ccc8451ad09f8b",
        "name": "сондаж № Р-68х \"Златни пясъци",
        "facility_type": "Минерален водовземен сондаж",
        "settlement": "Варна"
      }
    },
    {
      "type": "Feature",
      "geometry": {
        "type": "Point",
        "coordinates": [
          23.057194444444445,
          42.00608333333333
        ]
      },
      "properties": {
        "mineral_id": "mw_a03a31b82c5095b1",
        "name": "Сондаж № 1хг - Барището",
        "facility_type": "Минерален водовземен сондаж",
        "settlement": "Зелен дол"
      }
    },
    {
      "type": "Feature",
      "geometry": {
        "type": "Point",
        "coordinates": [
          23.991339506,
          42.041787663
        ]
      },
      "properties": {
        "mineral_id": "mw_8469d8902f7b31f0",
        "name": "Сондаж № 5 \"Сярна Баня",
        "facility_type": "Минерален водовземен сондаж",
        "settlement": "Велинград"
      }
    },
    {
      "type": "Feature",
      "geometry": {
        "type": "Point",
        "coordinates": [
          23.991339506,
          42.041787663
        ]
      },
      "properties": {
        "mineral_id": "mw_ff6539448f2cdd39",
        "name": "КЕИ № 7 \"Сярна баня",
        "facility_type": "Минерален каптаж/извор",
        "settlement": "Велинград"
      }
    },
    {
      "type": "Feature",
      "geometry": {
        "type": "Point",
        "coordinates": [
          23.988934322,
          42.03968237
        ]
      },
      "properties": {
        "mineral_id": "mw_e0c74e5c690ed562",
        "name": "сондаж № 4 \"Власа",
        "facility_type": "Минерален водовземен сондаж",
        "settlement": "Велинград"
      }
    },
    {
      "type": "Feature",
      "geometry": {
        "type": "Point",
        "coordinates": [
          24.13086111,
          42.46372222
        ]
      },
      "properties": {
        "mineral_id": "mw_1a37a2061649bf96",
        "name": "Каптиран естествен извор „Банчето“",
        "facility_type": "Минерален каптаж/извор",
        "settlement": "Баня"
      }
    },
    {
      "type": "Feature",
      "geometry": {
        "type": "Point",
        "coordinates": [
          24.131060893,
          42.464941831
        ]
      },
      "properties": {
        "mineral_id": "mw_4ace48b058c01ce4",
        "name": "Сондаж № 2 „Наклонен“",
        "facility_type": "Минерален водовземен сондаж",
        "settlement": "Баня"
      }
    },
    {
      "type": "Feature",
      "geometry": {
        "type": "Point",
        "coordinates": [
          24.125027778,
          42.133805556
        ]
      },
      "properties": {
        "mineral_id": "mw_f6e8b119d405345c",
        "name": "КЕИ № 1 \"Варвара",
        "facility_type": "Минерален каптаж/извор",
        "settlement": "Варвара"
      }
    },
    {
      "type": "Feature",
      "geometry": {
        "type": "Point",
        "coordinates": [
          24.126027778,
          42.133277778
        ]
      },
      "properties": {
        "mineral_id": "mw_99d9881564bd054a",
        "name": "Каптиран естествен извор № 2 \"Ветрен дол\"",
        "facility_type": "Минерален каптаж/извор",
        "settlement": "Варвара"
      }
    },
    {
      "type": "Feature",
      "geometry": {
        "type": "Point",
        "coordinates": [
          24.7483333333,
          41.90175
        ]
      },
      "properties": {
        "mineral_id": "mw_30d7b1f7448f9fab",
        "name": "КЕИ \"Козлето\"",
        "facility_type": "Минерален каптаж/извор",
        "settlement": "Нареченски бани"
      }
    },
    {
      "type": "Feature",
      "geometry": {
        "type": "Point",
        "coordinates": [
          24.7389444444,
          41.9009722222
        ]
      },
      "properties": {
        "mineral_id": "mw_560ccec710e5ac74",
        "name": "КЕИ \"Очно изворче\"",
        "facility_type": "Минерален каптаж/извор",
        "settlement": "Нареченски бани"
      }
    },
    {
      "type": "Feature",
      "geometry": {
        "type": "Point",
        "coordinates": [
          24.7404444444,
          41.9009444444
        ]
      },
      "properties": {
        "mineral_id": "mw_726fa9c002635fb1",
        "name": "Каптиран естествен извор \"Бански каптаж\"",
        "facility_type": "Минерален каптаж/извор",
        "settlement": "Нареченски бани"
      }
    },
    {
      "type": "Feature",
      "geometry": {
        "type": "Point",
        "coordinates": [
          24.8410929,
          42.541135
        ]
      },
      "properties": {
        "mineral_id": "mw_b608509cabf245ae",
        "name": "Каптиран естествен извор \"Централен каптаж",
        "facility_type": "Минерален каптаж/извор",
        "settlement": ""
      }
    },
    {
      "type": "Feature",
      "geometry": {
        "type": "Point",
        "coordinates": [
          24.681493969,
          42.609482232
        ]
      },
      "properties": {
        "mineral_id": "mw_a5ba88ecf429ae3c",
        "name": "Сондаж № 12",
        "facility_type": "Минерален водовземен сондаж",
        "settlement": "Климент"
      }
    },
    {
      "type": "Feature",
      "geometry": {
        "type": "Point",
        "coordinates": [
          24.8400192,
          42.538592
        ]
      },
      "properties": {
        "mineral_id": "mw_4f5b536602d1474f",
        "name": "Каптиран естествен извор \"Мъжко банче\"",
        "facility_type": "Минерален каптаж/извор",
        "settlement": "Баня"
      }
    },
    {
      "type": "Feature",
      "geometry": {
        "type": "Point",
        "coordinates": [
          24.8416889,
          42.5394371
        ]
      },
      "properties": {
        "mineral_id": "mw_41e4a0f047961ca7",
        "name": "Сондаж \"Българска роза\"",
        "facility_type": "Минерален водовземен сондаж",
        "settlement": "Баня"
      }
    },
    {
      "type": "Feature",
      "geometry": {
        "type": "Point",
        "coordinates": [
          24.8383651,
          42.5399283
        ]
      },
      "properties": {
        "mineral_id": "mw_90f086a3943ffedf",
        "name": "Сондаж Г",
        "facility_type": "Минерален водовземен сондаж",
        "settlement": "Баня"
      }
    },
    {
      "type": "Feature",
      "geometry": {
        "type": "Point",
        "coordinates": [
          24.8401034,
          42.537634
        ]
      },
      "properties": {
        "mineral_id": "mw_6b7717e984dbbd89",
        "name": "Сондаж А\"",
        "facility_type": "Минерален водовземен сондаж",
        "settlement": "Баня"
      }
    },
    {
      "type": "Feature",
      "geometry": {
        "type": "Point",
        "coordinates": [
          24.8359966,
          42.5388927
        ]
      },
      "properties": {
        "mineral_id": "mw_19396ac4de647439",
        "name": "Сондаж В\"",
        "facility_type": "Минерален водовземен сондаж",
        "settlement": "Баня"
      }
    },
    {
      "type": "Feature",
      "geometry": {
        "type": "Point",
        "coordinates": [
          25.99538888888889,
          42.60341666666667
        ]
      },
      "properties": {
        "mineral_id": "mw_84dd14335cb852b1",
        "name": "КЕИ № 2",
        "facility_type": "Минерален каптаж/извор",
        "settlement": "Баня"
      }
    },
    {
      "type": "Feature",
      "geometry": {
        "type": "Point",
        "coordinates": [
          26.231635064333187,
          42.60947232726331
        ]
      },
      "properties": {
        "mineral_id": "mw_5391db64ed251104",
        "name": "Сондаж № 2 \"Наклонен\"",
        "facility_type": "Минерален водовземен сондаж",
        "settlement": "Злати войвода"
      }
    },
    {
      "type": "Feature",
      "geometry": {
        "type": "Point",
        "coordinates": [
          26.23196863723359,
          42.60936817931932
        ]
      },
      "properties": {
        "mineral_id": "mw_54678e818a45bb68",
        "name": "Сондаж № 22",
        "facility_type": "Минерален водовземен сондаж",
        "settlement": "Мечкарево"
      }
    },
    {
      "type": "Feature",
      "geometry": {
        "type": "Point",
        "coordinates": [
          24.927659547,
          41.449300666
        ]
      },
      "properties": {
        "mineral_id": "mw_7968c556edc6060d",
        "name": "сондаж ПЕС-1хг \"Яновска",
        "facility_type": "Минерален водовземен сондаж",
        "settlement": "Мадан"
      }
    },
    {
      "type": "Feature",
      "geometry": {
        "type": "Point",
        "coordinates": [
          24.848717466,
          41.485540081
        ]
      },
      "properties": {
        "mineral_id": "mw_16955c6d17a0bddb",
        "name": "сондаж ПЕС-1хг \"Рудозем",
        "facility_type": "Минерален водовземен сондаж",
        "settlement": "Рудозем"
      }
    },
    {
      "type": "Feature",
      "geometry": {
        "type": "Point",
        "coordinates": [
          23.774985936602,
          42.311068990513
        ]
      },
      "properties": {
        "mineral_id": "mw_9b238e499c073ecb",
        "name": "сондаж № 13хг",
        "facility_type": "Минерален водовземен сондаж",
        "settlement": "Долна баня"
      }
    },
    {
      "type": "Feature",
      "geometry": {
        "type": "Point",
        "coordinates": [
          23.472493456,
          42.679101661
        ]
      },
      "properties": {
        "mineral_id": "mw_1eb38e6b3b71ef13",
        "name": "сондаж № С-58хг Кривина",
        "facility_type": "Минерален водовземен сондаж",
        "settlement": "Кривина"
      }
    },
    {
      "type": "Feature",
      "geometry": {
        "type": "Point",
        "coordinates": [
          25.425294269,
          42.580782008
        ]
      },
      "properties": {
        "mineral_id": "mw_d933182f49a71079",
        "name": "сондаж № К-12",
        "facility_type": "Минерален водовземен сондаж",
        "settlement": "Казанлък"
      }
    },
    {
      "type": "Feature",
      "geometry": {
        "type": "Point",
        "coordinates": [
          25.430596515,
          42.581562197
        ]
      },
      "properties": {
        "mineral_id": "mw_0e3b3633aa0989ad",
        "name": "сондаж № К-14",
        "facility_type": "Минерален водовземен сондаж",
        "settlement": "Казанлък"
      }
    },
    {
      "type": "Feature",
      "geometry": {
        "type": "Point",
        "coordinates": [
          25.425383444,
          42.586427317
        ]
      },
      "properties": {
        "mineral_id": "mw_840c8905e80d26c8",
        "name": "сондаж № К-2",
        "facility_type": "Минерален водовземен сондаж",
        "settlement": "Казанлък"
      }
    },
    {
      "type": "Feature",
      "geometry": {
        "type": "Point",
        "coordinates": [
          25.416429534,
          42.598789514
        ]
      },
      "properties": {
        "mineral_id": "mw_34713a6394ec4efd",
        "name": "сондаж № К-3",
        "facility_type": "Минерален водовземен сондаж",
        "settlement": "Казанлък"
      }
    },
    {
      "type": "Feature",
      "geometry": {
        "type": "Point",
        "coordinates": [
          25.435817998,
          42.578690576
        ]
      },
      "properties": {
        "mineral_id": "mw_ffc2ff1452065102",
        "name": "сондаж № К-5",
        "facility_type": "Минерален водовземен сондаж",
        "settlement": "Казанлък"
      }
    },
    {
      "type": "Feature",
      "geometry": {
        "type": "Point",
        "coordinates": [
          25.404525275,
          42.5922597
        ]
      },
      "properties": {
        "mineral_id": "mw_1d345381deece27a",
        "name": "сондаж № К-6",
        "facility_type": "Минерален водовземен сондаж",
        "settlement": "Казанлък"
      }
    },
    {
      "type": "Feature",
      "geometry": {
        "type": "Point",
        "coordinates": [
          25.3450668,
          41.9400044
        ]
      },
      "properties": {
        "mineral_id": "mw_8018a7574142d39d",
        "name": "Сондаж № 2ВП",
        "facility_type": "Минерален водовземен сондаж",
        "settlement": "Минерални бани"
      }
    },
    {
      "type": "Feature",
      "geometry": {
        "type": "Point",
        "coordinates": [
          25.3452867,
          41.9398901
        ]
      },
      "properties": {
        "mineral_id": "mw_12f9859993ceb847",
        "name": "Каптиран естествен извор № 5",
        "facility_type": "Минерален каптаж/извор",
        "settlement": "Минерални бани"
      }
    },
    {
      "type": "Feature",
      "geometry": {
        "type": "Point",
        "coordinates": [
          25.3465872,
          41.9379
        ]
      },
      "properties": {
        "mineral_id": "mw_e33efc83fc72acd1",
        "name": "Сондаж № 3ВП",
        "facility_type": "Минерален водовземен сондаж",
        "settlement": "Минерални бани"
      }
    },
    {
      "type": "Feature",
      "geometry": {
        "type": "Point",
        "coordinates": [
          25.3445907,
          41.9409348
        ]
      },
      "properties": {
        "mineral_id": "mw_e60279f6dcdc0d9e",
        "name": "Сондаж № 4ВП",
        "facility_type": "Минерален водовземен сондаж",
        "settlement": "Минерални бани"
      }
    },
    {
      "type": "Feature",
      "geometry": {
        "type": "Point",
        "coordinates": [
          26.654805555555555,
          42.95205555555556
        ]
      },
      "properties": {
        "mineral_id": "mw_e4a4d51a9ebc9818",
        "name": "Каптиран естествен извор \"Минерална вода",
        "facility_type": "Минерален каптаж/извор",
        "settlement": ""
      }
    },
    {
      "type": "Feature",
      "geometry": {
        "type": "Point",
        "coordinates": [
          26.651680555555554,
          42.95676111111111
        ]
      },
      "properties": {
        "mineral_id": "mw_2ec63fbd1e30e78b",
        "name": "Каптиран естествен извор \"Солената вода",
        "facility_type": "Минерален каптаж/извор",
        "settlement": ""
      }
    }
  ]
}
