{"type":"FeatureCollection","name":"SONDI MRRB Active Fault Corridors","metadata":{"generated_date":"2026-09-04","feature_count":132,"geometry_role":"official buffered active fault corridors","source_geometry":"MRRB faults2_buffered.shp","curation":"SONDI active_faults_master.json","crs":"EPSG:4326"},"features":[{"type":"Feature","geometry":{"type":"Polygon","coordinates":[[[23.59614514531455,43.17088084926722],[23.42639652892819,43.26890729815055],[23.353305637103993,43.25826222396266],[23.353113265603277,43.25825658771196],[23.352927926257713,43.258294674671134],[23.35276776102348,43.258372756686214],[23.352648447818435,43.25848319067332],[23.352581665923676,43.25861516672809],[23.352573952706138,43.258755766219615],[23.3526260635849,43.2588912263159],[23.352732897934384,43.259008287175945],[23.352883998235324,43.25909548993939],[23.35306457366419,43.259144298448405],[23.426434638312244,43.26982998037137],[23.426610967528067,43.26983673084604],[23.426782663694702,43.26980662177059],[23.42693559648733,43.26974213106624],[23.597061719486113,43.17149721013303],[23.59719021274087,43.17139561797888],[23.59727040972966,43.17127023702648],[23.628910353536334,43.09162295819924],[23.628934453958077,43.09148333297428],[23.62889850288591,43.091345083356345],[23.628806019835295,43.09122174214086],[23.62866605791873,43.091125382711425],[23.628492317577233,43.09106543725631],[23.628301805488256,43.091047773535294],[23.62811316992436,43.0910741205478],[23.627944875474814,43.09114189930509],[23.627813395745772,43.09124447526411],[23.627731600895714,43.09137180771933],[23.59614514531455,43.17088084926722]]]},"properties":{"fault_id":"FLT-VRACHANSKA-VERIGA-BUTOV-DOL-REC1","mrrb_record":1,"mrrb_name":"Vrachanska veriga (Butov Dol)","scientific_name":null,"fault_system":"Vrachanska veriga regional active fault system","fault_type":"sinistral_normal_fault","bgcs":"EUR_BGCS024","correspondence_type":"regional_fault_system_crosswalk","confidence":"HIGH","exact_trace_identity":false,"source_ids":["SRC-MRRB-2025","SRC-GEM-SONDI","SRC-GEO-MAP-K34-035-BERKOVITSA","SRC-GEO-MAP-K34-036-VRATSA"],"notes":["REC1 има основно простиране приблизително 130.11°.","REC1 геометрично пресича GEM EUR_BGCS024.","Най-близкият GEM EUR_BGCS024 има разлика в локалното простиране спрямо REC1 около 2.96°.","EFSM20 независимо пресича REC1 при същото регионално представяне на разлома и показва разлика в локалното простиране около 3.22°.","K-34-035 Берковица и K-34-036 Враца подкрепят продължението на REC1 и EUR_BGCS024 в един и същ регионален структурен коридор.","Съответствието е на регионално/системно ниво и не твърди точно съвпадение на повърхностната следа."],"open_items":[],"mrrb_I_AF":0.2,"mrrb_H_AF":0.009,"mrrb_A_AF":3295823,"mrrb_length":32920.97,"geometry_role":"official_buffered_active_fault_corridor","display_source":"MRRB + SONDI curated crosswalk","epistemic_note":"Buffered official fault corridor; not an exact mapped surface trace."}},{"type":"Feature","geometry":{"type":"Polygon","coordinates":[[[23.749730337175542,42.98729865081014],[23.824910886824824,42.95107150819852],[23.971441740999484,42.88602094458577],[23.971587985900218,42.88593011480684],[23.971688903694204,42.88581049789737],[23.971734616003623,42.885673802926796],[23.971720648527896,42.8855334106279],[23.97164836889,42.88540306356825],[23.97152485261535,42.88529552093524],[23.971362190418997,42.88522130961269],[23.97117630465107,42.885187693789014],[23.97098539076692,42.88519796393859],[23.970808136358592,42.885251114756414],[23.824268390192543,42.95030540410484],[23.824248339732442,42.95031467557577],[23.749044823335556,42.986552738915215],[23.74901803955338,42.98656638979806],[23.685507707099468,43.020771627877906],[23.685372663050945,43.02087158059638],[23.685286323575784,43.02099726079711],[23.68525714040314,43.02113636614923],[23.685287970555326,43.021275280107226],[23.685375796541198,43.021400404771995],[23.68551202158449,43.02149949196071],[23.685683311043267,43.021562842185716],[23.685872897692082,43.02158425416275],[23.686062223098766,43.021561631882776],[23.686232754394435,43.02149718980515],[23.749730337175542,42.98729865081014]]]},"properties":{"fault_id":"FLT-DRAGOI-BALK-REC2","mrrb_record":2,"mrrb_name":"Dragoi Balk","scientific_name":null,"fault_system":"Dragoi Balk regional active fault system","fault_type":"sinistral_normal_fault","bgcs":"EUR_BGCS022","correspondence_type":"regional_fault_system_crosswalk","confidence":"HIGH","exact_trace_identity":false,"source_ids":["SRC-MRRB-2025","SRC-GEM-SONDI","SRC-GEO-MAP-K34-048-BOTEVGRAD","SRC-GEO-MAP-K34-036-VRATSA"],"notes":["REC2 има основно простиране приблизително 122.69°.","REC2 геометрично пресича GEM EUR_BGCS022.","Най-близкият GEM EUR_BGCS022 има разлика в локалното простиране спрямо REC2 около 0.94°.","EFSM20 независимо пресича REC2 и показва разлика в локалното простиране около 2.00°.","K-34-048 Ботевград и K-34-036 Враца подкрепят продължението на REC2 и EUR_BGCS022 в един и същ регионален структурен коридор.","Съответствието е на регионално/системно ниво и не твърди точно съвпадение на повърхностната следа."],"open_items":[],"mrrb_I_AF":0.4,"mrrb_H_AF":0.018,"mrrb_A_AF":2780474,"mrrb_length":27751.12,"geometry_role":"official_buffered_active_fault_corridor","display_source":"MRRB + SONDI curated crosswalk","epistemic_note":"Buffered official fault corridor; not an exact mapped surface trace."}},{"type":"Feature","geometry":{"type":"Polygon","coordinates":[[[24.061900474539982,42.69190946214604],[24.080834329185546,42.702511743222956],[24.103708552494957,42.72604145636736],[24.103830959512784,42.726135070829294],[24.103984563725767,42.72619896975909],[24.104156537321824,42.72622781678313],[24.139007329114097,42.72824897962212],[24.139091635763897,42.72824954962944],[24.199570616943802,42.72555697343801],[24.233278332584923,42.72823394344133],[24.25515122106941,42.74095276071438],[24.255310150142712,42.741019432992886],[24.25548873792817,42.741048420007196],[24.26924562985366,42.74172198761586],[24.269430368512296,42.74171021967293],[24.310701027350373,42.734300613042656],[24.31082381904676,42.73426795154102],[24.353928662478253,42.718772274811236],[24.354085059305024,42.71869150038907],[24.354199949952463,42.71857904285685],[24.35426208821674,42.71844591048029],[24.354265391868324,42.71830513527938],[24.354209537909643,42.71817049732703],[24.354099994044578,42.71805517585364],[24.353947483335737,42.71797045919915],[24.353766934500683,42.71792463988104],[24.353576020620647,42.717922202918004],[24.35339342928953,42.717963386841575],[24.310348046455534,42.7334376779133],[24.269232863299493,42.74081938833175],[24.255758638797467,42.74015967182257],[24.233896446162397,42.72744711365822],[24.233749048055152,42.72738376635407],[24.23358362660382,42.72735297243227],[24.19965044198266,42.72465812919862],[24.19954795001557,42.724656359511606],[24.139060675937234,42.72734935556973],[24.104535224355555,42.72534711210146],[24.081772396853044,42.70193228268097],[24.081645352899955,42.701835979345084],[24.062385882155656,42.69105141405008],[24.06221471380306,42.69098410334987],[24.06202355341231,42.6909598401576],[24.06183173258867,42.690981078140176],[23.93251869876621,42.7213078886268],[23.93234798460994,42.721370909101296],[23.932212037278685,42.7214697419581],[23.932124164222405,42.72159471288996],[23.93209296727799,42.72173358899409],[23.932121500581335,42.72187277616699],[23.932206971469146,42.72199864976822],[23.932341013700917,42.72209888830662],[23.9325105063111,42.72216367959425],[23.93269885797218,42.72218668128573],[23.932887631149622,42.722165641758004],[24.061900474539982,42.69190946214604]]]},"properties":{"fault_id":"FLT-ZL-PIRDOP-REC3","mrrb_record":3,"mrrb_name":"Zl_Pirdop","scientific_name":null,"fault_system":"Zlatitsa-Pirdop local active fault corridor","fault_type":null,"bgcs":null,"correspondence_type":"local_fault_corridor_correspondence","confidence":"HIGH","exact_trace_identity":false,"source_ids":["SRC-MRRB-2025","SRC-GEM-SONDI","SRC-GEO-MAP-K34-048-BOTEVGRAD","SRC-GEO-MAP-K35-037-TETEVEN"],"notes":["REC3 има основно простиране приблизително 87.81°.","Най-близкият GEM EUR_BGCS022 е на приблизително 11.46 km от REC3, с разлика в локалното простиране около 33.42°.","EFSM20 независимо показва разстояние приблизително 11.47 km и разлика в локалното простиране около 33.33°.","Другите близки GEM кандидати също показват съществени несъответствия по посока или пространство и не обосновават директно международно каталогово съответствие.","K-34-048 Ботевград и K-35-037 Тетевен показват REC3 като продължаващ по собствен приблизително изток–запад локален структурен коридор.","Официалните геоложки карти подкрепят локалното структурно съответствие, но не установяват независимо съвременна кинематика.","Не е зададено директно BGCS каталогово съответствие.","Кинематиката на разлома остава неуточнена."],"open_items":[],"mrrb_I_AF":0.4,"mrrb_H_AF":0.018,"mrrb_A_AF":3784168,"mrrb_length":37788.18,"geometry_role":"official_buffered_active_fault_corridor","display_source":"MRRB + SONDI curated crosswalk","epistemic_note":"Buffered official fault corridor; not an exact mapped surface trace."}},{"type":"Feature","geometry":{"type":"Polygon","coordinates":[[[24.463683049150887,42.70197095697623],[24.496974126099314,42.713769412127014],[24.497065515621433,42.7137953543118],[24.523155485496115,42.71947329460439],[24.523381860846328,42.71948993640622],[24.56440913247681,42.71681061534927],[24.58256048688171,42.72747864291608],[24.58273936471911,42.72755149495938],[24.5829408325599,42.72757673870687],[24.61137174480768,42.72757674377809],[24.611524551595842,42.72756239592929],[24.611667621766223,42.72752030390287],[24.684120401142525,42.69786980266379],[24.684150611551846,42.69785657010322],[24.754736309665685,42.664835383378794],[24.770240959299468,42.65946991618415],[24.816042377931595,42.65071188605076],[24.816081883477377,42.650703261534495],[24.8540914674649,42.6413557811864],[24.89438685567312,42.63698914334823],[24.925337322263807,42.6427021708535],[24.925357487700122,42.642705622654766],[24.945648892908427,42.64591006232187],[24.945839385354414,42.64591759806755],[24.946023708669596,42.64588130809228],[24.94618381966323,42.645804744774786],[24.94630404538769,42.64569540279148],[24.94637261737996,42.64556398543727],[24.946382823614602,42.645423356859105],[24.946333665417015,42.645287282785254],[24.946229955074465,42.645169083031014],[24.94608184464587,42.645080327686465],[24.945903832143376,42.64502970460338],[24.925622818864245,42.64182691499444],[24.894565637119186,42.63609418422044],[24.894328994632854,42.636085510992324],[24.853861378909823,42.640470836878016],[24.853756954267077,42.640489184785885],[24.81571628423895,42.649844324452445],[24.769880559936098,42.658608905875006],[24.769774389491758,42.65863714437678],[24.754183439370916,42.66403246886354],[24.754115499220866,42.66405998665887],[24.68351241444079,42.697089204521724],[24.611213706252673,42.72667663486388],[24.583154468369834,42.726676646685554],[24.56497902072001,42.715994479367616],[24.564774383199204,42.71591540890728],[24.564544550887355,42.71589809070415],[24.523389793895877,42.718585818177125],[24.49745830266647,42.71294237508415],[24.46408642997646,42.70111529791239],[24.46382190394507,42.70107085540442],[24.422445170641122,42.7010703850741],[24.422256616624352,42.701092374778966],[24.422086503669103,42.70115626389434],[24.42195148337765,42.701255798616785],[24.42186477246275,42.70138123593558],[24.421834859009103,42.70152029729247],[24.421864671517895,42.70165937044644],[24.421951292105714,42.70178484191438],[24.42208624198495,42.70188442956644],[24.422256311335286,42.70194838492795],[24.422444852367562,42.70197044748204],[24.463683049150887,42.70197095697623]]]},"properties":{"fault_id":"FLT-KARLOVO-REC4","mrrb_record":4,"mrrb_name":"Karlovo","scientific_name":null,"fault_system":"Karlovo local active fault corridor","fault_type":null,"bgcs":null,"correspondence_type":"local_fault_corridor_correspondence","confidence":"HIGH","exact_trace_identity":false,"source_ids":["SRC-MRRB-2025","SRC-GEM-SONDI","SRC-GEO-MAP-K35-049-PANAGYURISHTE","SRC-GEO-MAP-K35-050-KARLOVO"],"notes":["REC4 има основно простиране приблизително 101.28°.","REC4 геометрично пресича GEM EUR_BGCS043, но разликата в локалното простиране е приблизително 19.17°.","EFSM20 независимо показва същата геометрия на пресичане с разлика в локалното простиране около 19.27°.","EUR_BGCS040 е на приблизително 3.20 km от REC4, но има разлика в локалното простиране около 13.55° и не представлява непрекъснато съвпадение на следата.","K-35-050 Карлово показва REC4 по собствен локален структурен коридор, докато EUR_BGCS043 и EUR_BGCS040 остават отделни пресичащи или съседни регионални структури.","K-35-049 Панагюрище осигурява западен регионален геоложки контрол за коридора.","Не е зададено директно BGCS каталогово съответствие.","Кинематиката на разлома остава неуточнена, защото наличните данни не установяват независимо кинематичен тип за REC4."],"open_items":[],"mrrb_I_AF":0.2,"mrrb_H_AF":0.009,"mrrb_A_AF":4628257,"mrrb_length":46211.58,"geometry_role":"official_buffered_active_fault_corridor","display_source":"MRRB + SONDI curated crosswalk","epistemic_note":"Buffered official fault corridor; not an exact mapped surface trace."}},{"type":"Feature","geometry":{"type":"Polygon","coordinates":[[[26.429677993072385,42.67841437942676],[26.441048848161994,42.677780293071315],[26.44118870832575,42.67776017656183],[26.457159571982384,42.67399002213648],[26.465334903526603,42.67238859456203],[26.46544379124705,42.67235882467055],[26.48157796886982,42.666604305905445],[26.511649925978542,42.66263397946751],[26.511669400298686,42.662631163610705],[26.53493111220797,42.65897419836915],[26.534962110253453,42.658968693005285],[26.573068868549992,42.65141082271732],[26.605425908434576,42.6578323530733],[26.60561808598015,42.65784707768728],[26.60580686365072,42.65781670644288],[26.616087810361744,42.65484104633425],[26.644483105335414,42.656829096301934],[26.644496381802576,42.656829916296616],[26.660711058615394,42.6576987332441],[26.660927933914213,42.65768147853894],[26.675321765658847,42.654543297812786],[26.675419146105483,42.65451516026597],[26.690459874374284,42.6490278685221],[26.703288965456338,42.64947654204694],[26.709783070930254,42.65147893520757],[26.709868944888857,42.651500038853484],[26.71609966475795,42.65266016021459],[26.716255672667366,42.65267380302032],[26.732662322375344,42.652536893366815],[26.73274271285518,42.65253228271329],[26.766459669493358,42.64892626028844],[26.766511648242076,42.64891898173505],[26.78825200394497,42.64514468644915],[26.78842863518901,42.64509136287615],[26.788574300758274,42.64500035395129],[26.788674741826952,42.64488056840112],[26.788720126694596,42.64474373179649],[26.78870601311608,42.64460323872348],[26.788633783008876,42.64447284160302],[26.788510507035426,42.64436530451558],[26.78834825237189,42.644291153801674],[26.788162901464073,42.64425764772328],[26.78797259740833,42.64426806602288],[26.76625830555872,42.64803783752821],[26.732608011505445,42.65163673326386],[26.71632120277199,42.651772646321064],[26.71021136712259,42.65063503297344],[26.70366014347998,42.64861502726295],[26.703453842721938,42.648580734235054],[26.69036000266478,42.64812279924731],[26.690206416099514,42.64813179931224],[26.690060783776367,42.648168921174474],[26.674925729018906,42.65369062868723],[26.660688721266865,42.65679461978713],[26.644591480610554,42.6559320887082],[26.616058305540296,42.653934367608805],[26.615777870758787,42.653963435058],[26.605548508025596,42.65692417882876],[26.573227396871758,42.65050972950778],[26.573068943123253,42.65049426473179],[26.572910486863023,42.65050971546759],[26.534661166613077,42.658095890099425],[26.5114250713747,42.66174882740973],[26.481280659259998,42.6657287080488],[26.481122442779924,42.66576657113417],[26.46496536375498,42.67152925610245],[26.45683167350412,42.6731225232165],[26.456802217316774,42.67312888128213],[26.440885258883178,42.67688631420448],[26.42956296849915,42.67751768865525],[26.429516908121855,42.67752155779468],[26.37549772494068,42.68358725835314],[26.375315756530135,42.68362993628483],[26.3751605692988,42.68371201185492],[26.375047353926693,42.68382545106765],[26.37498719283488,42.683959149838046],[26.37498597531827,42.68410002088537],[26.37504382094271,42.68423427477426],[26.375155067693278,42.68434876971923],[26.375308826090382,42.6844322980244],[26.375490045079168,42.68447668322173],[26.37568098537431,42.684477580492455],[26.429677993072385,42.67841437942676]]]},"properties":{"fault_id":"FLT-STRALDZHA-REC5","mrrb_record":5,"mrrb_name":"Straldja","scientific_name":null,"fault_system":"Straldzha-Sliven regional fault system","fault_type":null,"bgcs":"EUR_BGCS010","correspondence_type":"regional_fault_system_crosswalk","confidence":"HIGH","exact_trace_identity":false,"source_ids":["SRC-MRRB-2025","SRC-GEM-SONDI","SRC-GEO-MAP-K35-041-SLIVEN"],"notes":["REC5 се намира в главния структурен пояс Стралджа–Сливен с направление от изток–запад до ЗСЗ–ИЮИ.","Силното пространствено съответствие с EUR_BGCS010 се запазва като регионално съответствие на ниво разломна система, а не като точно съвпадение на повърхностната следа."],"open_items":["Индивидуалното научно име на разлома и публикуваната идентичност на ниво сегмент остават неуточнени."],"mrrb_I_AF":0.4,"mrrb_H_AF":0.018,"mrrb_A_AF":3490017,"mrrb_length":34797.75,"geometry_role":"official_buffered_active_fault_corridor","display_source":"MRRB + SONDI curated crosswalk","epistemic_note":"Buffered official fault corridor; not an exact mapped surface trace."}},{"type":"Feature","geometry":{"type":"Polygon","coordinates":[[[27.225712499107544,42.82958541767476],[27.299585311908366,42.81058476008782],[27.368948715988687,42.80027631184808],[27.43569444333754,42.80618625207219],[27.43585324110442,42.8061849726384],[27.527527716728432,42.796554509349605],[27.52753493715285,42.79655371540792],[27.572820296438632,42.791361128761004],[27.573019006415993,42.79131145801699],[27.613369563101234,42.77507756857824],[27.69099082739259,42.750752200452574],[27.691048905944474,42.750731230673246],[27.74913537225183,42.7268461028859],[27.749175450791252,42.72682808269339],[27.793197334275746,42.705265252248495],[27.793337910953632,42.70516988365614],[27.79343164838111,42.7050471440266],[27.793469371090087,42.704909048089185],[27.79344738687775,42.704769113688215],[27.793367848088053,42.704641038542455],[27.79323854078165,42.70453735943049],[27.793072122486645,42.7044682250451],[27.792884883180847,42.70444040262243],[27.792695150793325,42.70445661556328],[27.79252149727604,42.704515276867404],[27.74851947159164,42.726068269817844],[27.690482296821905,42.749933034440154],[27.612863944279106,42.77425740028173],[27.61280979479323,42.77427671499844],[27.57252664444629,42.790483455745814],[27.527350751625406,42.79566346484145],[27.435760460239727,42.80528510807329],[27.368997342363684,42.799373571074895],[27.36880288790111,42.799379266039686],[27.299302444300054,42.80970809064023],[27.299221222278486,42.80972449046298],[27.225271637755878,42.828744863123994],[27.225198050117715,42.82876783164172],[27.19027200920197,42.84170349921228],[27.19011655266225,42.841785708472244],[27.19000322575862,42.841899245267285],[27.18994312183564,42.84203299596011],[27.18994212459781,42.84217386818499],[27.190000332051756,42.84230807238781],[27.190112046763662,42.84242247164324],[27.19026633344258,42.842505867620346],[27.190448089315755,42.84255009680459],[27.190639522538188,42.84255082965121],[27.190821893902225,42.84250799442337],[27.225712499107544,42.82958541767476]]]},"properties":{"fault_id":"FLT-PROSENIK-REC6","mrrb_record":6,"mrrb_name":"Prosenik","scientific_name":null,"fault_system":"Prosenik-Emine regional active fault system","fault_type":"normal_fault","bgcs":"EUR_BGCS013","correspondence_type":"regional_fault_system_crosswalk","confidence":"HIGH","exact_trace_identity":false,"source_ids":["SRC-MRRB-2025","SRC-GEM-SONDI","SRC-GEO-MAP-K35-043-AYTOS","SRC-GEO-MAP-K35-044-DOLNI-CHIFLIK"],"notes":["REC6 има простиране приблизително от изток–запад до ЗСЗ–ИЮИ — 105.90°.","Най-близкият GEM източник EUR_BGCS013 е на приблизително 0.53 km, с разлика в локалното простиране около 6.08°.","EFSM20 независимо поставя съответната моделирана структура приблизително на 0.34 km от REC6, с разлика в простирането около 6.18°.","K-35-043 Айтос и K-35-044 Долни чифлик показват REC6 и EUR_BGCS013 в един и същ дълъг регионален структурен коридор.","REC6 пресича REC31 в MRRB геометрията и се различава от REC31 по простиране само с приблизително 3.61°.","Каталоговото съответствие е на регионално/системно ниво и не твърди точно съвпадение на повърхностната следа."],"open_items":[],"mrrb_I_AF":0.4,"mrrb_H_AF":0.018,"mrrb_A_AF":5277840,"mrrb_length":52661.67,"geometry_role":"official_buffered_active_fault_corridor","display_source":"MRRB + SONDI curated crosswalk","epistemic_note":"Buffered official fault corridor; not an exact mapped surface trace."}},{"type":"Feature","geometry":{"type":"Polygon","coordinates":[[[26.874711347744782,42.73386457688792],[26.92081947398477,42.732235369490155],[26.920833620081005,42.7322347454454],[27.02098633187908,42.72691207816818],[27.182900134639844,42.73141632933206],[27.183065422971072,42.73140414625362],[27.18322014544376,42.73135958126959],[27.24655399232439,42.70528332396521],[27.246661610106898,42.705226903210594],[27.28059507135441,42.682982402127486],[27.280630662918732,42.68295707979849],[27.317315426636004,42.65463438557262],[27.317424061828213,42.654518555420005],[27.31747888782884,42.65438361514486],[27.317474538210472,42.65424277371806],[27.317411439129902,42.654109817672044],[27.317295767465566,42.65399776158198],[27.317138846066765,42.65391757414241],[27.316956035355744,42.65387710452706],[27.31676522979512,42.65388031410732],[27.31658510637676,42.65392688871476],[27.31643329653504,42.6540122693913],[27.279765595106515,42.682321490975156],[27.245900348162262,42.70452109873121],[27.18277425308787,42.73051175881355],[27.020999583903073,42.72601123009773],[27.020931697039238,42.72601207807713],[26.92075357948036,42.731336114539566],[26.87450030227274,42.732970419228145],[26.874352866716173,42.73298912016589],[26.874216019909934,42.733033680742764],[26.847370551693015,42.74485645574481],[26.847223806908012,42.74494672182116],[26.847122088929613,42.74506599268307],[26.847075354789787,42.745202593395305],[26.847088179493067,42.74534315259602],[26.847159308052884,42.74547391135298],[26.84728177819142,42.7455820699907],[26.847443601748452,42.74565704104907],[26.8476289381392,42.745691485710786],[26.847819645005078,42.745682032224735],[26.847997054244587,42.745629605982366],[26.874711347744782,42.73386457688792]]]},"properties":{"fault_id":"FLT-AITOS-REC7","mrrb_record":7,"mrrb_name":"Aitos","scientific_name":null,"fault_system":"Aitos regional active fault system","fault_type":"normal_fault","bgcs":"EUR_BGCS012","correspondence_type":"regional_fault_system_crosswalk","confidence":"HIGH","exact_trace_identity":false,"source_ids":["SRC-MRRB-2025","SRC-GEM-SONDI","SRC-GEO-MAP-K35-042-SUNGURLARE","SRC-GEO-MAP-K35-043-AYTOS"],"notes":["REC7 има основно простиране приблизително 102.45°.","REC7 геометрично пресича GEM EUR_BGCS012.","Най-близкият GEM EUR_BGCS012 има разлика в локалното простиране спрямо REC7 около 13.62°.","EFSM20 независимо пресича REC7 и показва разлика в локалното простиране около 14.02°.","K-35-042 Сунгурларе и K-35-043 Айтос показват REC7 и EUR_BGCS012 в един и същ широк регионален структурен коридор.","EUR_BGCS011, EUR_BGCS010 и EUR_BGCS013 са близки регионални структури, но не осигуряват по-силно общо съответствие.","Каталоговото съответствие е на регионално/системно ниво и не твърди точно съвпадение на повърхностната следа.","Кинематичният тип „нормален разлом“ е наследен от приетото международно каталогово съответствие EUR_BGCS012."],"open_items":[],"mrrb_I_AF":0.4,"mrrb_H_AF":0.018,"mrrb_A_AF":4196011,"mrrb_length":41849.98,"geometry_role":"official_buffered_active_fault_corridor","display_source":"MRRB + SONDI curated crosswalk","epistemic_note":"Buffered official fault corridor; not an exact mapped surface trace."}},{"type":"Feature","geometry":{"type":"Polygon","coordinates":[[[26.71023072214927,42.76247575081897],[26.710306571319016,42.76249326762663],[26.72816890753078,42.76569363899266],[26.72825307782317,42.76570418986917],[26.764343471345114,42.768328905749],[26.82373783541565,42.77607292724738],[26.871862464367325,42.7825876266751],[26.871909662362786,42.782592612698885],[26.909490631653345,42.785459850219574],[26.909604128952846,42.78546068777196],[26.950977391578455,42.78291940908899],[26.951028591807553,42.78291464458104],[26.984575868114383,42.77872127338008],[27.03936243697776,42.77403038242559],[27.03954657452421,42.773992383865235],[27.03970576053105,42.77391432521662],[27.039824412613008,42.77380384753488],[27.039890916367206,42.77367176528297],[27.039898762237634,42.773531007684255],[27.03984718260321,42.77339535308465],[27.039741226769944,42.773278080227826],[27.039591266582846,42.77319066846741],[27.039411981100255,42.773141674137754],[27.039220919739574,42.77313589305298],[26.984419063140944,42.77782808873938],[26.98438705292461,42.77783145587816],[26.950849760676174,42.78202358458846],[26.909559628790184,42.784559763365834],[26.87205962087771,42.78169869787973],[26.823956952136083,42.77518696871674],[26.823952612193256,42.77518639215612],[26.7645336156502,42.7674391572819],[26.764486804255608,42.767434407924235],[26.728415981080683,42.76481112725411],[26.710634162908022,42.7616251848746],[26.621446990313043,42.73618090402206],[26.62126019369593,42.73615115407418],[26.621070068325707,42.736165411024],[26.620895224617886,42.73622227932893],[26.620752777229775,42.736316192426514],[26.620656669859052,42.73643795758881],[26.620616310354702,42.73657565571704],[26.62063564973872,42.73671580801878],[26.620712795317857,42.736844695383255],[26.620840195808366,42.73694970131374],[26.62100538040775,42.73702054695776],[26.71023072214927,42.76247575081897]]]},"properties":{"fault_id":"FLT-SUNGURLARE-REC8","mrrb_record":8,"mrrb_name":"sungurlare","scientific_name":null,"fault_system":"Sungurlare regional active fault system","fault_type":"normal_fault","bgcs":"EUR_BGCS011","correspondence_type":"regional_fault_system_crosswalk","confidence":"HIGH","exact_trace_identity":false,"source_ids":["SRC-MRRB-2025","SRC-GEM-SONDI","SRC-GEO-MAP-K35-042-SUNGURLARE","SRC-GEO-MAP-K35-043-AYTOS"],"notes":["REC8 има основно простиране приблизително 83.22°.","Най-близкият GEM EUR_BGCS011 се намира приблизително на 0.47 km от REC8, с разлика в локалното простиране около 1.02°.","EFSM20 независимо показва разстояние приблизително 0.42 km и разлика в локалното простиране около 1.06°.","K-35-042 Сунгурларе показва REC8 и EUR_BGCS011 като почти паралелни в рамките на един и същ регионален структурен коридор.","K-35-043 Айтос осигурява източно продължение и регионален контрол.","EUR_BGCS012, EUR_BGCS010 и EUR_BGCS014 са близки структури, но не осигуряват по-силно общо съответствие.","Съответствието е на регионално/системно ниво и не твърди точно съвпадение на повърхностната следа.","Кинематичният тип „нормален разлом“ е наследен от приетото международно каталогово съответствие EUR_BGCS011."],"open_items":[],"mrrb_I_AF":0.4,"mrrb_H_AF":0.018,"mrrb_A_AF":3513159,"mrrb_length":35026.53,"geometry_role":"official_buffered_active_fault_corridor","display_source":"MRRB + SONDI curated crosswalk","epistemic_note":"Buffered official fault corridor; not an exact mapped surface trace."}},{"type":"Feature","geometry":{"type":"Polygon","coordinates":[[[26.048157669117614,42.54411595064935],[26.048400399938526,42.54419843841589],[26.102631431408888,42.55271617048437],[26.123502337515763,42.55726858917913],[26.12378446612977,42.55727959056179],[26.163213133426712,42.55192657172337],[26.197698624241117,42.55129024787672],[26.197818966989143,42.551279076252364],[26.219841600727854,42.54755600780855],[26.219892842002984,42.54754558054552],[26.25705394092485,42.5386694232845],[26.257173829078756,42.538629753730554],[26.28152646618701,42.52810274245733],[26.30981981250061,42.51779691999372],[26.33891718617583,42.51007883317528],[26.339015912526055,42.5100449842393],[26.360268428934102,42.50096634875294],[26.36041758730534,42.50087667581734],[26.378637320145526,42.48580428889301],[26.37874045426268,42.48568588330355],[26.37878910521902,42.48554968419123],[26.378778511051276,42.485409023745596],[26.378709709171428,42.48527767077797],[26.378589434672016,42.485168482939365],[26.37842946093947,42.485092148159346],[26.37824544716229,42.48505613848932],[26.37805540555978,42.485063978735255],[26.377877938347087,42.48511490145234],[26.377730416966298,42.4852039220629],[26.359575533421232,42.50022250479871],[26.338454773978075,42.50924481693748],[26.30937656670209,42.516957797267864],[26.30931291198285,42.516977757060275],[26.28096920268162,42.52730189883411],[26.280930777744036,42.527317176551676],[26.256616534662665,42.53782756468953],[26.219544059992394,42.54668253924758],[26.197607063075143,42.55039113429308],[26.163135076443236,42.55102719687898],[26.163040016015465,42.551034482799956],[26.12370758395539,42.556374474579435],[26.102953429281822,42.55184751245804],[26.102907379100664,42.551838891216676],[26.04878772317083,42.54333870433298],[26.024760974109277,42.52977245102082],[26.02459338497029,42.52970551555101],[26.024406032602695,42.529680159400144],[26.024217256004455,42.52969886455154],[26.02404553357257,42.529759800047884],[26.02390767445079,42.5298570012053],[26.023817173226863,42.52998095343733],[26.023782888997275,42.53011952355546],[26.023808178098427,42.53025914740443],[26.023890565428644,42.53038615759588],[26.024021986586362,42.53048812138023],[26.048157669117614,42.54411595064935]]]},"properties":{"fault_id":"FLT-SURNENA-GORA-REC9","mrrb_record":9,"mrrb_name":"Surnena gora","scientific_name":null,"fault_system":"Surnena Gora - Stara Zagora regional fault network","fault_type":null,"bgcs":null,"correspondence_type":"regional_oblique_fault_network_correspondence","confidence":"MEDIUM_HIGH","exact_trace_identity":false,"source_ids":["SRC-MRRB-2025","SRC-GEM-SONDI","SRC-GEO-MAP-K35-053-NOVA-ZAGORA"],"notes":["REC9 се намира близо до EUR_BGCS004 — приблизително 2.1 km — но не пресича моделираната следа.","Разликата в ориентацията спрямо най-близкия сегмент на BGCS004 е приблизително 31°, затова не се задава директно BGCS каталогово съответствие.","K-35-053 Нова Загора подкрепя локално структурно съответствие в рамките на същата регионална разломна мрежа."],"open_items":["Целенасочено търсене в научната литература може да изясни дали REC9 принадлежи към именуван клон на Сърнена гора."],"mrrb_I_AF":0.4,"mrrb_H_AF":0.018,"mrrb_A_AF":3184536,"mrrb_length":31746.82,"geometry_role":"official_buffered_active_fault_corridor","display_source":"MRRB + SONDI curated crosswalk","epistemic_note":"Buffered official fault corridor; not an exact mapped surface trace."}},{"type":"Feature","geometry":{"type":"Polygon","coordinates":[[[26.002595662914857,42.527775430203654],[26.002582351011586,42.52763490404104],[26.00251098055108,42.527504298310475],[26.002388538051054,42.527396397516185],[26.002227009108374,42.527321763602075],[26.002042205137872,42.52728770212776],[26.00185221570337,42.527297547198216],[26.001675637913614,42.52735033512503],[26.001529756153175,42.527440898752815],[26.001428850273317,42.52756037322026],[26.00138279780811,42.52769706366202],[25.99770935364716,42.55878089284669],[25.99772265989777,42.5589214187756],[25.997794054870287,42.559052027049965],[25.997916550207627,42.55915993272707],[25.99807815528474,42.559234573109705],[25.998263050906978,42.55926864174906],[25.998453137865656,42.559258803699834],[25.998629808743374,42.55920602199446],[25.998775769483416,42.55911546336881],[25.99887673235956,42.55899599246987],[25.99892281458577,42.55885930406972],[26.002595662914857,42.527775430203654]]]},"properties":{"fault_id":"FLT-KORTEN-REC10","mrrb_record":10,"mrrb_name":"Korten","scientific_name":null,"fault_system":"Stara Zagora - Korten transverse structural zone","fault_type":null,"bgcs":null,"correspondence_type":"transverse_fault_crossing_correspondence","confidence":"MEDIUM","exact_trace_identity":false,"source_ids":["SRC-MRRB-2025","SRC-GEM-SONDI","SRC-GEO-MAP-K35-052-STARA-ZAGORA","SRC-GEO-MAP-K35-053-NOVA-ZAGORA"],"notes":["REC10 пространствено пресича EUR_BGCS004, но простирането му се различава с приблизително 73°, което показва напречно пресичане, а не идентичност.","Наслагванията върху K-35-052 Стара Загора и K-35-053 Нова Загора подкрепят кратка напречна структура, която пресича регионалната разломна система."],"open_items":["Късата дължина и напречната геометрия оправдават по-късна локална проверка в литературата, ако има налични източници."],"mrrb_I_AF":0.2,"mrrb_H_AF":0.009,"mrrb_A_AF":354447,"mrrb_length":3464.97,"geometry_role":"official_buffered_active_fault_corridor","display_source":"MRRB + SONDI curated crosswalk","epistemic_note":"Buffered official fault corridor; not an exact mapped surface trace."}},{"type":"Feature","geometry":{"type":"Polygon","coordinates":[[[25.98115274952533,42.553503818326945],[25.97671379302111,42.55085948986217],[25.976565670918156,42.55079439363734],[25.95682332179342,42.54471794710095],[25.93777432645179,42.5361815243234],[25.892763490905796,42.514107056941405],[25.89273024491463,42.51409185422945],[25.8681067208441,42.50362072950325],[25.86803411860839,42.50359442565981],[25.842173329064238,42.495750575426484],[25.82125687475334,42.48792159082347],[25.82110056119741,42.48788169932823],[25.79006022277749,42.48332238161131],[25.766794323484415,42.47741661070685],[25.76668070466323,42.477396534004555],[25.739883833760263,42.47463535713475],[25.723619246763764,42.46170418285064],[25.72361789850599,42.46170311408922],[25.69388366986246,42.43819691872018],[25.693693487629904,42.43809545704161],[25.693465617473233,42.43805483693936],[25.646051416866946,42.436563466332466],[25.61148153088373,42.42313122981741],[25.604234041356168,42.41376634700259],[25.604114427782577,42.413656326534706],[25.576506555981116,42.39515141813548],[25.5781870076262,42.36787746436817],[25.581970454478757,42.348740206078055],[25.58634135140156,42.33780169261919],[25.58634372196225,42.33779560193125],[25.589852989685436,42.328533639238294],[25.589875140296616,42.32839373759864],[25.58983794430189,42.32825560416509],[25.589745043058095,42.32813276035219],[25.589605530590717,42.32803723085217],[25.589433063329242,42.32797836661858],[25.589244523329395,42.32796192958322],[25.589058365832148,42.32798952867978],[25.588892812876658,42.328058462364744],[25.588764069735205,42.32816198304487],[25.58868473870633,42.32828995753416],[25.58517647142634,42.33754883096759],[25.580794281388584,42.3485150974052],[25.58077566528357,42.348577761490894],[25.576981165245407,42.367769088147874],[25.576975370926156,42.36781387834942],[25.575279935138415,42.39532233454728],[25.57529788611984,42.39545341024534],[25.575366259441655,42.395575022054864],[25.575479200393342,42.39567675604986],[25.60322785535806,42.41427628510978],[25.610515275556384,42.42369294061152],[25.61062084693566,42.42379322531395],[25.61076005916375,42.423867635672494],[25.64560740478966,42.43740774198861],[25.645863663488576,42.43745880432902],[25.693166148539166,42.43894674976922],[25.722729824802062,42.46231831197131],[25.739140910154454,42.475366075420375],[25.739305285554675,42.47545863782693],[25.739502027305278,42.47550514352623],[25.766455066150822,42.47828245068234],[25.78970438874104,42.48418401509344],[25.789783114081107,42.48419971343009],[25.82078208961452,42.488752980843266],[25.8416457269445,42.496562211620194],[25.841689413712814,42.49657698533051],[25.86753523737869,42.50441632637049],[25.892106889764378,42.51486543581815],[25.93711194809178,42.53693718224606],[25.93713266214452,42.5369468950952],[25.95623146031768,42.54550567289339],[25.95631290844228,42.54553623813387],[25.976017396350073,42.55160106198354],[25.980566761049012,42.55431117075525],[25.980757950225485,42.55438811821721],[25.980973528677325,42.554410438012866],[25.984886701009096,42.55429297797875],[25.985073526859075,42.55426531170927],[25.985239644854897,42.55419631594243],[25.985368794005083,42.55409274458248],[25.9854483323167,42.55396473605621],[25.985470474271867,42.55382482083932],[25.985433052834452,42.55368669484448],[25.985339731432287,42.55356387875603],[25.985199645219048,42.55346839455051],[25.9850265067836,42.553409588746824],[25.98483726387611,42.5533932175575],[25.98115274952533,42.553503818326945]]]},"properties":{"fault_id":"FLT-STARA-ZAGORA-REC11","mrrb_record":11,"mrrb_name":"Stara Zagora","scientific_name":null,"fault_system":"Stara Zagora / Surnena Gora active fault system","fault_type":"normal_fault","bgcs":"EUR_BGCS004","correspondence_type":"regional_fault_system_crosswalk","confidence":"HIGH","exact_trace_identity":false,"source_ids":["SRC-MRRB-2025","SRC-GEM-SONDI","SRC-GEO-MAP-K35-052-STARA-ZAGORA"],"notes":["REC11 пресича директно EUR_BGCS004 и показва добра съвместимост на ориентацията с разлика в простирането около 13.75°.","Наслагването върху K-35-052 Стара Загора подкрепя пряко регионално/локално структурно съответствие с разломната система BGCS004.","Съответствието се приема на ниво разломна система, а не като идентичност с една точно публикувана следа."],"open_items":[],"mrrb_I_AF":0.4,"mrrb_H_AF":0.018,"mrrb_A_AF":4693111,"mrrb_length":46832.41,"geometry_role":"official_buffered_active_fault_corridor","display_source":"MRRB + SONDI curated crosswalk","epistemic_note":"Buffered official fault corridor; not an exact mapped surface trace."}},{"type":"Feature","geometry":{"type":"Polygon","coordinates":[[[25.852124840222114,41.75755323127219],[25.852258736483243,41.75757523385488],[25.882036022661037,41.759849299119075],[25.948076105001824,41.76546627195366],[25.948261818752847,41.7654603717128],[26.017326217115478,41.75508801374058],[26.04762332550339,41.75245619444811],[26.047784858475644,41.75242467513225],[26.077807015299726,41.74306907195688],[26.07796028423637,41.74299963660306],[26.096709161246437,41.73132333689635],[26.096833179424046,41.731217410669366],[26.09690742954551,41.731087961385676],[26.09692464374181,41.73094766054462],[26.096883137329034,41.730810241798565],[26.096786973578887,41.730689156596334],[26.09664556584943,41.73059625748293],[26.09647275607121,41.73054063793503],[26.09628545981917,41.73052774227992],[26.096102010593878,41.73055883280571],[26.09594036534885,41.730630866210575],[26.077261206211737,41.74226367951257],[26.047400806794652,41.75156885947758],[26.017163010550817,41.754195516234994],[26.017113696118525,41.754201355614626],[25.94811795637894,41.7645634469949],[25.882168654609515,41.758954178053465],[25.88216146223064,41.758953596984206],[25.852449618799735,41.756684544210266],[25.803822375925723,41.74418992293433],[25.80363709213642,41.74416556912448],[25.803450828005694,41.74418528726955],[25.803281816008226,41.74424714725332],[25.80314659998417,41.744345093894374],[25.803058415801306,41.74446953962943],[25.803025895743268,41.744608302958724],[25.803052223444553,41.74474780081185],[25.803134822122544,41.744874378133765],[25.8032656066749,41.74497564454949],[25.803431775017152,41.745041687260326],[25.852124840222114,41.75755323127219]]]},"properties":{"fault_id":"FLT-GERATA-REC12","mrrb_record":12,"mrrb_name":"Gerata","scientific_name":null,"fault_system":"Gerata regional active fault system","fault_type":"normal_fault","bgcs":"EUR_BGCS006","correspondence_type":"regional_fault_system_crosswalk","confidence":"HIGH","exact_trace_identity":false,"source_ids":["SRC-MRRB-2025","SRC-GEM-SONDI","SRC-GEO-MAP-K35-076-HASKOVO","SRC-GEO-MAP-K35-077-SVILENGRAD"],"notes":["REC12 има основно простиране приблизително 93.39°.","REC12 геометрично пресича GEM EUR_BGCS006.","Най-близкият GEM EUR_BGCS006 има разлика в локалното простиране спрямо REC12 около 4.88°.","EFSM20 независимо пресича REC12 и показва разлика в локалното простиране около 2.12°.","K-35-076 Хасково показва REC12 и EUR_BGCS006 в един и същ южен регионален структурен коридор.","K-35-077 Свиленград потвърждава източното продължение на същия широк коридор.","EUR_BGCS001 е отделна северна регионална структура и не осигурява по-силно съответствие.","Каталоговото съответствие е на регионално/системно ниво и не твърди точно съвпадение на повърхностната следа.","Кинематичният тип „нормален разлом“ е наследен от приетото международно каталогово съответствие EUR_BGCS006."],"open_items":[],"mrrb_I_AF":0.4,"mrrb_H_AF":0.018,"mrrb_A_AF":2551530,"mrrb_length":25422.71,"geometry_role":"official_buffered_active_fault_corridor","display_source":"MRRB + SONDI curated crosswalk","epistemic_note":"Buffered official fault corridor; not an exact mapped surface trace."}},{"type":"Feature","geometry":{"type":"Polygon","coordinates":[[[25.143595102295073,42.07126228733988],[25.26320948339463,42.02538756048081],[25.34161272958399,42.00044819192575],[25.407607112758463,41.984098297374295],[25.47362518214539,41.97046528571148],[25.473708096993164,41.97044315956229],[25.53971715597386,41.948627244011604],[25.592872010094197,41.93499340282862],[25.667989555545656,41.918636033469745],[25.774290827865038,41.91590841263956],[25.878975679078625,41.915591474342044],[25.879074021620966,41.91558509558541],[25.961473353676162,41.90507880224444],[25.96150893664825,41.90507342311702],[26.035292409050168,41.892153870337715],[26.110448191633363,41.88144783584767],[26.1576603665747,41.879044900247585],[26.203500661030525,41.878516491699834],[26.203686376329628,41.8784922708041],[26.203852986753965,41.8784263456501],[26.20398418310204,41.87832516956292],[26.204067122968564,41.87819864650019],[26.20409368784574,41.87805916153123],[26.204061277733754,41.87792036845805],[26.203973065511054,41.877795853270214],[26.203837686216918,41.87769780427014],[26.20366839171254,41.87763581903986],[26.203481753499343,41.87761596501518],[26.15762609720062,41.87814455326096],[26.157594121558663,41.87814555070575],[26.11033019284503,41.88055112261631],[26.110257871835426,41.8805580933579],[26.035054570126267,41.891270912287844],[26.035029392416575,41.89127490807735],[25.96125203197294,41.90419340528242],[25.87892053419294,41.914691072321304],[25.7742771750604,41.91500787686677],[25.774258177953303,41.91500814936654],[25.66787305603272,41.91773791201306],[25.667724360415235,41.917755714156286],[25.592521026583928,41.93413178722804],[25.592493474743797,41.93413831499105],[25.539300857267172,41.94778183183389],[25.539252231452814,41.94779607522513],[25.47326034497533,41.96960630563037],[25.407270697592416,41.98323343290013],[25.407241012194337,41.98324017063915],[25.34120880348926,41.99959942849893],[25.341161749692755,41.99961271720729],[25.26271585276385,42.02456562044026],[25.262675843088104,42.0245796398355],[25.143024913710153,42.07046827524626],[25.142989509602568,42.070482963021554],[25.009090599557975,42.13036413188787],[25.008945524465428,42.130454551205084],[25.008845086091405,42.13057391552335],[25.008799116198265,42.13071054075971],[25.008812114966126,42.13085105315647],[25.00888281035913,42.13098169837013],[25.009004282498243,42.13108968784669],[25.009164640920833,42.131164450688765],[25.009348188472696,42.13119866846034],[25.009536957913895,42.13118899161516],[25.009712470802185,42.13113636740133],[25.143595102295073,42.07126228733988]]]},"properties":{"fault_id":"FLT-MAR-HASKOVO-REC13","mrrb_record":13,"mrrb_name":"Mar_Haskovo","scientific_name":null,"fault_system":"Maritsa-Haskovo regional active fault system","fault_type":"sinistral_normal_fault","bgcs":"EUR_BGCS001","correspondence_type":"regional_fault_system_crosswalk","confidence":"HIGH","exact_trace_identity":false,"source_ids":["SRC-MRRB-2025","SRC-GEM-SONDI","SRC-GEO-MAP-K35-063-CHIRPAN","SRC-GEO-MAP-K35-075-ISKRA"],"notes":["REC13 има основно простиране приблизително 105.05°.","Най-близкият GEM източник EUR_BGCS001 се намира приблизително на 0.36 km от REC13, с разлика в локалното простиране около 1.40°.","EFSM20 независимо показва разстояние приблизително 0.36 km и разлика в простирането около 1.34°.","K-35-063 Чирпан визуално потвърждава, че REC13 и EUR_BGCS001 заемат един и същ регионален структурен коридор.","K-35-075 Искра подкрепя продължението на същата по-широка структура.","Съответствието е на регионално/системно ниво и не твърди точно съвпадение на повърхностната следа."],"open_items":[],"mrrb_I_AF":1.0,"mrrb_H_AF":0.044,"mrrb_A_AF":10465244,"mrrb_length":104528.75,"geometry_role":"official_buffered_active_fault_corridor","display_source":"MRRB + SONDI curated crosswalk","epistemic_note":"Buffered official fault corridor; not an exact mapped surface trace."}},{"type":"Feature","geometry":{"type":"Polygon","coordinates":[[[25.293747912617068,42.181510810564816],[25.480825285009164,42.1760741432245],[25.480870794531057,42.176071502036464],[25.667947876485787,42.15975872526518],[25.84035087367633,42.151600811321174],[25.840535563185252,42.15156984801825],[25.840698354597794,42.15149793145801],[25.840823312570457,42.15139210145389],[25.840898205388505,42.15126271752207],[25.84091570227525,42.15112244476719],[25.84087409088249,42.1509850140939],[25.84077744476613,42.15086387811882],[25.840635224507192,42.150770894355766],[25.840461351573282,42.150715164565305],[25.84027284560447,42.150702143863725],[25.66785558517516,42.158860753415034],[25.667822271041626,42.15886299371573],[25.480753873485458,42.17517508616496],[25.293685630658256,42.18061150246356],[25.293652996528696,42.18061308167201],[25.011182160991623,42.19963920353072],[25.010998430962022,42.19967346782262],[25.01083793314237,42.19974827034488],[25.01071637800331,42.199856289026954],[25.010645664264796,42.19998695038575],[25.01063271414508,42.20012746447904],[25.01067879566461,42.20026407683522],[25.01077939838108,42.20038341482653],[25.01092467477386,42.200473796697366],[25.01110040412141,42.20052637510239],[25.011289384545968,42.20053600319903],[25.293747912617068,42.181510810564816]]]},"properties":{"fault_id":"FLT-MARITSA-REC14","mrrb_record":14,"mrrb_name":"Maritsa","scientific_name":null,"fault_system":"Maritsa regional active fault system","fault_type":"normal_fault","bgcs":"EUR_BGCS002","correspondence_type":"regional_fault_system_crosswalk","confidence":"HIGH","exact_trace_identity":false,"source_ids":["SRC-MRRB-2025","SRC-GEM-SONDI","SRC-GEO-MAP-K35-063-CHIRPAN","SRC-GEO-MAP-K35-064-DIMITROVGRAD"],"notes":["REC14 има основно простиране приблизително 94.52°.","Най-близкият GEM EUR_BGCS002 е на приблизително 3.52 km от REC14, с разлика в локалното простиране около 0.17°.","EFSM20 независимо показва разстояние приблизително 3.52 km и разлика в локалното простиране около 0.14°.","K-35-063 Чирпан показва REC14 и EUR_BGCS002 като близко разположени паралелни елементи в един и същ широк изток–запад регионален структурен коридор.","K-35-064 Димитровград потвърждава продължението на същата регионална връзка на изток.","EUR_BGCS001, EUR_BGCS003 и EUR_BGCS048 са близки регионални структури, но не осигуряват по-силно общо съответствие.","Каталоговото съответствие е на регионално/системно ниво и не твърди точно съвпадение на повърхностната следа.","Кинематичният тип „нормален разлом“ е наследен от приетото международно каталогово съответствие EUR_BGCS002."],"open_items":[],"mrrb_I_AF":1.0,"mrrb_H_AF":0.044,"mrrb_A_AF":6883285,"mrrb_length":68729.83,"geometry_role":"official_buffered_active_fault_corridor","display_source":"MRRB + SONDI curated crosswalk","epistemic_note":"Buffered official fault corridor; not an exact mapped surface trace."}},{"type":"Feature","geometry":{"type":"Polygon","coordinates":[[[24.483098853330475,42.113504390250924],[24.483107837593515,42.11350293561172],[24.644521956031824,42.08628332108074],[24.644572905437816,42.08627292556008],[24.7693019364308,42.0563178485814],[24.769362898271584,42.056300402750175],[24.853587560936273,42.02817152059396],[24.853703958346006,42.02812021267681],[24.9360598486634,41.98174877484351],[24.93618602733204,41.98165234493484],[24.97826219607345,41.93793133805988],[25.00878560005476,41.910942392353284],[25.008883208011284,41.9108218809472],[25.008926183089653,41.91068473749175],[25.008910318918364,41.910544386612074],[25.00883716876157,41.910414566815014],[25.00871389333399,41.91030798567414],[25.008552559758034,41.91023507595926],[25.008368960325075,41.91020297445575],[25.008181066698253,41.91021482341426],[25.008007270846367,41.910269462991245],[25.007864584850594,41.91036154477698],[24.977325731903555,41.93736381598956],[24.97729649846168,41.93739181808314],[24.93525946387783,41.98107155317234],[24.853031207852585,42.02737085177632],[24.768899366231718,42.05546867892953],[24.64422815875297,42.08540987279446],[24.48284645452341,42.11262405018978],[24.325107452426664,42.137110729405194],[24.32493051168135,42.137160559908104],[24.32478291948057,42.137248647334545],[24.32467912308142,42.137366369206454],[24.324629282935156,42.137502202218286],[24.324638278059275,42.13764285016816],[24.324705228324333,42.13777454545231],[24.324823580463523,42.13788439673501],[24.324981749440706,42.13796165087434],[24.325164252437855,42.13799874556538],[24.325353224473282,42.13799204964161],[24.483098853330475,42.113504390250924]]]},"properties":{"fault_id":"FLT-PAZAR-PLO-REC15","mrrb_record":15,"mrrb_name":"Pazar_Plo","scientific_name":null,"fault_system":"North Rhodopean fault system / southern Upper Thracian basin-margin faulting","fault_type":"normal_fault","bgcs":"EUR_BGCS046","correspondence_type":"partial_regional_crosswalk","confidence":"HIGH","exact_trace_identity":false,"source_ids":["SRC-MRRB-2025","SRC-GEM-SONDI","SRC-POPOV-VELICHKOV-POPOV-2015","SRC-GERDJIKOV-GEORGIEV-2006"],"notes":["REC15 е най-близкият MRRB коридор за 83.35% от EUR_BGCS046 и за 72.13% от моделираната структура при праг на близост 2 km.","Основните оси на REC15 и BGCS046 се различават с приблизително 6.58°.","Подробният анализ на пространствената принадлежност определя два основни интервала на BGCS046, контролирани от REC15 — приблизително 30.97 km и 17.38 km; източният край локално е по-близо до REC121 Новаково, а кратък междинен интервал — до REC122 Стамболийски.","Popov и съавт. (2015) описват Севернородопския разлом като най-добре изразената структура, отделяща Горнотракийската рифтова система от северните склонове на Родопите между Белово и Асеновград.","Афинното георефериране на фиг. 3 от Popov и съавт. (2015) даде 3.25 px RMS и 5.286 px максимално остатъчно отклонение; BGCS046 следва същия южен периферен разломен пояс на басейна, но съответства на няколко установени разломни сегмента, а не на една точно картографирана следа.","BGCS046 не се идентифицира с историческия десен отседен Маришки разлом; Gerdjikov и Georgiev (2006) посочват, че съвременната активност на тази отседна система не е доказана."],"open_items":["Точното научно име при едно-към-едно съответствие остава неуточнено; Севернородопската разломна система се запазва като регионална научна система, а не като точна идентичност на следата."],"mrrb_I_AF":0.4,"mrrb_H_AF":0.018,"mrrb_A_AF":6403060,"mrrb_length":63960.19,"geometry_role":"official_buffered_active_fault_corridor","display_source":"MRRB + SONDI curated crosswalk","epistemic_note":"Buffered official fault corridor; not an exact mapped surface trace."}},{"type":"Feature","geometry":{"type":"Polygon","coordinates":[[[25.96861060711904,42.314568972943476],[25.968800415838714,42.314569698725116],[25.96898123666519,42.314526856483894],[25.969135369283425,42.3144446399943],[25.96924772599251,42.314331097309925],[25.969307308643234,42.31419734291407],[25.969308285172154,42.31405646970529],[25.969250560369428,42.313922267340345],[25.969139785053617,42.3138078724044],[25.968986802810765,42.31372448254001],[25.968806588500403,42.313680260393916],[25.572613627537322,42.264832880692666],[25.572423990150515,42.264831501339394],[25.572243060251143,42.264873716720835],[25.572088548203258,42.264955394576184],[25.57197557859129,42.26506853983747],[25.571915209770545,42.26520207719301],[25.571913351359143,42.26534293516458],[25.57197018564987,42.265477325600976],[25.572080149621495,42.265592093355046],[25.572232479365674,42.265676004029785],[25.572412263683123,42.26572084372889],[25.96861060711904,42.314568972943476]]]},"properties":{"fault_id":"FLT-SOUTH-ST-ZAGORA-REC16","mrrb_record":16,"mrrb_name":"South St Zagora","scientific_name":null,"fault_system":"South St Zagora local active fault corridor","fault_type":null,"bgcs":null,"correspondence_type":"local_fault_corridor_correspondence","confidence":"HIGH","exact_trace_identity":false,"source_ids":["SRC-MRRB-2025","SRC-GEM-SONDI","SRC-GEO-MAP-K35-064-DIMITROVGRAD"],"notes":["REC16 има основно простиране приблизително 80.60°.","GEM EUR_BGCS048 геометрично пресича REC16 и има разлика в локалното простиране около 6.44°.","EFSM20 независимо също пресича REC16 и показва разлика в локалното простиране около 6.51°.","Визуалната проверка върху K-35-064 Димитровград показва REC16 и EUR_BGCS048 като отделни структури с пресичаща връзка, а не като една обща регионална следа.","EUR_BGCS002 е отделна, по-южна структура и не осигурява по-силно съответствие.","Поради това REC16 се запазва като самостоятелен локален разломен коридор без прието BGCS каталогово съответствие.","ВИСОКАТА увереност се отнася до локалното структурно съответствие на REC16, а не до идентичност с международна следа.","Не се задава кинематичен тип на разлома, защото за REC16 няма прието международно каталогово съответствие или независим научен кинематичен източник."],"open_items":[],"mrrb_I_AF":0.4,"mrrb_H_AF":0.018,"mrrb_A_AF":3320953,"mrrb_length":33114.18,"geometry_role":"official_buffered_active_fault_corridor","display_source":"MRRB + SONDI curated crosswalk","epistemic_note":"Buffered official fault corridor; not an exact mapped surface trace."}},{"type":"Feature","geometry":{"type":"Polygon","coordinates":[[[23.701673553853976,42.433647031243105],[23.70180484593189,42.43362204673255],[23.797185848814234,42.4067095999264],[23.797225247299213,42.406697266889985],[23.852252715974345,42.38773313811059],[23.852332955886244,42.387699753839115],[23.90642039077485,42.3609847625782],[23.906454951844793,42.36096634590814],[23.970386310051328,42.32427046787504],[24.002756852067066,42.30635209083133],[24.061442499323306,42.276506346480176],[24.061580171040816,42.27640955880558],[24.061670830166435,42.27628591419751],[24.06170560254561,42.27614751597514],[24.061681084763347,42.27600791158198],[24.061599677161347,42.27588076644435],[24.061469348734374,42.27577852631353],[24.06130285697348,42.275711199027356],[24.061116499059935,42.27568537492624],[24.060928516657007,42.2757035817919],[24.060757310421703,42.27576403743384],[24.002061861437916,42.30561463186424],[24.002041738896338,42.305625309228596],[23.969657029623306,42.323551436295645],[23.969648209473366,42.32355640952661],[23.905729654879266,42.360244744795146],[23.851698739988358,42.38693172147672],[23.796733097869637,42.4058745131105],[23.70143697487147,42.4327630351279],[23.641204327548888,42.439016925496496],[23.641022565758526,42.43905798005794],[23.64086682735268,42.43913862853639],[23.64075235694339,42.43925097662396],[23.640690359779256,42.43938402704557],[23.640686904864268,42.43952475599601],[23.640742330770788,42.43965938796358],[23.64085121235213,42.43977474416616],[23.641002891668702,42.43985953260778],[23.641182521204815,42.43990545346649],[23.641372517280296,42.43990801159165],[23.701673553853976,42.433647031243105]]]},"properties":{"fault_id":"FLT-SOUTH-IHTIMAN-REC17","mrrb_record":17,"mrrb_name":"Ihtiman","scientific_name":"South Ihtiman normal fault","fault_system":"Maritsa fault system / southern Ihtiman basin margin","fault_type":"normal_fault","bgcs":"EUR_BGCS027","correspondence_type":"partial_local_scientific_correspondence","confidence":"HIGH","exact_trace_identity":false,"source_ids":["SRC-MRRB-2025","SRC-GEM-SONDI","SRC-RADULOV-ET-AL-2015","SRC-GEO-MAP-K34-060-IHTIMAN"],"notes":["REC17 е MRRB коридор с дължина 39.636 km и висок клас, с PCA простиране приблизително 120.21°.","EUR_BGCS027 пресича REC17 за приблизително 1273.1 m, което е около 2.804% от моделираната структура; разликата в локалната ориентация в най-близкия сектор е приблизително 0.01°.","REC17 е най-близкият MRRB коридор за приблизително 90.63%, или 41.142 km, от EUR_BGCS027; 75.48% от цялата моделирана структура е в рамките на 1 km от REC17.","Radulov и съавт. (2015) определят Южноихтиманския разлом като планинограничен нормален разлом по североизточното подножие на Черни рид, който контролира неогенско-кватернерната седиментация в Ихтиманския басейн; картографираната му дължина е 18.35 ± 0.95 km.","Палеосеизмологичният изкоп на Radulov и съавт. при 23.73317861 E, 42.41691889 N се намира приблизително 716.6 m извън REC17, но само на около 118.1 m от EUR_BGCS027.","Афинното георефериране на геоложката карта K-34-060 Ихтиман даде 26.104 px RMS и 38.995 px максимално остатъчно отклонение; наслагването подкрепя общ структурен пояс по южния ръб на басейна, но не е достатъчно точно за доказване на идентична следа.","REC17 е значително по-дълъг от публикувания 18.35 km Южноихтимански разлом и затова се запазва като частично локално научно съответствие, а не като едно-към-едно съвпадение на разломна следа.","Нормално-разломната кинематика на научно описания Южноихтимански разлом и EUR_BGCS027 е съвместима с регионалната връзка, а MRRB полигонът представлява официален рисков коридор, а не научно картографираната повърхностна следа."],"open_items":["Да се дигитализира цялата публикувана повърхностна следа на Южноихтиманския разлом и отделните ѝ сегменти да се съпоставят с REC17 и EUR_BGCS027.","Да се намерят цитираните първични източници Hristov (1974) и Boyadjiev (1971) за допълнителна локална структурна история."],"mrrb_I_AF":0.8,"mrrb_H_AF":0.036,"mrrb_A_AF":3967941,"mrrb_length":39635.84,"geometry_role":"official_buffered_active_fault_corridor","display_source":"MRRB + SONDI curated crosswalk","epistemic_note":"Buffered official fault corridor; not an exact mapped surface trace."}},{"type":"Feature","geometry":{"type":"Polygon","coordinates":[[[24.07428317289124,42.20317561439571],[24.07447002455333,42.20302184342698],[24.09666517375081,42.17296711852939],[24.1545409496283,42.15711478948453],[24.176177180189015,42.15140028437874],[24.176317898460084,42.15134680120688],[24.26871232642497,42.10390871637377],[24.26884919154175,42.10381156726209],[24.268939044194244,42.10368767749984],[24.268973089172455,42.10354917440196],[24.268947994262792,42.103409615675986],[24.268866216296157,42.10328266227655],[24.268735760516304,42.10318074118577],[24.268569396876607,42.10311382901231],[24.2683834100156,42.1030884754641],[24.268196005276994,42.10310716226378],[24.268025526776064,42.103168060243014],[24.17569734651083,42.150571973733975],[24.15413300532144,42.15626748317558],[24.154126089643448,42.15626934419672],[24.096035050770194,42.17218056623225],[24.095849279681474,42.17226181025904],[24.09571357939392,42.17238633934748],[24.073478090524745,42.20249516641301],[24.00773418048042,42.236166510303704],[24.007596859637395,42.23626349932771],[24.007506591285225,42.236387274965175],[24.007472211712106,42.23652572131744],[24.007497086577718,42.236665286351794],[24.00757878132627,42.23679230844567],[24.007709299356684,42.23689435369069],[24.007875864690092,42.23696143304888],[24.008062172558166,42.23698698020217],[24.00824998550115,42.2369684943563],[24.008420918710247,42.23690778505932],[24.07428317289124,42.20317561439571]]]},"properties":{"fault_id":"FLT-BELOVO-REC18","mrrb_record":18,"mrrb_name":"Belovo","scientific_name":null,"fault_system":"Kostenets-Belovo regional faulting","fault_type":"normal_fault","bgcs":"EUR_BGCS005","correspondence_type":"partial_regional_crosswalk","confidence":"HIGH","exact_trace_identity":false,"source_ids":["SRC-MRRB-2025","SRC-GEM-SONDI","SRC-GERDJIKOV-GEORGIEV-2006","SRC-GEO-MAP-K35-061-PAZARDZHIK"],"notes":["Налице е силно частично съответствие с източната част на BGCS005; няма еднозначна идентичност между източниците.","Геоложката карта K-35-061 Пазарджик показва сегментирана структурно-разломна система със СЗ–ЮИ направление по северния ръб на Родопите и южния ръб на Маришкия басейн в рамките на коридора REC18; тя не подкрепя една непрекъсната и точно съвпадаща следа.","Афинното георефериране на K-35-061 по шест контролни точки даде приблизително 108 m RMS и 188 m максимално остатъчно отклонение; точността е подходяща за регионално/локално съответствие, но не за точно съвпадение на следата."],"open_items":[],"mrrb_I_AF":0.4,"mrrb_H_AF":0.018,"mrrb_A_AF":2679363,"mrrb_length":26732.86,"geometry_role":"official_buffered_active_fault_corridor","display_source":"MRRB + SONDI curated crosswalk","epistemic_note":"Buffered official fault corridor; not an exact mapped surface trace."}},{"type":"Feature","geometry":{"type":"Polygon","coordinates":[[[23.787408618831677,42.754503756956446],[23.787554171252854,42.75452433833647],[23.848556525602238,42.757564565888984],[23.848744995962928,42.757552254389395],[23.870756014040147,42.75351179386785],[23.87093184403131,42.753456804339955],[23.871076009724884,42.753364464230664],[23.871174399107524,42.753243812571846],[23.871217381308274,42.753106659719535],[23.87120074927141,42.75296643122383],[23.871126131441905,42.75283685361458],[23.87100083221469,42.75273061075767],[23.870837116821946,42.75265810230555],[23.870651010699653,42.75262642575973],[23.870460730870192,42.75263868176787],[23.84854293344924,42.756662047854],[23.787711478665198,42.75363036049372],[23.72972087093426,42.73986413766361],[23.72953220415581,42.73984242843045],[23.729343670256096,42.739864755991455],[23.729173723872805,42.73992893480143],[23.729039000301043,42.740028682698714],[23.728952687206768,42.7401542358059],[23.728923233732274,42.74029330423203],[23.728953523353052,42.74043227504618],[23.729040591483997,42.74055754478472],[23.72917591553081,42.74065685106545],[23.72934624904884,42.74072047295595],[23.787408618831677,42.754503756956446]]]},"properties":{"fault_id":"FLT-MIRKOVO-REC19","mrrb_record":19,"mrrb_name":"Mirkovo","scientific_name":"Mirkovo fault zone","fault_system":"Eastern Sofia / Western Srednogorie structural system","fault_type":null,"bgcs":"EUR_BGCS025","correspondence_type":"regional_scientific_fault_zone_correspondence","confidence":"MEDIUM","exact_trace_identity":false,"source_ids":["SRC-MRRB-2025","SRC-GEM-SONDI","SRC-GERDJIKOV-VANGELOV-KOUNOV-2019-EAST-SOFIA"],"notes":["В научни структурни изследвания източно от София изрично е картографирана Мирковска разломна зона.","REC19 се запазва само като регионално съответствие; SofiaPlan няма близка локална линия, а научният източник не установява съвременна активност на конкретния MRRB коридор."],"open_items":["Да се дигитализира публикуваната следа на Мирковската разломна зона и да се сравни количествено с REC19.","Да се намерят независими кватернерни или активно-тектонски данни за коридора REC19."],"mrrb_I_AF":0.4,"mrrb_H_AF":0.018,"mrrb_A_AF":1192827,"mrrb_length":11861.76,"geometry_role":"official_buffered_active_fault_corridor","display_source":"MRRB + SONDI curated crosswalk","epistemic_note":"Buffered official fault corridor; not an exact mapped surface trace."}},{"type":"Feature","geometry":{"type":"Polygon","coordinates":[[[23.162953887009156,42.88146717219615],[23.1631627294095,42.88143903375719],[23.163345900992503,42.88136007590688],[23.20237280978232,42.856939468186184],[23.273714853535868,42.849805423828265],[23.273731809175874,42.849803544169895],[23.34331568234215,42.84133104764131],[23.343488375859064,42.84128985271281],[23.3436370081579,42.84121314584162],[23.368076390074055,42.8240890387413],[23.42252850526816,42.805709518995464],[23.489835387263064,42.78943537271057],[23.48986795965091,42.78942672422902],[23.55174465990139,42.77149974475654],[23.551814593844195,42.77147559005562],[23.613182353332334,42.746650372416006],[23.6133242531539,42.746571056763166],[23.644828307715564,42.72287502400511],[23.675021807135078,42.70780110149051],[23.675161134675037,42.70770491371746],[23.67525333920794,42.70758168098248],[23.675289395303068,42.707443466291075],[23.675265773891677,42.70730379912507],[23.675184787582015,42.70717635105781],[23.675054364139953,42.70707359749376],[23.67488727036414,42.70700559652736],[23.674699862366197,42.70697900444018],[23.674510484593647,42.70699642418617],[23.674337674282437,42.70705615062121],[23.644093517323533,42.72215528717787],[23.643999649640456,42.722213028455684],[23.612515635834882,42.745893808689594],[23.551261273668505,42.77067307706143],[23.489437436213638,42.78858473287332],[23.422114925077135,42.80486265511209],[23.422050478944296,42.804881253057836],[23.367474551916406,42.823302525439146],[23.367307642740958,42.82338572727889],[23.342930352458243,42.84046625019256],[23.273541203494347,42.84891501616853],[23.202031050983848,42.85606584926381],[23.20186391579886,42.85610084552555],[23.20171691852341,42.85616902833326],[23.162723175257145,42.88056885070689],[23.038875172419484,42.88111319303577],[23.03868637796631,42.88113592969822],[23.038516377240523,42.881200458114144],[23.03838181085383,42.881300461899706],[23.038295851084513,42.88142615213026],[23.038266912489593,42.88156522549411],[23.038297828146945,42.881704068579],[23.038385572193853,42.88182909042581],[23.03852155587546,42.88192805291803],[23.038692468178795,42.88199126877467],[23.038881578800883,42.882012549863504],[23.162953887009156,42.88146717219615]]]},"properties":{"fault_id":"FLT-NORTH-SOFIA-REC20","mrrb_record":20,"mrrb_name":"N Sofia","scientific_name":"North-Sofia fault","fault_system":"Sofia graben northern boundary fault system","fault_type":null,"bgcs":"EUR_BGCS025","correspondence_type":"partial_local_scientific_correspondence","confidence":"HIGH","exact_trace_identity":false,"source_ids":["SRC-MRRB-2025","SRC-GEM-SONDI","SRC-SOFIAPLAN-FAULTS","SRC-RADULOV-2023-NORTH-SOFIA","SRC-MATOVA-SOFIA"],"notes":["REC20 има силна локална подкрепа от разломните линии на SofiaPlan и се намира приблизително на 248 m от EUR_BGCS025.","Radulov и съавт. определят Севернософийския разлом като северната гранична структура на Софийския грабен.","Публикуваните и полевите данни показват разклоняващи се и припокриващи се сегменти; REC20 не се приема като една точно непрекъсната научно картографирана следа."],"open_items":["Да се дигитализира цялата публикувана интерпретация на Севернософийския разлом за количествено сравнение сегмент по сегмент."],"mrrb_I_AF":0.6,"mrrb_H_AF":0.027,"mrrb_A_AF":5736943,"mrrb_length":57372.61,"geometry_role":"official_buffered_active_fault_corridor","display_source":"MRRB + SONDI curated crosswalk","epistemic_note":"Buffered official fault corridor; not an exact mapped surface trace."}},{"type":"Feature","geometry":{"type":"Polygon","coordinates":[[[23.351337710703536,42.61019826116001],[23.406229823065996,42.60481139628344],[23.406412399443372,42.60477122382398],[23.40656923501218,42.604691338858814],[23.406684977459104,42.6045795612117],[23.406748297189182,42.604446832597475],[23.406752996314136,42.60430614551727],[23.40669861523479,42.60417127142394],[23.406590477483224,42.60405541266825],[23.406439168491104,42.60396991018567],[23.406259499354633,42.603923133415016],[23.406069057052672,42.60391966109292],[23.35104227478193,42.609319737139415],[23.350792027569295,42.609387733034815],[23.25724620122607,42.653920438969045],[23.25710403579155,42.65401418888851],[23.25700807573792,42.65413577787747],[23.25696771447684,42.65427330408879],[23.256986903193106,42.65441330557081],[23.25706376394401,42.654542077989255],[23.257190773339357,42.65464701610833],[23.257355498878006,42.65471784771499],[23.257541815903505,42.654747639187775],[23.257731486063886,42.654733474257725],[23.257905942739786,42.654676739500566],[23.351337710703536,42.61019826116001]]]},"properties":{"fault_id":"FLT-VITOSHA-REC21","mrrb_record":21,"mrrb_name":"Vitosha","scientific_name":"North Vitosha fault / Vitosha fault zone","fault_system":"Sofia graben southern boundary fault system","fault_type":null,"bgcs":"EUR_BGCS026","correspondence_type":"partial_local_scientific_correspondence","confidence":"HIGH","exact_trace_identity":false,"source_ids":["SRC-MRRB-2025","SRC-GEM-SONDI","SRC-SOFIAPLAN-FAULTS","SRC-MATOVA-SOFIA","SRC-KOTZEV-2006"],"notes":["REC21 пресича картографирана разломна линия от SofiaPlan със силно съвпадение на ориентацията.","Научната литература разпознава разломната зона Витоша / Северна Витоша по южния ръб на Софийския грабен.","Различни публикации използват по-широки концепции за Витошката и Искърската разломна зона; поради това кинематиката не се наследява автоматично в MRRB записа."],"open_items":["Да се изясни локалната номенклатура Северна Витоша спрямо Искърската разломна зона и кинематиката на отделните сегменти."],"mrrb_I_AF":0.6,"mrrb_H_AF":0.027,"mrrb_A_AF":1375189,"mrrb_length":13694.57,"geometry_role":"official_buffered_active_fault_corridor","display_source":"MRRB + SONDI curated crosswalk","epistemic_note":"Buffered official fault corridor; not an exact mapped surface trace."}},{"type":"Feature","geometry":{"type":"Polygon","coordinates":[[[23.482948473650694,42.60665249676643],[23.538365400792497,42.59866891309118],[23.597002508362053,42.5959711246215],[23.637336789430996,42.595971131441644],[23.681358693771532,42.59597114236865],[23.68145303865745,42.59596569100347],[23.716303827664618,42.59191471365319],[23.71648505003514,42.591871328947285],[23.716639257925667,42.59178868942722],[23.716751356257014,42.59167488455486],[23.716810372165032,42.59154105448224],[23.716810529062208,42.59140029952295],[23.71675181197542,42.591266397766375],[23.71663996886452,42.591152456377365],[23.71648594784888,42.59106962860295],[23.716304825477092,42.591026022064696],[23.71611433096812,42.59102590518073],[23.68131091723983,42.59507139970802],[23.637336954635252,42.59507140152841],[23.59698368055093,42.595071411695805],[23.59694548127349,42.59507229116595],[23.538250252169938,42.59777277857772],[23.538171145379017,42.59778026400446],[23.482696082384734,42.605772254194896],[23.482657008750042,42.60577886598712],[23.43358115366529,42.615337122664336],[23.433406757462784,42.61539381158178],[23.433264613990406,42.61548752999883],[23.433168637178927,42.61560910424246],[23.433128222080537,42.6157466339085],[23.43314732514957,42.615886656706394],[23.43322407682618,42.61601546621487],[23.433350964396123,42.61612045356726],[23.433515567282672,42.61619134173142],[23.43370177283524,42.6162211915501],[23.433891353614047,42.61620708104367],[23.482948473650694,42.60665249676643]]]},"properties":{"fault_id":"FLT-PLANA-REC22","mrrb_record":22,"mrrb_name":"Plana","scientific_name":null,"fault_system":"Sofia graben southern boundary / Vitosha-Plana-Lozen structural domain","fault_type":null,"bgcs":"EUR_BGCS026","correspondence_type":"local_fault_zone_correspondence","confidence":"MEDIUM","exact_trace_identity":false,"source_ids":["SRC-MRRB-2025","SRC-GEM-SONDI","SRC-SOFIAPLAN-FAULTS","SRC-MATOVA-SOFIA"],"notes":["REC22 пресича разломни линии от SofiaPlan и показва силно локално съвпадение на ориентацията.","Наличните данни подкрепят южния структурен домейн на Софийския грабен, но не и индивидуално научно име на разлома."],"open_items":["Да се намери първичен геоложки или научен източник, който присвоява индивидуално съвременно име на разлома за коридора REC22."],"mrrb_I_AF":0.6,"mrrb_H_AF":0.027,"mrrb_A_AF":2351375,"mrrb_length":23463.44,"geometry_role":"official_buffered_active_fault_corridor","display_source":"MRRB + SONDI curated crosswalk","epistemic_note":"Buffered official fault corridor; not an exact mapped surface trace."}},{"type":"Feature","geometry":{"type":"Polygon","coordinates":[[[23.3600213080468,42.79998638436354],[23.360278648822703,42.79993874181304],[23.381407112435262,42.7921247784521],[23.381508449051463,42.79207758670419],[23.408635364094753,42.776495400628846],[23.439124563586258,42.75955107651055],[23.439134287696206,42.75954555554828],[23.44899421781067,42.7538291556589],[23.44901668993932,42.75381547220518],[23.4858339106384,42.730269326245455],[23.50478312028761,42.721965349408805],[23.504908367582093,42.72189256612717],[23.517919551589557,42.712041129127016],[23.53342715551951,42.712934605395304],[23.533571302027415,42.712930281859215],[23.54943187756795,42.71105142630618],[23.575897862563405,42.71406314196173],[23.57598447699206,42.71406836913675],[23.609128321301654,42.71431692587732],[23.609322044714062,42.71429513901557],[23.637488619634553,42.70757651601831],[23.65474409554074,42.70408047128055],[23.654902451025688,42.70402967645086],[23.655035158216453,42.70394818441126],[23.66328260649837,42.697210723123355],[23.66338674195399,42.69709278247266],[23.663436370813265,42.69695687774671],[23.663426635383434,42.69681631232955],[23.663358489023178,42.696684845742375],[23.663238602673445,42.69657534676617],[23.663078711744518,42.696498533788144],[23.662894467334446,42.69646192566298],[23.66270390424406,42.69646910576648],[23.662525675729402,42.69651937126132],[23.66237722773887,42.696607801895155],[23.654249117134924,42.703247717315016],[23.637152344400445,42.70671159750793],[23.63712604466946,42.70671739603493],[23.609041223887104,42.71341654025274],[23.57604068257426,42.71316906681037],[23.549523109460004,42.71015147832146],[23.54933318989269,42.710151906326395],[23.53344964767125,42.7120335026024],[23.517729598371865,42.71112776952081],[23.51755237631359,42.71113667865643],[23.51738614954394,42.71118286419145],[23.51724501497833,42.71126240934549],[23.50409045665437,42.72122235439312],[23.485163544875842,42.72951651887028],[23.485075262023287,42.72956352798759],[23.44822790464981,42.753128803114336],[23.438384308182354,42.758835699669866],[23.40789617988209,42.77577933620655],[23.407888215970132,42.775783835881995],[23.38080499772885,42.79134084729649],[23.359852051160487,42.799089896647885],[23.312668115331572,42.80003017469058],[23.31248024445181,42.80005590056085],[23.31231236384545,42.800123118470275],[23.312180906607672,42.80022524877284],[23.31209874068982,42.800352294385604],[23.312073909294284,42.80049181931832],[23.312108843462024,42.8006301659492],[23.312200123963656,42.800753791908676],[23.312338815855966,42.8008505957152],[23.312511343009223,42.80091110139505],[23.31270081703372,42.800929386111186],[23.3600213080468,42.79998638436354]]]},"properties":{"fault_id":"FLT-ELIN-PELIN-REC23","mrrb_record":23,"mrrb_name":"El Pel","scientific_name":"Elin Pelin fault","fault_system":"Sofia graben eastern fault network","fault_type":null,"bgcs":"EUR_BGCS025","correspondence_type":"regional_local_scientific_correspondence","confidence":"MEDIUM","exact_trace_identity":false,"source_ids":["SRC-MRRB-2025","SRC-GEM-SONDI","SRC-SOFIAPLAN-FAULTS","SRC-MATOVA-SOFIA","SRC-GERDJIKOV-VANGELOV-KOUNOV-2019"],"notes":["Matova изрично идентифицира Елинпелински разлом в разломната мрежа на Софийския грабен.","REC23 пресича няколко разломни линии от SofiaPlan, но най-близката отделна линия има слабо съвпадение на ориентацията спрямо целия коридор.","EUR_BGCS025 пресича REC23, което подкрепя регионална пространствена връзка, но не и точно съвпадение на следата."],"open_items":["Да се дигитализира публикуваната следа на Елинпелинския разлом за директно количествено сравнение с REC23."],"mrrb_I_AF":0.6,"mrrb_H_AF":0.027,"mrrb_A_AF":3262722,"mrrb_length":32592.16,"geometry_role":"official_buffered_active_fault_corridor","display_source":"MRRB + SONDI curated crosswalk","epistemic_note":"Buffered official fault corridor; not an exact mapped surface trace."}},{"type":"Feature","geometry":{"type":"Polygon","coordinates":[[[23.071112892434538,42.62084357826023],[23.071194762777594,42.62071653253635],[23.071219467712208,42.62057702036546],[23.071184589314516,42.62043869822232],[23.07109354209252,42.620315106005805],[23.070955238609926,42.62021834167308],[23.070783216975514,42.62015787704937],[23.07059431563861,42.6201396307139],[23.070407025210976,42.620165388693664],[23.070239678617178,42.62023262965439],[23.070108656680528,42.62033477169244],[22.998573049831165,42.697221626774514],[22.998490922723867,42.697348608932444],[22.998466012493974,42.69748809599087],[22.998500757896743,42.697626434036685],[22.998591758179266,42.69775008154221],[22.998730105828855,42.69784693491796],[22.99890225841495,42.69790751333848],[22.999091364216085,42.6979258868458],[22.99927891187046,42.69790025686102],[22.99944654253773,42.69783313226146],[22.99957784713125,42.69773108378078],[23.071112892434538,42.62084357826023]]]},"properties":{"fault_id":"FLT-PERNIK-REC24","mrrb_record":24,"mrrb_name":"Pernik","scientific_name":null,"fault_system":"Pernik regional NW-SE fault zone","fault_type":null,"bgcs":null,"correspondence_type":"regional_pernik_fault_zone_correspondence","confidence":"MEDIUM_HIGH","exact_trace_identity":false,"source_ids":["SRC-MRRB-2025","SRC-GEM-SONDI","SRC-GEO-MAP-K34-059-PERNIK","SRC-RADULOV-ET-AL-2014-PERNIK","SRC-GEO-MAP-K34-047-SOFIA"],"notes":["REC24 има СЗ–ЮИ простиране приблизително 145°.","Северният край е допълнително проверен върху геоложки лист K-34-047 София.","EUR_BGCS026 е на приблизително 9.7 km и има като цяло съвместима ориентация, но не е зададено директно каталогово съответствие.","Научната литература за Пернишкия регион подкрепя активен регионален разломен контекст, но не установява точна идентичност между REC24 и Мещишкия разлом.","Северният край на REC24 беше допълнително проверен върху геоложки лист K-34-047 София."],"open_items":["Точното съответствие с именуван научно разлом остава неуточнено."],"mrrb_I_AF":1.0,"mrrb_H_AF":0.044,"mrrb_A_AF":1042884,"mrrb_length":10370.35,"geometry_role":"official_buffered_active_fault_corridor","display_source":"MRRB + SONDI curated crosswalk","epistemic_note":"Buffered official fault corridor; not an exact mapped surface trace."}},{"type":"Feature","geometry":{"type":"Polygon","coordinates":[[[23.30584413356941,42.40320952392392],[23.348098934716024,42.37652615925446],[23.421957332612223,42.34323845163738],[23.422101992260373,42.343147401045265],[23.42220164404444,42.343027644500104],[23.42224653350667,42.34289090473833],[23.422232266882542,42.34275056687755],[23.422160241067477,42.342620368158485],[23.42203750673425,42.342513053250954],[23.421876078055487,42.34243912675016],[23.421691756641845,42.342405824965724],[23.421502584828733,42.342416407631355],[23.421327079692418,42.34246983884884],[23.34742767227183,42.3757759055699],[23.34734896859071,42.37581807191398],[23.304999949377432,42.40256074635843],[23.30489897622385,42.40264236317603],[23.264545577172008,42.4446158049019],[23.264460869035837,42.44474176640682],[23.264432861667228,42.44488095000696],[23.264464296982315,42.445019731496956],[23.264552098241303,42.4451445259459],[23.2646876710807,42.44524311749717],[23.264857744699533,42.445305855182234],[23.26504567089279,42.44532659767837],[23.265233053775543,42.44530331451037],[23.26540155063779,42.44523828482863],[23.265534667597183,42.445137874298],[23.30584413356941,42.40320952392392]]]},"properties":{"fault_id":"FLT-BELCHIN","mrrb_record":25,"mrrb_name":"Palakaria W","scientific_name":"Belchin fault","fault_system":"Palakaria graben","fault_type":"normal_fault","bgcs":"EUR_BGCS028","correspondence_type":"partial_local_and_regional_crosswalk","confidence":"HIGH","exact_trace_identity":false,"source_ids":["SRC-MRRB-2025","SRC-GEORGIEV-NAKOV-2014","SRC-GEM-SONDI"],"notes":["Само локалният основен сегмент съответства на BGCS028; целият BGCS източник не трябва да се приравнява с MRRB коридора."],"open_items":[],"mrrb_I_AF":0.4,"mrrb_H_AF":0.018,"mrrb_A_AF":1749388,"mrrb_length":17441.85,"geometry_role":"official_buffered_active_fault_corridor","display_source":"MRRB + SONDI curated crosswalk","epistemic_note":"Buffered official fault corridor; not an exact mapped surface trace."}},{"type":"Feature","geometry":{"type":"Polygon","coordinates":[[[23.512723080277347,42.313576594908824],[23.54072700841155,42.298710149342135],[23.540862044681074,42.298611355635146],[23.540949348028334,42.298486418984005],[23.54098037279668,42.29834756918068],[23.540952082418688,42.29820839786949],[23.540867246521653,42.2980825280801],[23.540734169676643,42.29798228072106],[23.540565878396627,42.29791746856302],[23.5403788460014,42.29789443574951],[23.540191380171894,42.29791543683466],[23.54002183100167,42.29797841611387],[23.512012265304506,42.312847784291215],[23.512000726595026,42.31285406091482],[23.469022380163214,42.336798729665055],[23.46889032863082,42.33689977127252],[23.468806824595564,42.337026142378996],[23.468780042231995,42.337165473019205],[23.46881260354413,42.33730412459193],[23.468901321568044,42.33742852488123],[23.46903751219501,42.337526496612426],[23.469207844144858,42.33758844948972],[23.469395643921782,42.3376083190147],[23.469582528015458,42.337584160167225],[23.469750202544517,42.33751833781757],[23.512723080277347,42.313576594908824]]]},"properties":{"fault_id":"FLT-KLISURA-REC26","mrrb_record":26,"mrrb_name":"Klisura","scientific_name":null,"fault_system":"Palakaria graben / Palakaria regional fault system","fault_type":null,"bgcs":"EUR_BGCS028","correspondence_type":"regional_parallel_fault_correspondence","confidence":"MEDIUM_HIGH","exact_trace_identity":false,"source_ids":["SRC-MRRB-2025","SRC-GEM-SONDI","SRC-GEORGIEV-NAKOV-2014","SRC-GEO-MAP-K34-059-PERNIK","SRC-GEO-MAP-K34-071-BLAGOEVGRAD","SRC-GEO-MAP-K34-072-VELINGRAD"],"notes":["REC26 има PCA простиране приблизително 128.76° и е силно субпаралелен на главното регионално направление на BGCS028.","В регионалния инвентар коридорът е на приблизително 1.1 km от моделираната GEM структура.","Съпоставките с геоложки карти за Перник, Благоевград и Велинград подкрепят контекст на СЗ–ЮИ разломна мрежа.","EUR_BGCS028 се запазва като регионално каталогово съответствие, а не като точно съвпадение на повърхностната следа."],"open_items":["Индивидуалното публикувано научно име на разлома за REC26 остава неуточнено."],"mrrb_I_AF":0.4,"mrrb_H_AF":0.018,"mrrb_A_AF":734193,"mrrb_length":7273.8,"geometry_role":"official_buffered_active_fault_corridor","display_source":"MRRB + SONDI curated crosswalk","epistemic_note":"Buffered official fault corridor; not an exact mapped surface trace."}},{"type":"Feature","geometry":{"type":"Polygon","coordinates":[[[23.476377645147622,42.365984490877935],[23.476300485033192,42.36594182826821],[23.406624554712703,42.33341973175252],[23.39013972138831,42.323940933198045],[23.389973495236564,42.32387318124858],[23.389787191505402,42.323846862934786],[23.38959904655591,42.32386455441188],[23.389427476953905,42.323924523935624],[23.389289276870493,42.324020901369785],[23.389197974249758,42.3241442527581],[23.389162506615722,42.3242825037329],[23.3891863461337,42.32442212139029],[23.38926715959831,42.32454943896031],[23.389397036681515,42.324651993613635],[23.405905218700852,42.3341442887942],[23.405953436714764,42.33416932580454],[23.475613882040285,42.36668442579732],[23.521433604977656,42.39646897249243],[23.521594231814223,42.39654403147508],[23.52177829000257,42.396578625486896],[23.521967762318525,42.396569368145975],[23.522144101511213,42.396517165629994],[23.522290045982533,42.396427127971315],[23.522391309583146,42.3963080688185],[23.52243798007378,42.3961716426433],[23.522425489347928,42.39603120386923],[23.522355060465305,42.39590049961735],[23.522233587784932,42.39579232404416],[23.476377645147622,42.365984490877935]]]},"properties":{"fault_id":"FLT-KLISURA-TRANSVERSE-REC27","mrrb_record":27,"mrrb_name":"Klisura","scientific_name":null,"fault_system":"Palakaria graben transverse fault network","fault_type":null,"bgcs":null,"correspondence_type":"transverse_fault_network_correspondence","confidence":"MEDIUM_HIGH","exact_trace_identity":false,"source_ids":["SRC-MRRB-2025","SRC-GEORGIEV-NAKOV-2014","SRC-GEO-MAP-K34-059-PERNIK","SRC-GEO-MAP-K34-060-IHTIMAN"],"notes":["REC27 има простиране приблизително 56.36°, което е с около 72.4° различно от доминиращата ориентация на системата Палакария/BGCS028.","REC27 геометрично пресича EUR_BGCS028, но това пресичане не се приема като идентичност на разлома.","Контекстът от геоложките карти подкрепя интерпретация като напречен елемент на разломната мрежа."],"open_items":["Индивидуалното публикувано научно име на разлома и кинематиката остават неуточнени."],"mrrb_I_AF":0.2,"mrrb_H_AF":0.009,"mrrb_A_AF":1359764,"mrrb_length":13538.02,"geometry_role":"official_buffered_active_fault_corridor","display_source":"MRRB + SONDI curated crosswalk","epistemic_note":"Buffered official fault corridor; not an exact mapped surface trace."}},{"type":"Feature","geometry":{"type":"Polygon","coordinates":[[[23.50680149614322,42.273499915835785],[23.50698411336881,42.27353753257601],[23.507173444590425,42.273531397553484],[23.50735095636983,42.273482111305185],[23.507499272318924,42.27339449839342],[23.507603874135636,42.27327713511317],[23.507654522796056,42.27314150993379],[23.5076462607715,42.27300089887664],[23.5075798971856,42.27286906593344],[23.507461928466846,42.27275891575031],[23.507303902318945,42.2726812304619],[23.389112494686003,42.2325905225129],[23.388930077261495,42.23255272467351],[23.388740871092452,42.232558668382204],[23.388563396618558,42.23260777182469],[23.38841502597907,42.23269522849405],[23.388310282620903,42.23281247765443],[23.388259419682587,42.23294804227503],[23.38826741629641,42.23308865243071],[23.388333490076533,42.233220544222384],[23.38845117355978,42.23333080708244],[23.38860894717192,42.233408647581534],[23.50680149614322,42.273499915835785]]]},"properties":{"fault_id":"FLT-GOVEDARTSI","mrrb_record":28,"mrrb_name":"Govedarci","scientific_name":"Govedartsi normal fault","fault_system":"North Rila extensional system","fault_type":"normal_fault","bgcs":null,"correspondence_type":"local_scientific_crosswalk","confidence":"HIGH","exact_trace_identity":false,"source_ids":["SRC-MRRB-2025","SRC-MGU-RILA"],"notes":["Все още няма доказан международен аналог."],"open_items":[],"mrrb_I_AF":0.4,"mrrb_H_AF":0.018,"mrrb_A_AF":1079206,"mrrb_length":10728.99,"geometry_role":"official_buffered_active_fault_corridor","display_source":"MRRB + SONDI curated crosswalk","epistemic_note":"Buffered official fault corridor; not an exact mapped surface trace."}},{"type":"Feature","geometry":{"type":"Polygon","coordinates":[[[23.580288768711544,41.7260395041738],[23.580324273399537,41.72592625369305],[23.58513882762957,41.690323354837616],[23.585141516598522,41.69029373967256],[23.58674615719266,41.655870299677495],[23.586746520215343,41.6558532801566],[23.58663160716431,41.626467490420744],[23.586601713244594,41.62632852451379],[23.586516049029292,41.62620329117986],[23.58638300015738,41.62610404902757],[23.586215590395696,41.62604051243388],[23.586030206775675,41.626018900685295],[23.58584499559388,41.62604132923584],[23.585678086257374,41.62610560265249],[23.5855458167862,41.626205429508055],[23.58546113462152,41.62633103819076],[23.585432329246068,41.62647013336556],[23.58554666307181,41.65584739141723],[23.58394247425578,41.69024744277053],[23.579137168265873,41.72577713411433],[23.55875857547192,41.766264821299686],[23.55872057285253,41.76640267520972],[23.55874133051223,41.7665425739711],[23.558818816911042,41.76667082330181],[23.558945447398138,41.76677486917012],[23.559108826551885,41.76684452670641],[23.559292961509914,41.7668729772208],[23.559479827527802,41.76685743571176],[23.55965113249338,41.766799423506974],[23.559790107625286,41.766704619338945],[23.559883149016603,41.76658230343528],[23.580288768711544,41.7260395041738]]]},"properties":{"fault_id":"FLT-E-PIRIN-REC29","mrrb_record":29,"mrrb_name":"E Pirin","scientific_name":null,"fault_system":"East Pirin local active fault corridor","fault_type":null,"bgcs":null,"correspondence_type":"local_fault_corridor_correspondence","confidence":"HIGH","exact_trace_identity":false,"source_ids":["SRC-MRRB-2025","SRC-GEM-SONDI","SRC-GEO-MAP-K34-072-VELINGRAD","SRC-GEO-MAP-K34-084-BELICA"],"notes":["REC29 има основно простиране приблизително 172.04°.","Най-близкият GEM EUR_BGCS034 е на приблизително 4.18 km от REC29, но се различава по локално простиране с около 71.27°.","EFSM20 независимо показва разстояние приблизително 4.19 km и разлика в локалното простиране около 70.75°.","K-34-072 Велинград показва REC29 като отделен локален структурен коридор от почти север–юг до ССЗ–ЮЮИ, силно кос спрямо EUR_BGCS034 и отделен от EUR_BGCS035.","K-34-084 Белица потвърждава южното продължение на същия локален структурен коридор без близък GEM кандидат.","Не се приема директно BGCS каталогово съответствие, защото близостта до EUR_BGCS034 е в противоречие със силно несъвместимата ориентация.","ВИСОКАТА увереност се отнася до локалното структурно съответствие на REC29, а не до идентичност с международна следа.","Не се задава кинематичен тип на разлома, защото за REC29 няма прието международно каталогово съответствие или независим научен кинематичен източник."],"open_items":[],"mrrb_I_AF":0.2,"mrrb_H_AF":0.009,"mrrb_A_AF":1594392,"mrrb_length":15885.76,"geometry_role":"official_buffered_active_fault_corridor","display_source":"MRRB + SONDI curated crosswalk","epistemic_note":"Buffered official fault corridor; not an exact mapped surface trace."}},{"type":"Feature","geometry":{"type":"Polygon","coordinates":[[[23.80143414436749,41.51114684831493],[23.80153320449725,41.511027366483745],[23.80157829535122,41.51089072328749],[23.80156500343669,41.51075029438916],[23.80149463022218,41.51061982594134],[23.801374064601884,41.51051208901956],[23.801215108458166,41.51043762953288],[23.801033321380768,41.51040373596712],[23.80084649764119,41.510413725985764],[23.80067292448542,41.510466621702555],[23.80052959218967,41.5105572454014],[23.753756447866248,41.551063621974905],[23.7536572363912,41.55118305650364],[23.753612012265943,41.55131967542236],[23.75362520265751,41.55146010559469],[23.753695516762615,41.55159060073087],[23.753816072021376,41.55169838697266],[23.753975067725328,41.55177291332014],[23.754156940122353,41.55180688448729],[23.75434388596048,41.55179697506431],[23.754517605314398,41.551744155060675],[23.754661093048732,41.55165359495138],[23.80143414436749,41.51114684831493]]]},"properties":{"fault_id":"FLT-LESKI-REC30","mrrb_record":30,"mrrb_name":"Leski","scientific_name":null,"fault_system":"Leski local active fault corridor","fault_type":null,"bgcs":null,"correspondence_type":"local_fault_corridor_correspondence","confidence":"HIGH","exact_trace_identity":false,"source_ids":["SRC-MRRB-2025","SRC-GEM-SONDI","SRC-GEO-MAP-K34-084-BELICA"],"notes":["REC30 има основно простиране приблизително 138.92°.","EUR_BGCS035 осигурява най-близкото сходство по направление, с разлика в локалното простиране около 3.96°, но се намира приблизително на 33.11 km от REC30.","EFSM20 независимо показва за съответния кандидат разстояние приблизително 33.11 km и разлика в локалното простиране около 3.15°.","Най-близката GEM структура като цяло — EUR_GRCS140 — е на приблизително 32.61 km и се различава по локално простиране с около 53.36°.","В локалния обхват на K-34-084 Белица няма релевантен GEM кандидат.","Визуалната проверка на K-34-084 Белица показва REC30 като отделен локален СЗ–ЮИ структурен елемент.","Не се приема директно BGCS каталогово съответствие, защото най-близкият аналог по направление е регионално твърде отдалечен.","ВИСОКАТА увереност се отнася до локалното структурно съответствие на REC30, а не до идентичност с международна следа.","Не се задава кинематичен тип на разлома, защото за REC30 няма прието международно каталогово съответствие или независим научен кинематичен източник."],"open_items":[],"mrrb_I_AF":0.4,"mrrb_H_AF":0.018,"mrrb_A_AF":603051,"mrrb_length":5959.16,"geometry_role":"official_buffered_active_fault_corridor","display_source":"MRRB + SONDI curated crosswalk","epistemic_note":"Buffered official fault corridor; not an exact mapped surface trace."}},{"type":"Feature","geometry":{"type":"MultiPolygon","coordinates":[[[[27.75848108649905,42.71083548598379],[27.758355036716477,42.710869404241734],[27.706845167232018,42.729671402784426],[27.706689257049305,42.72975284635154],[27.70657511489178,42.729865822776894],[27.7065139139038,42.72999927327551],[27.70651164517504,42.73014013486635],[27.70656853117229,42.73027461903602],[27.70667900381469,42.730389561454274],[27.70683224939527,42.73047371062203],[27.707013267054162,42.730518829297736],[27.707204337211113,42.73052050086753],[27.707386756200087,42.730478561705915],[27.758836639763324,42.71169841599498],[27.788952890697704,42.70626442776589],[27.791947944775494,42.704796417446424],[27.75848108649905,42.71083548598379]]],[[[27.877646804237067,42.698470058772976],[27.904235384333294,42.6977962263023],[27.90437352343815,42.69778091230017],[27.97866068459394,42.68295030089421],[27.978841524160444,42.682889378236],[27.978986227250097,42.68278880420039],[27.979079437600987,42.68265925210606],[27.979111263753868,42.68251447046372],[27.97907832865501,42.68236982389746],[27.978984127865967,42.68224066259481],[27.978838658437052,42.68214069333075],[27.97854359717411,42.68210524141533],[27.978108660386695,42.68214532518323],[27.977041735036536,42.68234110813376],[27.90412300865645,42.69689805499321],[27.877596997140415,42.697570289279874],[27.877580849589894,42.697570854612025],[27.817051392652942,42.700266877227875],[27.816942594562445,42.700279022385516],[27.793264956997717,42.70455854009785],[27.793367848088053,42.704641038542455],[27.79344738687775,42.704769113688215],[27.793469371090087,42.704909048089185],[27.79343164838111,42.7050471440266],[27.793337910953632,42.70516988365614],[27.793197334275746,42.705265252248495],[27.792445863177072,42.705633604836855],[27.81717969226684,42.70116332436554],[27.877646804237067,42.698470058772976]]]]},"properties":{"fault_id":"FLT-EMINE-REC31","mrrb_record":31,"mrrb_name":"Emine","scientific_name":null,"fault_system":"Prosenik-Emine regional active fault system","fault_type":"normal_fault","bgcs":"EUR_BGCS013","correspondence_type":"regional_fault_system_crosswalk","confidence":"HIGH","exact_trace_identity":false,"source_ids":["SRC-MRRB-2025","SRC-GEM-SONDI","SRC-GEO-MAP-K35-044-DOLNI-CHIFLIK"],"notes":["REC31 има простиране приблизително от изток–запад до ЗСЗ–ИЮИ — 102.29°.","Най-близкият GEM източник EUR_BGCS013 е на приблизително 0.52 km, с разлика в локалното простиране само около 1.48°.","EFSM20 независимо показва разстояние приблизително 0.52 km и разлика в локалното простиране около 1.52°.","На K-35-044 Долни чифлик REC31 продължава в същия регионален структурен коридор, представен от EUR_BGCS013.","REC31 геометрично се свързва с REC6; основните им простирания се различават само с приблизително 3.61°.","Каталоговото съответствие е на регионално/системно ниво и не твърди точно съвпадение на повърхностната следа."],"open_items":[],"mrrb_I_AF":0.2,"mrrb_H_AF":0.009,"mrrb_A_AF":2342392,"mrrb_length":23357.82,"geometry_role":"official_buffered_active_fault_corridor","display_source":"MRRB + SONDI curated crosswalk","epistemic_note":"Buffered official fault corridor; not an exact mapped surface trace."}},{"type":"Feature","geometry":{"type":"Polygon","coordinates":[[[23.27487118575886,42.29149906041651],[23.274791635433562,42.29146554951699],[23.25119390751156,42.283202583485696],[23.236441361683966,42.27786134038845],[23.20680257507304,42.2634722448029],[23.194268522371985,42.253036046613836],[23.194246571349343,42.253018711474546],[23.18118715796249,42.24323524274131],[23.181024761028613,42.24314843996341],[23.167021365456154,42.23802317004261],[23.166786692516983,42.23797752657465],[23.158320281304718,42.237635636429445],[23.149528393538088,42.23261083935869],[23.136022156753466,42.22284243147064],[23.135889030211047,42.222769554046],[23.130696757535134,42.220672225214294],[23.130555966239772,42.22063132382467],[23.11938473786864,42.218533928693894],[23.119356471236262,42.218529152483455],[23.099216797259736,42.21549946024482],[23.09902768041661,42.21549345138237],[23.09884532157592,42.21553117855392],[23.09868757095722,42.21560894881959],[23.09856987012385,42.215719149606166],[23.09850374051864,42.21585099383193],[23.098495655639923,42.21599157576842],[23.09854640726659,42.21612713430365],[23.09865102781017,42.21624439996516],[23.09879927644927,42.21633189385077],[23.098976641508994,42.21638105131019],[23.119102368043798,42.219408660131336],[23.130185819474168,42.22148958665434],[23.135237876730084,42.22353028877818],[23.148709502612313,42.23327375446911],[23.148762569838503,42.233307905509186],[23.157731093380562,42.23843368484002],[23.157889704662452,42.238498879949525],[23.158067181979366,42.2385262522765],[23.166597445614045,42.23887073744469],[23.180398925352595,42.24392212798713],[23.193375626159096,42.253643731407074],[23.20595231537574,42.26411555275602],[23.206072726818814,42.264192536487414],[23.235810497505597,42.27862978767046],[23.23587632280479,42.27865753391667],[23.250666559777112,42.284012451186356],[23.250673530317087,42.28401493351953],[23.274233491647923,42.29226471916903],[23.31667794724996,42.31342531658768],[23.316849971119854,42.3134845048212],[23.317038218966157,42.313501341891914],[23.317224263413973,42.31347417962253],[23.31738989277759,42.31340567688451],[23.31751889388426,42.313302539314144],[23.317598639215266,42.31317486287583],[23.317621322972215,42.31303514554501],[23.317584725075026,42.31289706387497],[23.317492428339765,42.31277413422239],[23.317353467630564,42.3126783896871],[23.27487118575886,42.29149906041651]]]},"properties":{"fault_id":"FLT-DZHERMAN","mrrb_record":32,"mrrb_name":"Dzherman","scientific_name":"Dzherman fault","fault_system":"North Rila extensional system","fault_type":"normal_fault","bgcs":"EUR_BGCS047","correspondence_type":"regional_spatial_crosswalk","confidence":"HIGH","exact_trace_identity":false,"source_ids":["SRC-MRRB-2025","SRC-MGU-RILA","SRC-GEM-SONDI"],"notes":["Джерман не трябва да се приравнява със Сапаревския разлом."],"open_items":[],"mrrb_I_AF":0.2,"mrrb_H_AF":0.009,"mrrb_A_AF":2144206,"mrrb_length":21400.15,"geometry_role":"official_buffered_active_fault_corridor","display_source":"MRRB + SONDI curated crosswalk","epistemic_note":"Buffered official fault corridor; not an exact mapped surface trace."}},{"type":"Feature","geometry":{"type":"Polygon","coordinates":[[[23.426412643030186,42.3387904384886],[23.42630414985272,42.33889944121684],[23.426244331496648,42.3390274679952],[23.426238616031902,42.33916290198488],[23.42628752240848,42.339293454162686],[23.42638661324768,42.33940727839833],[23.42652689737551,42.33949404637059],[23.426695645610856,42.339545884779675],[23.426877545804853,42.339558089801336],[23.467786818065903,42.337697213603114],[23.467972005170232,42.337666697915346],[23.46813541800504,42.33759521897671],[23.468261060382797,42.337489773759145],[23.468336633579906,42.3373606841157],[23.468354740210863,42.33722058635184],[23.468313608242067,42.33708319425328],[23.468217264309672,42.33696195666947],[23.468075139429715,42.33686874106439],[23.46790114574796,42.33681267189053],[23.467712314732697,42.33679923747747],[23.42764617957603,42.3386219317937],[23.42758478841239,42.33855900111756],[23.427431524088,42.338476069658086],[23.427251218683125,42.3384323342548],[23.427061521451687,42.33843207593965],[23.426881000900313,42.33847531998346],[23.426727327318694,42.33855783342811],[23.426412643030186,42.3387904384886]]]},"properties":{"fault_id":"FLT-PALA2-REC33","mrrb_record":33,"mrrb_name":"Pala2","scientific_name":null,"fault_system":"Palakaria graben oblique fault network","fault_type":null,"bgcs":null,"correspondence_type":"oblique_branch_fault_network_correspondence","confidence":"MEDIUM","exact_trace_identity":false,"source_ids":["SRC-MRRB-2025","SRC-GEORGIEV-NAKOV-2014","SRC-GEO-MAP-K34-059-PERNIK"],"notes":["REC33 има простиране приблизително 95.54° и се различава с около 33.22° от доминиращото направление на регионалната система.","Въпреки че в машинния инвентар REC33 е на приблизително 304 m от EUR_BGCS028, близостта сама по себе си не е достатъчна за BGCS идентичност.","Контекстът от геоложките карти е съвместим с кос клон в по-широката Палакарийска разломна мрежа."],"open_items":["Индивидуалното публикувано научно име на разлома и точната връзка на клона остават неуточнени."],"mrrb_I_AF":0.2,"mrrb_H_AF":0.009,"mrrb_A_AF":346766,"mrrb_length":3416.51,"geometry_role":"official_buffered_active_fault_corridor","display_source":"MRRB + SONDI curated crosswalk","epistemic_note":"Buffered official fault corridor; not an exact mapped surface trace."}},{"type":"Feature","geometry":{"type":"Polygon","coordinates":[[[23.29548735030637,42.47628885024496],[23.295456914290998,42.47625903582988],[23.282554815899758,42.4646531745679],[23.28249996538623,42.46460997344245],[23.257954581625196,42.447661565296265],[23.25779707003506,42.447582862371256],[23.25761442903975,42.447544059082134],[23.25742453649897,42.44754895367812],[23.257245980034906,42.447597067036945],[23.257096237692483,42.44768368956655],[23.25698996718335,42.447800342182774],[23.2569375711298,42.44793560625043],[23.256944178736077,42.44807624126727],[23.257009143586405,42.44820848090307],[23.25712610677447,42.448319380542195],[23.281642146518294,42.46524770681704],[23.294502620716045,42.476816289818814],[23.316201358298297,42.50000637352474],[23.316332770438724,42.50010809523015],[23.316500230510112,42.50017478867192],[23.316687346159352,42.500199925305864],[23.316875800851115,42.50018104451997],[23.317047146952333,42.50011999452032],[23.317184611658256,42.500022751406995],[23.317274738928624,42.499898834153235],[23.31730870667283,42.49976037276867],[23.317283190243273,42.49962092088147],[23.317200687740634,42.49949412899076],[23.29548735030637,42.47628885024496]]]},"properties":{"fault_id":"FLT-YARLOVO","mrrb_record":34,"mrrb_name":"Yarlovo","scientific_name":"Yarlovo fault","fault_system":"Palakaria graben","fault_type":"normal_fault","bgcs":null,"correspondence_type":"local_scientific_crosswalk","confidence":"HIGH","exact_trace_identity":false,"source_ids":["SRC-MRRB-2025","SRC-GEORGIEV-NAKOV-2014"],"notes":[],"open_items":[],"mrrb_I_AF":0.2,"mrrb_H_AF":0.009,"mrrb_A_AF":763727,"mrrb_length":7571.42,"geometry_role":"official_buffered_active_fault_corridor","display_source":"MRRB + SONDI curated crosswalk","epistemic_note":"Buffered official fault corridor; not an exact mapped surface trace."}},{"type":"Feature","geometry":{"type":"Polygon","coordinates":[[[28.65321510346585,43.52171588168877],[28.653212184708895,43.52171115595367],[28.62569828294114,43.47780442604526],[28.625633609361646,43.47772427451508],[28.58529451718254,43.43779558396482],[28.56146201272847,43.40983481187167],[28.561412745569918,43.40978493240502],[28.52656213541035,43.37913005046783],[28.526544806520793,43.37911544669532],[28.477020305568853,43.33910752278538],[28.476870200125187,43.33901902742299],[28.476689975402753,43.3389687194753],[28.476497272749757,43.338961523342626],[28.47631095484571,43.338998143423616],[28.476149259443222,43.339074995167216],[28.47602801426034,43.33918455592379],[28.47595908771228,43.33931610126317],[28.475949227113105,43.339456754703136],[28.47599939808579,43.33959274811392],[28.476104689887983,43.3397107694354],[28.5256202227305,43.379711921185276],[28.560435275388958,43.41033594362411],[28.584257949772834,43.438285713733336],[28.58428500433983,43.43831483483337],[28.62460007535449,43.47822042163908],[28.652085246759732,43.52208255236595],[28.679597061323555,43.56728430719704],[28.67970223210075,43.56740255921913],[28.67985251095898,43.567491392045525],[28.680033187465025,43.56754210995899],[28.680226575437715,43.56754974824378],[28.680413744311462,43.5675135592021],[28.680576372345968,43.5674370853476],[28.68069854021833,43.567327812609555],[28.680768289377546,43.56719643750617],[28.68077879259585,43.567055820040906],[28.680729022148473,43.56691972484026],[28.65321510346585,43.52171588168877]]]},"properties":{"fault_id":"FLT-KALIAKRA-REC35","mrrb_record":35,"mrrb_name":"Kaliakra","scientific_name":null,"fault_system":"Kaliakra-Yaila coastal fault system","fault_type":null,"bgcs":null,"correspondence_type":"local_coastal_transverse_fault_system_correspondence","confidence":"HIGH","exact_trace_identity":false,"source_ids":["SRC-MRRB-2025","SRC-GEM-SONDI","SRC-GEO-MAP-K35-021-BALCHIK-SHABLA"],"notes":["REC35 има основно простиране приблизително 33.20°.","REC35 геометрично пресича EUR_BGCS041, но локалната разлика в простирането е приблизително 67.80°.","Поради това пресичането се интерпретира като напречно кръстосване, а не като идентичност на следата.","REC35 и REC36 са на приблизително 3.33 km един от друг и се различават по основно простиране само с около 2.88°.","K-35-021 Балчик и Шабла подкрепя REC35 като част от локална СИ–ЮЗ крайбрежна структурна система.","Не е зададено директно BGCS каталогово съответствие.","Кинематиката на разлома остава неуточнена, защото наличните данни не я установяват независимо за REC35."],"open_items":[],"mrrb_I_AF":1.0,"mrrb_H_AF":0.044,"mrrb_A_AF":3052004,"mrrb_length":30430.83,"geometry_role":"official_buffered_active_fault_corridor","display_source":"MRRB + SONDI curated crosswalk","epistemic_note":"Buffered official fault corridor; not an exact mapped surface trace."}},{"type":"Feature","geometry":{"type":"Polygon","coordinates":[[[28.631189874399546,43.55626179897763],[28.609195965238214,43.519060135542574],[28.609152427272242,43.5189995784808],[28.566964678152928,43.46976652099989],[28.566866932063103,43.46967904427249],[28.522864741962163,43.439068111504554],[28.484363490540698,43.40711031832966],[28.48425262118671,43.407038025425514],[28.46591029017903,43.39770952121512],[28.46573655225962,43.39764799764386],[28.465545245248588,43.39762863355741],[28.465355095220808,43.3976533244136],[28.46518471501195,43.39771965335477],[28.465050782407268,43.397821127765575],[28.464966407686525,43.397947814768116],[28.464939850289618,43.398087313466156],[28.46497371022787,43.39822596878909],[28.46506467342853,43.398350208132435],[28.465203835996455,43.39844786996007],[28.4834848368179,43.407745241829744],[28.521954392428675,43.43967707374536],[28.521991728858318,43.43970544190299],[28.56595704181304,43.47029104471213],[28.608078066759028,43.51944718747429],[28.630070057060415,43.55664673051085],[28.630109983386554,43.55670296209171],[28.66129185254136,43.59391103402434],[28.661417339712816,43.59401833422822],[28.661582306564114,43.594092198774874],[28.661770604800118,43.59412539716053],[28.661963802113117,43.594114679634856],[28.662142986604703,43.594061095332535],[28.662290618166725,43.593969889565656],[28.66239224553682,43.59384999033514],[28.662437920910282,43.593713134340334],[28.66242317362774,43.59357271806056],[28.662349447655266,43.59344248639106],[28.631189874399546,43.55626179897763]]]},"properties":{"fault_id":"FLT-YAILA-REC36","mrrb_record":36,"mrrb_name":"Yaila","scientific_name":null,"fault_system":"Kaliakra-Yaila coastal fault system","fault_type":null,"bgcs":null,"correspondence_type":"local_parallel_coastal_fault_segment_correspondence","confidence":"HIGH","exact_trace_identity":false,"source_ids":["SRC-MRRB-2025","SRC-GEM-SONDI","SRC-GEO-MAP-K35-021-BALCHIK-SHABLA"],"notes":["REC36 има основно простиране приблизително 36.07°.","Най-близкият GEM източник EUR_BGCS045 е на приблизително 0.47 km, но локалната разлика в простирането е около 72.74°.","Следователно близостта не подкрепя директна идентичност на следата.","REC36 е субпаралелен на REC35 и се интерпретира като отделен сегмент в същата локална крайбрежна структурна система.","K-35-021 Балчик и Шабла подкрепя локалното структурно съответствие.","Не е зададено директно BGCS каталогово съответствие.","Кинематиката на разлома остава неуточнена, защото наличните данни не я установяват независимо за REC36."],"open_items":[],"mrrb_I_AF":1.0,"mrrb_H_AF":0.044,"mrrb_A_AF":2733888,"mrrb_length":27250.76,"geometry_role":"official_buffered_active_fault_corridor","display_source":"MRRB + SONDI curated crosswalk","epistemic_note":"Buffered official fault corridor; not an exact mapped surface trace."}},{"type":"Feature","geometry":{"type":"Polygon","coordinates":[[[27.898044572398295,43.185350894537635],[27.836633154934084,43.18668751065015],[27.764190144004157,43.18668750358887],[27.76414889434442,43.18668850344223],[27.709142746926723,43.189362194195375],[27.651363490265737,43.18929857673561],[27.651328593091005,43.18929925410437],[27.586322675033664,43.1918942912156],[27.586134433246638,43.191923819870794],[27.585967875478925,43.19199446462047],[27.585839305370715,43.19209931039017],[27.585761308306036,43.19222809428808],[27.585741519450096,43.192368210153894],[27.585781876263336,43.19250594249755],[27.585878428700603,43.192627809056546],[27.586021725731218,43.1927218805572],[27.586197740397377,43.192778948482896],[27.586389242888092,43.19279342652257],[27.651378675811877,43.190199046877794],[27.709161990482748,43.19026265341361],[27.709203286560353,43.19026167339947],[27.764210259534472,43.187587946813565],[27.83664258966082,43.18758793603499],[27.83666039048393,43.187587741931665],[27.89810785207468,43.186250329043965],[27.898160178755834,43.18624753842055],[27.953187747770695,43.18156637275827],[27.953373090263227,43.18152837595294],[27.953533316218746,43.18145032538524],[27.95365274145596,43.18133986132256],[27.953719675896885,43.18120779689598],[27.95372756783632,43.181067059582524],[27.953675645152206,43.18093142573904],[27.95356899073506,43.1808141720733],[27.95341804481073,43.18072677605703],[27.953237582921684,43.18067779248228],[27.953045269630746,43.180672016111814],[27.898044572398295,43.185350894537635]]]},"properties":{"fault_id":"FLT-VARNA-LAKE-REC37","mrrb_record":37,"mrrb_name":"Varna_lake","scientific_name":null,"fault_system":"Varna Lake regional active fault system","fault_type":"sinistral_normal_fault","bgcs":"EUR_BGCS039","correspondence_type":"regional_fault_system_crosswalk","confidence":"HIGH","exact_trace_identity":false,"source_ids":["SRC-MRRB-2025","SRC-GEM-SONDI","SRC-GEO-MAP-K35-032-VARNA"],"notes":["REC37 има основно простиране приблизително 92.21°.","Най-близкият GEM EUR_BGCS039 пресича REC37 с приблизително 0.00 km разстояние и разлика в локалното простиране около 6.16°.","EFSM20 независимо потвърждава същото подравняване с приблизително 0.00 km разстояние и разлика в локалното простиране около 5.69°.","K-35-032 Варна показва REC37 и EUR_BGCS039 в един и същ изток–запад структурен коридор на Варненското езеро.","EUR_BGCS016 се явява близка контролна структура, но не осигурява по-силно съответствие от EUR_BGCS039.","EUR_BGCS041 е прегледан като по-широк регионален контрол и не е необходим за приетото каталогово съответствие.","Каталоговото съответствие е на регионално/системно ниво и не твърди точно съвпадение на повърхностната следа.","Ляво-отседно нормалната кинематика е наследена от приетото международно каталогово съответствие EUR_BGCS039."],"open_items":[],"mrrb_I_AF":0.6,"mrrb_H_AF":0.027,"mrrb_A_AF":2995262,"mrrb_length":29854.35,"geometry_role":"official_buffered_active_fault_corridor","display_source":"MRRB + SONDI curated crosswalk","epistemic_note":"Buffered official fault corridor; not an exact mapped surface trace."}},{"type":"Feature","geometry":{"type":"Polygon","coordinates":[[[27.526842711542354,43.0305982910967],[27.555297603024204,43.02728335868071],[27.555299686399678,43.02728311300527],[27.595309307651213,43.022505965605944],[27.59538605156223,43.02249303252075],[27.638016376421202,43.01315070142484],[27.68271001094571,43.005252496726115],[27.682797007267926,43.00523196535977],[27.70385317346498,42.99895516077103],[27.72930917357085,42.99411267543324],[27.751133799793703,42.99377835934415],[27.75115611928793,42.99377771668646],[27.77095058606532,42.99294081565399],[27.791203639939322,42.99394513881414],[27.791263756592887,42.99394594622977],[27.80238391233353,42.993694389577406],[27.802581323901357,42.99366566500928],[27.811016230958295,42.99133118487993],[27.820353836731236,42.98999846452807],[27.83223404987588,42.98866150932944],[27.840916151027983,42.988327248587986],[27.840921081267595,42.988327043970706],[27.85409413463712,42.98774049809305],[27.86726717249522,42.98748911851516],[27.867306481975653,42.98748743776134],[27.87613382129214,42.986900409948674],[27.87624860143974,42.98688457477712],[27.884158808141972,42.98520732314013],[27.88432491655959,42.98515127196275],[27.893381502873922,42.98079020835573],[27.893523486623334,42.98069547435856],[27.893618649439297,42.98057316260919],[27.89365767632602,42.98043524595497],[27.89363674742214,42.980295224692505],[27.89355791177701,42.980166805044135],[27.89342888662938,42.980062557510564],[27.893262301892342,42.97999268642438],[27.89307446383696,42.97996403113322],[27.892883758998618,42.97997939656306],[27.892708854513213,42.98003727867294],[27.88372962882805,42.98436107250544],[27.87596468806425,42.986007518469705],[27.86721551428707,42.98658934557471],[27.854051707827434,42.98684054561133],[27.85403042023048,42.98684122244967],[27.840849386564354,42.98742812283056],[27.832139279595644,42.98776345949524],[27.832078396667377,42.987768046175404],[27.82015592601988,42.98910975614959],[27.820131732386134,42.989112842607156],[27.81073132136155,42.99045452352638],[27.810631945082434,42.99047520766175],[27.80224408885168,42.992796667331845],[27.791256138390576,42.99304522856787],[27.770995046244913,42.992040498259975],[27.770918295804652,42.992040218767826],[27.75109688071016,42.99287826134387],[27.729211978325267,42.99321349049113],[27.729070736874135,42.993227808687564],[27.70350619661692,42.998090938717276],[27.703429100641877,42.99810967106113],[27.682377921670106,43.00438498333632],[27.63771318285231,43.01227805864316],[27.6376809359415,43.01228443632154],[27.595072951406753,43.02162186908429],[27.555103870023434,43.026394164553146],[27.526330487616356,43.029746155099915],[27.52612666496035,43.02979804044759],[27.525959910866813,43.02989846683084],[27.525850832431775,43.030035023917605],[27.525812909664012,43.03019083637843],[27.52581290882904,43.03027463746501],[27.525842945187247,43.030413770041584],[27.525930117102508,43.03053928361668],[27.52606589180959,43.030638891930266],[27.526236978731326,43.03070284448366],[27.526426630454008,43.03072488104102],[27.52661628217021,43.03070284446834],[27.526787369074892,43.03063889190506],[27.526842711542354,43.0305982910967]]]},"properties":{"fault_id":"FLT-KAMCHIYA-REC38","mrrb_record":38,"mrrb_name":"Камчия","scientific_name":null,"fault_system":"Kamchiya regional fault system","fault_type":"normal_fault","bgcs":"EUR_BGCS016","correspondence_type":"regional_fault_system_crosswalk","confidence":"HIGH","exact_trace_identity":false,"source_ids":["SRC-MRRB-2025","SRC-GEM-SONDI","SRC-GEO-MAP-K35-032-VARNA","SRC-GEO-MAP-K35-044-DOLNI-CHIFLIK"],"notes":["K-35-032 Варна и K-35-044 Долни чифлик и двете подкрепят силно съответствие с структурен коридор от изток–запад до ЗСЗ–ИЮИ.","Най-близкият GEM източник е EUR_BGCS016 на приблизително 0.472 km, с разлика в простирането около 4.57°.","Регионалното/системното съответствие е силно, но не се твърди точно съвпадение на следата."],"open_items":[],"mrrb_I_AF":0.6,"mrrb_H_AF":0.027,"mrrb_A_AF":3077906,"mrrb_length":30682.47,"geometry_role":"official_buffered_active_fault_corridor","display_source":"MRRB + SONDI curated crosswalk","epistemic_note":"Buffered official fault corridor; not an exact mapped surface trace."}},{"type":"Feature","geometry":{"type":"Polygon","coordinates":[[[26.82185340801338,42.640226643833934],[26.821889462322456,42.64022052569983],[26.85234464587267,42.63432455199413],[26.877983916213633,42.63196666199528],[26.87807107478939,42.63195381689148],[26.89045226841946,42.62942344529036],[26.89062590719994,42.629365079939916],[26.89076662257466,42.629269948600985],[26.890860640307764,42.62914736353212],[26.890898757486404,42.629009324335044],[26.890877243290344,42.628869343303684],[26.890798204055145,42.62874112272556],[26.890669376945656,42.628637213618255],[26.890503372491498,42.628567787188864],[26.89031644016735,42.62853963925897],[26.890126877856762,42.62855552508848],[26.877788786407464,42.6310770883932],[26.852153833722667,42.633434571940626],[26.85207433609221,42.63344587213213],[26.82159821004318,42.639345904866445],[26.78814172631962,42.644234292901494],[26.787962617573555,42.64428289930241],[26.78781262015539,42.64436998726828],[26.78770641676537,42.644487032159006],[26.787654403477145,42.64462257693587],[26.787661672041917,42.644763353606386],[26.787727511347025,42.644895581959304],[26.78784547687751,42.6450063184715],[26.788004021437466,42.645084723344794],[26.788187625434844,42.64512312163323],[26.78837831610297,42.64511775457012],[26.82185340801338,42.640226643833934]]]},"properties":{"fault_id":"FLT-STRALDZHA2-REC39","mrrb_record":39,"mrrb_name":"Стракджа 2","scientific_name":null,"fault_system":"Straldzha-Sliven regional fault system","fault_type":null,"bgcs":"EUR_BGCS010","correspondence_type":"regional_parallel_fault_correspondence","confidence":"MEDIUM_HIGH","exact_trace_identity":false,"source_ids":["SRC-MRRB-2025","SRC-GEM-SONDI","SRC-GEO-MAP-K35-055-BURGAS"],"notes":["REC39 е субпаралелен на регионалното направление на EUR_BGCS010.","Геоложкият лист Бургас подкрепя наличието на разломен регионален структурен пояс, но не и точно едно-към-едно съвпадение на следата."],"open_items":["Индивидуалното научно име на разлома и публикуваната идентичност на ниво сегмент остават неуточнени."],"mrrb_I_AF":0.6,"mrrb_H_AF":0.027,"mrrb_A_AF":864138,"mrrb_length":8557.27,"geometry_role":"official_buffered_active_fault_corridor","display_source":"MRRB + SONDI curated crosswalk","epistemic_note":"Buffered official fault corridor; not an exact mapped surface trace."}},{"type":"Feature","geometry":{"type":"Polygon","coordinates":[[[25.091089938965787,42.66451785886284],[25.09111081469196,42.66451716515114],[25.10211632872165,42.66401136518461],[25.102126147322352,42.66401085472919],[25.119530822795017,42.663000446344405],[25.140968796138967,42.66283274765923],[25.159949191066204,42.66707494880617],[25.178170797054573,42.67343492586278],[25.204461882424624,42.68361452771546],[25.204574388806748,42.683648020255994],[25.23081422422688,42.68929395524789],[25.230990082925214,42.68931192474868],[25.252541118442434,42.689177026890064],[25.271056517352765,42.69564802946087],[25.28723793260217,42.70415687693431],[25.287310504527984,42.704189654897],[25.314797826933788,42.714731515880516],[25.31496734831069,42.71477461243818],[25.315146537123063,42.71477952974542],[25.335819767528474,42.7130907971181],[25.33604248840185,42.7130394972775],[25.351582610633287,42.70685092189921],[25.35170986386615,42.706783349319515],[25.367879895013637,42.695607219158006],[25.378351650264243,42.689070970544215],[25.378352769445257,42.6890702701429],[25.39430451891985,42.67906028735568],[25.408966882757127,42.67152819051786],[25.422460451185014,42.66639222024636],[25.430139623207644,42.66363636666826],[25.45981251567629,42.654747671778594],[25.459827621254856,42.654742968645806],[25.48655429982629,42.64610311348747],[25.486665299240606,42.646056428230054],[25.50771851650274,42.63489097956865],[25.507854115436235,42.63479190712106],[25.507941614189754,42.634666744122065],[25.50797244799264,42.634527742516404],[25.507943598980646,42.63438850880036],[25.507857891466745,42.634262672103695],[25.50772371533615,42.63416255008939],[25.50755420469551,42.634097943256904],[25.507365952210407,42.63407517565476],[25.507177384982526,42.63409647588391],[25.507006960915277,42.63415975896596],[25.486006039578655,42.64529742249273],[25.459345992341603,42.65391571556473],[25.429662011286446,42.66280771655981],[25.42962452793176,42.66282003757101],[25.421920469364373,42.66558481677315],[25.421907538106744,42.66558959750409],[25.408371797715894,42.67074160342133],[25.40830279631433,42.670772276154175],[25.39358313660353,42.67833376894923],[25.393536352816238,42.678360365462005],[25.37756269904814,42.6883840239511],[25.36707969520989,42.69492724469395],[25.36705652779022,42.69494246444782],[25.350932896348002,42.70608644187973],[25.335567065638855,42.71220559495745],[25.315196498960795,42.713869615012676],[25.287911731607544,42.70340545698704],[25.271721021886567,42.69489176594297],[25.271627941271106,42.69485145510242],[25.252937213221593,42.6883191907244],[25.252670638122982,42.68827583933659],[25.231069602667088,42.688411077517145],[25.204974752717494,42.682796347908344],[25.178726619604106,42.67263340759297],[25.178703848086805,42.67262502900898],[25.16043005375417,42.666246856303324],[25.16034592427215,42.666222923059884],[25.14123281100199,42.66195106452579],[25.141049418771175,42.66193175244168],[25.11949726461697,42.662100357196316],[25.119455759359788,42.66210172238346],[25.102035519199124,42.663113041309394],[25.091045505343022,42.66361813234008],[25.05803988517844,42.664292308184045],[25.05785229668216,42.66431815239696],[25.057684710413042,42.66438551281056],[25.05755353066426,42.66448779583261],[25.057471598234365,42.66461498942968],[25.057446933476335,42.66475464312059],[25.057481951119474,42.66489308667273],[25.05757322375716,42.66501676822291],[25.057711817206187,42.665113580844874],[25.057884164963376,42.66517404770327],[25.058073396193524,42.66519224976635],[25.091089938965787,42.66451785886284]]]},"properties":{"fault_id":"FLT-KARLOVO-KALOFER-REC40","mrrb_record":40,"mrrb_name":"Карлово_Калофер","scientific_name":"Karlovo-Kalofer active fault corridor","fault_system":"Karlovo-Kalofer local active fault corridor","fault_type":null,"bgcs":null,"correspondence_type":"local_fault_corridor_correspondence","confidence":"HIGH","exact_trace_identity":false,"source_ids":["SRC-MRRB-2025","SRC-GEM-SONDI","SRC-GEO-MAP-K35-039-GABROVO","SRC-GEO-MAP-K35-051-KAZANLAK"],"notes":["MRRB REC40 има простиране приблизително 92.35°.","Границите на MRRB REC40 са приблизително 25.057447–25.507972 E и 42.634075–42.714780 N.","EUR_BGCS040 геометрично пресича REC40, но локалното GEM простиране се различава с приблизително 22.25°.","Съответната EFSM20 структура също пресича REC40, но се различава по локално простиране с около 16.49°.","Визуалното сравнение върху K-35-051 Казанлък не показва една обща съгласувана следа между REC40 и EUR_BGCS040.","Визуалното сравнение върху K-35-039 Габрово показва REC40 и EUR_BGCS040 по различни локални траектории, а не в един и същ картографиран коридор.","EUR_BGCS040 се запазва само като най-близък международен кандидат за сравнение и не се приема като каталогово съответствие.","EUR_BGCS015 се запазва като вторична регионална контролна структура и не се приема като каталогово съответствие.","ВИСОКАТА увереност се отнася до локалния MRRB структурен коридор, подкрепен от съответствието с геоложките карти, а не до идентичност с международна следа.","Не се присвоява кинематика на разлома, защото няма независимо прието научно каталогово съответствие, от което да се наследи GEM типът на движение."],"open_items":["Няма прието международно BGCS каталогово съответствие.","Точното съвпадение на повърхностната следа остава неуточнено."],"mrrb_I_AF":0.4,"mrrb_H_AF":0.018,"mrrb_A_AF":4088572,"mrrb_length":40796.74,"geometry_role":"official_buffered_active_fault_corridor","display_source":"MRRB + SONDI curated crosswalk","epistemic_note":"Buffered official fault corridor; not an exact mapped surface trace."}},{"type":"Feature","geometry":{"type":"Polygon","coordinates":[[[25.47058785704025,42.60603329394526],[25.50546957734777,42.60248618019513],[25.52981702306959,42.603150861064435],[25.554577324454446,42.607012829902835],[25.568049243696912,42.610717766921425],[25.568149602159938,42.61073834517057],[25.59312001361795,42.61419154632719],[25.611316201746504,42.616738722457384],[25.611365172775894,42.616744062500736],[25.633591961389662,42.618487969985246],[25.65585640378059,42.62079486491345],[25.655861177715444,42.620795344877386],[25.678041061328248,42.62295716166647],[25.6780694543156,42.62295942794301],[25.706383298747575,42.62472146509247],[25.706444075076124,42.62472299204405],[25.726363151153762,42.62448753814741],[25.739654758048573,42.625664996753535],[25.749817737324857,42.62895814622577],[25.749882843180117,42.62897604703941],[25.76430017753622,42.632261632410895],[25.764379634477276,42.632275509541415],[25.778530931575673,42.63401723759712],[25.778637323117305,42.63402333540787],[25.799152905857184,42.63386774327379],[25.799341009516596,42.63384426266853],[25.79951007964311,42.63377901099889],[25.799643566249138,42.63367837566592],[25.799728402737177,42.63355220769821],[25.799756284948803,42.63341285741069],[25.799724483946427,42.63327396542571],[25.79963611300033,42.63314912741673],[25.799499822700035,42.63305056328482],[25.79932895408819,42.63298792103295],[25.79914023274692,42.63296733240601],[25.77867850359817,42.633122524611345],[25.764620591844476,42.63139229255756],[25.750275776663724,42.62812323983066],[25.740062032307378,42.624813643744545],[25.73988959366958,42.62477888929473],[25.726467368491427,42.6235898651956],[25.726384881787563,42.62358671481433],[25.706455144072955,42.623822304839734],[25.678186270533875,42.622063069761545],[25.656023245348617,42.619902899594955],[25.63375129237923,42.617595230041594],[25.633730837647448,42.617593368439735],[25.611518746071212,42.61585062213556],[25.593346401389596,42.61330678634709],[25.593344918461426,42.61330658003959],[25.568425477088898,42.60986044022843],[25.554960198310958,42.606157332067816],[25.55487332900303,42.606138725955645],[25.53001775188851,42.60226190312984],[25.529914187329872,42.6022524828656],[25.50546162049937,42.60158493744306],[25.505355801338418,42.60158884632171],[25.470363562486504,42.60514720531661],[25.470249513996208,42.60516718986133],[25.427695941228656,42.6158971706404],[25.427527302176813,42.615962934693606],[25.427394431180918,42.61606396974124],[25.42731033458254,42.616190385909896],[25.42728324457155,42.61632980881954],[25.427315813274603,42.61646859083001],[25.427404853006063,42.616593146949654],[25.427541648161128,42.616691284644844],[25.42771280827418,42.61675339737321],[25.427901578771916,42.616773404992735],[25.428089481115137,42.6167493489726],[25.47058785704025,42.60603329394526]]]},"properties":{"fault_id":"FLT-KAZANLAK-NIKOLAEVO-REC41","mrrb_record":41,"mrrb_name":"Казанлък_Николаево","scientific_name":"Kazanlak-Nikolaevo active fault corridor","fault_system":"Kazanlak-Nikolaevo regional active fault system","fault_type":"normal_fault","bgcs":"EUR_BGCS015","correspondence_type":"regional_fault_system_crosswalk","confidence":"HIGH","exact_trace_identity":false,"source_ids":["SRC-MRRB-2025","SRC-GEM-SONDI","SRC-GEO-MAP-K35-051-KAZANLAK","SRC-GEO-MAP-K35-052-STARA-ZAGORA"],"notes":["MRRB REC41 има простиране приблизително 85.09°.","EUR_BGCS015 геометрично пресича REC41.","Локалното GEM простиране на EUR_BGCS015 е приблизително 85.80°, което се различава от REC41 само с около 0.71°.","Съответната EFSM20 структура също пресича REC41 и има локално простиране приблизително 83.44°, с разлика около 1.65°.","Визуалното сравнение върху K-35-052 Стара Загора показва REC41 и EUR_BGCS015 по един и същ регионален изток–запад структурен коридор край Николаево.","K-35-051 Казанлък осигурява допълнителен контекст от западния лист за продължението на същия регионален коридор.","Съответствието подкрепя регионално каталогово съответствие на ниво разломна система, но не и точно съвпадение на повърхностната следа.","Нормално-разломната кинематика е наследена от приетото каталогово съответствие EUR_BGCS015.","ВИСОКАТА увереност се отнася до регионалното структурно съответствие, подкрепено съвместно от MRRB геометрията, GEM, EFSM20 и контекста от геоложките карти."],"open_items":["Точното съвпадение на повърхностната следа остава неуточнено."],"mrrb_I_AF":0.4,"mrrb_H_AF":0.018,"mrrb_A_AF":3116116,"mrrb_length":31069.16,"geometry_role":"official_buffered_active_fault_corridor","display_source":"MRRB + SONDI curated crosswalk","epistemic_note":"Buffered official fault corridor; not an exact mapped surface trace."}},{"type":"Feature","geometry":{"type":"Polygon","coordinates":[[[25.782615811166075,42.66785191367812],[25.802263162923204,42.66711829811475],[25.8150114024745,42.67032561217689],[25.823988726556912,42.68454153211896],[25.824105257059486,42.68466591069304],[25.8387001944908,42.695689586999],[25.838819412352468,42.695759541935104],[25.838958401899976,42.69580554089922],[25.86135776007922,42.70085293025808],[25.861437870854175,42.7008666986298],[25.877497975237294,42.702795389976586],[25.877690878841697,42.70279576547971],[25.895797147210953,42.70069346944216],[25.89583432115165,42.70068827459755],[25.917492000459465,42.697143363317],[25.917543546334503,42.69713315794516],[25.927135093456894,42.69489782400434],[25.951960439055462,42.69440626642712],[25.951978140362485,42.694405724268975],[25.966231273766113,42.693815321495215],[25.98245201332189,42.69391238130242],[25.982551450890167,42.69390696134598],[25.996473636404602,42.692295812832306],[26.003962062839808,42.69176655141549],[26.015033148971394,42.69483240065648],[26.015274514592328,42.694860676421165],[26.02551033706677,42.694527307186604],[26.025697448416235,42.6944991466195],[26.02586360459666,42.694429712404414],[26.0259925408799,42.694325801365224],[26.026071636113137,42.69419758517952],[26.02609314815417,42.6940576146499],[26.026054971630664,42.69391959110244],[26.02596084388494,42.6937970251919],[26.025819979000094,42.69370191440437],[26.02564616578359,42.69364356870542],[26.02545641803378,42.69362769926953],[26.015345340522522,42.69395701274204],[26.004258941242785,42.690886914679396],[26.003986163311428,42.69086023581294],[25.996338972030376,42.69140072361072],[25.99630251267339,42.69140411910208],[25.982411778515324,42.693011634004776],[25.966221636948546,42.69291475481609],[25.966182356400438,42.69291544997213],[25.95191864839883,42.69350629483572],[25.927016725946338,42.693999362374164],[25.926849101386868,42.69402012736527],[25.917201311099547,42.696268573227684],[25.89558847721636,42.69980614513187],[25.877597649270243,42.701895046552465],[25.86167486157985,42.69998284492534],[25.839464397034163,42.694978042437064],[25.825051085137325,42.684091659966604],[25.816007570396533,42.66977126872306],[25.815919294737864,42.66966972344055],[25.81579764832014,42.66958912228896],[25.815651365822355,42.66953525266517],[25.802546128028254,42.66623813857142],[25.802318325098685,42.66621462150662],[25.782509969579184,42.666954258785225],[25.78242210659653,42.66696227858958],[25.757630586603927,42.67058589934049],[25.757451437690197,42.67063452615448],[25.757301419306494,42.670721625252035],[25.757195216199946,42.67083867090261],[25.757143224411642,42.670974205994845],[25.757150533585836,42.67111496348777],[25.75721642863567,42.67124716505136],[25.757334459593388,42.67135786978784],[25.757493072864005,42.671436241010234],[25.7576767421344,42.671474607064866],[25.7578674882509,42.671469212336795],[25.782615811166075,42.66785191367812]]]},"properties":{"fault_id":"FLT-TVARDITSA-SBORISHTE-REC42","mrrb_record":42,"mrrb_name":"Твърдица_Сборище","scientific_name":null,"fault_system":"Tvarditsa-Sborishte regional fault system","fault_type":null,"bgcs":"EUR_BGCS038","correspondence_type":"regional_fault_system_crosswalk","confidence":"HIGH","exact_trace_identity":false,"source_ids":["SRC-MRRB-2025","SRC-GEM-SONDI","SRC-GEO-MAP-K35-040-TVARDITSA","SRC-GEO-MAP-K35-041-SLIVEN"],"notes":["REC42 заема силно разломена регионална структурна зона по границата между листовете Твърдица и Сливен.","EUR_BGCS038 осигурява силно регионално съответствие с моделираната структура.","MRRB коридорът, разломите от геоложката карта и GEM геометрията не се третират като една и съща точна следа."],"open_items":["Индивидуалното научно име на разлома и публикуваната идентичност на ниво сегмент остават неуточнени."],"mrrb_I_AF":0.4,"mrrb_H_AF":0.018,"mrrb_A_AF":2394419,"mrrb_length":23854.6,"geometry_role":"official_buffered_active_fault_corridor","display_source":"MRRB + SONDI curated crosswalk","epistemic_note":"Buffered official fault corridor; not an exact mapped surface trace."}},{"type":"Feature","geometry":{"type":"Polygon","coordinates":[[[26.046846900198123,42.687864444889065],[26.05698651922918,42.68771909504926],[26.063383574434518,42.68842346319454],[26.063474236243835,42.6884283930724],[26.06930282207171,42.68842407137521],[26.0751784656203,42.68947108375748],[26.082971547870756,42.691547713514055],[26.083035251123732,42.691561842683875],[26.0931691125806,42.69337131416573],[26.09331215709229,42.69338394476305],[26.093455230174595,42.693371491479375],[26.101537400180995,42.69193904283834],[26.101652621845346,42.69190935923184],[26.11242157432925,42.68820612759697],[26.112543358899696,42.68815056734755],[26.119220306649492,42.68423621852939],[26.129139393205566,42.68038128886877],[26.14466042610697,42.67599412102047],[26.14471415723566,42.67597669834413],[26.15229441229642,42.67319012076074],[26.163245320818135,42.67239747483491],[26.163332322826104,42.6723864382011],[26.172740414789722,42.67066758059602],[26.186213880849348,42.66991869720433],[26.186218579556282,42.66991842228725],[26.19051411571835,42.66965468779075],[26.190608919896743,42.6696432657687],[26.19640478764288,42.66859354618934],[26.196580774496226,42.6685389758169],[26.1967252966455,42.66844694336654],[26.196824207194894,42.66832645775483],[26.19686782426586,42.668189313079495],[26.19685187865988,42.66804893408254],[26.19677793162591,42.66791906201791],[26.196653221888504,42.667812409569635],[26.196489956966538,42.667739416483336],[26.196304118192963,42.66770722770432],[26.19611389641745,42.667718994028895],[26.190364895836453,42.668760226562874],[26.18611978227313,42.6690208649164],[26.172597735229765,42.66977244705729],[26.172496845532088,42.6697843800626],[26.16308207063786,42.67150446291484],[26.15206343755534,42.67230200460861],[26.15185085589962,42.672347108258144],[26.144196314319625,42.67516099315092],[26.128668910989685,42.67954995033753],[26.12860272941199,42.67957206850005],[26.118600974929958,42.68345911299428],[26.11850566976914,42.68350499277088],[26.111840454218843,42.687412444030834],[26.101192542050214,42.6910740432795],[26.09331319720745,42.69247054745113],[26.08335487051698,42.69069241614482],[26.075561690582457,42.68861576218263],[26.0754975987078,42.688601558703276],[26.069518502199266,42.68753611192845],[26.06937454982197,42.687523521947206],[26.063518631219107,42.687527867756],[26.05711601879132,42.68682288594323],[26.05701401246612,42.686818036382284],[26.046814352159355,42.68696425025355],[26.046796544259493,42.68696469666731],[26.031492221812677,42.68751243112238],[26.031305293131087,42.68754117084244],[26.031139551283044,42.68761111853476],[26.031011220034767,42.687715427351634],[26.030932861375145,42.6878438869602],[26.03091214584847,42.687983922947204],[26.030951101611564,42.688121827648786],[26.03104591575979,42.688244101939034],[26.03118730742438,42.68833877663873],[26.031361436171895,42.68839658418769],[26.031551256814563,42.68841186587203],[26.046846900198123,42.687864444889065]]]},"properties":{"fault_id":"FLT-SBORISHTE-BYALA-REC43","mrrb_record":43,"mrrb_name":"Сборище-Шосето Бяла","scientific_name":null,"fault_system":"Tvarditsa-Sborishte regional fault system","fault_type":null,"bgcs":"EUR_BGCS038","correspondence_type":"regional_fault_system_crosswalk","confidence":"MEDIUM_HIGH","exact_trace_identity":false,"source_ids":["SRC-MRRB-2025","SRC-GEM-SONDI","SRC-GEO-MAP-K35-041-SLIVEN"],"notes":["REC43 принадлежи към същата широка структурна подгрупа като REC42.","Подкрепя се регионално съответствие с EUR_BGCS038, докато точната индивидуална идентичност на разлома остава неуточнена."],"open_items":["Индивидуалното научно име на разлома и публикуваната идентичност на ниво сегмент остават неуточнени."],"mrrb_I_AF":0.8,"mrrb_H_AF":0.036,"mrrb_A_AF":1424951,"mrrb_length":14163.23,"geometry_role":"official_buffered_active_fault_corridor","display_source":"MRRB + SONDI curated crosswalk","epistemic_note":"Buffered official fault corridor; not an exact mapped surface trace."}},{"type":"Feature","geometry":{"type":"Polygon","coordinates":[[[26.050099020743097,42.64462031831329],[26.05406045694755,42.64511984718378],[26.054163109764236,42.64512627305683],[26.05914553792725,42.645126277243506],[26.063843868159406,42.64731565011015],[26.064108129018756,42.647382871980945],[26.06931172633324,42.64777068057534],[26.077314878075068,42.64897358387694],[26.084448269529506,42.65063354176872],[26.08469061753809,42.650652256016784],[26.092355175595834,42.65010219484631],[26.097815667226396,42.65026953761443],[26.097869837271563,42.65026941919266],[26.102684749645416,42.65010078083112],[26.10274897853758,42.65009600536663],[26.11080669274354,42.64917650007392],[26.115653825733258,42.64891965673451],[26.115712803542067,42.64891438904679],[26.123702212195123,42.647906999114184],[26.130315467677576,42.647655396869794],[26.13032733303414,42.64765485947091],[26.13514224527704,42.64740189095611],[26.135167530779952,42.64740017075486],[26.140211724175032,42.6469785540924],[26.140244625565767,42.646975130898184],[26.146980216212846,42.64613540702121],[26.162428184454978,42.64529370683219],[26.162440146187233,42.64529296682485],[26.17218461107599,42.64461835601177],[26.172239201158884,42.64461272746983],[26.182560361709864,42.64319443338116],[26.188592972816174,42.6440161932717],[26.196283614808788,42.64601278630501],[26.200929499830455,42.64809648473866],[26.201061327788885,42.64814075362998],[26.206449438264134,42.64940557190119],[26.20667215257686,42.64942586957709],[26.210340657181984,42.64925722882407],[26.210523251875323,42.649227643188674],[26.2106851317152,42.649158622914854],[26.2136034599785,42.6474248910831],[26.21865494134429,42.645773500270096],[26.22370038377701,42.64464398818165],[26.22495467240627,42.64497349557811],[26.227254208916058,42.64706767013739],[26.227329368874905,42.647124908611325],[26.23076857167001,42.64931727312242],[26.230832206161885,42.64935275113503],[26.236220301602717,42.6519666247912],[26.236236928675293,42.6519744094983],[26.242771430214713,42.65492542555275],[26.242834350259518,42.65495022868054],[26.250515265760104,42.6575638699864],[26.250574885244017,42.65758141027453],[26.25630691692616,42.659014651303146],[26.256472262162998,42.65903789420728],[26.261057892919837,42.6592065089099],[26.261088210837002,42.659207066016236],[26.266476305606524,42.65920706631208],[26.27301080819934,42.659207066666674],[26.273069790131462,42.659204955532495],[26.2777700614065,42.65886772643252],[26.277854228930206,42.65885725790155],[26.285420515571513,42.65750832280743],[26.28542914800212,42.657506734216575],[26.292536871269125,42.65615776986472],[26.292710211812803,42.65610260675724],[26.29826644836616,42.6535173581036],[26.303908491190633,42.65210649283976],[26.310489247601055,42.65085474207405],[26.31491255192387,42.650541918844176],[26.31509733384635,42.650506708491804],[26.31525833181406,42.65043107049542],[26.315379786057285,42.6503224089557],[26.315449807858204,42.65019136056023],[26.315461543274793,42.65005075333727],[26.31541384394558,42.64991435092149],[26.31531137935302,42.64979550526584],[26.315164179612232,42.649705849684594],[26.31498665358972,42.64965416015172],[26.314796178489757,42.649645496300586],[26.31032525247704,42.64996168693213],[26.310231180523644,42.64997388334153],[26.30358210726988,42.651238629445295],[26.303538558741018,42.65124820161278],[26.297806596386863,42.652681549555446],[26.29767699931291,42.65272711657789],[26.292140480572975,42.65530318551052],[26.285129680056563,42.65663375170917],[26.27760940373543,42.65797448528116],[26.27298120121043,42.6583065439211],[26.26647633129661,42.65830654343545],[26.261103417838665,42.658306544085534],[26.25661786687057,42.65814161118674],[26.25099681773726,42.65673612145823],[26.24337760775407,42.65414348508734],[26.23688202983436,42.65121006004191],[26.23153559001726,42.648616409355526],[26.228167664296237,42.646469499470655],[26.225794354162733,42.644308163873454],[26.225672820812502,42.644224129315575],[26.225525030653767,42.64416749351785],[26.223920080854544,42.64374586643444],[26.223730067875486,42.643719934534744],[26.223538603429578,42.64373918746344],[26.2182651992187,42.64491973645037],[26.218195200481038,42.644938931336085],[26.213036430606483,42.64662539138041],[26.21290097370986,42.64668632230995],[26.210071352367837,42.64836734928853],[26.206710288627516,42.64852185625458],[26.201500525307548,42.6472989047268],[26.19686263369196,42.645218797109756],[26.1967482464552,42.645178831369705],[26.18895277620804,42.64315502826702],[26.188861065624437,42.64313699432109],[26.182670550782763,42.64229372403306],[26.182448228657478,42.64229385482235],[26.17204318754933,42.64372368299903],[26.162332304612708,42.64439596922972],[26.146862008565545,42.64523888563445],[26.146805260968918,42.645243956596026],[26.14005793838943,42.64608514514192],[26.135042948519008,42.6465043213894],[26.130246701200523,42.64675630977547],[26.123603568320938,42.64700904838368],[26.123532216963515,42.64701488380305],[26.115536790926686,42.648023035669446],[26.11069449664617,42.64827962210786],[26.11064493928955,42.64828375609597],[26.102594616139978,42.649202420959945],[26.097839139536333,42.64936897818222],[26.092363549891612,42.649201171772965],[26.092279182717284,42.64920289852487],[26.084696387755614,42.64974709846152],[26.07765122119311,42.64810766825122],[26.07758948310752,42.64809587972431],[26.069525148069502,42.646883782056904],[26.0694646787015,42.646877001425125],[26.064373536196555,42.64649757838578],[26.059647481003452,42.64429528718174],[26.059491365982172,42.644243499482],[26.05932190731901,42.64422577416998],[26.054214841529323,42.64422577568115],[26.0502534277963,42.6437262484801],[26.05015071166685,42.64371981912709],[26.044991951317748,42.643719819493036],[26.04480348831553,42.6437418518461],[26.044633471206552,42.6438058007273],[26.04449854221887,42.6439054064864],[26.04441190913671,42.64403091915872],[26.044382052432525,42.64417005280568],[26.044411895054154,42.64430918810373],[26.0444985161667,42.64443470548054],[26.044633436923313,42.64453431830893],[26.04480345034547,42.6445982756502],[26.044991914112085,42.64462031679788],[26.050099020743097,42.64462031831329]]]},"properties":{"fault_id":"FLT-BINKOS-SELIMINOVO-REC44","mrrb_record":44,"mrrb_name":"Бинкос_Селиминово","scientific_name":null,"fault_system":"Straldzha-Sliven regional fault system","fault_type":null,"bgcs":"EUR_BGCS010","correspondence_type":"regional_fault_system_crosswalk","confidence":"MEDIUM_HIGH","exact_trace_identity":false,"source_ids":["SRC-MRRB-2025","SRC-GEM-SONDI","SRC-GEO-MAP-K35-054-YAMBOL"],"notes":["REC44 е съвместим със западната част на по-широкия структурен коридор EUR_BGCS010.","Сравнението с геоложката карта подкрепя регионално структурно съответствие, а не точно съвпадение на следата."],"open_items":["Индивидуалното научно име на разлома и публикуваната идентичност на ниво сегмент остават неуточнени."],"mrrb_I_AF":0.6,"mrrb_H_AF":0.027,"mrrb_A_AF":2330582,"mrrb_length":23215.15,"geometry_role":"official_buffered_active_fault_corridor","display_source":"MRRB + SONDI curated crosswalk","epistemic_note":"Buffered official fault corridor; not an exact mapped surface trace."}},{"type":"Feature","geometry":{"type":"Polygon","coordinates":[[[23.269770770133803,41.90106265527179],[23.26982345372022,41.90104567259969],[23.289426985149387,41.893877763118525],[23.289549919068936,41.893817924106514],[23.302826860256296,41.88546776205364],[23.316428117390206,41.87840472978468],[23.327987878206248,41.87329143313367],[23.327995841067953,41.873287847817245],[23.33991844465259,41.86782428564163],[23.339972719239174,41.867796237421835],[23.346965473690776,41.86374112354208],[23.360836643140747,41.85571533729949],[23.36084603333041,41.855709790371286],[23.370434661370787,41.8499279660811],[23.38011255333327,41.84594165193649],[23.39063844892483,41.84236185974174],[23.390661927089944,41.842353409850205],[23.396279312368964,41.84021822810112],[23.396314010383023,41.84020394413761],[23.402841243126563,41.837303214998364],[23.411087966291454,41.833868344761534],[23.411116673234186,41.833855592920735],[23.422951049304103,41.828259540075514],[23.432956839804728,41.826584051071556],[23.437330604584268,41.826918327122314],[23.43751849503023,41.82691055091946],[23.437693976509333,41.82685972796377],[23.43783987138498,41.826770833242115],[23.43794189835655,41.826652568520736],[23.43799007044834,41.826516510505556],[23.437979672552753,41.82637597758349],[23.437911722858527,41.826244726095254],[23.43779287304191,41.826135603769124],[23.437634757044723,41.82605929212716],[23.43745285222728,41.82602326095359],[23.432981924894076,41.82568155953572],[23.43278933592612,41.82569010126363],[23.422586448739604,41.82739859890876],[23.422396360823562,41.82745737778885],[23.41048797022933,41.833088420893866],[23.402248522045742,41.83652025218928],[23.402233859283474,41.836526562154155],[23.39571644460496,41.83942292145237],[23.390128395212777,41.84154694915194],[23.379593438232998,41.84512981820719],[23.379552162282046,41.84514530923711],[23.369807812119323,41.84915898723702],[23.369720354117494,41.849202875101426],[23.36009527974287,41.85500664680676],[23.34622861549683,41.86302978282502],[23.346228013427957,41.86303013154998],[23.339261102426725,41.867070238902805],[23.32737072737284,41.87251901385294],[23.3157961427074,41.87763885199878],[23.315759163306616,41.87765659928286],[23.302117056360434,41.88474081454921],[23.302072849853964,41.88476610813814],[23.288831193943974,41.893094036831855],[23.269320045809394,41.900228153218855],[23.2571951672225,41.90363356915449],[23.257031369008764,41.9037030812222],[23.25690434099052,41.9038070038182],[23.256826517568857,41.903935164413234],[23.256805516872287,41.90407501786879],[23.256843394953478,41.90421287439944],[23.256936444391677,41.90433523960706],[23.25707555706732,41.904430135422025],[23.257247115648838,41.90448827264228],[23.257434326557174,41.904503960278156],[23.257618863926066,41.90447566266932],[23.269770770133803,41.90106265527179]]]},"properties":{"fault_id":"FLT-PREDELA","mrrb_record":45,"mrrb_name":"Предела","scientific_name":"Predela fault","fault_system":null,"fault_type":"normal_fault","bgcs":"EUR_BGCS034","correspondence_type":"local_scientific_and_regional_crosswalk","confidence":"HIGH","exact_trace_identity":false,"source_ids":["SRC-MRRB-2025","SRC-GANAS-2005","SRC-GEM-SONDI"],"notes":["За северозападната част в научното сегментиране е отбелязана уговорка за неактивност."],"open_items":[],"mrrb_I_AF":0.6,"mrrb_H_AF":0.027,"mrrb_A_AF":1750992,"mrrb_length":17458.61,"geometry_role":"official_buffered_active_fault_corridor","display_source":"MRRB + SONDI curated crosswalk","epistemic_note":"Buffered official fault corridor; not an exact mapped surface trace."}},{"type":"Feature","geometry":{"type":"Polygon","coordinates":[[[23.49982246297722,41.82134686578187],[23.513798829592194,41.81818794671158],[23.525456722899897,41.815632525474705],[23.54261895301881,41.813415382498555],[23.54266537081771,41.81340796000632],[23.551588012107068,41.81170274290506],[23.55995459505783,41.810538690094724],[23.567217553665845,41.81353686837013],[23.573637484895748,41.8161856169626],[23.573814438901078,41.816233471092566],[23.57400249993126,41.81623807656554],[23.574183258894134,41.816198982543],[23.57433902152002,41.81612001588177],[23.574454540523508,41.81600890651118],[23.574518508172893,41.81587653072694],[23.574524663141826,41.815735846491485],[23.574472403307265,41.815600624980746],[23.57436684454889,41.81548410255678],[23.574218319847777,41.81539768512403],[23.567798542648564,41.812749013525675],[23.560347009987904,41.8096729970853],[23.560152373416155,41.809622760064904],[23.559946494288386,41.80962458968104],[23.55134855668659,41.81082084310601],[23.55130960664107,41.810827267286435],[23.54239076188572,41.812531764270084],[23.525218291903048,41.81475023411439],[23.52515142169704,41.81476184190211],[23.513458221514252,41.817325008121045],[23.513453300997263,41.8173261034874],[23.499467315840025,41.82048720047733],[23.499452699287158,41.82049065567376],[23.481454338698935,41.82493301446577],[23.48128705403099,41.82499747261578],[23.481154586600816,41.82509744140863],[23.481069903227777,41.8252231353398],[23.481041293515563,41.825362250730265],[23.481071558329727,41.82550117005113],[23.481157735496645,41.82562629488123],[23.481291389625273,41.825725377026885],[23.481459437733943,41.82578871749991],[23.481645429897775,41.825810115974754],[23.481831159560308,41.825787477764806],[23.49982246297722,41.82134686578187]]]},"properties":{"fault_id":"FLT-DOBRINISHTE","mrrb_record":46,"mrrb_name":"Банско_добринище","scientific_name":"Dobrinishte fault","fault_system":null,"fault_type":"normal_fault","bgcs":null,"correspondence_type":"local_scientific_crosswalk","confidence":"HIGH","exact_trace_identity":false,"source_ids":["SRC-MRRB-2025","SRC-GANAS-2005"],"notes":[],"open_items":[],"mrrb_I_AF":0.6,"mrrb_H_AF":0.027,"mrrb_A_AF":813250,"mrrb_length":8065.93,"geometry_role":"official_buffered_active_fault_corridor","display_source":"MRRB + SONDI curated crosswalk","epistemic_note":"Buffered official fault corridor; not an exact mapped surface trace."}},{"type":"Feature","geometry":{"type":"Polygon","coordinates":[[[23.190587343871016,41.888075213947786],[23.18510755694149,41.88229583180728],[23.179839603164112,41.87632724019086],[23.17977803312384,41.87626867395066],[23.174052008836348,41.87166394635169],[23.167752589484724,41.86629066979564],[23.167741992287073,41.86628186616325],[23.164079080140354,41.86331812216843],[23.16262121372161,41.8618763527681],[23.162555842968104,41.8618216258964],[23.15751168509213,41.858235650910814],[23.157509794710396,41.85823431270537],[23.15108995793864,41.8537088669153],[23.1510393725976,41.85367694688954],[23.142556033136653,41.848894998927946],[23.14239401244466,41.84882997556427],[23.13690381856832,41.84738154090535],[23.132144020300426,41.845946377370716],[23.125076007500233,41.84280415864974],[23.124944134399705,41.8427605599306],[23.124802174365705,41.84274168186534],[23.114599290050926,41.84231466789683],[23.114372435688395,41.84233779877934],[23.109090781783816,41.84367726659261],[23.103979865942986,41.84351525033368],[23.09689579742239,41.84005973189719],[23.096833133687337,41.84003302328572],[23.085483829147524,41.83584795325741],[23.085371266760518,41.83581645129693],[23.07196480814045,41.83316986666583],[23.056948199816492,41.82994005620182],[23.05690774139583,41.829932476918756],[23.047764021305074,41.828469162022664],[23.03964646643189,41.82668008391583],[23.03961762026811,41.82667430340113],[23.032051431018914,41.825307497560054],[23.031863907479075,41.82529626035567],[23.031680919345582,41.82532891619501],[23.03152037843174,41.82540226854474],[23.03139799941265,41.825509137280704],[23.031325761635156,41.82563906148457],[23.031310736482244,41.825779323378725],[23.03135439508284,41.825916193189336],[23.0314524641691,41.82603627309798],[23.03159534424368,41.82612780873165],[23.031769049173587,41.82618183980656],[23.039320813503544,41.827546045991525],[23.047445970555266,41.829336805110096],[23.04749006106327,41.82934517911923],[23.056635749695978,41.83080881727187],[23.07163877877569,41.83403571770068],[23.07165140714783,41.83403832188061],[23.085005965781423,41.8366746755669],[23.096268798983854,41.84082787738585],[23.1034608774822,41.84433609449587],[23.103605890631954,41.84438768379684],[23.10376399079119,41.84440874359763],[23.10915210578634,41.84457955150846],[23.109370740132903,41.844556128493366],[23.114648420497268,41.84321767606657],[23.124587864448,41.84363367165362],[23.131568884462492,41.8467372253672],[23.13165129191208,41.84676774238782],[23.136466194467346,41.84821952764763],[23.136490974637134,41.848226528433514],[23.141905986305094,41.84965513684378],[23.15028860404102,41.85438034148605],[23.15668337756857,41.858888163777074],[23.161690910842076,41.862448140303215],[23.163136969986073,41.863878254010174],[23.16317499952461,41.863912243485395],[23.16685266136705,41.866887959277896],[23.173152624798696,41.87226176884502],[23.173164395544887,41.87227151722184],[23.178862345083033,41.87685372624442],[23.184108223159654,41.8827974129533],[23.18411952533267,41.88280976511584],[23.189622217042825,41.88861340210957],[23.18965885303204,41.88864826022152],[23.198486110403152,41.89624340508833],[23.19863034181115,41.89633391153079],[23.1988049481088,41.8963866882992],[23.198992837362216,41.896396569129074],[23.19917561729697,41.89636258678147],[23.199335395801555,41.89628806773639],[23.19945653246106,41.896180306554086],[23.199527169619294,41.89604985178814],[23.199540393071977,41.89590947336669],[23.199494908780633,41.8957729125421],[23.19939516940256,41.8956535367884],[23.190587343871016,41.888075213947786]]]},"properties":{"fault_id":"FLT-KRUPNIK","mrrb_record":47,"mrrb_name":"Крупник","scientific_name":"Krupnik fault","fault_system":null,"fault_type":"normal_fault","bgcs":"EUR_BGCS036","correspondence_type":"local_scientific_and_regional_crosswalk","confidence":"HIGH","exact_trace_identity":false,"source_ids":["SRC-MRRB-2025","SRC-GANAS-2005","SRC-GEM-SONDI"],"notes":["MRRB коридорът съответства в много висока степен на научно описания Крупнишки разлом и BGCS036."],"open_items":[],"mrrb_I_AF":1.0,"mrrb_H_AF":0.044,"mrrb_A_AF":1682378,"mrrb_length":16776.92,"geometry_role":"official_buffered_active_fault_corridor","display_source":"MRRB + SONDI curated crosswalk","epistemic_note":"Buffered official fault corridor; not an exact mapped surface trace."}},{"type":"Feature","geometry":{"type":"Polygon","coordinates":[[[22.979705181294886,41.36033462140781],[23.02365613646534,41.36033462147283],[23.084107077319526,41.360334660751604],[23.15184696267334,41.37407479048543],[23.214163650844135,41.3960773949788],[23.214216624372938,41.39609379529571],[23.265575598885913,41.40985218737645],[23.265747283286153,41.40987765964592],[23.304266569083527,41.41125334897779],[23.30445239647249,41.4112379124728],[23.304622792254793,41.41118000116267],[23.304761076649203,41.411085283901514],[23.304853713361716,41.410963032408084],[23.30489163463294,41.41082521363443],[23.30487112878961,41.41068531830987],[23.304794203444867,41.410557040348586],[23.304668388842256,41.41045293639966],[23.304506000645677,41.41038319674963],[23.304322934375772,41.410354647877256],[23.265892521863936,41.4089821693894],[23.214644451272918,41.39525352420468],[23.1523065683106,41.37324350687979],[23.152207932115843,41.3732163283637],[23.084341489903085,41.35945057368576],[23.084185847327596,41.35943506108863],[23.023656373890248,41.35943507958558],[22.979634577783177,41.35943509320259],[22.979494733666023,41.35944758111504],[22.96516128152819,41.362045865123555],[22.964988756161866,41.362099767350635],[22.964846783183834,41.3621911973206],[22.964749259820596,41.36231120536189],[22.9647057324836,41.36244804437907],[22.964720462244546,41.36258831969158],[22.964792007612555,41.3627183001694],[22.964913365499555,41.362825262333665],[22.965072656627804,41.36289873585154],[22.96525428832663,41.36293152849537],[22.965440480907162,41.362920430216846],[22.979705181294886,41.36033462140781]]]},"properties":{"fault_id":"FLT-STRUMESHNITSA-SOUTH-REC48","mrrb_record":48,"mrrb_name":"Струмешница юг","scientific_name":null,"fault_system":"Strumeshnitsa regional active fault system","fault_type":"normal_fault","bgcs":"EUR_MKCS013","correspondence_type":"regional_fault_system_crosswalk","confidence":"HIGH","exact_trace_identity":false,"source_ids":["SRC-MRRB-2025","SRC-GEM-SONDI","SRC-GEO-MAP-K34-095-STRUMICA-PETRICH","SRC-GEO-MAP-K34-096-GOTSE-DELCHEV"],"notes":["REC48 има основно простиране приблизително 78.64°.","REC48 директно пресича EUR_MKCS013 в сравнителната геометрия.","Най-близкият GEM EUR_MKCS013 има разлика в локалното простиране около 1.92°.","EFSM20 независимо показва разлика в локалното простиране около 2.50° и също пресича REC48.","K-34-095 Струмица–Петрич и K-34-096 Гоце Делчев показват REC48 и EUR_MKCS013 като продължаващи в един и същ регионален структурен коридор.","Съответствието е на регионално/системно ниво и не твърди точно съвпадение на повърхностната следа."],"open_items":[],"mrrb_I_AF":1.0,"mrrb_H_AF":0.044,"mrrb_A_AF":2945720,"mrrb_length":85170.21,"geometry_role":"official_buffered_active_fault_corridor","display_source":"MRRB + SONDI curated crosswalk","epistemic_note":"Buffered official fault corridor; not an exact mapped surface trace."}},{"type":"Feature","geometry":{"type":"Polygon","coordinates":[[[22.97780032174612,41.394743803973306],[22.977817463773082,41.39474361578209],[23.040123761718153,41.39336890856959],[23.10599767212035,41.40160477570262],[23.138843105917815,41.41529073753348],[23.169961558803855,41.439995837501485],[23.170048617192123,41.44005275154216],[23.208567728741176,41.46067523203898],[23.2086829058858,41.46072344735849],[23.24353362240983,41.47171943652066],[23.243715385710583,41.47175287639103],[23.24390199210059,41.47174243439701],[23.244075174883413,41.47168913267871],[23.24421798144798,41.47159818886393],[23.244316432812816,41.47147850529815],[23.24436089201668,41.471341797570794],[23.24434700739634,41.47120144766283],[23.24427613843799,41.47107119399611],[23.24415522256269,41.47096378662283],[23.243996095938712,41.470889739193815],[23.209206867299425,41.459913208202195],[23.170789163947532,41.43934516092922],[23.13964692829903,41.41462142283514],[23.139502475060358,41.414537241255374],[23.10648629654318,41.40078020396504],[23.10629455002847,41.40072995768807],[23.040262370473037,41.39247435905853],[23.04014660829803,41.39246845453085],[22.977791478960388,41.3938442960306],[22.96643464363669,41.39384567039099],[22.96625008367058,41.393867695831645],[22.966083594944823,41.393931589778816],[22.96595147430534,41.39403109794767],[22.9658666546192,41.39415647992057],[22.965837438823762,41.39429546255552],[22.96586668710262,41.394434441321174],[22.965951536781837,41.394559811981374],[22.966083682414183,41.394659302282555],[22.96625018868612,41.394723173285506],[22.96643475660812,41.39474517273243],[22.97780032174612,41.394743803973306]]]},"properties":{"fault_id":"FLT-STRUMESHNITSA-NORTH-REC49","mrrb_record":49,"mrrb_name":"Струмешница Север","scientific_name":null,"fault_system":"Strumeshnitsa regional active fault system","fault_type":null,"bgcs":null,"correspondence_type":"northern_parallel_fault_segment_correspondence","confidence":"MEDIUM_HIGH","exact_trace_identity":false,"source_ids":["SRC-MRRB-2025","SRC-GEM-SONDI","SRC-GEO-MAP-K34-095-STRUMICA-PETRICH","SRC-GEO-MAP-K34-096-GOTSE-DELCHEV"],"notes":["REC49 има основно простиране приблизително 69.60°.","REC49 се намира приблизително на 3.1 km от EUR_MKCS013 и не пресича моделираната следа.","Разликата в локалното простиране спрямо най-близкия GEM сегмент EUR_MKCS013 е приблизително 14.91°; EFSM20 показва около 11.54°.","REC49 се намира приблизително на 3.43 km северно от REC48 и се различава от него по основно простиране с около 9.04°.","Наслагванията върху геоложките карти показват REC49 като отделен северен, приблизително паралелен сегмент, а не като директната моделирана следа EUR_MKCS013.","Не е зададено директно MKCS каталогово съответствие.","Кинематиката на разлома остава неуточнена, защото наличните данни не установяват независимо кинематичен тип за REC49."],"open_items":[],"mrrb_I_AF":1.0,"mrrb_H_AF":0.044,"mrrb_A_AF":2587116,"mrrb_length":55122.48,"geometry_role":"official_buffered_active_fault_corridor","display_source":"MRRB + SONDI curated crosswalk","epistemic_note":"Buffered official fault corridor; not an exact mapped surface trace."}},{"type":"Feature","geometry":{"type":"Polygon","coordinates":[[[23.843697469310545,41.82946109219086],[23.84388363429635,41.82940266300859],[23.907026157473936,41.79937211957239],[23.907100149553152,41.799330581610995],[23.977847731296695,41.7527827028642],[24.016348098664885,41.7295269593017],[24.072950464617794,41.69780716587291],[24.072980471613782,41.697789183284165],[24.115385048836682,41.67064567988744],[24.150198675486777,41.65421921239041],[24.15021087522598,41.65421329683132],[24.18873003428055,41.63502339441094],[24.18886818595059,41.63492807636621],[24.188960313223767,41.63480539619337],[24.188997398217804,41.63466736280494],[24.188975811127428,41.63452748793397],[24.188897665408046,41.63439946348735],[24.18877061075828,41.63429582129421],[24.18860708421824,41.6342267064397],[24.188423092727927,41.63419888424493],[24.188236646324036,41.63421507807691],[24.188065995319047,41.63427370279057],[24.14955316298006,41.65346037931244],[24.11470890221168,41.66990123241291],[24.11463857141771,41.66994002215209],[24.07221548918636,41.69709521069664],[24.015619902676015,41.72881102890589],[24.015602300287426,41.72882127040093],[23.977083366688685,41.75208808862509],[23.977063589029783,41.75210056226991],[23.906341380168584,41.798631453814394],[23.843324915585065,41.82860196363765],[23.788397835051665,41.83815116374126],[23.788223377590548,41.83820405434263],[23.788079313993574,41.838294671230294],[23.78797974612881,41.83841414432493],[23.7879344205403,41.83855077889656],[23.787947774332025,41.83869120027694],[23.788018500711175,41.83882166303637],[23.788139676765063,41.83892939648468],[23.788299441017802,41.83900385478829],[23.78848215448347,41.83903774932069],[23.788669931575416,41.83902776217331],[23.843697469310545,41.82946109219086]]]},"properties":{"fault_id":"FLT-DOSPAT-REC50","mrrb_record":50,"mrrb_name":"Доспат","scientific_name":"Dospat active fault corridor","fault_system":"Dospat regional active fault system","fault_type":"sinistral_normal_fault","bgcs":"EUR_BGCS035","correspondence_type":"regional_fault_system_crosswalk","confidence":"HIGH","exact_trace_identity":false,"source_ids":["SRC-MRRB-2025","SRC-GEM-SONDI","SRC-GEO-MAP-K35-073-RAKITOVO","SRC-GEO-MAP-K35-085-DOSPAT"],"notes":["MRRB REC50 има простиране приблизително 125.00°.","EUR_BGCS035 геометрично пресича REC50.","Локалното GEM простиране на EUR_BGCS035 е приблизително 136.17°, което се различава от REC50 с около 11.17°.","Съответната EFSM20 структура също пресича REC50 и се различава по локално простиране с около 11.11°.","Визуалното сравнение върху K-35-085 Доспат показва REC50 и EUR_BGCS035 в един и същ СЗ–ЮИ регионален структурен коридор.","Визуалното сравнение върху K-35-073 Ракитово независимо подкрепя продължението на същия регионален коридор.","Локалните MRRB и GEM следи остават пространствено отместени и затова не се твърди точно съвпадение на повърхностната следа.","EUR_BGCS029 и EUR_BGCS034 са оценени като регионални контролни структури и не са приети като каталогови съответствия.","Ляво-отседно нормалната кинематика е наследена от приетото регионално каталогово съответствие EUR_BGCS035.","ВИСОКАТА увереност се отнася до регионално съответствие на разломната система, подкрепено съвместно от MRRB, GEM, EFSM20 и контекста от геоложките карти."],"open_items":["Точното съвпадение на повърхностната следа остава неуточнено."],"mrrb_I_AF":0.6,"mrrb_H_AF":0.027,"mrrb_A_AF":4073169,"mrrb_length":40684.78,"geometry_role":"official_buffered_active_fault_corridor","display_source":"MRRB + SONDI curated crosswalk","epistemic_note":"Buffered official fault corridor; not an exact mapped surface trace."}},{"type":"Feature","geometry":{"type":"Polygon","coordinates":[[[23.440964155149356,41.93516656152238],[23.44103310776863,41.935213673929695],[23.464393273955885,41.94884188044757],[23.48908191985681,41.966861469947034],[23.501425664821703,41.981306818627814],[23.50152462183667,41.981395184655035],[23.50165040299455,41.98146191166333],[23.521355921846087,41.98929664694132],[23.538970476725236,41.997117651258165],[23.557515248576387,42.00749599294509],[23.568966510838976,42.01396252305576],[23.58179498316347,42.02196159792777],[23.581925062790585,42.022023509402125],[23.58207195017293,42.02205879090533],[23.601787951574437,42.02478373671573],[23.61600120199149,42.026827281149394],[23.616048969610095,42.026832677275834],[23.628430168672526,42.027854584259984],[23.6286187527374,42.02784798489035],[23.62879537143472,42.02779825893911],[23.628942735803005,42.02771027401002],[23.629046420691612,42.02759264281289],[23.629096276833017,42.027456880041115],[23.629087424273493,42.02731627518281],[23.62902072993752,42.02718459162167],[23.62890272262419,42.027074719380984],[23.62874495381106,42.026997413389246],[23.628562866877015,42.02696024076335],[23.616205866143268,42.02594033877326],[23.60201434446838,42.02389992496117],[23.602009949605485,42.02389930538],[23.582447582105466,42.021195618799595],[23.569729314473772,42.01326531176754],[23.569706439692403,42.01325173423721],[23.55824246781983,42.006778076732786],[23.558240270223937,42.006776841402],[23.539668637024874,41.99638354011893],[23.539615040715177,41.99635675488023],[23.5219605518331,41.988518065172265],[23.521935619381694,41.98850758149454],[23.502357276493598,41.980723468613455],[23.49006117801259,41.96633412086487],[23.489974278768496,41.966254276853505],[23.46521204355467,41.94818117534626],[23.465161650907252,41.948148264290246],[23.44181207282991,41.93452635573704],[23.423043120692437,41.91954072130309],[23.42289446061909,41.91945422385202],[23.42271728809926,41.919406269300026],[23.42252894574021,41.91940155167349],[23.42234786943427,41.91944053274297],[23.422191783866566,41.91951939683088],[23.42207596762362,41.91963042429336],[23.42201175767855,41.919762747125816],[23.422005439621575,41.91990341274679],[23.422057632278168,41.92003865184881],[23.4221632269928,41.92015522622519],[23.440964155149356,41.93516656152238]]]},"properties":{"fault_id":"FLT-RAZLOG-MRRB","mrrb_record":51,"mrrb_name":"Разлог","scientific_name":null,"fault_system":"Razlog basin fault system","fault_type":null,"bgcs":null,"correspondence_type":"distinct_from_Ganas_scientific_Razlog_segment","confidence":"HIGH","exact_trace_identity":false,"source_ids":["SRC-MRRB-2025","SRC-GANAS-2005"],"notes":["Записът MRRB Razlog не е идентичен с приблизително 4 km научно описания сегмент на Разложкия разлом при Ganas и съавт."],"open_items":["Точната научна идентичност на MRRB REC51 остава неуточнена."],"mrrb_I_AF":0.4,"mrrb_H_AF":0.018,"mrrb_A_AF":2153384,"mrrb_length":21483.94,"geometry_role":"official_buffered_active_fault_corridor","display_source":"MRRB + SONDI curated crosswalk","epistemic_note":"Buffered official fault corridor; not an exact mapped surface trace."}},{"type":"Feature","geometry":{"type":"Polygon","coordinates":[[[23.03003604731437,42.06139352195642],[23.03790773932371,42.06216249354418],[23.03801984970175,42.06216560486087],[23.048176816023744,42.06174196970056],[23.056340605330085,42.06233123621781],[23.063476350082315,42.06365566150142],[23.067945194874106,42.06689034134954],[23.068033854125204,42.06694338567033],[23.07445370976753,42.07009220832097],[23.074478973436257,42.07010394351171],[23.080040793502555,42.07254742531836],[23.084686937453284,42.07574384197509],[23.092118358568392,42.08117484819493],[23.096003333943,42.08439744025288],[23.096033019003595,42.08442037370287],[23.09981613640918,42.08714293387047],[23.099837903198285,42.08715784740255],[23.103621024135744,42.089625067359606],[23.103629010984026,42.08963018479104],[23.10995840397378,42.093614186372086],[23.114145158965137,42.099575661961175],[23.11416607088239,42.09960305380433],[23.117261328518808,42.10334563679322],[23.11731038131621,42.10339660803315],[23.12105148112275,42.10676099204259],[23.123543448636525,42.11037447471868],[23.12357875137313,42.110419128330854],[23.12655594297747,42.11373204744142],[23.134091411523542,42.1224975810275],[23.137853969768347,42.129093644738894],[23.13899971382125,42.13113298841026],[23.13909903688498,42.1312527170463],[23.13924320386228,42.13134373933979],[23.13941810264406,42.13139714525493],[23.13960661266578,42.13140770694019],[23.13979028088423,42.13137439050809],[23.139951128230923,42.131300457253296],[23.140073409659784,42.131193144395084],[23.14014515545346,42.13106295660316],[23.140159342886996,42.13092263767419],[23.140114583564387,42.13078592303867],[23.13896816848045,42.128745450427274],[23.138966880506878,42.12874317548424],[23.13518371190735,42.12211118580796],[23.135136453570013,42.12204450085696],[23.127570170481704,42.113243298967966],[23.127563414731213,42.113235613338446],[23.124602141447482,42.10994047005492],[23.122095959599367,42.10630646401448],[23.122023863786705,42.10622505904042],[23.11826765370367,42.1028471382874],[23.115205589983855,42.09914476605199],[23.110973683580585,42.09311914012354],[23.110828349032754,42.09298405821752],[23.104412542111586,42.08894570587324],[23.100644518709526,42.08648835509838],[23.096887425933534,42.083784552599774],[23.09300395809408,42.08056325047401],[23.09297753122668,42.08054267724276],[23.085525932030897,42.07509698388182],[23.085512697664246,42.075087599437296],[23.080812460954995,42.07185399848172],[23.080709521663845,42.07179699302953],[23.075105010402332,42.069334772459804],[23.068745326637867,42.06621548499967],[23.064200689551033,42.06292597075545],[23.064073458501618,42.06285550003124],[23.06392599168611,42.06281214705755],[23.056589080992797,42.0614503940908],[23.056501347235177,42.06143914932552],[23.04824732809239,42.06084337488486],[23.048155349960584,42.06084198211502],[23.038008716375824,42.061265197010485],[23.03019297561373,42.06050169407133],[23.029351968868124,42.060419537587464],[23.029163217981495,42.0604232977105],[23.028985264275928,42.06047033877681],[23.028835526795472,42.06055605615392],[23.028728662770725,42.060672059357465],[23.028675132911733,42.06080699332059],[23.02868017739702,42.0609476498555],[23.028743302812675,42.061080260529096],[23.028858330307727,42.06119184440978],[23.029014000306816,42.06127147876015],[23.029195074631048,42.06131136828019],[23.03003604731437,42.06139352195642]]]},"properties":{"fault_id":"FLT-RILA-STOB","mrrb_record":52,"mrrb_name":"Рила-Стоб","scientific_name":"Stob / Rila fault","fault_system":"Northern Rila fault system","fault_type":"normal_fault","bgcs":null,"correspondence_type":"local_scientific_crosswalk","confidence":"HIGH","exact_trace_identity":false,"source_ids":["SRC-MRRB-2025","SRC-MGU-RILA"],"notes":["Идентификацията е силна; тълкуването на съвременната активност остава предмет на научен спор."],"open_items":[],"mrrb_I_AF":0.6,"mrrb_H_AF":0.027,"mrrb_A_AF":1292054,"mrrb_length":12866.75,"geometry_role":"official_buffered_active_fault_corridor","display_source":"MRRB + SONDI curated crosswalk","epistemic_note":"Buffered official fault corridor; not an exact mapped surface trace."}},{"type":"Feature","geometry":{"type":"Polygon","coordinates":[[[23.043163770722696,42.07947106682986],[23.047499286958658,42.083281653801095],[23.047544532309917,42.0833172820088],[23.052244769946828,42.08663544468006],[23.05233049300832,42.08668582393011],[23.06127243540261,42.09102470244811],[23.06128636439328,42.09103126032748],[23.067226204269858,42.09374374508979],[23.071562243489595,42.096114551620374],[23.071643185725836,42.096151872182624],[23.07849750376189,42.098779632687574],[23.08351616232327,42.10114929711558],[23.090720075918163,42.10462774755174],[23.095159112160207,42.107076674725654],[23.108556120597836,42.115592420454576],[23.108563832227752,42.115597239117335],[23.11585132098978,42.12007381400907],[23.12051174103197,42.12445797735388],[23.120564374357784,42.12450136395125],[23.125264610868967,42.12790239500263],[23.12530514714835,42.12792919874904],[23.13023467166565,42.13090495273103],[23.13040644598341,42.13097766920615],[23.135656522103314,42.13241657770262],[23.137353527838567,42.13300387679577],[23.137535310990994,42.13304251053466],[23.137724236161826,42.13303744059728],[23.137901809662278,42.13298916325902],[23.138050649059835,42.132902404319715],[23.138156184806856,42.132785656479896],[23.13820808645157,42.132650347966006],[23.1382012738079,42.13250972380455],[23.138136414121604,42.13237754927368],[23.138019856611724,42.132266762459764],[23.137863010849813,42.132188207817016],[23.136143419764828,42.13159309485319],[23.136097428397143,42.13157886289165],[23.130918002424394,42.13015932669571],[23.12608735875548,42.12724328487418],[23.121434793841217,42.12387678473417],[23.116758959715224,42.119478181624544],[23.11666968021461,42.11941034675699],[23.109336615587768,42.114905818038714],[23.095927583502593,42.10638250336122],[23.095894929532538,42.10636315423852],[23.091423981024697,42.10389664023822],[23.09139300038739,42.103880638449674],[23.08417070557397,42.10039333546112],[23.084165490845717,42.10039084542059],[23.079121349135903,42.09800916256244],[23.07907434245834,42.09798910841251],[23.072238426943212,42.095368418943494],[23.067920608233102,42.09300759004959],[23.067878863069396,42.09298669891773],[23.061924630393662,42.09026765903585],[23.053035577419234,42.085954474279845],[23.04839905909409,42.08268132754786],[23.04406404755915,42.07887123354975],[23.04401997661542,42.0788364320863],[23.03874653866992,42.07509246802991],[23.03859112051084,42.07501252303717],[23.038410150199088,42.074972271728065],[23.03822134206764,42.07497565409194],[23.03804317759621,42.07502233903024],[23.037893096458724,42.075107756770244],[23.03778578952336,42.07522354615791],[23.037731760853585,42.07535837305645],[23.037736299454046,42.07549903975889],[23.03779896143063,42.075631776837525],[23.037913613298382,42.075743590987905],[23.043163770722696,42.07947106682986]]]},"properties":{"fault_id":"FLT-N-RILA-STOB","mrrb_record":53,"mrrb_name":"N Рила-Стоб","scientific_name":null,"fault_system":"Northern Rila fault system","fault_type":"normal_fault","bgcs":null,"correspondence_type":"parallel_related_corridor","confidence":"MEDIUM","exact_trace_identity":false,"source_ids":["SRC-MRRB-2025","SRC-MGU-RILA"],"notes":["Отделен паралелен MRRB коридор; не трябва да се обединява с REC52."],"open_items":["Точното научно име на сегмента остава неуточнено."],"mrrb_I_AF":0.6,"mrrb_H_AF":0.027,"mrrb_A_AF":1053821,"mrrb_length":10479.88,"geometry_role":"official_buffered_active_fault_corridor","display_source":"MRRB + SONDI curated crosswalk","epistemic_note":"Buffered official fault corridor; not an exact mapped surface trace."}},{"type":"Feature","geometry":{"type":"Polygon","coordinates":[[[22.474111191285637,42.22201868316486],[22.474207485097526,42.22205241664396],[22.485956001005956,42.22526219240096],[22.49642687791074,42.230150293783595],[22.502137810825964,42.233364028411],[22.50220896358111,42.23339850585549],[22.507138500254,42.235435640761175],[22.50720849647404,42.23546034451231],[22.517443888792716,42.238491570323916],[22.521845440174015,42.24108179110925],[22.521864402834577,42.24109250492363],[22.53160881922873,42.24637553717453],[22.531711772468242,42.24642050576937],[22.541112292290023,42.249645275650686],[22.54127839077582,42.249681943076254],[22.549830359528368,42.250610399473764],[22.56583553426423,42.25427026301373],[22.565975458550728,42.25428925430102],[22.576792190144992,42.25479491748203],[22.589331846441883,42.25774803531104],[22.58957418419073,42.2577668670532],[22.60443028739824,42.2566757186491],[22.61207777510978,42.25925607269787],[22.61229630795222,42.259295692120176],[22.623151086909367,42.2597185263604],[22.63098752792683,42.26072718596204],[22.641038899474594,42.26303069866948],[22.641131970913662,42.26304618206764],[22.653861010749846,42.26439194734058],[22.67439849820703,42.27285630441603],[22.67460573424481,42.27290814272839],[22.683265105431854,42.273835548036345],[22.68892522086395,42.275231592696535],[22.691575491228466,42.277192574113556],[22.691700721843407,42.27726370942816],[22.691846438850682,42.27730842006869],[22.696493452535652,42.27823089731222],[22.71065906447907,42.28321764343185],[22.710721610507157,42.2832365611543],[22.723949104677317,42.28661101201498],[22.73512109546784,42.29200831788108],[22.735147764542436,42.292020483178305],[22.745006836049402,42.29626049507438],[22.74518364290972,42.296311089314116],[22.745372855674447,42.29631864487388],[22.745555952505132,42.296282422131],[22.745715010267826,42.29620596687466],[22.745834459104362,42.296096763198555],[22.745902606585815,42.29596550085957],[22.745912782227744,42.29582502883638],[22.74586399034211,42.29568909754122],[22.745761007359075,42.29557101282158],[22.745613914146674,42.295482333512055],[22.735768461233917,42.29124820381581],[22.72454690266223,42.285826980080095],[22.724413331642467,42.28577859599002],[22.71114715747719,42.28239429881772],[22.69696243115354,42.277400840864615],[22.696859372148303,42.277372733221476],[22.692315481218362,42.27647073536867],[22.689678748782747,42.27451978558059],[22.68944223663912,42.27441158919755],[22.68359563299906,42.27296955655206],[22.683491182065573,42.272951235908415],[22.67488863044927,42.27202992805251],[22.65435072903186,42.26356541978921],[22.654142227137793,42.26351340676322],[22.641349999206497,42.262160978813576],[22.631307454962823,42.25985949448269],[22.63123229599273,42.25984610270549],[22.623322192424315,42.25882796739531],[22.623250489538723,42.25882197835771],[22.612474080025926,42.25840221109092],[22.604782822599397,42.255807089171704],[22.60463125589286,42.2557728589455],[22.604472924283844,42.25576902114753],[22.589578970189375,42.256862978588764],[22.57708721226445,42.25392114114566],[22.57694226302,42.253900998308154],[22.566123018520997,42.25339523176915],[22.55014196946242,42.24974089126801],[22.550051372898366,42.2497257078204],[22.541540053263418,42.2488016756011],[22.532273577703368,42.24562290238139],[22.522587301821797,42.24037142808625],[22.51812569007137,42.2377458816885],[22.517974021146202,42.237680675655284],[22.507692544463765,42.23463582232392],[22.502834185658557,42.232628113137146],[22.49713614268909,42.22942165471043],[22.497092680775296,42.22939934509948],[22.486545839149066,42.22447581016025],[22.48643273272455,42.224434521830695],[22.474675034040974,42.2212222582924],[22.464747536249522,42.21691243362534],[22.464571240134187,42.21686136608769],[22.46438234332513,42.216853293956824],[22.46419933598559,42.216889007355164],[22.464040131807966,42.21696501045912],[22.46392031462704,42.2170738636745],[22.46385161303418,42.21720491183036],[22.46384075228166,42.217345327127816],[22.463888795868154,42.217481364773185],[22.463991041293784,42.217599708401266],[22.464137480243277,42.21768877359399],[22.474111191285637,42.22201868316486]]]},"properties":{"fault_id":"FLT-KYUSTENDIL-REC54","mrrb_record":54,"mrrb_name":"Кюстендил","scientific_name":"Kyustendil normal fault","fault_system":"Kyustendil fault zone","fault_type":"normal_fault","bgcs":"EUR_MKCS012","correspondence_type":"partial_local_scientific_correspondence","confidence":"HIGH","exact_trace_identity":false,"source_ids":["SRC-MRRB-2025","SRC-GEM-SONDI","SRC-WESTAWAY-KYUSTENDIL","SRC-GEO-MAP-K34-070-KYUSTENDIL"],"notes":["REC54 е MRRB коридор с дължина 25.304 km и PCA простиране приблизително 74.15°.","EUR_MKCS012 е на приблизително 671 m в GEM и на приблизително 644 m в EFSM20.","Разликата в ориентацията е приблизително 2.93° спрямо GEM и около 0.15° спрямо EFSM20.","Независимата научна литература описва Кюстендилския нормален разлом като активна нормално-разломна зона с направление от ИСИ–ЗЮЗ до приблизително изток–запад и с млади деформации.","Наслагването върху геоложката карта подкрепя същия регионален структурен пояс.","EUR_MKCS012 се запазва като регионално научно каталогово съответствие, но MRRB полигонът не се приема като точно публикуваната повърхностна следа."],"open_items":["Да се дигитализира публикуваната повърхностна следа на Кюстендилския разлом за количествено сравнение с REC54 и MKCS012.","Да се изясни съответствието на ниво отделни сегменти в Кюстендилската разломна зона."],"mrrb_I_AF":0.6,"mrrb_H_AF":0.027,"mrrb_A_AF":2531747,"mrrb_length":25303.85,"geometry_role":"official_buffered_active_fault_corridor","display_source":"MRRB + SONDI curated crosswalk","epistemic_note":"Buffered official fault corridor; not an exact mapped surface trace."}},{"type":"Feature","geometry":{"type":"Polygon","coordinates":[[[22.690918224463537,42.377756458121446],[22.707412527446404,42.37911030454985],[22.70763488221884,42.37909796006095],[22.71623293532259,42.3774042228606],[22.716397316741205,42.37735154899178],[22.716533780891538,42.37726557463426],[22.72811240607706,42.367441004369645],[22.728144111067255,42.367411711836915],[22.73823239711861,42.35724675003436],[22.73825989915212,42.35721654008421],[22.745558676712324,42.34845139018234],[22.75887063910985,42.3386962683318],[22.772823016426937,42.33232347444042],[22.808218133589794,42.3267523870388],[22.83506877318677,42.32531633062249],[22.87542735044109,42.32793668378508],[22.89531582267985,42.332330744351644],[22.895488640202533,42.332349428617796],[22.91383116253411,42.332349434258205],[22.913889953393266,42.332347308777294],[22.93142998999247,42.331076067770304],[22.931613495069865,42.33104063924331],[22.93177326347781,42.33096486908613],[22.931893655791903,42.33085617432978],[22.93196288722575,42.330725194914656],[22.93197418118805,42.33058475212545],[22.931926432521806,42.33044859351368],[22.93182431554164,42.33033004717896],[22.931677826348526,42.33024071714242],[22.93150130427319,42.33018934751016],[22.931312028262482,42.33018096659266],[22.913801566863945,42.33145007714249],[22.895577012007745,42.33145008743064],[22.87571435558984,42.327061733670895],[22.8755940322327,42.327044722471356],[22.83512641417861,42.32441731724068],[22.8350297972281,42.32441676515061],[22.808089602553533,42.32585762906865],[22.808007203413784,42.32586627762496],[22.772469063700367,42.33145988581416],[22.772276953309042,42.3315168785917],[22.75817629960679,42.3379573830568],[22.758068028686697,42.33802044153843],[22.744655164800093,42.34784941974036],[22.744565381922108,42.34793306431266],[22.73724131101142,42.35672843618668],[22.72718257083497,42.36686348057039],[22.715742474319377,42.37657042012582],[22.70743312845575,42.37820728584778],[22.69103782351161,42.37686156661313],[22.69100984005793,42.3768597530443],[22.66257933412245,42.37550476376871],[22.662390435398372,42.37551778769403],[22.662216209754543,42.37557345511133],[22.66207371133233,42.375666316995925],[22.661976888798097,42.375787283516225],[22.661935219978073,42.375924513757674],[22.661952784040825,42.37606457474379],[22.662027862072186,42.376193756320575],[22.662153105189905,42.37629941320528],[22.66231625379706,42.37637120282914],[22.662501337609264,42.37640209779234],[22.690918224463537,42.377756458121446]]]},"properties":{"fault_id":"FLT-KONYAVO-REC55","mrrb_record":55,"mrrb_name":"КонявскаL","scientific_name":null,"fault_system":"Konyavo-Kyustendil oblique structural domain","fault_type":null,"bgcs":null,"correspondence_type":"regional_oblique_branch_correspondence","confidence":"MEDIUM_HIGH","exact_trace_identity":false,"source_ids":["SRC-MRRB-2025","SRC-GEM-SONDI","SRC-KRAISHTE-STRUMA-REGIONAL","SRC-GEO-MAP-K34-070-KYUSTENDIL","SRC-GEO-MAP-K34-058-BOSILEGRAD-RADOMIR"],"notes":["REC55 има PCA простиране приблизително 107.45°.","Той се намира приблизително на 357 m от EUR_MKCS012 в GEM, но се различава по ориентация с около 30–33°.","REC55 е приблизително на 373 m от REC131, но се различава по ориентация с около 39.95°.","Двата геоложки листа подкрепят коса структурна позиция между Кюстендилската и регионалната ССЗ–ЮЮИ структурна система.","Не се присвоява BGCS идентичност, защото близостта сама по себе си не установява идентичност на разлома."],"open_items":["Да се изясни дали REC55 съответства на именуван Конявски разлом или на друга коса локална структура.","Да се определят кинематиката и възрастта чрез подробно локално картографиране."],"mrrb_I_AF":0.6,"mrrb_H_AF":0.027,"mrrb_A_AF":2466541,"mrrb_length":24642.25,"geometry_role":"official_buffered_active_fault_corridor","display_source":"MRRB + SONDI curated crosswalk","epistemic_note":"Buffered official fault corridor; not an exact mapped surface trace."}},{"type":"Feature","geometry":{"type":"Polygon","coordinates":[[[22.778510191641093,42.56964668087793],[22.77854662208221,42.56959137043916],[22.78712993131897,42.553912457327684],[22.796740579618323,42.541268849996605],[22.796768512601183,42.54122718338148],[22.807533432402323,42.522829832088604],[22.821505981428555,42.50391910735621],[22.82157712337652,42.50375023583445],[22.823853644083563,42.48763514239867],[22.84394208460908,42.46608397292456],[22.84400575114973,42.465996202344876],[22.854932100001342,42.44584228990718],[22.880394083113494,42.43510481384401],[22.899159727522516,42.429361894773656],[22.899192900522518,42.429350866015795],[22.917044212111016,42.422931307625255],[22.93933807729602,42.41722145028046],[22.96027729320595,42.41957378635837],[22.97855104547008,42.42193454351367],[23.00371344202341,42.429364084757175],[23.00389994061004,42.429395125287186],[23.004090222445374,42.42938166362315],[23.004265419780857,42.429325034565146],[23.029944870138277,42.41713887330215],[23.030133404576475,42.41699702593001],[23.043291027252284,42.401252007796565],[23.06455201589418,42.39826143788329],[23.084193718339037,42.402537339113834],[23.099164272767688,42.40802227016209],[23.09934555065462,42.40806411624009],[23.099535405459967,42.40806240049884],[23.09971525249068,42.40801729087494],[23.09986748675046,42.407933203085406],[23.09997720636015,42.40781836835885],[23.1000336713068,42.40768402765579],[23.100031354710115,42.407543331272656],[23.09997048371662,42.40741005156388],[23.09985701711911,42.40729723480318],[23.099702061947852,42.40721592415126],[23.084684296648742,42.401713717872404],[23.08458627266743,42.401685339537515],[23.06475368211635,42.39736789069495],[23.06461238102366,42.39735018981796],[23.064469420122,42.39735754570022],[23.04280262053019,42.40040519666663],[23.04264426742869,42.40044481868257],[23.042506506272513,42.400514957563],[23.042399789171807,42.400610291815134],[23.029174025351224,42.416436636365205],[23.003873227535287,42.42844309844928],[22.97894208928342,42.421081821179726],[22.978821495385894,42.42105651936812],[22.960479227049564,42.41868692737667],[22.96046581917566,42.41868530846815],[22.939372212571744,42.41631562787781],[22.939225908675365,42.41631240630081],[22.939082818932928,42.41633523339698],[22.91661352960655,42.42209003911768],[22.916546648088413,42.42211054368884],[22.898679274436937,42.42853587729764],[22.879895241970875,42.43428441797704],[22.879826531076578,42.43430929945316],[22.854147302007778,42.44513833638172],[22.853990182531938,42.44523346873116],[22.85388417239684,42.445361636930414],[22.842903819738527,42.46561458068463],[22.822765553600863,42.48721879613451],[22.82269572025409,42.48731828448113],[22.822661312099775,42.48742746692776],[22.8203810398572,42.50356699232857],[22.806453328548045,42.52241658107141],[22.806428796699173,42.52245373251082],[22.795665024434648,42.54084859320955],[22.7860506282128,42.5534968505565],[22.78601701198836,42.55354852497671],[22.777434554306073,42.56922539667259],[22.76931584598515,42.57966676011523],[22.76924797812863,42.57979818706156],[22.76923838672693,42.57993868061891],[22.769288011033897,42.58007448832995],[22.76939199382063,42.58019231633321],[22.76954015670348,42.58028063068048],[22.769717996407937,42.58033078640662],[22.76990810447279,42.58033787381321],[22.770091871415453,42.58030119910454],[22.77025130850317,42.58022435231312],[22.770370808746947,42.580114855860636],[22.778510191641093,42.56964668087793]]]},"properties":{"fault_id":"FLT-RADOMIR-REC56","mrrb_record":56,"mrrb_name":"Radomir","scientific_name":null,"fault_system":"Pernik-Radomir NW-SE active normal-fault system","fault_type":"normal_fault","bgcs":null,"correspondence_type":"pernik_radomir_active_fault_system_correspondence","confidence":"HIGH","exact_trace_identity":false,"source_ids":["SRC-MRRB-2025","SRC-GEM-SONDI","SRC-GEO-MAP-K34-058-BOSILEGRAD-RADOMIR","SRC-GEO-MAP-K34-059-PERNIK","SRC-RADULOV-ET-AL-2014-PERNIK"],"notes":["REC56 има СЗ–ЮИ простиране приблизително 125.5°.","Той геометрично пресича EUR_BGCS037, но локалната разлика в простирането е приблизително 63–65°, затова пресичането се интерпретира като кръстосване, а не като идентичност.","Ориентацията му е съвместима със СЗ–ЮИ активната нормално-разломна рамка, документирана за Пернишкия басейн и Мещишкия разлом.","Не е зададено BGCS каталогово съответствие."],"open_items":["Не се твърди точна идентичност с именувания Мещишки разлом."],"mrrb_I_AF":0.6,"mrrb_H_AF":0.027,"mrrb_A_AF":3936752,"mrrb_length":39372.08,"geometry_role":"official_buffered_active_fault_corridor","display_source":"MRRB + SONDI curated crosswalk","epistemic_note":"Buffered official fault corridor; not an exact mapped surface trace."}},{"type":"Feature","geometry":{"type":"Polygon","coordinates":[[[22.984696609341544,42.54960261679563],[22.984773599645724,42.54955250309171],[22.989703118046577,42.54575190069619],[22.989730659161797,42.54572916849866],[22.99770033865186,42.53868282291368],[23.008290691394038,42.533396517136374],[23.008315716525342,42.53338333044896],[23.01528505753479,42.52951043724523],[23.019386774402467,42.527663204823206],[23.01952015096246,42.5275818482256],[23.028438943838754,42.52033450889446],[23.0348329590746,42.51618974413693],[23.03493753269146,42.51610162069697],[23.038835274213813,42.51179195406407],[23.03884164713737,42.5117847590495],[23.043312583233075,42.50662966996366],[23.043403537598255,42.506446032874564],[23.04441849014271,42.50079222642919],[23.047942253960972,42.49648915323872],[23.050740391570475,42.49525919404134],[23.058342801529694,42.49328073805376],[23.064363639316124,42.4938562295183],[23.072133081084438,42.49511993242859],[23.07228299782782,42.49513018005472],[23.07939072561673,42.49496112345543],[23.079548024477226,42.49494189224788],[23.079693151024767,42.494893046843416],[23.079816116210665,42.494817949270676],[23.084137259809097,42.49138013898635],[23.092923510373243,42.486415625409755],[23.092933482397946,42.48640986746101],[23.099811896600954,42.48235178052175],[23.09992007806299,42.48226911609133],[23.099996372013013,42.48216883506786],[23.10283664526081,42.47697375278996],[23.111280795713828,42.46800976687928],[23.111317334577315,42.46796578966549],[23.11636145366306,42.46103104959473],[23.116391428986997,42.460983341141954],[23.11954809063871,42.45507781842474],[23.12792336700722,42.44956621949959],[23.12804389113696,42.44945744465569],[23.128113128273323,42.449326411398125],[23.12812430126963,42.44918594628174],[23.128076316812383,42.44904979904259],[23.12797387229831,42.44893129666593],[23.127826995889176,42.44884203886903],[23.127650064817075,42.448790762686244],[23.12746039806148,42.448782487281],[23.12727656114871,42.44881802267583],[23.127116548972918,42.448893890473784],[23.1186332069755,42.45447655429107],[23.11847189869503,42.45464724002215],[23.11527503706377,42.46062778686862],[23.110264278745895,42.467516506854956],[23.10180086872079,42.476500783777276],[23.101736005464808,42.47658935125335],[23.098929781431426,42.481722005565736],[23.092181012138866,42.48570357406113],[23.08335878804452,42.49068838365799],[23.0832825642236,42.49073956006817],[23.07909864810461,42.494068174409904],[23.072319827896997,42.49422940669575],[23.064598455356943,42.49297352394313],[23.064545801960353,42.492966738823775],[23.058355287628448,42.49237502961792],[23.058075815626157,42.49239679656622],[23.050280347674434,42.49442549922572],[23.050171569966363,42.494463107108054],[23.04719094450778,42.495773275976674],[23.047073469528236,42.49584053358153],[23.046981550081675,42.495926870876865],[23.04331305078932,42.50040660399935],[23.043230348828168,42.500580462161096],[23.042216368254365,42.50622827445763],[23.037821653166542,42.511295380323354],[23.033971566301595,42.51555228836929],[23.027611859661558,42.51967477828002],[23.027562907327663,42.51971031146179],[23.01867977676021,42.526928607295986],[23.01462734351351,42.528753636068984],[23.014578288452135,42.528778227470816],[23.007597559818056,42.53265743162677],[22.996948822099725,42.53797285259498],[22.996822515090503,42.538057115600445],[22.988810956623066,42.54514041241936],[22.98393135934525,42.548902491482686],[22.97147700683329,42.555720273007935],[22.97134365135911,42.5558206423706],[22.97125877461726,42.555946565643],[22.97123068514875,42.556085716700025],[22.971262132907786,42.556224474523184],[22.971350039939086,42.5563492564992],[22.971485801528072,42.55644784799256],[22.971656128399324,42.55651059803978],[22.9718443475578,42.55653136410685],[22.972032034439525,42.556508113409954],[22.97220081657435,42.55644312192011],[22.984696609341544,42.54960261679563]]]},"properties":{"fault_id":"FLT-RADOMIR-REC57","mrrb_record":57,"mrrb_name":"Radomir","scientific_name":null,"fault_system":"Pernik-Radomir NW-SE active normal-fault system","fault_type":"normal_fault","bgcs":null,"correspondence_type":"pernik_radomir_active_fault_system_correspondence","confidence":"HIGH","exact_trace_identity":false,"source_ids":["SRC-MRRB-2025","SRC-GEM-SONDI","SRC-GEO-MAP-K34-058-BOSILEGRAD-RADOMIR","SRC-GEO-MAP-K34-059-PERNIK","SRC-RADULOV-ET-AL-2014-PERNIK"],"notes":["REC57 има СЗ–ЮИ простиране приблизително 131.6°.","Той се намира приблизително на 1.6–1.9 km от EUR_BGCS037, но локалната ориентация се различава с около 59–67°, затова не се присвоява идентичност.","REC56 и REC57 са на приблизително 5.5 km един от друг и се различават в простирането само с около 6°.","Геометрията е съвместима със СЗ–ЮИ активната нормално-разломна рамка, документирана в района Перник–Радомир.","Не е зададено BGCS каталогово съответствие."],"open_items":["Не се твърди точна идентичност с именувания Мещишки разлом."],"mrrb_I_AF":0.8,"mrrb_H_AF":0.036,"mrrb_A_AF":1864884,"mrrb_length":18607.5,"geometry_role":"official_buffered_active_fault_corridor","display_source":"MRRB + SONDI curated crosswalk","epistemic_note":"Buffered official fault corridor; not an exact mapped surface trace."}},{"type":"Feature","geometry":{"type":"Polygon","coordinates":[[[22.45740656088711,42.80491193670122],[22.45744466429416,42.804924731183625],[22.462945047692955,42.80660617117754],[22.470668182117006,42.809022568828134],[22.477298842380282,42.81273263317488],[22.4798822801551,42.815369347344124],[22.479936069613824,42.815416952844984],[22.484521662256714,42.81894882640859],[22.4845609860522,42.81897652731736],[22.489261227052292,42.82200368866868],[22.489331996617224,42.82204297223064],[22.4954147669785,42.82493466170577],[22.500732147079738,42.830867352936615],[22.500872094163643,42.830977529253786],[22.507177303093105,42.83450852013633],[22.507302412321334,42.83456263334212],[22.50744133577774,42.8345934973673],[22.513288012673375,42.835350114757226],[22.51343954644148,42.83535563969518],[22.519377398960767,42.83502701643122],[22.523948579566053,42.83633515285941],[22.524158630781894,42.83636562994344],[22.530349232740875,42.83644969844518],[22.53051230020421,42.8364356671115],[22.530664398874976,42.836390177777226],[22.538121195455787,42.83324180477724],[22.545930742321517,42.832587281527566],[22.552608501286873,42.8334850843131],[22.558358270871437,42.83606868709296],[22.558547889656378,42.83612445152795],[22.562789595604155,42.836796983695535],[22.562958897399874,42.836806066198285],[22.56312505791335,42.83678050754731],[22.56327524430402,42.83672228166684],[22.563397857502885,42.8366358854193],[22.565815021761658,42.834379919363016],[22.571307853061843,42.832849242900586],[22.576839194252155,42.8325181083103],[22.576882177422537,42.83251440189151],[22.58433382718692,42.83167368111707],[22.58456830532433,42.83160899683586],[22.590802565421683,42.82869950166274],[22.610211005998412,42.82440820346137],[22.610316404807023,42.82437674899006],[22.618669527916076,42.82118749681247],[22.626535665081796,42.81859526681023],[22.636130328546024,42.81624928162234],[22.646097975602444,42.81398009645714],[22.646119126214913,42.81397496738606],[22.656880502083094,42.811203534791474],[22.66076319128642,42.810365779971626],[22.6609358582298,42.81030559131275],[22.661074812227614,42.81020906321446],[22.661166451448487,42.810085644660596],[22.661201805797553,42.809947416848104],[22.66117741489904,42.80980791054617],[22.661095666686666,42.80968078158418],[22.660964563509893,42.809578474131584],[22.66079693870703,42.80951100261364],[22.66060920037115,42.80948497148363],[22.660419725284388,42.809502928782145],[22.65652199292792,42.810343930795774],[22.656492051579658,42.810351011861925],[22.64572647630204,42.813123530441686],[22.635763504917065,42.81539165423175],[22.635751358930328,42.815394521338696],[22.62612166524182,42.81774907375469],[22.626064578356292,42.81776541167526],[22.618154466901156,42.82037213262834],[22.618122754172393,42.82038340056014],[22.6098047817732,42.82355923125198],[22.59037081618624,42.827856167581615],[22.5902193762394,42.82790707465068],[22.584022240253912,42.83079924402291],[22.576718539523387,42.83162327376202],[22.57112280356195,42.83195826434342],[22.570956003142182,42.831985917557404],[22.565224041054872,42.83358323062248],[22.56507922150296,42.83364107203092],[22.564960677836428,42.83372529864363],[22.562674468470277,42.8358590298417],[22.558906430403564,42.83526159682439],[22.55314819889908,42.83267419998897],[22.552939640069386,42.832615650510334],[22.546061289784056,42.831690884538325],[22.545882378572664,42.83168645275642],[22.53785764041207,42.83235901530584],[22.53762276372065,42.832415748699255],[22.530202969849263,42.83554850573012],[22.524289922450432,42.83546820876827],[22.519691048716826,42.83415214729038],[22.51942386081615,42.83412285203782],[22.51342422351082,42.83445490442335],[22.507798951165093,42.833726944818835],[22.50169447736855,42.83030839369452],[22.496363604934402,42.82436074850185],[22.496185133755716,42.82423065393168],[22.49003192186641,42.821305503718996],[22.4853856316512,42.81831311732662],[22.480847978292875,42.81481821029137],[22.47823590996875,42.812152317413144],[22.478110142550815,42.81205738753531],[22.471346398570336,42.80827289001357],[22.471215721185384,42.80821705397727],[22.463420244820107,42.80577803653601],[22.463415527916954,42.805776577667196],[22.457932188843042,42.80410035641884],[22.44969690309814,42.801079271982815],[22.449514744207445,42.80103701773594],[22.44932376916287,42.801038282185424],[22.449142671542766,42.80108294154265],[22.448989178118502,42.801166624309865],[22.44887831375887,42.801281139165525],[22.44882093074359,42.80141527673806],[22.448822646426947,42.80155590680359],[22.448883293255523,42.80168926352692],[22.448996935020674,42.80180229295154],[22.44915244781167,42.80188393083907],[22.45740656088711,42.80491193670122]]]},"properties":{"fault_id":"FLT-TRAN-REC58","mrrb_record":58,"mrrb_name":"Трън","scientific_name":"Tran active fault corridor","fault_system":"Tran local active fault corridor","fault_type":null,"bgcs":null,"correspondence_type":"local_fault_corridor_correspondence","confidence":"HIGH","exact_trace_identity":false,"source_ids":["SRC-MRRB-2025","SRC-GEM-SONDI","SRC-GEO-MAP-K34-046-VLASOTINTSE-BREZNIK"],"notes":["MRRB REC58 има простиране приблизително 87.92°.","EUR_BGCS030 геометрично пресича REC58, но не се приема като международно каталогово съответствие.","Локалното GEM простиране на EUR_BGCS030 е приблизително 59.38°, което се различава от REC58 с около 28.54°.","Съответната EFSM20 структура също пресича REC58, но има локално простиране приблизително 53.81°, с разлика около 34.11°.","Визуалното сравнение върху K-34-046 Власотинце и Брезник показва REC58 по преобладаващо изток–запад локален структурен коридор.","Моделът EUR_BGCS030 пресича коридора REC58 косо, вместо да следва същата локална траектория.","EUR_BGCS031 и EUR_RSCS016 са оценени като регионални контролни структури и не са приети като каталогови съответствия.","ВИСОКАТА увереност се отнася до локалния MRRB структурен коридор, подкрепен от съответствието с геоложките карти, а не до международна идентичност на разлома.","Не се присвоява кинематика на разлома, защото няма прието научно каталогово съответствие, от което тя да бъде наследена.","Малкият най-западен сегмент на REC58 извън K-34-046 не променя наблюдаваната пресичаща връзка с EUR_BGCS030."],"open_items":["Няма прието международно BGCS каталогово съответствие.","Точното съвпадение на повърхностната следа остава неуточнено.","Най-западният кратък сегмент върху съседния лист K-34-045 не е използван като основно картографско доказателство."],"mrrb_I_AF":0.6,"mrrb_H_AF":0.027,"mrrb_A_AF":1952779,"mrrb_length":19502.91,"geometry_role":"official_buffered_active_fault_corridor","display_source":"MRRB + SONDI curated crosswalk","epistemic_note":"Buffered official fault corridor; not an exact mapped surface trace."}},{"type":"Feature","geometry":{"type":"Polygon","coordinates":[[[23.54881961579781,42.40280553634007],[23.55887926448954,42.38794700128241],[23.558943709962236,42.387745256134714],[23.55894355979931,42.372172167012394],[23.559860058746224,42.35456200550416],[23.559860090955787,42.35456137484442],[23.56077703527877,42.33625965905474],[23.560772094029428,42.33618327655795],[23.557103422742067,42.315841812770735],[23.557077454754047,42.31575873697351],[23.552491771531205,42.305585552387456],[23.552404226104084,42.305460704454994],[23.55226899156103,42.305362048152375],[23.552099305613336,42.30529924050607],[23.551911778090304,42.30527842944633],[23.551724765134974,42.30530165205065],[23.5515565725135,42.3053666351611],[23.551423663858603,42.3054670178845],[23.55133904918344,42.305592974200295],[23.551311011375486,42.30573217474646],[23.551342295328237,42.30587099365773],[23.55590949544236,42.316003597374866],[23.559563265636243,42.33626459512456],[23.558647907724755,42.35452762566697],[23.557730635761647,42.372146127366854],[23.55773018377121,42.37216348858749],[23.55773003534283,42.38763872158134],[23.54770607719816,42.40244413662197],[23.547661366342265,42.402532007813704],[23.542158517079095,42.41810617689367],[23.542139734048074,42.41824623188153],[23.542180280833698,42.418383732783305],[23.542276188788787,42.41850522000678],[23.5424180699778,42.41859880142068],[23.542592036055723,42.41865531648341],[23.54278105776583,42.41866923299442],[23.54296663197555,42.418639188667534],[23.543130593033563,42.418568124496716],[23.5432568910858,42.41846299685352],[23.543333163224652,42.418334096504935],[23.54881961579781,42.40280553634007]]]},"properties":{"fault_id":"FLT-SAMOKOV-MRRB","mrrb_record":59,"mrrb_name":"Самоков","scientific_name":null,"fault_system":"Samokov area faulting","fault_type":null,"bgcs":null,"correspondence_type":"unresolved_local_identity","confidence":"OPEN","exact_trace_identity":null,"source_ids":["SRC-MRRB-2025","SRC-GEORGIEV-NAKOV-2014","SRC-MGU-RILA"],"notes":[],"open_items":["Точната научна идентичност и продължение остават неуточнени."],"mrrb_I_AF":0.4,"mrrb_H_AF":0.018,"mrrb_A_AF":1290446,"mrrb_length":12842.82,"geometry_role":"official_buffered_active_fault_corridor","display_source":"MRRB + SONDI curated crosswalk","epistemic_note":"Buffered official fault corridor; not an exact mapped surface trace."}},{"type":"Feature","geometry":{"type":"Polygon","coordinates":[[[27.00045205910699,43.891733645875576],[27.103758403521823,43.86233885415344],[27.103779441116366,43.86233253133239],[27.200744448510964,43.8316151716742],[27.200746905354627,43.831614387350385],[27.326710784538854,43.79106941996717],[27.326873837021953,43.790992690925236],[27.326996177532237,43.79088321732019],[27.327065830615137,43.79075171533457],[27.327075978447184,43.79061105739612],[27.32702562809532,43.79047501209794],[27.326919708556485,43.79035689642717],[27.32676858813796,43.79026827223399],[27.326587059472246,43.79021781452869],[27.326392891544366,43.79021046236574],[27.326205090456508,43.7902469354121],[27.200243820752583,43.83079095449195],[27.103291559384367,43.86150420282691],[26.999994831049868,43.890896190580406],[26.99999042695139,43.890897455123216],[26.92115062120171,43.913750215732705],[26.920983296045925,43.913822374149284],[26.920855005202807,43.91392837940546],[26.92077830672827,43.91405785511431],[26.920760708687464,43.91419812739824],[26.920803934104548,43.91433546545557],[26.920903752146266,43.91445642561686],[26.921050392123387,43.91454916732922],[26.921229499838905,43.914604612241504],[26.92142354269762,43.914617332912535],[26.921613526027226,43.91458608412756],[27.00045205910699,43.891733645875576]]]},"properties":{"fault_id":"FLT-DULOVO-REC60","mrrb_record":60,"mrrb_name":"Dulovo","scientific_name":null,"fault_system":"Dulovo regional active fault system","fault_type":"sinistral_normal_fault","bgcs":"EUR_BGCS017","correspondence_type":"regional_fault_system_crosswalk","confidence":"HIGH","exact_trace_identity":false,"source_ids":["SRC-MRRB-2025","SRC-GEM-SONDI","SRC-GEO-MAP-K35-018-RAZGRAD","SRC-GEO-MAP-K35-019-NOVI-PAZAR"],"notes":["REC60 има основно простиране приблизително 112.78°.","Най-близкият GEM източник EUR_BGCS017 е на приблизително 0.08 km от REC60, с разлика в локалното простиране около 3.65°.","EFSM20 независимо показва разстояние приблизително 0.09 km и разлика в локалното простиране около 0.59°.","K-35-018 Разград и K-35-019 Нови пазар показват REC60 и EUR_BGCS017 като продължаващи в един и същ регионален структурен коридор.","Съответствието е на регионално/системно ниво и не твърди точно съвпадение на повърхностната следа."],"open_items":[],"mrrb_I_AF":0.4,"mrrb_H_AF":0.018,"mrrb_A_AF":3544010,"mrrb_length":35334.67,"geometry_role":"official_buffered_active_fault_corridor","display_source":"MRRB + SONDI curated crosswalk","epistemic_note":"Buffered official fault corridor; not an exact mapped surface trace."}},{"type":"Feature","geometry":{"type":"Polygon","coordinates":[[[26.63688075197233,43.9172281608807],[26.709375620546616,43.91331141792924],[26.709377291121772,43.913311325501596],[26.790030279466784,43.90874132805276],[26.870683267586163,43.90417097903126],[26.87087268233213,43.90413807573246],[26.8710387633347,43.90406446240519],[26.87116525324069,43.903957344965924],[26.87123977040069,43.90382720896153],[26.871255020846746,43.90368679311533],[26.87120951216568,43.9035498423322],[26.871107699431526,43.903429762242475],[26.870959548971545,43.903338306990925],[26.870779562721108,43.90328442870918],[26.870585358697593,43.90327340127435],[26.78993327239159,43.9078437013445],[26.709281415302016,43.91241363829274],[26.636785994091454,43.91633041372281],[26.636781050437484,43.91633069354227],[26.57062821565618,43.92024725675309],[26.57043887192643,43.92028051727314],[26.57027301428074,43.92035444242238],[26.57014687783389,43.92046179602311],[26.570072809764586,43.92059206970268],[26.570058060663012,43.920732511470526],[26.570104074681158,43.92086937393179],[26.570206348013677,43.92098925996905],[26.5703548696214,43.921080434170655],[26.57053510111009,43.92113397162478],[26.570729399874388,43.92114463160753],[26.63688075197233,43.9172281608807]]]},"properties":{"fault_id":"FLT-GLAVINITSA-REC61","mrrb_record":61,"mrrb_name":"Главиница","scientific_name":null,"fault_system":"Dulovo-Glavinitsa regional fault zone","fault_type":null,"bgcs":null,"correspondence_type":"northern_parallel_fault_segment_correspondence","confidence":"MEDIUM_HIGH","exact_trace_identity":false,"source_ids":["SRC-MRRB-2025","SRC-GEM-SONDI","SRC-GEO-MAP-K35-018-RAZGRAD"],"notes":["REC61 има основно простиране приблизително 94.45°.","Най-близкият GEM източник EUR_BGCS017 е на приблизително 1.98 km, с разлика в локалното простиране около 2.72°.","EFSM20 независимо показва разстояние приблизително 1.98 km и разлика в локалното простиране около 2.61°.","REC61 се намира приблизително на 5.62 km от REC60 и двата записа не се пресичат.","K-35-018 Разград показва REC61 като отделен северен сегмент, а не като директно продължение на моделираната следа EUR_BGCS017.","Не е зададено директно BGCS каталогово съответствие.","Кинематиката на разлома остава неуточнена, защото наличните данни не установяват независимо кинематичен тип за REC61."],"open_items":[],"mrrb_I_AF":0.4,"mrrb_H_AF":0.018,"mrrb_A_AF":2425434,"mrrb_length":24158.02,"geometry_role":"official_buffered_active_fault_corridor","display_source":"MRRB + SONDI curated crosswalk","epistemic_note":"Buffered official fault corridor; not an exact mapped surface trace."}},{"type":"Feature","geometry":{"type":"Polygon","coordinates":[[[23.00337597330266,42.037679466748486],[23.016931498406954,42.05244397153406],[23.01701933563261,42.05251984820853],[23.029704390406618,42.06127754529732],[23.029861282759054,42.06135583660092],[23.03004296270785,42.06139416737559],[23.03023164584576,42.0613887854519],[23.030408862177225,42.06134021764474],[23.030557264233586,42.06125321818705],[23.03066232527858,42.06113630332276],[23.030713761328098,42.06100091762752],[23.030706537771266,42.06086031368259],[23.030641362075528,42.06072825478709],[23.03052461439146,42.06061766770819],[23.017889190097954,42.05189432975866],[23.00433418144031,42.037130630248676],[23.004248019703706,42.037055882380265],[22.97524930311459,42.016861294927836],[22.97509298040627,42.01678250264008],[22.974911658085933,42.016743589113425],[22.974723084940372,42.01674836338777],[22.974545719448315,42.01679635811716],[22.974396923079045,42.01688287531934],[22.974291260945687,42.01699944621793],[22.974239076113367,42.01713466017552],[22.974245477102325,42.017275281595055],[22.974309837713808,42.01740754547898],[22.974425858183608,42.0175185048405],[23.00337597330266,42.037679466748486]]]},"properties":{"fault_id":"FLT-KRUPNIK-WEST-REC62","mrrb_record":62,"mrrb_name":"Крупник З","scientific_name":null,"fault_system":"Krupnik regional active normal-fault system","fault_type":"normal_fault","bgcs":"EUR_BGCS032","correspondence_type":"regional_fault_system_crosswalk","confidence":"HIGH","exact_trace_identity":false,"source_ids":["SRC-MRRB-2025","SRC-GEM-SONDI","SRC-GEO-MAP-K34-070-KYUSTENDIL","SRC-GEO-MAP-K34-071-BLAGOEVGRAD"],"notes":["REC62 има СИ–ЮЗ простиране приблизително 43.23°.","EUR_BGCS032 се намира приблизително на 1.73 km от REC62.","Локалното GEM простиране е приблизително 45.32°, което дава разлика в простирането около 2.09°.","EFSM20 независимо показва разстояние приблизително 1.73 km и разлика в локалното простиране около 3.34°.","Както K-34-070 Кюстендил, така и K-34-071 Благоевград съдържат REC62 и EUR_BGCS032 в един и същ регионален структурен коридор.","Данните подкрепят регионално/системно каталогово съответствие с висока увереност, но не и точно съвпадение на следата."],"open_items":[],"mrrb_I_AF":1.0,"mrrb_H_AF":0.044,"mrrb_A_AF":678094,"mrrb_length":6716.61,"geometry_role":"official_buffered_active_fault_corridor","display_source":"MRRB + SONDI curated crosswalk","epistemic_note":"Buffered official fault corridor; not an exact mapped surface trace."}},{"type":"Feature","geometry":{"type":"Polygon","coordinates":[[[23.242699951429348,43.56348710212957],[23.336929020259113,43.54641471239402],[23.337005293176688,43.54639696950972],[23.405876552173375,43.526688727695124],[23.48924725911268,43.503030267345686],[23.489366526028,43.50298491493397],[23.578148860799747,43.459599418964316],[23.659626914396522,43.42804876224447],[23.724817058225764,43.41358082818373],[23.724974299737728,43.413527275295905],[23.809299049972378,43.37335538257267],[23.80944201272803,43.37326086712548],[23.809537940198847,43.37313875042969],[23.809577442523437,43.37300098624964],[23.80955665329933,43.37286105997272],[23.80947760791582,43.37273266853902],[23.80934804416487,43.37262837969668],[23.809180644705574,43.3725584018213],[23.808991795575547,43.37252958470355],[23.808799982283144,43.3725447490941],[23.808623980454694,43.372602410615556],[23.724373291982094,43.41273891127064],[23.659210442539926,43.42720075482647],[23.659100065579356,43.42723401743661],[23.577541576167878,43.45881576729432],[23.577486713546648,43.45883971191448],[23.488734690841678,43.502210275140165],[23.40542692877688,43.52585084115628],[23.405424683906976,43.525851480775906],[23.33659049110697,43.545549130000715],[23.242384236016175,43.562617398610705],[23.24234966556194,43.56262442645513],[23.131792783736035,43.5875719841502],[23.131619126587612,43.5876341076507],[23.131480378748975,43.5877321970858],[23.131390121793196,43.587856650923776],[23.13135719091178,43.58799528688491],[23.131384809983636,43.58813453437865],[23.131470275856223,43.58826076286339],[23.131605222798175,43.58836161610899],[23.131776441294672,43.58842722175155],[23.131967171074496,43.58845115772455],[23.132158741803092,43.58843108094494],[23.242699951429348,43.56348710212957]]]},"properties":{"fault_id":"FLT-DEVENE-REC63","mrrb_record":63,"mrrb_name":"Девене","scientific_name":null,"fault_system":"Devene regional active fault system","fault_type":"sinistral_normal_fault","bgcs":"EUR_BGCS023","correspondence_type":"regional_fault_system_crosswalk","confidence":"HIGH","exact_trace_identity":false,"source_ids":["SRC-MRRB-2025","SRC-GEM-SONDI","SRC-GEO-MAP-K34-023-MONTANA","SRC-GEO-MAP-K34-024-BYALA-SLATINA"],"notes":["REC63 има основно простиране приблизително 113.65°.","Най-близкият GEM източник EUR_BGCS023 е на приблизително 0.16 km от REC63, с разлика в локалното простиране около 3.09°.","EFSM20 независимо показва разстояние приблизително 0.17 km и разлика в локалното простиране около 3.10°.","K-34-023 Монтана и K-34-024 Бяла Слатина показват REC63 и EUR_BGCS023 като продължаващи в един и същ регионален структурен коридор.","Съответствието е на регионално/системно ниво и не твърди точно съвпадение на повърхностната следа."],"open_items":[],"mrrb_I_AF":0.4,"mrrb_H_AF":0.018,"mrrb_A_AF":6027066,"mrrb_length":60265.94,"geometry_role":"official_buffered_active_fault_corridor","display_source":"MRRB + SONDI curated crosswalk","epistemic_note":"Buffered official fault corridor; not an exact mapped surface trace."}},{"type":"Feature","geometry":{"type":"Polygon","coordinates":[[[24.92149806223341,43.251092386465],[24.921651739024668,43.25114131483346],[24.921817774226326,43.251158134253096],[25.030970402631933,43.25119915561966],[25.03101064290391,43.25119818936829],[25.142388105901613,43.24580014843182],[25.142550612892457,43.24577582125506],[25.188769688954068,43.23392230447963],[25.276817201781576,43.23259749372418],[25.277006758617347,43.232572532583816],[25.27717648837584,43.232505962715166],[25.277309776497873,43.232404300556944],[25.277393575820895,43.2322774976537],[25.27741968372328,43.2321379664741],[25.27738554496243,43.23199936534742],[25.277294501654264,43.231875261473746],[25.277155465979952,43.23177780288875],[25.276982047712515,43.23171652937359],[25.27679122200027,43.231697438689864],[25.188646434909945,43.23302369799169],[25.188454839482805,43.23304902411896],[25.142222304362697,43.24490603089809],[25.030950089803095,43.25029897125893],[24.9219916609437,43.2502581276353],[24.829142842488732,43.208831265252435],[24.828964891588253,43.20877755633977],[24.82877296058327,43.2087666994119],[24.828585836626903,43.20879975718998],[24.82842183635681,43.208873493806415],[24.828297013072152,43.208980691531956],[24.828223585397396,43.20911085724979],[24.82820874121847,43.20925124954008],[24.828253933977944,43.20938812585789],[24.828354740252628,43.20950808773749],[24.828501292611936,43.20959939234977],[24.92149806223341,43.251092386465]]]},"properties":{"fault_id":"FLT-DEVETAKI-REC64","mrrb_record":64,"mrrb_name":"Деветаки","scientific_name":null,"fault_system":"Devetaki - Cherven Bryag regional fault system","fault_type":"normal_fault","bgcs":"EUR_BGCS021","correspondence_type":"regional_fault_system_crosswalk","confidence":"HIGH","exact_trace_identity":false,"source_ids":["SRC-MRRB-2025","SRC-GEM-SONDI","SRC-GEO-MAP-K35-027-SEVLIEVO","SRC-GEO-MAP-K35-026-LOVECH"],"notes":["REC64 пресича EUR_BGCS021 със силна съвместимост на простирането.","Съответствието се приема като силно регионално/локално каталогово съответствие, а не като точно съвпадение на следата.","K-35-026 Ловеч и K-35-027 Севлиево осигуряват валидната проверка чрез геоложки карти за коридора REC64."],"open_items":[],"mrrb_I_AF":0.4,"mrrb_H_AF":0.018,"mrrb_A_AF":3800745,"mrrb_length":37923.82,"geometry_role":"official_buffered_active_fault_corridor","display_source":"MRRB + SONDI curated crosswalk","epistemic_note":"Buffered official fault corridor; not an exact mapped surface trace."}},{"type":"Feature","geometry":{"type":"Polygon","coordinates":[[[26.553516781598407,43.20540112378667],[26.553580781397045,43.20539435376702],[26.644202408930045,43.19218193108212],[26.644296802691812,43.192162289286564],[26.760292370156296,43.16044080888685],[26.76044048034237,43.16038219383036],[26.829312628729376,43.12335300769371],[26.829402638667553,43.1232937226713],[26.86559163989072,43.09423136216381],[26.930763752995645,43.06514097284703],[26.930912155443664,43.06504802511262],[26.970785322131132,43.030611020208674],[26.970885148492403,43.030490683258165],[26.97092940032804,43.03035360517132],[26.970913746311954,43.03021320417056],[26.970839719156917,43.03008322366091],[26.970714565433504,43.029976386938756],[26.97055053611952,43.02990315178555],[26.97036368736629,43.0298706868414],[26.970172308879725,43.02988216993704],[26.96999513373091,43.02993647705015],[26.969849504781,43.03002829232371],[26.930040191494342,43.06440974408307],[26.86487773315859,43.093495614645676],[26.864743107336334,43.09357687589807],[26.828535673548313,43.122653752563885],[26.759781435662358,43.15961932775462],[26.643912955352697,43.19130598087615],[26.553372611660404,43.20450654539753],[26.433786006519032,43.21243036407802],[26.433599253026667,43.21246476337021],[26.433436172691376,43.21253968955743],[26.43331272877729,43.21264780847103],[26.433241004902662,43.21277853682037],[26.433228022185197,43.2129190781048],[26.433275051857212,43.21305567518574],[26.4333774906783,43.213174956923055],[26.433525311398252,43.21326524706062],[26.433704044227223,43.213317707228754],[26.43389619326546,43.21332720215966],[26.553516781598407,43.20540112378667]]]},"properties":{"fault_id":"FLT-OMURTAG-C-REC65","mrrb_record":65,"mrrb_name":"Омуртаг С","scientific_name":null,"fault_system":"Omurtag parallel fault corridor","fault_type":"normal_fault","bgcs":null,"correspondence_type":"western_parallel_fault_corridor_correspondence","confidence":"MEDIUM_HIGH","exact_trace_identity":false,"source_ids":["SRC-MRRB-2025","SRC-GEM-SONDI","SRC-GEO-MAP-K35-029-OMURTAG","SRC-GEO-MAP-K35-030-SHUMEN"],"notes":["REC65 е изразен както на K-35-029 Омуртаг, така и на K-35-030 Шумен като западния/северозападния член на паралелния Омуртагски коридор.","Той е субпаралелен на EUR_BGCS016, но е отместен от основната моделирана следа и затова се запазва без BGCS каталогово съответствие.","Най-близкият GEM източник е EUR_BGCS016 на приблизително 1.233 km, с разлика в простирането около 19.10°."],"open_items":[],"mrrb_I_AF":0.4,"mrrb_H_AF":0.018,"mrrb_A_AF":5000451,"mrrb_length":49888.37,"geometry_role":"official_buffered_active_fault_corridor","display_source":"MRRB + SONDI curated crosswalk","epistemic_note":"Buffered official fault corridor; not an exact mapped surface trace."}},{"type":"Feature","geometry":{"type":"Polygon","coordinates":[[[26.66056556468256,43.132096438867706],[26.660639976135922,43.132076786504626],[26.77664363254508,43.09502129313704],[26.77665815105587,43.09501647998096],[26.899911685730242,43.052640311960886],[26.900070618434782,43.052561196757964],[26.90018843495515,43.0524499362948],[26.90025360268656,43.052317421659396],[26.900259742860577,43.0521766243991],[26.900206254827598,43.05204132674031],[26.900098374702367,43.05192477248436],[26.899946662689224,43.05183837064115],[26.89976596931996,43.05179057868645],[26.89957398181738,43.051786074738196],[26.899389492862486,43.051825299664664],[26.776144452637567,43.09419843854784],[26.660185706220243,43.13123952245008],[26.52246971533406,43.16033253860888],[26.522295386950375,43.16039217265019],[26.522154763163257,43.160488324067636],[26.52206160917917,43.16061158103362],[26.522025043767556,43.16074987842018],[26.52204864657252,43.16088967877085],[26.522130107572224,43.161017297420145],[26.522261453052778,43.16112024205659],[26.522429826032997,43.16118843559881],[26.522618744784022,43.16121520266515],[26.522809716255352,43.161197923053315],[26.66056556468256,43.132096438867706]]]},"properties":{"fault_id":"FLT-OMURTAG-YUG-REC66","mrrb_record":66,"mrrb_name":"Омуртаг Юг","scientific_name":null,"fault_system":"Omurtag parallel fault corridor","fault_type":"normal_fault","bgcs":null,"correspondence_type":"eastern_parallel_fault_segment_correspondence","confidence":"MEDIUM_HIGH","exact_trace_identity":false,"source_ids":["SRC-MRRB-2025","SRC-GEM-SONDI","SRC-GEO-MAP-K35-030-SHUMEN"],"notes":["REC66 е източният/южният паралелен Омуртагски сегмент и е ясно подкрепен на K-35-030 Шумен.","REC65 и REC66 са близки паралелни членове на един и същ локален структурен коридор, разделени с приблизително 2.556 km и с разлика в простирането около 3.39°.","Въпреки регионалното сходство с EUR_BGCS016, пространственото отместване и геометрията не подкрепят директно BGCS каталогово съответствие."],"open_items":[],"mrrb_I_AF":0.4,"mrrb_H_AF":0.018,"mrrb_A_AF":3314067,"mrrb_length":33037.42,"geometry_role":"official_buffered_active_fault_corridor","display_source":"MRRB + SONDI curated crosswalk","epistemic_note":"Buffered official fault corridor; not an exact mapped surface trace."}},{"type":"Feature","geometry":{"type":"Polygon","coordinates":[[[23.755412554803883,42.51717067116054],[23.75551350054677,42.51711069704535],[23.802636443207543,42.48236754094581],[23.802703179887843,42.482309106917356],[23.84620110306219,42.436846659224344],[23.846242391491916,42.436796906075685],[23.882490498105774,42.3859469139209],[23.88255179185314,42.38581367753354],[23.88255454768425,42.38567292066503],[23.88249849621959,42.3855384215949],[23.8823891244912,42.38542334596059],[23.882237138709947,42.38533895803939],[23.882057416211993,42.38529351817121],[23.881867549196247,42.385291474231586],[23.88168612278867,42.38533302627905],[23.881530895945957,42.385414106978324],[23.881417063208936,42.38552677971319],[23.845186831206775,42.436350543464215],[23.80174142418325,42.481757399408906],[23.754701398672086,42.51643911261277],[23.704008650643587,42.540454509125446],[23.703866364062016,42.54054800076152],[23.703770108944372,42.54066943132405],[23.703729307584357,42.54080691447274],[23.703747954244733,42.540946992469976],[23.703824224040655,42.54107595349084],[23.7039506514269,42.541181173837664],[23.704114860872867,42.541252353671624],[23.704300778241716,42.54128252528537],[23.704490204304655,42.54126873520033],[23.704664596338624,42.54121233330063],[23.755412554803883,42.51717067116054]]]},"properties":{"fault_id":"FLT-IHTIMAN-NORTH-REC67","mrrb_record":67,"mrrb_name":"Ихтиман С","scientific_name":null,"fault_system":"Maritsa fault system / Ihtiman basin intervening structural domain","fault_type":null,"bgcs":null,"correspondence_type":"regional_structural_corridor_correspondence","confidence":"MEDIUM","exact_trace_identity":false,"source_ids":["SRC-MRRB-2025","SRC-GEM-SONDI","SRC-GEO-MAP-K34-060-IHTIMAN","SRC-GERDJIKOV-RADULOV-METODIEV-2015"],"notes":["REC67 е MRRB коридор с дължина 23.007 km и среден клас, с PCA простиране приблизително 142.18°.","REC67 е отделен от REC17 Южно Ихтиман с приблизително 1121.4 m и двата MRRB полигона не се пресичат.","Нито една моделирана GEM/BGCS структура не пресича REC67. Най-близък е EUR_BGCS027 на приблизително 1279.2 m, с разлика в локалната ориентация около 23.60°; не е зададено BGCS каталогово съответствие.","REC67 не е най-близкият MRRB коридор за нито една от 4001 пробни точки по EUR_BGCS027; няма точки в рамките на 1 km, а само 6.95% са в рамките на 2 km от REC67.","Наслагването върху геоложката карта K-34-060 Ихтиман поставя REC67 в северната и източната структурна област на Ихтиманския басейн, но не доказва една непрекъсната и идентична картографирана разломна следа.","Gerdjikov и съавт. (2015) показват, че историческата концепция за Искър-Яворнишкия разлом включва две отделни структури: Яворнишката срязваща зона и Искърската разломна зона.","Яворнишката срязваща зона се простира от района на Пазарджик до Полянци южно от Ихтиман и пространствено е по-тясно свързана с REC17, докато Искърската разломна зона се простира от Панчарево до североизточния ръб на язовир Искър и не се идентифицира с REC67.","REC67 попада главно в слабо разкритата междинна област между тези публикувани структури; наличните данни не установяват индивидуално научно име, кинематика, възраст или точно съвпадение на повърхностната следа."],"open_items":["Да се намерят подробни теренни картировки или технически доклади, които да изяснят слабо разкрития структурен домейн северно и северозападно от Ихтиман.","Да се дигитализират и геореферират публикуваните структурни зони на Gerdjikov и съавт. (2015) за количествено сравнение с REC67."],"mrrb_I_AF":0.6,"mrrb_H_AF":0.027,"mrrb_A_AF":2306333,"mrrb_length":23006.88,"geometry_role":"official_buffered_active_fault_corridor","display_source":"MRRB + SONDI curated crosswalk","epistemic_note":"Buffered official fault corridor; not an exact mapped surface trace."}},{"type":"Feature","geometry":{"type":"Polygon","coordinates":[[[23.03244850703372,43.416498091573175],[23.032434375643962,43.41650246955712],[22.85119343284364,43.474400004949295],[22.85114209544297,43.474418456761555],[22.680775460298687,43.542771372450765],[22.68074188197896,43.54278582546514],[22.561122670033964,43.59793744251776],[22.56097737509704,43.598030328166914],[22.560878686000173,43.59815129786803],[22.56083626329337,43.598288510400586],[22.56085425996303,43.598428534524075],[22.560930914772605,43.59855766369172],[22.56105872451085,43.59866325774635],[22.561225178345477,43.59873498026338],[22.561413982441803,43.59876581040648],[22.561606654983102,43.59875273022817],[22.561784335435725,43.59869702011747],[22.681388084256604,43.54355236374658],[22.85171421985279,43.47521556186815],[23.032923986059973,43.41732793542754],[23.199660518597746,43.367282442478476],[23.199825076324665,43.3672090752338],[23.199950503547367,43.36710219988108],[23.2000245226169,43.366972278269984],[23.20003988829913,43.36683202814633],[23.19999509688636,43.36669517820713],[23.199894533240844,43.36657512422576],[23.199748041433853,43.36648361780021],[23.19956996106263,43.366429616071485],[23.199377723606553,43.36641840499177],[23.19919014621491,43.36645108194188],[23.03244850703372,43.416498091573175]]]},"properties":{"fault_id":"FLT-BELOGRAD-ANT-REC68","mrrb_record":68,"mrrb_name":"Белогр Ант","scientific_name":"Belograd Ant active fault corridor","fault_system":"Belograd regional active fault system","fault_type":"sinistral_normal_fault","bgcs":"EUR_BGCS042","correspondence_type":"regional_fault_system_crosswalk","confidence":"HIGH","exact_trace_identity":false,"source_ids":["SRC-MRRB-2025","SRC-GEM-SONDI","SRC-GEO-MAP-K34-022-BELOGRADCHIK","SRC-GEO-MAP-K34-023-MONTANA"],"notes":["MRRB REC68 има простиране приблизително 116.37°.","EUR_BGCS042 геометрично пресича REC68.","Локалното GEM простиране на EUR_BGCS042 е приблизително 114.31°, което се различава от REC68 с около 2.06°.","Съответната EFSM20 структура също пресича REC68 и има локално простиране приблизително 114.28°, с разлика около 2.09°.","Визуалното сравнение върху K-34-022 Белоградчик показва REC68 и EUR_BGCS042 по един и същ СЗ–ЮИ регионален структурен коридор.","K-34-023 Монтана подкрепя продължението на същия регионален коридор на изток.","EUR_BGCS024 е близка паралелна регионална контролна структура, но не пресича геометрично REC68 и не се приема като каталоговото съответствие.","EUR_BGCS023 е оценен като по-широк регионален контрол и не е приет като каталоговото съответствие.","Ляво-отседно нормалната кинематика е наследена от приетото регионално каталогово съответствие EUR_BGCS042.","Локалните следи остават пространствено отместени и затова не се твърди точно съвпадение на повърхностната следа."],"open_items":["Точното съвпадение на повърхностната следа остава неуточнено."],"mrrb_I_AF":0.4,"mrrb_H_AF":0.018,"mrrb_A_AF":5782303,"mrrb_length":57858.23,"geometry_role":"official_buffered_active_fault_corridor","display_source":"MRRB + SONDI curated crosswalk","epistemic_note":"Buffered official fault corridor; not an exact mapped surface trace."}},{"type":"Feature","geometry":{"type":"Polygon","coordinates":[[[23.23194226015844,41.82446318426461],[23.259170990406126,41.76348341558108],[23.2591960647884,41.76340361406862],[23.269950253404083,41.70612102340521],[23.26994697460755,41.705980309201784],[23.269885830459632,41.70584724129693],[23.26977280647804,41.705734845232],[23.26961896635837,41.70565412298967],[23.269439368936354,41.705612976091835],[23.269251594165024,41.70561543219457],[23.269074022378657,41.70566125086716],[23.268924035238424,41.70574594713099],[23.268816314409833,41.705861230452925],[23.26876140446514,41.70599581623183],[23.258013854952065,41.76323749425407],[23.230794059459388,41.824194818491826],[23.230780757554104,41.82422902294472],[23.21439919735739,41.87351462506521],[23.214382907988586,41.8736548248733],[23.214425382282997,41.873791925002294],[23.21452246290323,41.873912505089585],[23.2146646471137,41.874004761801686],[23.214838016901265,41.87405966427052],[23.21502560137955,41.87407183815048],[23.2152090381106,41.87404009173866],[23.215370370686614,41.87396753264179],[23.21549380655907,41.87386126356426],[23.21556726299673,41.87373168700208],[23.23194226015844,41.82446318426461]]]},"properties":{"fault_id":"FLT-WEST-PIRIN-REC69","mrrb_record":69,"mrrb_name":"Пирин Зап 1","scientific_name":null,"fault_system":"West Pirin / Struma-Kraishte regional structural system","fault_type":null,"bgcs":null,"correspondence_type":"regional_west_pirin_structural_corridor_correspondence","confidence":"MEDIUM_HIGH","exact_trace_identity":false,"source_ids":["SRC-MRRB-2025","SRC-GEM-SONDI","SRC-GANAS-2005","SRC-KRAISHTE-STRUMA-REGIONAL","SRC-WEST-PIRIN-FAULT-SCIENCE","SRC-GEO-MAP-K34-083-RAZLOG"],"notes":["REC69 е ССЗ–ЮЮИ MRRB коридор с простиране приблизително 166.15°.","REC69 се намира приблизително на 1.7 km от EUR_BGCS036, но се различава силно по ориентация — с около 55–65°.","REC69 и REC105 са почти паралелни, с разлика в простирането приблизително 5°.","Наслагването върху геоложката карта Разлог подкрепя отделен ССЗ–ЮЮИ коридор, различен от косо ориентираната следа BGCS036.","Не е зададено директно BGCS каталогово съответствие."],"open_items":["Да се изясни дали REC69 съответства на именуван сегмент от Западнопиринската разломна зона.","Да се дигитализират публикуваните следи на Западнопиринските разломи за количествено сравнение."],"mrrb_I_AF":0.2,"mrrb_H_AF":0.009,"mrrb_A_AF":1927041,"mrrb_length":19223.96,"geometry_role":"official_buffered_active_fault_corridor","display_source":"MRRB + SONDI curated crosswalk","epistemic_note":"Buffered official fault corridor; not an exact mapped surface trace."}},{"type":"Feature","geometry":{"type":"Polygon","coordinates":[[[23.30606580097219,41.61155903560509],[23.30607145784917,41.61155383266781],[23.36406879176985,41.55732732482201],[23.36407094234069,41.557325299827674],[23.41844343413112,41.5057679426899],[23.418535281946845,41.50564528769805],[23.418572213200097,41.505507300107645],[23.418550613131128,41.50536748717131],[23.41847259646436,41.50523953473642],[23.418345800267236,41.50513596758541],[23.4181826362844,41.50506692345858],[23.417999075970762,41.50503916075254],[23.41781308716014,41.505055397008526],[23.41764287537401,41.50511404292564],[23.417505101875392,41.50520935792627],[23.363133466762147,41.556765248463215],[23.305139804226556,41.61098764941563],[23.23627060082329,41.6732886861937],[23.236174796830532,41.67340970830815],[23.236133561640965,41.67354700372029],[23.236150931965636,41.673687133070885],[23.23622520784115,41.67381637951254],[23.236349118894505,41.67392209141421],[23.236510535915784,41.67399392082491],[23.23669365812402,41.67402483645431],[23.236880559918177,41.67401181199289],[23.237052945683402,41.67395612237594],[23.23719394083272,41.67386321898002],[23.30606580097219,41.61155903560509]]]},"properties":{"fault_id":"FLT-WEST-PIRIN-SOUTH-REC70","mrrb_record":70,"mrrb_name":"Пирин З_ 2","scientific_name":null,"fault_system":"Southern West Pirin structural domain","fault_type":null,"bgcs":null,"correspondence_type":"southern_west_pirin_oblique_segment_correspondence","confidence":"MEDIUM_HIGH","exact_trace_identity":false,"source_ids":["SRC-MRRB-2025","SRC-GEM-SONDI","SRC-GANAS-2005","SRC-KRAISHTE-STRUMA-REGIONAL","SRC-WEST-PIRIN-FAULT-SCIENCE","SRC-GEO-MAP-K34-083-RAZLOG","SRC-GEO-MAP-K34-095-STRUMICA-PETRICH"],"notes":["REC70 има простиране приблизително 140.92° и образува по-кос южен сегмент в сравнение с REC69 и REC105.","Най-близкото силно сходство в ориентацията е с EUR_BGCS034, но моделираната следа е на приблизително 24 km.","Не се подкрепя директно каталогово съответствие с GEM или EFSM20.","Листовете Разлог и Струмица–Петрич подкрепят продължението на отделна регионална структура през южния сектор."],"open_items":["Да се изяснят подробно името на сегмента и кинематиката от литературата за Западен Пирин.","Да се провери дали REC70 принадлежи към същата картографирана разломна нишка като REC69 или представлява отделен кос клон."],"mrrb_I_AF":0.2,"mrrb_H_AF":0.009,"mrrb_A_AF":2407867,"mrrb_length":24037.7,"geometry_role":"official_buffered_active_fault_corridor","display_source":"MRRB + SONDI curated crosswalk","epistemic_note":"Buffered official fault corridor; not an exact mapped surface trace."}},{"type":"Feature","geometry":{"type":"Polygon","coordinates":[[[24.232733337848167,42.48049754607475],[24.301497409570292,42.48316664766386],[24.301655590257187,42.48315739327054],[24.403088693496066,42.467125743987694],[24.504520403056382,42.46712573473369],[24.504729278306097,42.46709823317486],[24.57360165006628,42.44837776700744],[24.573736922177012,42.44832588047589],[24.6208382362705,42.424259625994544],[24.69693722606175,42.39215173732371],[24.697085530005808,42.3920637252643],[24.697189884655753,42.39194604976036],[24.69724007519112,42.39181022984216],[24.697231188934264,42.391669560588795],[24.6971640961146,42.39153781168299],[24.6970453645391,42.39142787954009],[24.696886616577153,42.39135052494974],[24.69670339144558,42.39131331978617],[24.69651362417524,42.39131990587081],[24.696335890128058,42.391369638515705],[24.62021458906493,42.42348683333961],[24.620169838779514,42.4235076480193],[24.57311028826857,42.447552486827135],[24.504411947698102,42.466225655726475],[24.403024884600985,42.46622562735469],[24.402897243623986,42.46623560344594],[24.301480682520086,42.482264740145276],[24.232689125700738,42.47959454283892],[24.23247708653852,42.47961408312478],[24.127357397810037,42.50366959904905],[24.12718659857439,42.503731638108306],[24.127050067664534,42.50382969419085],[24.12696116965028,42.50395416902418],[24.126928606691838,42.50409287826687],[24.126955566634166,42.50423224414996],[24.1270394108226,42.504358624541375],[24.12717193225056,42.50445964834376],[24.127340158824254,42.50452542650338],[24.127527623151337,42.50454952007314],[24.12771597456164,42.50452957054841],[24.232733337848167,42.48049754607475]]]},"properties":{"fault_id":"FLT-SAEDINENIE-REC71","mrrb_record":71,"mrrb_name":"Съединение","scientific_name":null,"fault_system":"Saedinenie-Hisaria local active fault corridor","fault_type":null,"bgcs":null,"correspondence_type":"western_parallel_fault_segment_correspondence","confidence":"MEDIUM_HIGH","exact_trace_identity":false,"source_ids":["SRC-MRRB-2025","SRC-GEM-SONDI","SRC-GEO-MAP-K35-049-PANAGYURISHTE","SRC-GEO-MAP-K35-050-KARLOVO","SRC-GEO-MAP-K35-062-PLOVDIV","SRC-GEO-MAP-K35-063-CHIRPAN"],"notes":["REC71 има основно простиране приблизително 103.91°.","REC71 и REC80 са разделени с приблизително 3.0 km и имат разлика в основното простиране само около 0.53°.","Най-близкият GEM EUR_BGCS003 е на приблизително 7.24 km от REC71, с разлика в локалното простиране около 5.21°.","EFSM20 независимо показва разстояние приблизително 7.24 km и разлика в локалното простиране около 4.64°.","Въпреки сходството в направлението, EUR_BGCS003 се намира в съседния южен картен ред и образува пространствено отделен южен коридор.","K-35-049 и K-35-050 подкрепят REC71 като западния сегмент на локалния структурен коридор Съединение–Хисаря.","K-35-062 и K-35-063 се използват като южни контролни листове и показват, че EUR_BGCS003 не трябва да се присвоява като директно каталогово съответствие.","Не е зададено директно BGCS каталогово съответствие.","Кинематиката на разлома остава неуточнена, защото наличните данни не установяват независимо кинематичен тип за REC71."],"open_items":[],"mrrb_I_AF":0.8,"mrrb_H_AF":0.036,"mrrb_A_AF":4962263,"mrrb_length":49561.31,"geometry_role":"official_buffered_active_fault_corridor","display_source":"MRRB + SONDI curated crosswalk","epistemic_note":"Buffered official fault corridor; not an exact mapped surface trace."}},{"type":"Feature","geometry":{"type":"Polygon","coordinates":[[[27.453251638217758,42.63425142874805],[27.529746156672903,42.6540791555811],[27.52978620788559,42.65408839149742],[27.611557782920595,42.67065579985109],[27.653473386302906,42.69099333537074],[27.65364741028814,42.691051340885174],[27.653837215257205,42.69106683643393],[27.654024221398817,42.6910383051764],[27.654190122895,42.69096854000927],[27.65431867995724,42.690864370156035],[27.654397308564324,42.69073599262806],[27.654418312258812,42.69059597401649],[27.654379635431205,42.690458020346924],[27.654285064392738,42.690335635427324],[27.65414385660972,42.69024079902347],[27.612147718449744,42.66986425896422],[27.61197357585536,42.66980614589563],[27.530129983808845,42.653224200940286],[27.45364808854202,42.63339975882124],[27.453631802348628,42.63339571998728],[27.390244686784648,42.61838535960405],[27.390056186803793,42.61836380507885],[27.389867894150473,42.61838632642189],[27.389698239856266,42.6184507191331],[27.389563830642768,42.61855068012072],[27.389477823425047,42.61867642464762],[27.389448637419346,42.61881564407582],[27.38947912992345,42.61895471067885],[27.38956631648386,42.61908001160269],[27.38970166289537,42.61917928140453],[27.389871920503424,42.619242802723605],[27.453251638217758,42.63425142874805]]]},"properties":{"fault_id":"FLT-KAMENO-REC72","mrrb_record":72,"mrrb_name":"Kameno","scientific_name":"Kameno active fault corridor","fault_system":"Kameno local active fault corridor","fault_type":null,"bgcs":null,"correspondence_type":"local_fault_corridor_correspondence","confidence":"HIGH","exact_trace_identity":false,"source_ids":["SRC-MRRB-2025","SRC-GEM-SONDI","SRC-GEO-MAP-K35-055-BURGAS"],"notes":["MRRB REC72 има простиране приблизително 70.09°.","EUR_BGCS044 е най-близкият регионален кандидат на приблизително 2.15 km, но не пресича геометрично REC72.","Локалното GEM простиране на EUR_BGCS044 е приблизително 75.40°, което се различава от REC72 с около 5.31°.","Съответната EFSM20 структура е на приблизително 2.05 km и се различава по локално простиране с около 8.79°.","Визуалното сравнение върху K-35-055 Бургас показва REC72 и EUR_BGCS044 като отделни субпаралелни следи, а не като един и същ локален разломен коридор.","EUR_BGCS013 и EUR_BGCS012 са оценени като регионални контролни структури и не са приети като каталогови съответствия.","ВИСОКАТА увереност се отнася до локалния MRRB структурен коридор, подкрепен от контекста на геоложките карти, а не до идентичност с международна следа.","Не се присвоява кинематика на разлома, защото няма прието международно каталогово съответствие, което да подкрепи наследяване на GEM типа на движение."],"open_items":["Няма прието международно BGCS каталогово съответствие.","Точното съвпадение на повърхностната следа остава неуточнено."],"mrrb_I_AF":0.2,"mrrb_H_AF":0.009,"mrrb_A_AF":2327588,"mrrb_length":23181.18,"geometry_role":"official_buffered_active_fault_corridor","display_source":"MRRB + SONDI curated crosswalk","epistemic_note":"Buffered official fault corridor; not an exact mapped surface trace."}},{"type":"Feature","geometry":{"type":"Polygon","coordinates":[[[23.947545948673273,43.315832736310405],[24.009036612947536,43.31504315992994],[24.084582584373205,43.31987668052968],[24.08475754042215,43.319869556371536],[24.137953823914867,43.31204835598358],[24.171958334448533,43.31511320369773],[24.172089707227276,43.315114718573],[24.21457181131103,43.31227520609065],[24.214758667011342,43.312240566429566],[24.21492171810557,43.312165457699486],[24.215045003830916,43.31205723219188],[24.215116456179594,43.31192648391759],[24.215129081177302,43.31178601153613],[24.21508164339546,43.31164956549266],[24.214978786732978,43.31153050201731],[24.21483057970225,43.31144047574694],[24.21465152978208,43.311388298936045],[24.214459163346763,43.311379078906974],[24.17204348000452,43.3142141817249],[24.13800571001475,43.31114632558361],[24.137808289391998,43.311151806918204],[24.084601432511636,43.31897462806657],[24.0091122338497,43.31414473196335],[24.00904711232103,43.314143069362665],[23.947475294032785,43.314933710458625],[23.94737717780331,43.314940703530574],[23.893736584245328,43.32194889419297],[23.893554441902182,43.32199501225069],[23.893400733325894,43.32207996689441],[23.893290504458246,43.3221954423075],[23.893234545391472,43.3223301350919],[23.893238334112016,43.32247086066986],[23.89330150015361,43.32260384384787],[23.893417860708297,43.32271606722601],[23.89357602571888,43.32279654546223],[23.89376051276944,43.322837400646186],[23.893953262658975,43.32283463349729],[23.947545948673273,43.315832736310405]]]},"properties":{"fault_id":"FLT-CHERVEN-BRYAG-REC73","mrrb_record":73,"mrrb_name":"Cherven Bryag","scientific_name":null,"fault_system":"Devetaki - Cherven Bryag regional fault system","fault_type":"normal_fault","bgcs":"EUR_BGCS021","correspondence_type":"regional_fault_system_crosswalk","confidence":"HIGH","exact_trace_identity":false,"source_ids":["SRC-MRRB-2025","SRC-GEM-SONDI","SRC-GEO-MAP-K35-025-CHERVEN-BRYAG","SRC-GEO-MAP-K34-036-VRATSA"],"notes":["REC73 пресича EUR_BGCS021 с добра съвместимост на простирането.","K-35-025 Червен бряг и K-35-026 Ловеч подкрепят продължението на картографирания регионален структурен коридор.","Коридорът се запазва като регионално каталогово съответствие, а не като точно съвпадение на следата.","K-34-036 Враца покрива западния край на REC73.","K-35-025 Червен бряг съдържа както REC73, така и EUR_BGCS021 и осигурява релевантната картографска проверка."],"open_items":[],"mrrb_I_AF":0.4,"mrrb_H_AF":0.018,"mrrb_A_AF":2629809,"mrrb_length":26236.98,"geometry_role":"official_buffered_active_fault_corridor","display_source":"MRRB + SONDI curated crosswalk","epistemic_note":"Buffered official fault corridor; not an exact mapped surface trace."}},{"type":"Feature","geometry":{"type":"Polygon","coordinates":[[[25.94771794940223,43.21724065018969],[25.947847970426245,43.21732037587254],[26.010477174933946,43.24597268664305],[26.054165177566023,43.2714261422252],[26.05433287303575,43.27149559926404],[26.05452173426694,43.27152379030082],[26.05471327384165,43.271507955740454],[26.054888742141987,43.27144964560858],[26.055030962842267,43.27135456781338],[26.05512601434897,43.27123202937512],[26.0551645925588,43.271094025335486],[26.055142921532557,43.270954064551375],[26.05506312297103,43.27082584733092],[26.054933008379304,43.27072192436282],[26.011217572527297,43.24525266503864],[26.011160024384946,43.2452228857852],[25.94857393438785,43.21659049645401],[25.909287340532227,43.18477041180463],[25.90913759198443,43.184681915929566],[25.908957802013152,43.18463161334905],[25.908765569421703,43.18462442793109],[25.908579710881234,43.1846610630155],[25.90841841917444,43.18473793257342],[25.908297482491477,43.18484751220664],[25.90822873903529,43.18497907563854],[25.908218918186073,43.18511974462284],[25.908268981671263,43.185255749518205],[25.908374029274313,43.18537377714943],[25.94771794940223,43.21724065018969]]]},"properties":{"fault_id":"FLT-STRAZHITSA-REC74","mrrb_record":74,"mrrb_name":"Стражица","scientific_name":"Strazhitsa active fault corridor","fault_system":"Strazhitsa regional active fault system","fault_type":"dextral_normal_fault","bgcs":"EUR_BGCS019","correspondence_type":"regional_fault_system_crosswalk","confidence":"HIGH","exact_trace_identity":false,"source_ids":["SRC-MRRB-2025","SRC-GEM-SONDI","SRC-GEO-MAP-K35-029-OMURTAG"],"notes":["MRRB REC74 има простиране приблизително 51.54°.","EUR_BGCS019 е най-близкият регионален кандидат на приблизително 1.18 km.","Локалното GEM простиране на EUR_BGCS019 е приблизително 60.21°, което се различава от REC74 с около 8.67°.","Съответната EFSM20 структура е на приблизително 1.18 km и се различава по локално простиране с около 8.40°.","Нито GEM, нито EFSM20 пресичат геометрично REC74.","Визуалното сравнение върху K-35-029 Омуртаг показва REC74 и EUR_BGCS019 като близко разположени субпаралелни следи в един и същ СИ–ЮЗ регионален структурен коридор.","Пространственото отместване между MRRB и GEM следите означава, че не се твърди точно съвпадение на повърхностната следа.","EUR_BGCS020 е оценен като вторична регионална контролна структура и не е приет като каталоговото съответствие.","EUR_BGCS018 е оценен като по-широка регионална контролна структура и не е приет като каталоговото съответствие.","Дясно-отседно нормалната кинематика е наследена от приетото регионално каталогово съответствие EUR_BGCS019.","ВИСОКАТА увереност се отнася до регионално съответствие на разломната система, подкрепено съвместно от MRRB геометрията, GEM, EFSM20 и контекста от геоложките карти."],"open_items":["Точното съвпадение на повърхностната следа остава неуточнено."],"mrrb_I_AF":1.0,"mrrb_H_AF":0.044,"mrrb_A_AF":1539636,"mrrb_length":15309.47,"geometry_role":"official_buffered_active_fault_corridor","display_source":"MRRB + SONDI curated crosswalk","epistemic_note":"Buffered official fault corridor; not an exact mapped surface trace."}},{"type":"Feature","geometry":{"type":"Polygon","coordinates":[[[25.4272025353099,43.155982566161306],[25.427274264342252,43.15597818582584],[25.567660955236953,43.14121720410248],[25.678913328115748,43.137479914551896],[25.805316545009042,43.14080123362145],[25.857664001677342,43.1544047198146],[25.857780632708405,43.15442587598424],[25.872355254201562,43.15598319351745],[25.872547631782865,43.15598146910601],[25.872729865675616,43.155936306320825],[25.872884117238137,43.155852126093635],[25.87299528713371,43.1557371687079],[25.873052493404327,43.1556026871304],[25.873050136624457,43.15546184544009],[25.87298844788851,43.15532843020383],[25.872873466038307,43.155215500950916],[25.872716446417513,43.155134111847076],[25.8725327590747,43.15509222968801],[25.8580180770194,43.15354132338663],[25.805638740170327,43.13992954200689],[25.805454522155795,43.13990384504798],[25.67893279172858,43.136579473235386],[25.678881710070826,43.13657965816021],[25.567575227099777,43.1403187860807],[25.56751509688301,43.14032295167892],[25.427136179513695,43.15508318713068],[25.34566418711696,43.156525022928534],[25.34547495053948,43.1565503419278],[25.345305662551393,43.15661723293171],[25.345172894015477,43.156719148299146],[25.345089641250905,43.15684611198762],[25.34506405385926,43.15698569602284],[25.345098636892715,43.15712423699105],[25.345190005496914,43.157248173492356],[25.345329216101298,43.157345373642045],[25.34550264179213,43.157406322668464],[25.345693306213526,43.15742505434014],[25.4272025353099,43.155982566161306]]]},"properties":{"fault_id":"FLT-VELIKO-TARNOVO-REC75","mrrb_record":75,"mrrb_name":"В Търново","scientific_name":null,"fault_system":"Veliko Tarnovo regional normal fault system","fault_type":"normal_fault","bgcs":"EUR_BGCS018","correspondence_type":"regional_fault_system_crosswalk","confidence":"HIGH","exact_trace_identity":false,"source_ids":["SRC-MRRB-2025","SRC-GEM-SONDI","SRC-GEO-MAP-K35-028-VELIKO-TARNOVO","SRC-GEO-MAP-K35-027-SEVLIEVO"],"notes":["REC75 пресича директно EUR_BGCS018.","Разликата в простирането е приблизително 0.55° спрямо GEM и около 4° спрямо EFSM20.","Каталоговото съответствие е на регионално/системно ниво и не означава точно съвпадение на следата.","REC75 е покрит от K-35-027 Севлиево и K-35-028 Велико Търново; K-35-029 Омуртаг не се използва за този запис."],"open_items":[],"mrrb_I_AF":0.2,"mrrb_H_AF":0.009,"mrrb_A_AF":4334770,"mrrb_length":43249.68,"geometry_role":"official_buffered_active_fault_corridor","display_source":"MRRB + SONDI curated crosswalk","epistemic_note":"Buffered official fault corridor; not an exact mapped surface trace."}},{"type":"Feature","geometry":{"type":"Polygon","coordinates":[[[24.32452211395223,42.0219648682042],[24.383750960694222,42.02049723046418],[24.42076023613894,42.0223295890482],[24.437048550293667,42.02379602716052],[24.43723727698907,42.0237908160238],[24.437414606850933,42.02374237470333],[24.437563181302327,42.02365544505441],[24.437668456738365,42.02353853648844],[24.43772012819469,42.023403092962106],[24.43771313801999,42.023262372712914],[24.437648170835395,42.02313015041934],[24.437531586376085,42.02301936883944],[24.43737479684364,42.02294087191443],[24.437193149761086,42.0229023433385],[24.420888824202088,42.021434469040855],[24.42085627305847,42.0214322010841],[24.383801035251853,42.01959757912069],[24.383740661200004,42.01959683735115],[24.324452410309135,42.02106597113818],[24.324392598297116,42.02106966390671],[24.279926497556843,42.025474713935694],[24.27974547616142,42.02551483001567],[24.27958994029389,42.025594690861176],[24.27947511474149,42.025706479261345],[24.279412239512673,42.025839252724886],[24.279407469554904,42.02598001455534],[24.279461272157857,42.026114986021895],[24.27956838106934,42.02623095511074],[24.279718311869992,42.026316569834314],[24.27989638820507,42.02636344949078],[24.28008517844015,42.02636700507747],[24.32452211395223,42.0219648682042]]]},"properties":{"fault_id":"FLT-PESHTERA-REC76","mrrb_record":76,"mrrb_name":"Peshtera","scientific_name":null,"fault_system":"Upper Thracian Rift System / Peshtera-Bratsigovo lineament and fault network","fault_type":null,"bgcs":null,"correspondence_type":"regional_fault_network_correspondence","confidence":"HIGH","exact_trace_identity":false,"source_ids":["SRC-MRRB-2025","SRC-GEM-SONDI","SRC-POPOV-VELICHKOV-POPOV-2015","SRC-GEO-MAP-K35-061-PAZARDZHIK","SRC-KOUNOV-2023"],"notes":["REC76 е MRRB коридор с дължина 13.067 km и нисък клас, с приблизително изток–запад PCA простиране 93.05°.","Афинното георефериране на фиг. 3 от Popov и съавт. (2015) даде 3.25 px RMS и 5.286 px максимално остатъчно отклонение.","Реконструираната централна линия на коридора REC76 се различава от MRRB дължината само с 0.74%; 75.45% от пробните точки са в рамките на 5 px, а 93.81% — в рамките на 10 px от червената мрежа от ASTER-интерпретирани линеаменти.","Съответствието с оранжевите разломи, установени чрез полеви, сондажни и сеизмо-геофизични данни, е значително по-слабо: 7.19% в рамките на 5 px и 17.76% в рамките на 10 px.","Геоложката карта K-35-061 не показва един непрекъснат изток–запад разлом по REC76; коридорът пресича косо ориентирани картографирани структури и не му се приписва точна следа от геоложката карта.","Нито един GEM/BGCS източник не пресича REC76. Най-близък е EUR_BGCS005 на приблизително 3353.5 m, следван от EUR_BGCS029 на 7041.5 m и EUR_BGCS046 на 14194.6 m; не е зададено BGCS каталогово съответствие.","REC122 Стамболийски е най-близкият MRRB коридор на приблизително 4816.8 m и има сходна регионална ориентация, но двата коридора остават отделни и не се обединяват.","Kounov и съавт. (2023) поставят древния Извор-Пещерски басейн във висящото крило на Севернородопския детачмънт, но този детачмънт е станал неактивен през ранния Олигоцен и не се използва като съвременна идентичност на REC76."],"open_items":["Точното индивидуално научно име на разлома остава неуточнено.","Съвременната кинематика на разлома и точната повърхностна следа остават неуточнени."],"mrrb_I_AF":0.4,"mrrb_H_AF":0.018,"mrrb_A_AF":1313904,"mrrb_length":13066.75,"geometry_role":"official_buffered_active_fault_corridor","display_source":"MRRB + SONDI curated crosswalk","epistemic_note":"Buffered official fault corridor; not an exact mapped surface trace."}},{"type":"Feature","geometry":{"type":"Polygon","coordinates":[[[23.775863423494457,42.30955402434569],[23.83313367206551,42.29494793791],[23.833186433628132,42.29493237743416],[23.87666362634773,42.28031254601803],[23.876800434645972,42.28024898345563],[23.924189196651792,42.25102430769582],[23.99128567872099,42.222533195351666],[24.042613963211775,42.20937418616227],[24.04278109899923,42.20930799105899],[24.04291253939505,42.209206638870754],[24.04299541809536,42.209080050795286],[24.04302162257595,42.20894061827218],[24.04298858811854,42.20880198997776],[24.042899548726144,42.208677735778735],[24.042763220418774,42.208580018433096],[24.042592947963172,42.20851840305602],[24.0424053985932,42.20849892087325],[24.042218930589105,42.20852347888703],[23.990837386868375,42.221696132046056],[23.990734024147265,42.221730965069966],[23.923542663644895,42.25026229102705],[23.92345591604544,42.25030695021365],[23.87608926148173,42.279517855711504],[23.832712583601605,42.29410385990175],[23.775429274369372,42.3087132638063],[23.775350371773747,42.30873811789273],[23.734837955409706,42.32408154536138],[23.73468453696476,42.32416432621307],[23.73457309894006,42.32427823613361],[23.734514549766825,42.32441212496309],[23.734514620943234,42.3245528868226],[23.73457330588195,42.32468674297358],[23.73468486040983,42.324800590571705],[23.734838364926308,42.324883285292024],[23.73501879323885,42.32492673226233],[23.735208483469926,42.32492667849787],[23.735388867038147,42.324883129248505],[23.775863423494457,42.30955402434569]]]},"properties":{"fault_id":"FLT-DOLNA-BANYA-REC77","mrrb_record":77,"mrrb_name":"D Banya","scientific_name":null,"fault_system":"Kostenets-Dolna Banya parallel fault corridors","fault_type":"normal_fault","bgcs":"EUR_BGCS005","correspondence_type":"adjacent_parallel_regional_crosswalk","confidence":"LOW_MEDIUM","exact_trace_identity":false,"source_ids":["SRC-MRRB-2025","SRC-GEM-SONDI","SRC-PENCHEV-ZAHARIEV-DENEVA-2003"],"notes":["Най-близкото приближаване до BGCS005 е около 1.54 km; REC77 се приема като съседен паралелен коридор, а не като основното повърхностно представяне на BGCS005."],"open_items":["Точното научно име на разлома остава неуточнено."],"mrrb_I_AF":0.6,"mrrb_H_AF":0.027,"mrrb_A_AF":2871003,"mrrb_length":28656.46,"geometry_role":"official_buffered_active_fault_corridor","display_source":"MRRB + SONDI curated crosswalk","epistemic_note":"Buffered official fault corridor; not an exact mapped surface trace."}},{"type":"Feature","geometry":{"type":"Polygon","coordinates":[[[23.73143245989107,42.383302677584766],[23.799582107166113,42.36141223912717],[23.799692345495306,42.36136610917291],[23.848110022784134,42.335806204836096],[23.84812955777348,42.335795438985805],[23.90148778214909,42.305109839680696],[23.90153797857763,42.3050775252026],[23.937018220370554,42.279560864271666],[23.99816159679243,42.26277656078159],[23.998179874918495,42.26277128562101],[24.041657080741437,42.249606871944046],[24.04177218635659,42.24956064936173],[24.054617694707876,42.24297741430257],[24.05475490504541,42.24288032290903],[24.054845020628896,42.24275647845806],[24.054879220511022,42.242618003830394],[24.05485415731707,42.24247845394784],[24.054772284776337,42.242351488900056],[24.054641617392964,42.24224953680948],[24.054474945835175,42.242182577318616],[24.054288584882453,42.24215716476602],[24.054100776495282,42.24217578664894],[24.053929904297906,42.24223662015283],[24.04113865611071,42.248792024403976],[23.99773196166392,42.261935068632795],[23.936478539887137,42.27874953699025],[23.936266726246657,42.27884852051502],[23.900718600710853,42.30441383512718],[23.84739657291697,42.33507843669129],[23.799040979452947,42.36060546560569],[23.73091996805899,42.38248665367006],[23.73086057877571,42.38250863817271],[23.689360035272387,42.40002311407907],[23.68921169740634,42.40011100572981],[23.689107264158274,42.40022856988964],[23.68905695831647,42.40036429869335],[23.68906570448596,42.40050490614286],[23.689132646912107,42.40063662860161],[23.68925123310222,42.40074657207516],[23.689409855115144,42.40082397439658],[23.689592985788746,42.400861258753494],[23.689782698698004,42.400854775410394],[23.689960423040148,42.4008051590018],[23.73143245989107,42.383302677584766]]]},"properties":{"fault_id":"FLT-KOSTENETS-REC78","mrrb_record":78,"mrrb_name":"Kostenec","scientific_name":null,"fault_system":"Kostenets-Pchelin regional active belt","fault_type":"normal_fault","bgcs":"EUR_BGCS027","correspondence_type":"partial_regional_spatial_correspondence","confidence":"HIGH","exact_trace_identity":false,"source_ids":["SRC-MRRB-2025","SRC-GEM-SONDI","SRC-PENCHEV-ZAHARIEV-DENEVA-2003"],"notes":["BGCS027 е най-близката регионална моделирана структура.","В района на Пчелин разликата в локалната ориентация е около 4.63°.","Не е доказано, че става дума за една и съща точна следа или за генетично идентична структура."],"open_items":["Точното научно име на разлома остава неуточнено."],"mrrb_I_AF":0.6,"mrrb_H_AF":0.027,"mrrb_A_AF":3521033,"mrrb_length":35162.84,"geometry_role":"official_buffered_active_fault_corridor","display_source":"MRRB + SONDI curated crosswalk","epistemic_note":"Buffered official fault corridor; not an exact mapped surface trace."}},{"type":"Feature","geometry":{"type":"Polygon","coordinates":[[[24.08812898087029,42.22106467520383],[24.08822848307667,42.221020482725244],[24.13368180013815,42.19613563650689],[24.1336933717629,42.19612913584416],[24.178158556740513,42.17050214525351],[24.178255347735373,42.170432139632915],[24.19604134473204,42.15431844386464],[24.196137060018014,42.154196986604006],[24.196177649567627,42.154059465520795],[24.196159140528597,42.15391934220519],[24.19608334506697,42.153790332887596],[24.195957682837488,42.15368506580473],[24.19579445459415,42.1536138450956],[24.195609638084004,42.15358364221291],[24.19542132409915,42.15359741355684],[24.195247945752136,42.1536538111083],[24.195106474256697,42.15374731437621],[24.177363528062735,42.16982181944549],[24.132957985809703,42.19541426908061],[24.08755766846858,42.22026998937076],[24.027335721940517,42.24146877016797],[24.02717924718164,42.241548155205734],[24.02706344469183,42.24165958378566],[24.02699965010578,42.24179214863969],[24.026994108364416,42.241932873493774],[24.027047362308718,42.242067983238684],[24.02715419939875,42.24218425232619],[24.027304161828443,42.242270299402605],[24.027482570150173,42.24231770144284],[24.027671960231988,42.242321818307474],[24.0278537928764,42.24228224698909],[24.08812898087029,42.22106467520383]]]},"properties":{"fault_id":"FLT-SEPTEMVRI-REC79","mrrb_record":79,"mrrb_name":"Septemvri","scientific_name":null,"fault_system":"Upper Thracian Rift System / Belovo-Septemvri-Pazardzhik fault network","fault_type":null,"bgcs":null,"correspondence_type":"regional_fault_network_correspondence","confidence":"HIGH","exact_trace_identity":false,"source_ids":["SRC-MRRB-2025","SRC-GEO-MAP-K35-061-PAZARDZHIK","SRC-POPOV-VELICHKOV-POPOV-2015"],"notes":["Popov и съавт. (2015) описват множество разломи, най-вероятно развити от районите на Белово и Септември към Пазарджик под кватернерните седименти.","K-35-061 подкрепя сегментирана структурно-разломна мрежа, а не една непрекъсната и точно съвпадаща разломна следа по REC79.","REC79 е приблизително паралелен на REC18 Белово, но се запазва като отделен MRRB коридор.","EUR_BGCS005 е най-близката моделирана GEM/BGCS структура — приблизително 2267.5 m от REC79 — и не пресича MRRB коридора; не е зададено BGCS каталогово съответствие.","EUR_BGCS027 е на приблизително 7744.1 m от REC79 и също не го пресича."],"open_items":["Точното индивидуално научно име на разлома остава неуточнено."],"mrrb_I_AF":0.6,"mrrb_H_AF":0.027,"mrrb_A_AF":1720241,"mrrb_length":17135.46,"geometry_role":"official_buffered_active_fault_corridor","display_source":"MRRB + SONDI curated crosswalk","epistemic_note":"Buffered official fault corridor; not an exact mapped surface trace."}},{"type":"Feature","geometry":{"type":"Polygon","coordinates":[[[24.635377475711763,42.47451249141377],[24.635444086649123,42.4745019638635],[24.73617251737287,42.45410381272924],[24.856661331109187,42.44827405438952],[24.856687960486294,42.44827231544532],[24.910046421743594,42.44389741618183],[24.910266430772634,42.44384678447296],[24.987296058778977,42.41323123006805],[25.044560216822305,42.398650764947355],[25.044616340044414,42.39863409874064],[25.070307404949364,42.38987706168756],[25.070465464897385,42.38979890763214],[25.070583208829998,42.38968837156446],[25.070649111228974,42.389556273662755],[25.070656721390986,42.389415544686855],[25.070605294759442,42.38927996018834],[25.070499865662086,42.389162792056325],[25.07035075438956,42.38907550939779],[25.07017255691388,42.38902665590975],[25.069982716162908,42.38902101361515],[25.069799814692953,42.389059134802224],[25.044136522478528,42.39780669509598],[24.986854959443825,42.41239156510823],[24.986764714316106,42.41242076805319],[24.909795693827174,42.44301223254333],[24.85656787790459,42.447376412284555],[24.73603233597512,42.453208431950316],[24.735910827959977,42.45322351234906],[24.63515690042405,42.47362689195429],[24.546261087174603,42.483825535407135],[24.546079929885394,42.483868533739944],[24.545925590249794,42.483950862615565],[24.545813175972967,42.48406446324007],[24.545753691050486,42.48419821572957],[24.54575295858125,42.48433902754971],[24.545811050647337,42.484473115069335],[24.545922281111846,42.48458735279413],[24.546075762095633,42.48467055820965],[24.54625646970773,42.48471458645333],[24.546446714727733,42.484715127642694],[24.635377475711763,42.47451249141377]]]},"properties":{"fault_id":"FLT-HISARIA-REC80","mrrb_record":80,"mrrb_name":"Hisaria","scientific_name":null,"fault_system":"Saedinenie-Hisaria local active fault corridor","fault_type":null,"bgcs":null,"correspondence_type":"eastern_parallel_fault_corridor_correspondence","confidence":"HIGH","exact_trace_identity":false,"source_ids":["SRC-MRRB-2025","SRC-GEM-SONDI","SRC-GEO-MAP-K35-050-KARLOVO","SRC-GEO-MAP-K35-051-KAZANLAK","SRC-GEO-MAP-K35-062-PLOVDIV","SRC-GEO-MAP-K35-063-CHIRPAN"],"notes":["REC80 има основно простиране приблизително 103.38°.","REC71 и REC80 са разделени с приблизително 3.0 km и имат разлика в основното простиране само около 0.53°.","Най-близкият GEM EUR_BGCS003 е на приблизително 11.61 km от REC80, с разлика в локалното простиране около 0.53°.","EFSM20 независимо показва разстояние приблизително 11.61 km и разлика в локалното простиране около 0.51°.","Отличното сходство в направлението с EUR_BGCS003 не е достатъчно за директно каталогово съответствие, защото EUR_BGCS003 заема отделен южен структурен коридор.","K-35-050 и K-35-051 подкрепят REC80 като източния сегмент на локалния структурен коридор Съединение–Хисаря.","K-35-062 и K-35-063 служат като южни контролни листове и показват регионалното отделяне от EUR_BGCS003.","Не е зададено директно BGCS каталогово съответствие.","Кинематиката на разлома остава неуточнена, защото наличните данни не установяват независимо кинематичен тип за REC80."],"open_items":[],"mrrb_I_AF":0.6,"mrrb_H_AF":0.027,"mrrb_A_AF":4493975,"mrrb_length":44862.74,"geometry_role":"official_buffered_active_fault_corridor","display_source":"MRRB + SONDI curated crosswalk","epistemic_note":"Buffered official fault corridor; not an exact mapped surface trace."}},{"type":"Feature","geometry":{"type":"Polygon","coordinates":[[[25.40949824771803,42.259717145596284],[25.409575771957435,42.25977488278544],[25.482696214958967,42.30510002000097],[25.482859163455263,42.3051722095853],[25.483044189331597,42.30520348816652],[25.483233180627494,42.30519079391332],[25.48340763718331,42.3051353694467],[25.48355048170791,42.30504264019624],[25.48364773152528,42.30492168328435],[25.483689867318684,42.30478433894188],[25.48367276488162,42.30464405145579],[25.483598098694614,42.30451455312366],[25.48347317787219,42.30440852004786],[25.41039524388651,42.259110127004064],[25.363000955733078,42.2167115837596],[25.362858598760248,42.21661861567082],[25.36268456178869,42.216562897899465],[25.362495880516605,42.21654988438377],[25.36231102401179,42.21658084894528],[25.36214808697182,42.216652760610636],[25.36202301862078,42.2167585802838],[25.361948061560135,42.216887949736524],[25.361930553362402,42.21702820549086],[25.3619722082217,42.21716561836838],[25.36206894901528,42.21728673738556],[25.40949824771803,42.259717145596284]]]},"properties":{"fault_id":"FLT-CHIRPAN-REC81","mrrb_record":81,"mrrb_name":"Chirpan","scientific_name":"Chirpan active fault corridor","fault_system":"Chirpan local active fault corridor","fault_type":null,"bgcs":null,"correspondence_type":"local_fault_corridor_correspondence","confidence":"HIGH","exact_trace_identity":false,"source_ids":["SRC-MRRB-2025","SRC-GEM-SONDI","SRC-GEO-MAP-K35-063-CHIRPAN"],"notes":["MRRB REC81 има простиране приблизително 45.77°.","EUR_BGCS002 геометрично пресича REC81, но е силно косо ориентиран — локалното GEM простиране е приблизително 94.34°, а разликата в простирането е около 48.57°.","Съответната EFSM20 структура също пресича REC81 с разлика в простирането около 48.60°.","EUR_BGCS048 е само на приблизително 0.32 km, но също е силно косо ориентиран, с разлика в простирането около 43.44°.","EUR_BGCS004 има по-съвместима ориентация, с разлика около 7.12°, но е на приблизително 7.38 km и не пресича REC81.","Визуалното сравнение върху K-35-063 Чирпан показва REC81 като отделен диагонален локален структурен коридор, който пресича почти изток–запад регионалните GEM структури.","Поради това EUR_BGCS002 и EUR_BGCS048 се запазват само като регионални структури за сравнение и не се приемат като каталогови съответствия.","ВИСОКАТА увереност се отнася до локалния MRRB структурен коридор, подкрепен от контекста на геоложките карти, а не до международна идентичност на разлома.","Не се присвоява кинематика на разлома, защото няма прието международно каталогово съответствие, което да подкрепи наследяване на GEM типа на движение."],"open_items":["Няма прието международно BGCS каталогово съответствие.","Точното съвпадение на повърхностната следа остава неуточнено."],"mrrb_I_AF":0.4,"mrrb_H_AF":0.018,"mrrb_A_AF":1406329,"mrrb_length":13980.68,"geometry_role":"official_buffered_active_fault_corridor","display_source":"MRRB + SONDI curated crosswalk","epistemic_note":"Buffered official fault corridor; not an exact mapped surface trace."}},{"type":"Feature","geometry":{"type":"Polygon","coordinates":[[[26.12326236120754,42.39338505475263],[26.123286362606844,42.39337770892689],[26.231003423425502,42.35832373445525],[26.23104952337077,42.358306942070875],[26.32490955999752,42.32032008424356],[26.418769897848968,42.288889297742394],[26.418928465210456,42.28881192271669],[26.419047068613526,42.28870195250915],[26.419114098410542,42.288570151906264],[26.41912299354044,42.288429422563155],[26.419072883663162,42.28829354006377],[26.418968674210532,42.288175805464995],[26.418820566083156,42.288087743322784],[26.418643057056652,42.288037973636825],[26.418453522668845,42.288031368116975],[26.41827051548895,42.28806857334217],[26.324389925949923,42.31950606030538],[26.324348255849543,42.31952144293367],[26.230491191514798,42.3575070013034],[26.122810706668457,42.39254899659879],[26.0516705633507,42.41298511640182],[26.0515061926755,42.41305589887631],[26.051379384084907,42.41316085543028],[26.05130255052424,42.41328971232435],[26.051283213250912,42.41342985625392],[26.051323265504635,42.413567568986714],[26.05141878704161,42.4136893701868],[26.051560427741652,42.41378333698447],[26.051734322789223,42.41384027111543],[26.0519234498723,42.413854599364285],[26.05210929554158,42.41382491915019],[26.12326236120754,42.39338505475263]]]},"properties":{"fault_id":"FLT-SV-ILIA-SOUTH-REC82","mrrb_record":82,"mrrb_name":"Sv Ilia South","scientific_name":"Sv Ilia South active fault corridor","fault_system":"Sv Ilia South local active fault corridor","fault_type":null,"bgcs":null,"correspondence_type":"local_fault_corridor_correspondence","confidence":"HIGH","exact_trace_identity":false,"source_ids":["SRC-MRRB-2025","SRC-GEM-SONDI","SRC-GEO-MAP-K35-053-NOVA-ZAGORA","SRC-GEO-MAP-K35-065-TOPOLOVGRAD"],"notes":["MRRB REC82 има простиране приблизително 114.75°.","Нито една GEM или EFSM20 структура не пресича REC82.","EUR_BGCS048 е най-близката GEM структура на приблизително 11.61 km, с разлика в простирането около 19.64°.","EUR_BGCS007 е на приблизително 18.64 km, с разлика в простирането около 17.88°.","EUR_BGCS002 е на приблизително 21.65 km, с разлика в простирането около 20.62°.","Следователно най-близките структури се третират само като регионални обекти за сравнение и не се приемат като международни каталогови съответствия.","Сравнението с геоложките карти K-35-053 Нова Загора и K-35-065 Тополовград подкрепя REC82 като самостоятелен локален СЗ–ЮИ структурен коридор.","ВИСОКАТА увереност се отнася до локалното MRRB структурно съответствие, подкрепено от контекста на геоложките карти, а не до международна идентичност на разлома.","Не се присвоява кинематика на разлома, защото няма прието международно каталогово съответствие, което да подкрепи наследяване на GEM типа на движение."],"open_items":["Няма прието международно BGCS каталогово съответствие.","Точното съвпадение на повърхностната следа остава неуточнено."],"mrrb_I_AF":0.4,"mrrb_H_AF":0.018,"mrrb_A_AF":3336502,"mrrb_length":33264.39,"geometry_role":"official_buffered_active_fault_corridor","display_source":"MRRB + SONDI curated crosswalk","epistemic_note":"Buffered official fault corridor; not an exact mapped surface trace."}},{"type":"Feature","geometry":{"type":"Polygon","coordinates":[[[26.15223039190529,42.43913710594607],[26.152294001882716,42.439118276687616],[26.2807417975088,42.39462198448818],[26.328163857253543,42.3792978385431],[26.328364489889584,42.37919276652784],[26.368812433735943,42.34711910907785],[26.425052458578865,42.3237794180291],[26.42520157289315,42.32369221823453],[26.425307076689926,42.323575092162976],[26.425358642664857,42.32343950506011],[26.425351223503235,42.32329872921107],[26.42528554582324,42.32316654472822],[26.425168038904754,42.323055890660996],[26.425010205235502,42.322977598465464],[26.424827494532355,42.322939331797535],[26.424637791469777,42.32294483639046],[26.42445966512632,42.32299357342489],[26.36813748804793,42.34636724257024],[26.36799019714799,42.346452807940835],[26.32756323816284,42.378509564893605],[26.280249032165734,42.393798793002595],[26.28023392126921,42.39380385463051],[26.15181102254296,42.43829145033941],[26.031294534517546,42.46817433482295],[26.031125713112953,42.46823932025125],[26.03099227820629,42.468339748344675],[26.03090729133698,42.46846578864192],[26.030879071837745,42.468605103554815],[26.030910382394094,42.46874405601384],[26.030998158474283,42.46886904434234],[26.031133808168118,42.468967833699395],[26.031304053137376,42.46903075375426],[26.031492228392477,42.46905164533925],[26.031679913664025,42.46902846339568],[26.15223039190529,42.43913710594607]]]},"properties":{"fault_id":"FLT-SV-ILIA-N-REC83","mrrb_record":83,"mrrb_name":"Sv Ilia N","scientific_name":null,"fault_system":"Eastern Surnena Gora - Sveta Iliya parallel fault network","fault_type":null,"bgcs":null,"correspondence_type":"eastern_parallel_fault_network_correspondence","confidence":"MEDIUM","exact_trace_identity":false,"source_ids":["SRC-MRRB-2025","SRC-GEM-SONDI","SRC-GEO-MAP-K35-053-NOVA-ZAGORA"],"notes":["REC83 е нанесен на K-35-053 Нова Загора, но остава приблизително на 10 km от най-близкия сегмент на EUR_BGCS004.","Ориентацията му е по-близка до отделен източен паралелен структурен клон, отколкото до основната следа BGCS004.","На този етап не е зададено директно BGCS каталогово съответствие."],"open_items":["Бъдеща научна проверка може да изясни дали REC83 принадлежи към именуван клон Света Илия или към съседен източен клон."],"mrrb_I_AF":0.4,"mrrb_H_AF":0.018,"mrrb_A_AF":3668368,"mrrb_length":36581.05,"geometry_role":"official_buffered_active_fault_corridor","display_source":"MRRB + SONDI curated crosswalk","epistemic_note":"Buffered official fault corridor; not an exact mapped surface trace."}},{"type":"Feature","geometry":{"type":"Polygon","coordinates":[[[27.966246110038,43.376386088814826],[28.054181804543255,43.37279512386517],[28.139153269841177,43.37064043850266],[28.139199974540585,43.37063793967405],[28.21824955874948,43.36417292468906],[28.21829193163738,43.36416835265816],[28.282519702716858,43.35554726482877],[28.282571726333412,43.355538552995405],[28.346799467350387,43.34260462925644],[28.346846360141335,43.34259368317914],[28.41700277420928,43.32390648893968],[28.417171380799285,43.323838055984126],[28.41730276957992,43.323734933268824],[28.417384079338397,43.323607215307305],[28.417407351172628,43.32346740413029],[28.41737030746331,43.32332918545907],[28.41727657467421,43.32320608904063],[28.41713532822831,43.32311016428442],[28.41696039427534,43.32305080083031],[28.416768896305886,43.32303380948],[28.416579579085486,43.323060853436054],[28.346447142541635,43.341741622996885],[28.282269736830298,43.354665386215785],[28.218090209831647,43.363279982040616],[28.13908635095638,43.36974124428522],[28.054132706406573,43.37189545322678],[28.054119013479003,43.37189590646213],[27.966177633648485,43.375487093625296],[27.877247877915853,43.379078079611105],[27.87705909098036,43.379107696145454],[27.87689209067893,43.37917841565607],[27.87676322396994,43.379283315751884],[27.87668510527328,43.37941212822406],[27.876665381664445,43.37955224411505],[27.876705984221225,43.379689947931226],[27.876802938846,43.379811760200994],[27.876946755139254,43.379905756963296],[27.87712335531165,43.37996273701673],[27.877315452234647,43.37997712265191],[27.966246110038,43.376386088814826]]]},"properties":{"fault_id":"FLT-BALCHIK-REC84","mrrb_record":84,"mrrb_name":"Balchik","scientific_name":"Balchik active fault corridor","fault_system":"Balchik regional active fault system","fault_type":"sinistral_normal_fault","bgcs":"EUR_BGCS041","correspondence_type":"regional_fault_system_crosswalk","confidence":"HIGH","exact_trace_identity":false,"source_ids":["SRC-MRRB-2025","SRC-GEM-SONDI","SRC-GEO-MAP-K35-021-BALCHIK-SHABLA"],"notes":["MRRB REC84 има основно простиране приблизително 97.72°.","EUR_BGCS041 е най-близкият силен международен кандидат на приблизително 1.84 km от REC84, с локално простиране около 106.78° и разлика в простирането около 9.06°.","EFSM20 независимо възпроизвежда същата регионална връзка при приблизително 1.85 km разстояние и разлика в простирането около 9.09°.","EUR_BGCS039 е почти паралелен на REC84, но е на приблизително 23.95 km и се запазва само като регионална структура за сравнение.","Сравнението с геоложката карта K-35-021 Балчик и Шабла подкрепя REC84 и EUR_BGCS041 като близко разположени елементи на един и същ регионален структурен коридор.","Приетото съответствие е на ниво регионална разломна система и не твърди точно съвпадение на повърхностната следа.","Ляво-отседно нормалният тип е наследен от приетото международно каталогово съответствие EUR_BGCS041."],"open_items":["Точното съвпадение на повърхностната следа остава неуточнено."],"mrrb_I_AF":0.4,"mrrb_H_AF":0.018,"mrrb_A_AF":4453788,"mrrb_length":44434.69,"geometry_role":"official_buffered_active_fault_corridor","display_source":"MRRB + SONDI curated crosswalk","epistemic_note":"Buffered official fault corridor; not an exact mapped surface trace."}},{"type":"Feature","geometry":{"type":"Polygon","coordinates":[[[26.04605713144324,43.33108288372715],[26.11508783889149,43.35546738970408],[26.143657548246225,43.38053367422898],[26.14387633890301,43.38065551609993],[26.18930599967238,43.395727471269986],[26.23668679640884,43.41509035853347],[26.269270090925826,43.431584344161756],[26.269356534837044,43.43162090562785],[26.292083242090378,43.4395136881418],[26.29226860776063,43.43955362989587],[26.29246183944026,43.43954987679611],[26.292644021864344,43.43950279622705],[26.29279732143316,43.439416996851975],[26.292906732009406,43.439300877450876],[26.29296154386449,43.43916580473609],[26.292956391967536,43.43902500064722],[26.29289178102392,43.43889224806456],[26.292774035917652,43.4387805416467],[26.292614682467523,43.43870081585674],[26.26993346494172,43.4308238634853],[26.237367033041725,43.41433849452072],[26.23731645771485,43.414315436093474],[26.189887256728195,43.394932851046256],[26.18984073131908,43.39491566401362],[26.144516289018057,43.37987870497669],[26.115951247191767,43.354816776558415],[26.115745344849632,43.35469924636853],[26.04657780571412,43.330266534472905],[26.046543096691373,43.33025520909665],[25.967494526895837,43.306531708581836],[25.967306885755193,43.30649913560877],[25.967114645442724,43.30651050201001],[25.96693662338451,43.3065646951823],[25.966790245334835,43.306656410419905],[25.966689839730847,43.306776670138426],[25.9666452351506,43.306913702608824],[25.96666079815538,43.30705409420673],[25.96673500572498,43.30718410240519],[25.966860594190596,43.30729100099627],[25.967025270144422,43.307364325859076],[26.04605713144324,43.33108288372715]]]},"properties":{"fault_id":"FLT-OPAKA-REC85","mrrb_record":85,"mrrb_name":"Opaka","scientific_name":"Opaka active fault corridor","fault_system":"Opaka regional active fault system","fault_type":"dextral_normal_fault","bgcs":"EUR_BGCS020","correspondence_type":"regional_fault_system_crosswalk","confidence":"HIGH","exact_trace_identity":false,"source_ids":["SRC-MRRB-2025","SRC-GEM-SONDI","SRC-GEO-MAP-K35-029-OMURTAG"],"notes":["MRRB REC85 има основно простиране приблизително 60.59°.","EUR_BGCS020 е най-близкият силен международен кандидат на приблизително 1.59 km от REC85, с локално простиране около 61.81° и разлика в простирането около 1.21°.","EFSM20 независимо възпроизвежда същата регионална връзка при приблизително 1.63 km разстояние и разлика в простирането около 1.65°.","EUR_BGCS019 е вторичен близък обект за сравнение на приблизително 4.98 km, с разлика в простирането около 3.95°.","Сравнението с геоложката карта K-35-029 Омуртаг подкрепя REC85 и EUR_BGCS020 като близко разположени елементи на един и същ СИ–ЮЗ регионален структурен коридор.","K-35-017 Попово не съдържа следата REC85 и затова не се използва като подкрепящ източник за това предложение.","Приетото съответствие е на ниво регионална разломна система и не твърди точно съвпадение на повърхностната следа.","Дясно-отседно нормалният тип е наследен от приетото международно каталогово съответствие EUR_BGCS020."],"open_items":["Точното съвпадение на повърхностната следа остава неуточнено."],"mrrb_I_AF":0.4,"mrrb_H_AF":0.018,"mrrb_A_AF":3058707,"mrrb_length":30489.66,"geometry_role":"official_buffered_active_fault_corridor","display_source":"MRRB + SONDI curated crosswalk","epistemic_note":"Buffered official fault corridor; not an exact mapped surface trace."}},{"type":"Feature","geometry":{"type":"Polygon","coordinates":[[[22.796441864137726,42.918260874335765],[22.80891178925846,42.910303651761694],[22.808961700356246,42.9102679344761],[22.819336879913337,42.90194457537393],[22.819426021954936,42.90185181286817],[22.823872321286238,42.895699288795704],[22.829145451436094,42.88842182118033],[22.838794779152572,42.88081444927401],[22.84958905744935,42.87578073497573],[22.854397186562018,42.87370269647122],[22.854439542263464,42.87368261726729],[22.863085558050788,42.86920176287372],[22.863106082139375,42.86919064636955],[22.87717751742095,42.86122909313907],[22.893084715028525,42.852912786163024],[22.90781550220139,42.84625289229379],[22.930590049324454,42.84160272770391],[22.930658309998186,42.84158552875284],[22.959907430436424,42.83275915924636],[22.97372339987345,42.82927989714681],[22.97379186200533,42.829259161607695],[22.982651935430813,42.82610039494119],[22.992935124010096,42.82349657376583],[22.999297740866357,42.822868360770435],[22.999436645013887,42.822842141481296],[23.023398521979644,42.81602459303303],[23.023503709737042,42.81598569837021],[23.034526697139405,42.810874766861936],[23.034596522958488,42.81083704186846],[23.043806281563167,42.80507800103649],[23.043930770188602,42.80497126582343],[23.04400437188723,42.804841428501334],[23.044019882270618,42.80470119856401],[23.0439757834551,42.80456430273323],[23.043876392497392,42.8044441412769],[23.043731438674484,42.8043524763165],[23.04355511103877,42.804298280514104],[23.04336466950916,42.80428685882038],[23.043178755448732,42.80431932923182],[23.043015567063673,42.80439251336813],[23.03383893809374,42.8101308027151],[23.02290281170482,42.81520144469796],[22.999063721649854,42.82198406202891],[22.992712591393758,42.82261114077645],[22.99259503386169,42.822631615842376],[22.982219916547376,42.82525871825721],[22.982152266935135,42.82527925569045],[22.973292676343355,42.82843785058674],[22.95949469946009,42.831912581152324],[22.95946054654441,42.83192202665342],[22.930228325523082,42.84074330522975],[22.907405762357627,42.84540326982399],[22.90724911302333,42.845453478046224],[22.89242748673856,42.85215442734126],[22.892393328787165,42.85217105132455],[22.876460066605272,42.86050094872345],[22.876441383335553,42.86051111221422],[22.862370922682995,42.86847207391143],[22.853756001167813,42.872936794771974],[22.84896071451979,42.875009276364786],[22.848943014212768,42.87501722573297],[22.838073819811733,42.880085854028025],[22.837954073913135,42.88015892630253],[22.828196460157166,42.88785159051733],[22.828103914543956,42.887946893960745],[22.822792767043293,42.89527666740704],[22.822792422120212,42.895277144046865],[22.81838241859093,42.90137930857136],[22.80808340615439,42.909641472073424],[22.795634848779454,42.91758500012879],[22.795624902798778,42.917591485967044],[22.783273513464703,42.925822120667256],[22.78315355789073,42.92593173978123],[22.78308556775881,42.92606323449103],[22.783076198694577,42.92620373328561],[22.783126368194946,42.92633948319459],[22.78323116566907,42.92645719601322],[22.783380332987708,42.92654534906646],[22.78355926855253,42.92659531317622],[22.7837504566259,42.926602197400015],[22.783935181999464,42.92656532783148],[22.78409536211721,42.92648831357875],[22.796441864137726,42.918260874335765]]]},"properties":{"fault_id":"FLT-GABER-REC86","mrrb_record":86,"mrrb_name":"Габер","scientific_name":null,"fault_system":"Western Sofia regional structural domain","fault_type":null,"bgcs":"EUR_BGCS031","correspondence_type":"unresolved_regional_spatial_relation","confidence":"OPEN","exact_trace_identity":false,"source_ids":["SRC-MRRB-2025","SRC-GEM-SONDI"],"notes":["REC86 е регионално свързан с EUR_BGCS031 според машинния пространствен анализ.","Все още не е установена достатъчно силна независима локална научна идентичност."],"open_items":["Да се намерят подробни геоложки и неотектонски картировки за сектора Габер."],"mrrb_I_AF":0.4,"mrrb_H_AF":0.018,"mrrb_A_AF":2583485,"mrrb_length":25808.46,"geometry_role":"official_buffered_active_fault_corridor","display_source":"MRRB + SONDI curated crosswalk","epistemic_note":"Buffered official fault corridor; not an exact mapped surface trace."}},{"type":"Feature","geometry":{"type":"Polygon","coordinates":[[[23.795604420525745,43.373266021104065],[23.81041105239375,43.37380417060562],[23.826434077153415,43.37496886760529],[23.839384630545922,43.376492940985514],[23.83939647045989,43.376494247755076],[23.855922427350492,43.37819743603134],[23.874424990278875,43.38124567280384],[23.874481053753144,43.381252938693684],[23.89049921793533,43.382775351727005],[23.905016795749912,43.38554721139837],[23.918287325270438,43.38876193297371],[23.93330956897767,43.39462277061322],[23.93332787147921,43.39462962561441],[23.94421632809706,43.39854107993338],[23.950437066948766,43.40350400004442],[23.950659876634997,43.40361716531615],[23.959429424682728,43.40621951504343],[23.959617425302646,43.406251521822476],[23.959809790369686,43.4062396053329],[23.9599876894523,43.40618493205643],[23.96013370825673,43.406092853889774],[23.96023355337094,43.4059723842272],[23.960277451431697,43.405835315612585],[23.960261105743655,43.40569506535186],[23.960186116735134,43.40556536210506],[23.960059825144814,43.405458902034205],[23.959894593347553,43.40538610605099],[23.951254050443037,43.40282205443609],[23.945048723004223,43.39787147697967],[23.944865904448783,43.39777138930781],[23.933882433072558,43.39382582856662],[23.918822853751323,43.387950447880854],[23.91872621995881,43.38792015453826],[23.905386779934304,43.38468875282012],[23.9053484567274,43.38468046200223],[23.890773890032914,43.38189772919938],[23.890697277239887,43.38188682015598],[23.874668822698546,43.38036344143145],[23.856169636034867,43.37731576672496],[23.856119915320527,43.37730912016183],[23.839575074366067,43.3756039959112],[23.826612097957124,43.374078465510266],[23.826574918579276,43.37407493010183],[23.810518204026625,43.372907791942225],[23.810487630961603,43.37290612614296],[23.795666124128182,43.372367443872335],[23.78096813045573,43.37182875681672],[23.780776298159548,43.37184375857048],[23.780600209290597,43.37190127020211],[23.780457100374367,43.37199566217208],[23.78036097985117,43.372117694879535],[23.780321256854368,43.372255423044344],[23.780341820107438,43.37239536494411],[23.780420657131273,43.3725238220723],[23.780550051088568,43.37262822005057],[23.780717336054764,43.37269833953455],[23.780906136824978,43.372727316609065],[23.795604420525745,43.373266021104065]]]},"properties":{"fault_id":"FLT-NUVYANIN-REC87","mrrb_record":87,"mrrb_name":"Нувянин","scientific_name":null,"fault_system":"Devene-Nuvyanin local structural zone","fault_type":null,"bgcs":null,"correspondence_type":"local_transverse_branch_correspondence","confidence":"MEDIUM","exact_trace_identity":false,"source_ids":["SRC-MRRB-2025","SRC-GEM-SONDI","SRC-GEO-MAP-K34-024-BYALA-SLATINA"],"notes":["REC87 има основно простиране приблизително 75.92°.","Най-близкият GEM източник EUR_BGCS023 е на приблизително 1.77 km, но локалната разлика в простирането е около 39.64°.","EFSM20 независимо показва разстояние приблизително 1.78 km и разлика в локалното простиране около 39.59°.","REC87 пресича REC63 в MRRB геометрията, докато основните им простирания се различават с приблизително 37.73°.","K-34-024 Бяла Слатина подкрепя интерпретацията на REC87 като локален напречен клон, а не като директно продължение на EUR_BGCS023.","Не е зададено директно BGCS каталогово съответствие.","Кинематиката на разлома остава неуточнена, защото наличните данни не установяват независимо кинематичен тип за REC87."],"open_items":[],"mrrb_I_AF":0.4,"mrrb_H_AF":0.018,"mrrb_A_AF":1530515,"mrrb_length":15240.28,"geometry_role":"official_buffered_active_fault_corridor","display_source":"MRRB + SONDI curated crosswalk","epistemic_note":"Buffered official fault corridor; not an exact mapped surface trace."}},{"type":"Feature","geometry":{"type":"Polygon","coordinates":[[[24.597674362661024,42.98100374367021],[24.597690548872006,42.98100312986782],[24.609028855616636,42.98046215664096],[24.623578502571917,42.980642570864205],[24.623678263574686,42.980637814945624],[24.63701787959642,42.97919200431555],[24.637031477857306,42.979190414848325],[24.649964856487465,42.977568315496605],[24.661868905414938,42.97711938258545],[24.66936265734525,42.97756877955122],[24.669412502518682,42.97757027149358],[24.675341221731802,42.97757027250971],[24.67535056562953,42.97757021997092],[24.683379039600343,42.977479854511095],[24.683482159700855,42.97747225600276],[24.689351644102086,42.97666707688481],[24.700284223013707,42.97675694855647],[24.700473953282994,42.97673647006867],[24.700645778843988,42.97667394344122],[24.700782879965857,42.97657548932411],[24.70087183621442,42.976450745234864],[24.700903940145793,42.976311922116544],[24.700876049570123,42.97617260899897],[24.70079089499096,42.97604644278836],[24.70065681217954,42.9759457734044],[24.700486926116792,42.975880454925274],[24.70029786622069,42.97585688105632],[24.689305193081765,42.97576651620146],[24.689185707157954,42.97577414519308],[24.683308193086383,42.97658043062607],[24.67533650630373,42.97667015799713],[24.66943750939431,42.976670159531466],[24.661928085397896,42.976219823112665],[24.661846682427086,42.97621892202866],[24.649865903862594,42.97667075304648],[24.649794051783235,42.976676593413366],[24.636831951668906,42.978302301677076],[24.623548951948834,42.979741983009404],[24.609024541266407,42.97956188200709],[24.608974349449994,42.979562766388],[24.597619224146733,42.98010454778577],[24.584781951935714,42.980465762314864],[24.58459382566353,42.98049308773177],[24.584426407215325,42.98056175906828],[24.584296084458238,42.980665054412036],[24.584215614308757,42.980792862638204],[24.58419287399033,42.98093267310208],[24.584230089862476,42.98107080022428],[24.584323619344534,42.98119372311418],[24.584464307336187,42.98128940910627],[24.58463838229959,42.98134849164585],[24.584828804319894,42.981365187207345],[24.597674362661024,42.98100374367021]]]},"properties":{"fault_id":"FLT-BORIMA-REC88","mrrb_record":88,"mrrb_name":"Borima","scientific_name":null,"fault_system":"Borima-Dobrodan local fault network","fault_type":null,"bgcs":null,"correspondence_type":"local_fault_network_correspondence","confidence":"MEDIUM","exact_trace_identity":false,"source_ids":["SRC-MRRB-2025","SRC-GEM-SONDI","SRC-GEO-MAP-K35-038-TROYAN"],"notes":["REC88 е кратък, приблизително изток–запад MRRB коридор с PCA простиране около 94.93°.","REC88 пресича REC91 и се намира приблизително на 769 m от REC90, което подкрепя принадлежност към свързана локална структурна мрежа Борима–Добродан.","Най-близкият GEM източник е EUR_BGCS043 на приблизително 26.6 km; няма GEM или EFSM20 структура, която да пресича или да се приближава до REC88 в рамките на 5 km.","Не се задава BGCS каталогово съответствие, защото регионалната близост и ориентация не са достатъчни за идентичност.","Наслагването върху геоложката карта Троян подкрепя локален структурен коридор, но не и точно едно-към-едно съвпадение с картографирана разломна следа."],"open_items":["Индивидуалното научно име на разлома, кинематиката и възрастта остават неуточнени.","Да се намерят локални неотектонски или кватернерни структурни изследвания за сектора Борима."],"mrrb_I_AF":0.2,"mrrb_H_AF":0.009,"mrrb_A_AF":953861,"mrrb_length":9462.47,"geometry_role":"official_buffered_active_fault_corridor","display_source":"MRRB + SONDI curated crosswalk","epistemic_note":"Buffered official fault corridor; not an exact mapped surface trace."}},{"type":"Feature","geometry":{"type":"Polygon","coordinates":[[[24.389005005041454,43.02036109665233],[24.40057339216117,43.017841687578674],[24.40067534340783,43.01781196787478],[24.418214432383095,43.011309488455616],[24.418317616239197,43.01126117804626],[24.424246306925316,43.00782903816576],[24.42426678939357,43.00781664233169],[24.433348677240897,43.00207256094472],[24.445579222183316,42.997600087029696],[24.459603765591357,42.9947207540901],[24.459667229569646,42.99470492703791],[24.473747917583204,42.990549080234096],[24.47385349880331,42.99050876955967],[24.485957924895292,42.98472625636086],[24.486024391661715,42.98468955494624],[24.491150234914745,42.98143665372025],[24.491214054705402,42.9813896851344],[24.496336318092492,42.97701761170346],[24.50381228394843,42.973753371471794],[24.511767135216967,42.97271091928359],[24.515885891518217,42.974346865040964],[24.520327756514064,42.97636707965311],[24.520500963689578,42.97655716836675],[24.520614712907385,42.97665061747633],[24.520759150171838,42.97671740756207],[24.520923072243416,42.97675235802525],[24.521093764444842,42.976752757908905],[24.53178733270479,42.97567360857634],[24.53864822529878,42.97584974378458],[24.546315053444687,42.978520831065175],[24.54649053510711,42.97855968749475],[24.559336089644734,42.97991515426148],[24.559395492058187,42.979919264820296],[24.56211282157896,42.98000962855189],[24.562303392571323,42.97999391453172],[24.5624780225013,42.97993573071901],[24.562619617106076,42.97984077265189],[24.562714316070597,42.97971833562891],[24.562752849790346,42.97958040476648],[24.562731446672256,42.97944048176357],[24.562652202188577,42.97931226323631],[24.562522873610035,42.97920830000644],[24.56235612056757,42.97913876857788],[24.562168265820894,42.97911047504379],[24.55948081291332,42.97902110615487],[24.54675674366287,42.97767846697975],[24.53905913322549,42.97499665642592],[24.53881777096607,42.9749534758401],[24.53177751946181,42.974772740885285],[24.531672594104375,42.974776660293756],[24.52130662380654,42.97582277392306],[24.521272712045143,42.975785557438925],[24.521086034602202,42.975653218729704],[24.51651602984803,42.97357473958857],[24.516484870292004,42.97356148080493],[24.512161896027756,42.97184442380629],[24.511967710108436,42.971795942517126],[24.51176261531201,42.97179722626342],[24.5034872301075,42.97288168982923],[24.503281617370103,42.972937923080224],[24.49562377730267,42.97628156469749],[24.49547235700366,42.97637491273673],[24.49031430461364,42.98077748846387],[24.485254286707534,42.98398859255848],[24.473234997964322,42.98973041178274],[24.459241084338053,42.99386064267098],[24.44519289400812,42.99674482682455],[24.445084551596054,42.99677544003989],[24.432733206938654,43.00129207782944],[24.432606299256133,43.00135400503678],[24.423476331611276,43.00712846041133],[24.41760638469334,43.010526574499195],[24.400171523728606,43.01699039826242],[24.388614069458733,43.019507422493106],[24.388532244779668,43.019530006568786],[24.375686850345502,43.02386437857652],[24.375527191350812,43.02394247957094],[24.375408240362976,43.024052956800695],[24.37534164121083,43.024184996126365],[24.375333913373026,43.02432567271976],[24.375385813695463,43.02446121619764],[24.375492262156442,43.024578358554386],[24.37564283900339,43.02466563295189],[24.375822804648045,43.02471449622249],[24.376014542509573,43.02472016518782],[24.376199283558865,43.0246820849082],[24.389005005041454,43.02036109665233]]]},"properties":{"fault_id":"FLT-SOPOT-REC89","mrrb_record":89,"mrrb_name":"Yaz Sopot","scientific_name":null,"fault_system":"Sopot-Borima regional structural corridor","fault_type":null,"bgcs":null,"correspondence_type":"regional_structural_corridor_correspondence","confidence":"MEDIUM","exact_trace_identity":false,"source_ids":["SRC-MRRB-2025","SRC-GEM-SONDI","SRC-GEO-MAP-K35-025-CHERVEN-BRYAG","SRC-GEO-MAP-K35-037-TETEVEN","SRC-GEO-MAP-K35-038-TROYAN"],"notes":["REC89 има PCA простиране приблизително 112.42° и образува западната до централната част на структурния пояс от Регион 5.","REC89 е на приблизително 1.38 km от REC94, 1.60 km от REC90, 1.76 km от REC88 и 2.83 km от REC95, но не пресича тези коридори.","Най-близкият GEM източник е EUR_BGCS043 на приблизително 25.6 km и няма BGCS структура в рамките на 5 km.","Съпоставките между няколко геоложки листа показват устойчив регионален структурен контекст, но не доказват точно съвпадение на следата."],"open_items":["Индивидуалното научно име на разлома и кинематиката остават неуточнени.","Да се изясни дали REC89 е един коридор или съставна структура от няколко локални елемента."],"mrrb_I_AF":0.2,"mrrb_H_AF":0.009,"mrrb_A_AF":1707797,"mrrb_length":17008.27,"geometry_role":"official_buffered_active_fault_corridor","display_source":"MRRB + SONDI curated crosswalk","epistemic_note":"Buffered official fault corridor; not an exact mapped surface trace."}},{"type":"Feature","geometry":{"type":"Polygon","coordinates":[[[24.562873836289768,42.96392342053789],[24.563028263714898,42.96391038171355],[24.574968063337128,42.96174851502302],[24.583130067737386,42.96112446223072],[24.59154784346963,42.961927975824636],[24.598019570967445,42.963089648497466],[24.602882247762626,42.96451303296271],[24.605687339444724,42.965673252676275],[24.60586549952052,42.96572207097407],[24.6060554595448,42.96572842947845],[24.610501998584304,42.965366892555885],[24.610542180282263,42.96536263097797],[24.61879928678153,42.96428041828846],[24.625622188593287,42.963697929519626],[24.625741112639396,42.96373201678298],[24.625928498442033,42.96374089969332],[24.63820760148389,42.96293218470115],[24.648049439978745,42.963999179296884],[24.659082741137848,42.967856651039384],[24.65919619627156,42.96788665985183],[24.668953872280742,42.96969425390332],[24.669239616147514,42.96969671693726],[24.680563616076416,42.96780532364888],[24.69249011963673,42.96699558573565],[24.70589872704325,42.96654550661416],[24.721668509047095,42.96753718718694],[24.721720683377228,42.96753882458024],[24.736665996353064,42.96753882708003],[24.736680978548485,42.9675386915939],[24.746685692238117,42.96735792998087],[24.7468742776578,42.96733247956898],[24.74704292359757,42.967265477548345],[24.74717512159284,42.96716348265813],[24.747257931189974,42.96703647901183],[24.74728324664528,42.96689689872796],[24.747248590281284,42.96675840494321],[24.747157354875572,42.966634554351785],[24.74701847141029,42.96653747019793],[24.746845534759462,42.966476655612084],[24.74665547293077,42.96645806343285],[24.736658395188883,42.966638690761954],[24.721746926749912,42.966638694471406],[24.705963276969264,42.965646142501775],[24.70588290515717,42.96564496897839],[24.69241996842168,42.966096877897634],[24.69239144132517,42.96609832421953],[24.680410662182535,42.966911749848116],[24.68033108140505,42.96692105604227],[24.66911113563111,42.96879508245082],[24.659554801372533,42.96702478746196],[24.648493295387297,42.96315746043354],[24.648319310668764,42.96311857156214],[24.638314739967168,42.96203393905551],[24.638170441477634,42.96203091227664],[24.626407160153292,42.96280569344891],[24.626239455152426,42.96276072149502],[24.626050053879837,42.96275522211207],[24.61863926234638,42.96338792152882],[24.618602306489134,42.96339191719799],[24.610346915637983,42.96447390911529],[24.606116782904106,42.96481785541898],[24.603447930631987,42.963713987451364],[24.603374079207512,42.96368804915049],[24.598433543210785,42.962241878785186],[24.598352112352494,42.9622227556474],[24.59180590887641,42.9610477180591],[24.591739351879838,42.96103859714372],[24.58321694030157,42.96022509729816],[24.583074462605385,42.960223762294],[24.574799078921494,42.96085648791266],[24.57471578001753,42.9608671619113],[24.562811072732238,42.96302268438279],[24.55325539219834,42.96293303230104],[24.553065668027912,42.96295327239722],[24.552893745438904,42.963015580090044],[24.552756453162953,42.963113856375735],[24.552667230301324,42.963238481429165],[24.55263481082095,42.96337725620484],[24.552662368532065,42.963516596517515],[24.552747206273914,42.96364286273525],[24.552881019786472,42.963743694933534],[24.55305071049407,42.96380922281187],[24.55323966767636,42.96383303192188],[24.562873836289768,42.96392342053789]]]},"properties":{"fault_id":"FLT-BORIMA-DOBRODAN-REC90","mrrb_record":90,"mrrb_name":"Borima - Dobrodan","scientific_name":null,"fault_system":"Borima-Dobrodan-Berievo local fault network","fault_type":null,"bgcs":null,"correspondence_type":"local_main_fault_corridor_correspondence","confidence":"MEDIUM_HIGH","exact_trace_identity":false,"source_ids":["SRC-MRRB-2025","SRC-GEM-SONDI","SRC-GEO-MAP-K35-038-TROYAN"],"notes":["REC90 е приблизително изток–запад MRRB коридор с PCA простиране около 89.61°.","REC90 геометрично пресича REC93 и се намира приблизително на 769 m от REC88 и на 898 m от REC91.","Пресичането REC90–REC93 се приема като доказателство за топологията на локалната разломна мрежа, а не като доказателство, че двата коридора представляват един и същ разлом.","Най-близката моделирана GEM структура е на приблизително 24.3 km; не се присвоява BGCS идентичност.","Геоложката карта Троян подкрепя гъста локална структурна мрежа в района на коридора."],"open_items":["Индивидуалното научно име на разлома и кинематиката остават неуточнени.","Необходимо е подробно локално картографиране за изясняване на геометрията на пресичането REC90–REC93."],"mrrb_I_AF":0.2,"mrrb_H_AF":0.009,"mrrb_A_AF":1616557,"mrrb_length":16130.26,"geometry_role":"official_buffered_active_fault_corridor","display_source":"MRRB + SONDI curated crosswalk","epistemic_note":"Buffered official fault corridor; not an exact mapped surface trace."}},{"type":"Feature","geometry":{"type":"Polygon","coordinates":[[[24.70901280685829,42.9765761319522],[24.716041708324543,42.976485911994146],[24.729809830181715,42.97657585731728],[24.765737702813222,42.981799005550585],[24.80203806104187,42.99082147900951],[24.828391002360537,43.003689058724916],[24.82842278356396,43.00370356343379],[24.840852869170657,43.00899643396682],[24.84103186234694,43.0090471682728],[24.84122345789752,43.00905482675058],[24.84140890072518,43.00901865971096],[24.841570038046623,43.0089422074993],[24.841691096446013,43.008832953917576],[24.841760225952573,43.00870159360919],[24.841770659971974,43.00856098513875],[24.8417213775395,43.00842489226707],[24.841617203110257,43.00830663664909],[24.841468334175303,43.008217793841844],[24.829054539512956,43.00293188802039],[24.8026503836264,42.9900393616007],[24.802507216113813,42.98998772344346],[24.76609289555194,42.98093695759637],[24.766015132754053,42.980921710871044],[24.72999184358433,42.97568470264034],[24.72987806958304,42.97567613079404],[24.71604459329406,42.975585766127224],[24.716028351562315,42.97558581706823],[24.708988100304488,42.975676185239706],[24.7089814370222,42.97567629717654],[24.700273757831816,42.9758570322207],[24.70008527377641,42.97588297336155],[24.699916931630035,42.9759504125771],[24.69978520967191,42.97605274856217],[24.699703001774786,42.976179964100545],[24.69967835525919,42.97631960656531],[24.699713683074375,42.97645800682426],[24.699805527458217,42.97658161725257],[24.699944898265517,42.97667833788516],[24.700118152900853,42.976738700889605],[24.7003083317546,42.97675679739807],[24.70901280685829,42.9765761319522]]]},"properties":{"fault_id":"FLT-BORIMA-DOBRODAN-REC91","mrrb_record":91,"mrrb_name":"Borima - Dobrodan","scientific_name":null,"fault_system":"Borima-Dobrodan local fault network","fault_type":null,"bgcs":null,"correspondence_type":"local_connecting_branch_correspondence","confidence":"MEDIUM_HIGH","exact_trace_identity":false,"source_ids":["SRC-MRRB-2025","SRC-GEM-SONDI","SRC-GEO-MAP-K35-026-LOVECH","SRC-GEO-MAP-K35-038-TROYAN"],"notes":["REC91 има PCA простиране приблизително 73.99° и е косо ориентиран спрямо доминиращото изток–запад направление в голяма част от Регион 5.","REC91 пресича REC88 и REC92 и се намира приблизително на 898 m от REC90 и на 1.15 km от REC93.","Геометрията му е съвместима със свързващ или кос клон в локалната мрежа Борима–Добродан.","Най-близкият GEM източник е EUR_BGCS021 на приблизително 26.4 km; не се присвоява BGCS идентичност.","Наслагванията върху геоложките карти Ловеч и Троян подкрепят регионална структурна сложност, но не и точно съвпадение на следата."],"open_items":["Индивидуалното научно име на разлома и кинематиката остават неуточнени.","Да се изясни дали REC91 е трансферна структура, кос клон или съставен коридор."],"mrrb_I_AF":0.2,"mrrb_H_AF":0.009,"mrrb_A_AF":1238077,"mrrb_length":12303.74,"geometry_role":"official_buffered_active_fault_corridor","display_source":"MRRB + SONDI curated crosswalk","epistemic_note":"Buffered official fault corridor; not an exact mapped surface trace."}},{"type":"Feature","geometry":{"type":"Polygon","coordinates":[[[24.862228268782697,43.00813604957524],[24.862259552175612,43.00813421527788],[24.88002553541136,43.00675456557215],[24.89558369058816,43.006065027388615],[24.909739620746308,43.005604936651416],[24.909801601042542,43.005600596447046],[24.91933277324072,43.004572220635495],[24.929964812265556,43.005143926683665],[24.930098843535717,43.005140334929635],[24.943931179833214,43.00364597592235],[24.95632596974685,43.002728046933],[24.966531812236596,43.0024983915856],[24.966588727308082,43.002495157296025],[24.98040256613227,43.00123234017209],[24.997966822926884,43.001002957521],[25.01949733569107,43.00203737656187],[25.019651484823704,43.00203046483255],[25.03543780711156,42.999833798200235],[25.04838173395294,42.99904490290416],[25.04856809638068,42.99901142764802],[25.048731244051062,42.99893731998642],[25.048855206748534,42.998829834218],[25.0489278501951,42.99869949194076],[25.048942063817144,42.99855905207063],[25.048896456673617,42.99842226186932],[25.04879549346309,42.99830251125572],[25.048649057352904,42.99821152212984],[25.04847148247528,42.99815820099917],[25.04828015082342,42.99814776720185],[25.035304394065168,42.99893860438542],[25.03524081111176,42.998944948586285],[25.019499620362026,43.00113534701708],[24.998021561732386,43.00010344456446],[24.997970454345644,43.00010255168875],[24.9803482533212,43.00033269577578],[24.980283254947345,43.00033608109594],[24.966465592636446,43.001599255600844],[24.956266982168486,43.00182874906587],[24.956224127016363,43.001830815806734],[24.943794180747027,43.002751352573654],[24.943766344754525,43.00275388569341],[24.929987072697656,43.00424252104056],[24.919355162077444,43.003670818803165],[24.91922108185226,43.00367440363529],[24.909654113666406,43.004706648765264],[24.895524556326375,43.00516588451999],[24.89551461270049,43.00516626647282],[24.879937845467232,43.0058566338468],[24.879910159084393,43.005858321684904],[24.862146225062954,43.00723782017159],[24.841864898915315,43.00804259791163],[24.84167727680281,43.008072086612756],[24.841511253911783,43.008142681735244],[24.841383081513815,43.00824747305635],[24.841305306046976,43.008376203014414],[24.841285540971334,43.00851627073588],[24.84132572141284,43.00865396545392],[24.84142191459358,43.00877580859942],[24.841564704660566,43.00886987319663],[24.84174011429642,43.00892695140443],[24.841930972928353,43.00894145589849],[24.862228268782697,43.00813604957524]]]},"properties":{"fault_id":"FLT-DOBRODAN-EAST-REC92","mrrb_record":92,"mrrb_name":"Borima - Dobrodan-iztok","scientific_name":null,"fault_system":"Borima-Dobrodan eastern fault network","fault_type":null,"bgcs":null,"correspondence_type":"eastern_fault_branch_correspondence","confidence":"MEDIUM_HIGH","exact_trace_identity":false,"source_ids":["SRC-MRRB-2025","SRC-GEM-SONDI","SRC-GEO-MAP-K35-026-LOVECH","SRC-GEO-MAP-K35-027-SEVLIEVO","SRC-GEO-MAP-K35-039-GABROVO"],"notes":["REC92 има PCA простиране приблизително 95.10° и представлява източен, приблизително изток–запад клон на мрежата от Регион 5.","REC92 геометрично пресича REC91, което подкрепя пряка връзка в разломната мрежа.","Най-близката моделирана структура е EUR_BGCS021 на приблизително 26.5 km, въпреки сходната регионална ориентация; това разстояние е прекалено голямо, за да подкрепи идентичност.","Съпоставките между геоложките листове Ловеч, Севлиево и Габрово подкрепят регионалния структурен контекст, но не и точно едно-към-едно съвпадение на следата."],"open_items":["Индивидуалното научно име на разлома и кинематиката остават неуточнени.","Необходимо е подробно картографиране за изясняване на източния край на коридора REC92."],"mrrb_I_AF":0.2,"mrrb_H_AF":0.009,"mrrb_A_AF":1699160,"mrrb_length":16912.62,"geometry_role":"official_buffered_active_fault_corridor","display_source":"MRRB + SONDI curated crosswalk","epistemic_note":"Buffered official fault corridor; not an exact mapped surface trace."}},{"type":"Feature","geometry":{"type":"Polygon","coordinates":[[[24.75786382036475,42.962819622041486],[24.76941318571146,42.960992166316665],[24.786245556993162,42.958344248969254],[24.799294578700177,42.95638819856845],[24.81415088697512,42.95444247974335],[24.828164709897816,42.955468145288485],[24.841583072481438,42.95855132965304],[24.852547680370602,42.96279269322062],[24.852659351134292,42.96282604041349],[24.86272931693606,42.96501373938762],[24.862814231822227,42.96502745936273],[24.873513578404324,42.966178849777165],[24.87354704355177,42.96618176176504],[24.890854812965838,42.967333131723976],[24.89090206600836,42.96733492472572],[24.9030175060585,42.96745006214944],[24.903128699130118,42.96744365937389],[24.91870568978346,42.96548632825821],[24.918735221802006,42.965482064629],[24.93777376227742,42.96237323353206],[24.937799399707266,42.96236861707025],[24.958254025579283,42.9583384166005],[24.958389035031306,42.958298674904086],[24.981046422299666,42.94920096798185],[24.98110771286842,42.94917277499683],[24.991020304763257,42.943989937417044],[24.99113224486222,42.943914396529955],[25.00053205609796,42.93577142341826],[25.000533818285717,42.93576988965049],[25.000574704213843,42.93573414204686],[25.0006735402108,42.935613484798274],[25.00071679416867,42.935476291749154],[25.000700232435946,42.935335992380836],[25.00062547657832,42.93520632015629],[25.000499844500414,42.93509996819946],[25.00033563401114,42.93502734684093],[25.000148919003387,42.934995564635585],[24.999957976095796,42.93500773257733],[24.99978149572264,42.93506265959998],[24.999636752732027,42.935154969160735],[24.999596745439582,42.935189948108736],[24.99024733191969,42.94328916870643],[24.980426710242387,42.94842388970733],[24.957865585140354,42.957482923536354],[24.93749471919629,42.961496617612],[24.918484020652603,42.96460090673237],[24.90297728421227,42.966549417250924],[24.890941688134596,42.96643504062601],[24.87367453273575,42.96528637730407],[24.86303513489955,42.96414144300653],[24.85306516629687,42.961975474869355],[24.84210485041232,42.95773578252047],[24.842002167626315,42.957704431149246],[24.82847081902685,42.95459529345306],[24.82834853487035,42.95457696937645],[24.814187835262597,42.95354055715937],[24.814019421911546,42.95354533107216],[24.799072015084494,42.95550299062334],[24.799056947353247,42.9555051062611],[24.785997632823936,42.95746270329196],[24.78599172284155,42.95746361113202],[24.76915622032926,42.96011202554517],[24.76915539738895,42.96011215537061],[24.757512152615146,42.961954463382185],[24.757335515207068,42.962004357408425],[24.7461642666148,42.966725020146214],[24.746015069341443,42.96681346743],[24.74591039078393,42.966931444337234],[24.74586047775623,42.96706740260037],[24.745870216426493,42.967208033756805],[24.74593865389757,42.96733957184353],[24.746059091333613,42.96744914090762],[24.746219739573927,42.96752601542805],[24.746404873102026,42.967562670257],[24.746596369425035,42.96755551728499],[24.746775483156853,42.96750525670031],[24.75786382036475,42.962819622041486]]]},"properties":{"fault_id":"FLT-BERIEVO-REC93","mrrb_record":93,"mrrb_name":"Berievo","scientific_name":null,"fault_system":"Borima-Dobrodan-Berievo local fault network","fault_type":null,"bgcs":null,"correspondence_type":"local_parallel_branch_correspondence","confidence":"MEDIUM_HIGH","exact_trace_identity":false,"source_ids":["SRC-MRRB-2025","SRC-GEM-SONDI","SRC-GEO-MAP-K35-038-TROYAN","SRC-GEO-MAP-K35-039-GABROVO"],"notes":["REC93 има PCA простиране приблизително 98.45° и е като цяло паралелен на REC90.","REC93 геометрично пресича REC90 и се намира приблизително на 1.15 km от REC91.","Пресичането с REC90 се интерпретира като елемент от топологията на локалната разломна мрежа, а не като идентичност на следата едно-към-едно.","Най-близкият GEM източник е на приблизително 29.4 km; не е зададено BGCS каталогово съответствие.","Проверките върху картите Троян и Габрово подкрепят локална структурна мрежа с приблизително изток–запад направление."],"open_items":["Индивидуалното научно име на разлома и кинематиката остават неуточнени.","Да се изясни дали REC93 е южен паралелен клон или отделен пресичащ разлом."],"mrrb_I_AF":0.2,"mrrb_H_AF":0.009,"mrrb_A_AF":2221150,"mrrb_length":22133.24,"geometry_role":"official_buffered_active_fault_corridor","display_source":"MRRB + SONDI curated crosswalk","epistemic_note":"Buffered official fault corridor; not an exact mapped surface trace."}},{"type":"Feature","geometry":{"type":"Polygon","coordinates":[[[24.48733369163307,43.026807091441924],[24.534533531142916,43.02668840767345],[24.620528373691332,43.029677375405136],[24.620697287331915,43.02966595797876],[24.6869163960638,43.01823995974272],[24.74022191246738,43.027367873661284],[24.80013068616034,43.04210790164017],[24.800320021365742,43.042131194082344],[24.800509902922993,43.04211043171423],[24.80068174352191,43.04204764693443],[24.80081872196053,43.04194898566363],[24.800907429815872,43.0418241056973],[24.800939183961045,43.041685231278905],[24.8009108764477,43.04154595645899],[24.800825278592836,43.04141991439391],[24.800690769557722,43.041319442850266],[24.800520516042926,43.04125437653984],[24.740584819282045,43.02650775726007],[24.740528776676538,43.02649609135821],[24.68705542097333,43.01733943250199],[24.6867751864983,43.01733961559151],[24.620500263732268,43.0287753330162],[24.53457641367847,43.02578882492263],[24.534544798012096,43.02578831288353],[24.487304484001353,43.02590711375899],[24.487253880838704,43.02590876504335],[24.397322789480725,43.031544501996024],[24.397136453887512,43.031578208310194],[24.39697343589731,43.03165250657323],[24.396849692659732,43.03176012407715],[24.396777337077584,43.031890526613616],[24.39676345209145,43.03203094958108],[24.396809397248212,43.03216764743194],[24.396910675471055,43.032287239170714],[24.397057373128956,43.032378018201115],[24.39723513038052,43.03243109829635],[24.39742654683537,43.032441283499594],[24.48733369163307,43.026807091441924]]]},"properties":{"fault_id":"FLT-BULGARIAN-IZVOR-ABLANITSA-REC94","mrrb_record":94,"mrrb_name":"Бълг Извор - Абланица","scientific_name":null,"fault_system":"Bulgarian Izvor-Ablanitsa regional structural corridor","fault_type":null,"bgcs":null,"correspondence_type":"regional_structural_corridor_correspondence","confidence":"MEDIUM","exact_trace_identity":false,"source_ids":["SRC-MRRB-2025","SRC-GEM-SONDI","SRC-GEO-MAP-K35-025-CHERVEN-BRYAG","SRC-GEO-MAP-K35-026-LOVECH"],"notes":["REC94 е дълъг, приблизително изток–запад MRRB коридор с PCA простиране около 90.20°.","REC94 се намира приблизително на 1.38 km от REC89, но не го пресича.","Най-близкият GEM източник е EUR_BGCS021 на приблизително 22.8 km; не се присвоява BGCS идентичност.","Наслагванията върху геоложките карти Червен бряг и Ловеч подкрепят широк регионален структурен коридор, но не установяват точна идентичност с картографиран разлом."],"open_items":["Индивидуалното научно име на разлома и кинематиката остават неуточнени.","Да се намерят локални неотектонски и кватернерни картировки за сектора Български извор–Абланица."],"mrrb_I_AF":0.2,"mrrb_H_AF":0.009,"mrrb_A_AF":3348355,"mrrb_length":33411.44,"geometry_role":"official_buffered_active_fault_corridor","display_source":"MRRB + SONDI curated crosswalk","epistemic_note":"Buffered official fault corridor; not an exact mapped surface trace."}},{"type":"Feature","geometry":{"type":"Polygon","coordinates":[[[24.04688416572038,43.09706888294467],[24.076131815345438,43.09914841746753],[24.076144233448204,43.09914920564462],[24.112963549636355,43.10120444816571],[24.113050781363757,43.10120474956078],[24.151485026809944,43.09932600538474],[24.151564344205553,43.09931828578546],[24.16650383027101,43.09712943534074],[24.16665663920357,43.09709116518794],[24.192651969161783,43.087620010801004],[24.192815024902625,43.08753357776074],[24.22043755991949,43.067058278610716],[24.24052647879249,43.05238032492454],[24.26277572839057,43.04218939917488],[24.298177258583046,43.03039640233039],[24.340841759350447,43.03039638593464],[24.34103129721068,43.03037432614707],[24.34120226611661,43.03031037707507],[24.341337930197582,43.030210798608955],[24.341425009694,43.03008533832586],[24.341454980878076,43.02994627727433],[24.341424910331675,43.02980722777312],[24.341337741948298,43.02968180092193],[24.34120200861956,43.02958227426529],[24.34103099688352,43.0295183900227],[24.340841446340374,43.02949640150703],[24.298044672666546,43.02949640993763],[24.297790782931504,43.02953671736011],[24.262231634871103,43.041382223363364],[24.262160144512453,43.04141034251478],[24.239817638902718,43.05164394069451],[24.239709443208735,43.051706922219026],[24.219569646346518,43.06642192421049],[24.219566335315722,43.06642436105349],[24.192013898212302,43.086847530501785],[24.166183101242016,43.09625871824814],[24.15136300617654,43.098430078668194],[24.113012955436602,43.100304724148344],[24.076243986259318,43.0982523015158],[24.04698571305189,43.09617202126627],[24.046951152711486,43.096170279099084],[24.016112300341163,43.09525115193906],[24.015921514478777,43.09526747881552],[24.01574695060721,43.095326211852736],[24.01560569598473,43.09542160195288],[24.015511577549677,43.09554431181033],[24.0154738084619,43.09568232985792],[24.015496086181226,43.09582214599376],[24.015576230397492,43.09595007401869],[24.01570639630619,43.096053591345225],[24.015873842409526,43.096122564834204],[24.016062177724578,43.09615024275128],[24.04688416572038,43.09706888294467]]]},"properties":{"fault_id":"FLT-ZLATNA-PANEGA-BULGARIAN-IZVOR-REC95","mrrb_record":95,"mrrb_name":"Зл Панега - Б Извор","scientific_name":null,"fault_system":"Zlatna Panega-Bulgarian Izvor regional structural corridor","fault_type":null,"bgcs":null,"correspondence_type":"regional_structural_corridor_correspondence","confidence":"MEDIUM","exact_trace_identity":false,"source_ids":["SRC-MRRB-2025","SRC-GEM-SONDI","SRC-GEO-MAP-K35-025-CHERVEN-BRYAG"],"notes":["REC95 има PCA простиране приблизително 109.17° и образува западната ЗСЗ–ИЮИ част на структурния домейн от Регион 5.","REC95 се намира приблизително на 2.83 km от REC89 и на 4.51 km от REC94, но не пресича нито един от двата коридора.","Най-близката моделирана структура е EUR_BGCS022 на приблизително 21.6 km; сходството в ориентацията не е достатъчно за идентичност.","Не е зададено BGCS каталогово съответствие.","Наслагването върху геоложката карта Червен бряг подкрепя регионален структурен контекст, но не и точно едно-към-едно съвпадение с разломна следа."],"open_items":["Индивидуалното научно име на разлома и кинематиката остават неуточнени.","Да се намерят подробни неотектонски или структурни картировки за коридора Златна Панега–Български извор."],"mrrb_I_AF":0.2,"mrrb_H_AF":0.009,"mrrb_A_AF":2905425,"mrrb_length":28991.88,"geometry_role":"official_buffered_active_fault_corridor","display_source":"MRRB + SONDI curated crosswalk","epistemic_note":"Buffered official fault corridor; not an exact mapped surface trace."}},{"type":"Feature","geometry":{"type":"Polygon","coordinates":[[[24.897327355871653,43.13642927289476],[24.897328864120507,43.13642938486733],[24.950587618728118,43.140322109284526],[24.950706709957892,43.14032229468031],[24.975208200375523,43.1386115938132],[25.04471352677238,43.14087460405942],[25.044799097148896,43.140872995024864],[25.09642635534523,43.1372448806006],[25.143082454476055,43.138107263071994],[25.1642589918702,43.13925756057484],[25.164450633853306,43.139245861633874],[25.16462795930781,43.13919136698158],[25.16477361009823,43.139099411031516],[25.164873328842273,43.13897899521369],[25.164917354548756,43.13884190679793],[25.16490137802487,43.13870156502401],[25.16482696355627,43.13857170750595],[25.164701395634093,43.138465045505065],[25.164536965789566,43.138392019700284],[25.164349769387268,43.13835977823553],[25.143158454887942,43.137208682307524],[25.14312824956865,43.137207585130724],[25.096420343512044,43.1363442532747],[25.09634576518362,43.136346178405525],[25.044724756859974,43.13997388674629],[24.97522024244946,43.13771089676534],[24.975134266154495,43.13771248238856],[24.95064977726782,43.13942201476958],[24.897452075083756,43.13553375506968],[24.849228716758525,43.131899296795645],[24.849036735579748,43.1319069315366],[24.84885737167449,43.131957642334655],[24.84870818213051,43.13204646535372],[24.848603770567617,43.13216470611657],[24.848554357668856,43.13230079052789],[24.84856478065085,43.132441397776],[24.848634019634307,43.13257276423671],[24.848755297326115,43.13268203075543],[24.848916742313026,43.13275850142524],[24.849102551083075,43.132794690629794],[24.897327355871653,43.13642927289476]]]},"properties":{"fault_id":"FLT-DEVETAKI-SOUTH-REC96","mrrb_record":96,"mrrb_name":"Devetaki Sud","scientific_name":null,"fault_system":"Southern Devetaki parallel fault corridor","fault_type":"normal_fault","bgcs":null,"correspondence_type":"southern_parallel_fault_corridor_correspondence","confidence":"MEDIUM_HIGH","exact_trace_identity":false,"source_ids":["SRC-MRRB-2025","SRC-GEO-MAP-K35-027-SEVLIEVO","SRC-GEO-MAP-K35-026-LOVECH"],"notes":["REC96 не пресича EUR_BGCS021, но е субпаралелен на регионалното направление на Деветашката разломна система.","REC96 се запазва като отделен MRRB коридор и не се обединява концептуално с REC64.","K-35-026 Ловеч и K-35-027 Севлиево осигуряват валидната проверка чрез геоложки карти за REC96."],"open_items":["Точното научно име на разлома остава неуточнено."],"mrrb_I_AF":0.2,"mrrb_H_AF":0.009,"mrrb_A_AF":2580056,"mrrb_length":25719.43,"geometry_role":"official_buffered_active_fault_corridor","display_source":"MRRB + SONDI curated crosswalk","epistemic_note":"Buffered official fault corridor; not an exact mapped surface trace."}},{"type":"Feature","geometry":{"type":"Polygon","coordinates":[[[25.175074177017596,43.14602067849247],[25.180559834262635,43.1521193625475],[25.18502373779593,43.15748301211778],[25.185178322831813,43.15760803045752],[25.193763434622255,43.162352308292135],[25.1984170728356,43.16782097163047],[25.200768304871275,43.171441224304104],[25.200778897917136,43.17145675413672],[25.20393385645638,43.17586680328553],[25.20395182128265,43.175890189202505],[25.206318045795992,43.17876613778045],[25.20638277608981,43.17883093440763],[25.211866521205025,43.18340094845014],[25.2160441139721,43.18854120403636],[25.216167161802186,43.18864949278733],[25.21632991991344,43.188724658599284],[25.216516456245802,43.18875934358602],[25.216708510979128,43.18875015246455],[25.216887284063095,43.18869798493762],[25.21703527564797,43.188607947620056],[25.217137999204386,43.1884888541319],[25.217185399597067,43.18835236230636],[25.217172837289578,43.18821183298914],[25.217101542362997,43.18808102215719],[25.212894861502363,43.18290508381514],[25.21282835873424,43.182838137073766],[25.207343448520714,43.1782672175596],[25.205015052479993,43.17543730524558],[25.20187404243377,43.171046863821964],[25.199512867135038,43.167411401961274],[25.199479431561226,43.1673666498353],[25.19474691910212,43.16180540645435],[25.19459543248935,43.16168411760942],[25.186012810134795,43.15694126411417],[25.18160422422267,43.151644184830936],[25.18159263708614,43.15163079732759],[25.17607137727579,43.14549264541085],[25.17600485030511,43.14543111524094],[25.167591541572083,43.13890866036708],[25.16743925316659,43.13882266466917],[25.167258130882196,43.13877534027118],[25.167065903929743,43.13877131951847],[25.166881388427868,43.13881099597491],[25.16672264570099,43.13889048590396],[25.166605214440352,43.13900200840869],[25.166540589727042,43.13913464702991],[25.16653509777856,43.139275418271744],[25.166589276579902,43.13941054247962],[25.166697823071,43.13952679268312],[25.175074177017596,43.14602067849247]]]},"properties":{"fault_id":"FLT-ROSITSA-REC97","mrrb_record":97,"mrrb_name":"р. Росица","scientific_name":null,"fault_system":"Rositsa local transverse branch near the Devetaki South corridor","fault_type":null,"bgcs":null,"correspondence_type":"local_transverse_branch_correspondence","confidence":"MEDIUM","exact_trace_identity":false,"source_ids":["SRC-MRRB-2025","SRC-GEO-MAP-K35-027-SEVLIEVO"],"notes":["REC97 се намира много близо до REC96, но има силно различно простиране, което показва локален напречен клон или пресичаща структура.","Не е зададено директно BGCS каталогово съответствие.","K-35-028 Велико Търново осигурява локална геометрична подкрепа за запазване на REC97 като самостоятелна структура.","REC97 географски попада в K-35-027 Севлиево; K-35-028 Велико Търново не се използва за този запис."],"open_items":["Научното наименование и кинематиката остават неуточнени."],"mrrb_I_AF":0.2,"mrrb_H_AF":0.009,"mrrb_A_AF":692526,"mrrb_length":6846.53,"geometry_role":"official_buffered_active_fault_corridor","display_source":"MRRB + SONDI curated crosswalk","epistemic_note":"Buffered official fault corridor; not an exact mapped surface trace."}},{"type":"Feature","geometry":{"type":"Polygon","coordinates":[[[24.988214847386097,43.04563519118518],[24.988460278078648,43.04565948464587],[24.998219334166233,43.045164203388715],[25.004439432155987,43.04546066634558],[25.00445731037082,43.04546132607937],[25.02351317430081,43.04595869690719],[25.023610167582504,43.04595558442293],[25.042227419688015,43.044267266936856],[25.059211091949482,43.04396937336371],[25.059466517627147,43.04392354041144],[25.07680594019119,43.03768609410253],[25.105835155859364,43.034314949703976],[25.138442134830438,43.03113700027881],[25.165611857476026,43.03193142249025],[25.16561570657381,43.031931525701154],[25.198282901883875,43.032727492496385],[25.19830308754002,43.03272773767798],[25.215679918574736,43.03272774343763],[25.23741287198808,43.03511061421308],[25.23744805530596,43.03511370946599],[25.26139782765224,43.036705135200215],[25.280991985913307,43.038296427769176],[25.281120248480317,43.03829694048584],[25.291961956970106,43.03750451526688],[25.311514755788888,43.038298474277845],[25.311579059056168,43.03829860479286],[25.333327958735588,43.03750378834111],[25.357251489853837,43.038298601861506],[25.386648791835892,43.039492292011985],[25.386696100501496,43.0394928669415],[25.411196497651524,43.039094933766584],[25.411198419178533,43.03909490014284],[25.432431634978062,43.03869697266283],[25.45473164660366,43.03829943850321],[25.489010108972064,43.03949248601188],[25.489019231399393,43.039492752276175],[25.52274108607391,43.04028781795166],[25.564085610804593,43.044661297739026],[25.56415495731032,43.04466569563594],[25.601164042126904,43.04546120370929],[25.630550811128867,43.04705202652338],[25.630557440076224,43.04705235806844],[25.656555082160992,43.04824600621076],[25.656585216231168,43.0482468420076],[25.677251052926906,43.04844555993259],[25.7045865302121,43.05023445409685],[25.704601485437546,43.0502352960614],[25.738357586119523,43.0518267388862],[25.738438602722812,43.0518266176304],[25.762236016689616,43.05063416949755],[25.791477911904188,43.05073355843485],[25.791667739063953,43.05071214479361],[25.791839252264356,43.050648759026195],[25.791975662358556,43.05054960588526],[25.79206361656606,43.05042439131409],[25.792094505539787,43.05028537230656],[25.792065306023527,43.05014615706168],[25.79197887664733,43.050020372899155],[25.79184367796051,43.0499203323371],[25.791672944162553,43.049855827899776],[25.79148338764363,43.049833173611695],[25.76221945248946,43.049733712136515],[25.762174569319452,43.04973475846669],[25.738395588686195,43.050926294023434],[25.7046879754308,43.0493371384534],[25.67733706635038,43.04754723588479],[25.6772903830499,43.04754548574393],[25.656616542175996,43.04734669834969],[25.630637645781654,43.04615391462534],[25.60124091016602,43.04456255595193],[25.601213468484165,43.044561519228935],[25.56422603010289,43.04376649190403],[25.522882678329257,43.03939313295109],[25.522814519323948,43.039388736933105],[25.489063472160442,43.03859299602259],[25.45476797634772,43.03739935923455],[25.454723774063268,43.03739898333582],[25.432401516548595,43.037796921347045],[25.432400593127582,43.03779693822868],[25.41116818693646,43.038194855652975],[25.3866927781135,43.038592391222565],[25.357316368958337,43.03739955288976],[25.35731002133807,43.03739931850296],[25.33335442698435,43.03660344274296],[25.333295959854834,43.036603539382604],[25.311550303226152,43.03739824864798],[25.291982417689688,43.036603674989415],[25.291887545154136,43.03660520497672],[25.281062805302202,43.037396398089676],[25.261526864560384,43.035809832427056],[25.261514540105146,43.035808922717635],[25.23757659608519,43.034218291623446],[25.215816307894194,43.031832423718804],[25.215725464735634,43.03182747011556],[25.198313310361478,43.031827473179185],[25.165658605860642,43.03103181819475],[25.138438263961113,43.03023591667396],[25.138332806184593,43.030239488866],[25.10566608316765,43.033423276486516],[25.10565072550562,43.033424916247185],[25.076522895496026,43.03680750897695],[25.076348489937484,43.036847988933744],[25.059047060887814,43.04307177774626],[25.04216770919097,43.043367834214564],[25.042106947389104,43.04337111437532],[25.023508021086926,43.045057781874924],[25.004510044733003,43.044561924131685],[24.99825785569802,43.0442639320856],[24.998175640192894,43.04426405916094],[24.988501749857033,43.044755028228124],[24.96929321646842,43.039811903102],[24.969104350399274,43.03978662739922],[24.9689140797906,43.03980539823866],[24.968741029272373,43.03986637822984],[24.968602137980234,43.039963598332946],[24.968511001532182,43.04008754210943],[24.968476541206016,43.04022607720288],[24.968502130583303,43.040365642891096],[24.968585265180426,43.04049257748209],[24.968717807458592,43.04059445562707],[24.968886783285527,43.040661304640835],[24.988214847386097,43.04563519118518]]]},"properties":{"fault_id":"FLT-SOUTH-TARNOVO-REC98","mrrb_record":98,"mrrb_name":"С Търново","scientific_name":null,"fault_system":"South Veliko Tarnovo parallel structural corridor","fault_type":null,"bgcs":null,"correspondence_type":"southern_parallel_fault_corridor_correspondence","confidence":"MEDIUM_HIGH","exact_trace_identity":false,"source_ids":["SRC-MRRB-2025","SRC-GEM-SONDI","SRC-GEO-MAP-K35-028-VELIKO-TARNOVO","SRC-GEO-MAP-K35-026-LOVECH","SRC-GEO-MAP-K35-027-SEVLIEVO"],"notes":["REC98 е силно субпаралелен на REC75, с разлика в простирането приблизително 1.5°.","Той остава около 9.3 km южно от EUR_BGCS018 и не го пресича.","Не е зададено директно BGCS каталогово съответствие.","REC98 се простира през K-35-026 Ловеч, K-35-027 Севлиево и K-35-028 Велико Търново."],"open_items":["Точното научно име на разлома остава неуточнено."],"mrrb_I_AF":0.2,"mrrb_H_AF":0.009,"mrrb_A_AF":6755526,"mrrb_length":67454.24,"geometry_role":"official_buffered_active_fault_corridor","display_source":"MRRB + SONDI curated crosswalk","epistemic_note":"Buffered official fault corridor; not an exact mapped surface trace."}},{"type":"Feature","geometry":{"type":"Polygon","coordinates":[[[25.21968552310471,42.98156655462858],[25.237095156982363,42.981566555931245],[25.257784311381872,42.98156655859517],[25.25781320997443,42.98156605565003],[25.28068024675521,42.98076943293069],[25.280758396743742,42.98076299528116],[25.31119440067518,42.97678669651261],[25.331829315099615,42.976786694184185],[25.36558521465876,42.97678669829051],[25.388452074776886,42.97678670102119],[25.405874505603617,42.97678670307256],[25.40599422127494,42.976778027827756],[25.416883282531312,42.97518464381234],[25.417063206973133,42.97513584009385],[25.41721378640894,42.97504859852485],[25.417320280974742,42.97493145905524],[25.417372266383154,42.97479588824667],[25.41736465427074,42.97465515679423],[25.417298190156245,42.97452304046797],[25.417179380314213,42.97441247164643],[25.41701985477944,42.974334273438956],[25.416835228880057,42.97429610029673],[25.416643574754925,42.974301688793105],[25.40581393912837,42.975886382084845],[25.38845212840759,42.975886379549095],[25.36558527820457,42.97588638228454],[25.331829462120208,42.975886386395246],[25.311140341525668,42.975886388947494],[25.31103276283027,42.975893364090055],[25.280582609396728,42.97987153105705],[25.257769703214056,42.980666271437435],[25.237095238461524,42.98066627279953],[25.21967284934559,42.98066627507159],[25.21964725897538,42.98066666542432],[25.193513883828157,42.981463272672016],[25.193325831614107,42.98149103326725],[25.193158666941898,42.98156010098534],[25.193028752842135,42.98166371511512],[25.192948806234785,42.98179173332647],[25.192926653099764,42.98193162441772],[25.192964462320393,42.98206969491391],[25.193058533232815,42.982192429464305],[25.19319965773292,42.9822878138377],[25.19337402154863,42.98234651100421],[25.193564556485846,42.98236277516335],[25.21968552310471,42.98156655462858]]]},"properties":{"fault_id":"FLT-STRAZHATA-REC99","mrrb_record":99,"mrrb_name":"Стражата","scientific_name":"Strazhata active fault corridor","fault_system":"Strazhata local active fault corridor","fault_type":null,"bgcs":null,"correspondence_type":"local_fault_corridor_correspondence","confidence":"HIGH","exact_trace_identity":false,"source_ids":["SRC-MRRB-2025","SRC-GEM-SONDI","SRC-GEO-MAP-K35-039-GABROVO"],"notes":["MRRB REC99 има основно простиране приблизително 92.50°.","EUR_BGCS018 е най-близката GEM структура за сравнение на приблизително 19.84 km от REC99, с локално простиране около 91.57° и разлика в простирането около 0.93°.","EFSM20 независимо възпроизвежда същата регионална връзка при приблизително 19.82 km разстояние и разлика в простирането около 0.97°.","EUR_BGCS021 се намира приблизително на 26.70 km, с разлика в простирането около 7.63°.","Сравнението с геоложката карта K-35-039 Габрово подкрепя REC99 като самостоятелен локален изток–запад структурен коридор.","Почти паралелните структури EUR_BGCS018 и EUR_BGCS021 са твърде отдалечени, за да обосноват прието международно каталогово съответствие за REC99.","ВИСОКАТА увереност се отнася до локалния MRRB структурен коридор, подкрепен от контекста на геоложките карти, а не до международна идентичност на разлома.","Не се присвоява кинематика на разлома, защото няма прието международно каталогово съответствие, което да подкрепи наследяване на GEM типа на движение."],"open_items":["Няма прието международно BGCS каталогово съответствие.","Точното съвпадение на повърхностната следа остава неуточнено."],"mrrb_I_AF":0.2,"mrrb_H_AF":0.009,"mrrb_A_AF":1834898,"mrrb_length":18265.73,"geometry_role":"official_buffered_active_fault_corridor","display_source":"MRRB + SONDI curated crosswalk","epistemic_note":"Buffered official fault corridor; not an exact mapped surface trace."}},{"type":"Feature","geometry":{"type":"Polygon","coordinates":[[[25.57355172874412,42.972803107104745],[25.57360923844343,42.97280202675804],[25.61825440404507,42.9704117829319],[25.618389259880075,42.970393231564614],[25.646681792026783,42.96402306947344],[25.669387585855965,42.960066812179925],[25.69419692382656,42.96440838575507],[25.71289819116838,42.97273798359368],[25.712921658913764,42.972747918952585],[25.746133210322977,42.98609175568793],[25.746374447015793,42.98614528992842],[25.771396668039127,42.987736956984655],[25.791519012591735,42.99012387198713],[25.791570173148113,42.990128326724914],[25.823667013244066,42.99191900848363],[25.84374272730381,42.99430023378166],[25.869290037574554,43.00016417299111],[25.86929665357157,43.00016566068388],[25.88059404745373,43.00265429533668],[25.88078422923991,43.002673172828],[25.88097305074158,43.002647991798774],[25.88114202842431,43.002581217189636],[25.88127462135363,43.002479385481394],[25.881357850421576,43.00235246481395],[25.881383568827694,43.00221287918092],[25.88134925945272,43.00207429223882],[25.881258281107563,43.001950269797035],[25.88111953960806,43.001852951919545],[25.88094661592707,43.001791864615406],[25.869652678056728,42.999303996177495],[25.84406702293338,42.99343126119733],[25.84398164946946,42.993416478550216],[25.823837166482082,42.991027102096616],[25.82378562646599,42.99102261719582],[25.791689057873413,42.98923196342359],[25.771570027194432,42.98684544128741],[25.771524981746346,42.986841343098426],[25.746608766703535,42.985256440250524],[25.713522350095353,42.97196291355067],[25.694750505499144,42.96360190857905],[25.694574554937002,42.963548862106265],[25.669530053774473,42.95916613757091],[25.669246329595136,42.959166034653336],[25.646379614081052,42.96315034668622],[25.646341252614537,42.96315799940504],[25.618096075476274,42.96951751044187],[25.57354912715451,42.97190249735845],[25.52348894657246,42.971106226671246],[25.52329889448222,42.971125200416814],[25.523126128270455,42.971186372390584],[25.52298755924696,42.971283754761515],[25.522896751488023,42.97140781520691],[25.522862594099735,42.971546409948175],[25.52288843101018,42.9716859724219],[25.52297173350307,42.97181284124831],[25.523104347600743,42.97191459751477],[25.523273292136558,42.97198128046667],[25.52346202943227,42.97200636258986],[25.57355172874412,42.972803107104745]]]},"properties":{"fault_id":"FLT-KILIFAREVO-REC100","mrrb_record":100,"mrrb_name":"Килифарево","scientific_name":null,"fault_system":"Kilifarevo southern parallel structural corridor","fault_type":null,"bgcs":null,"correspondence_type":"southern_parallel_structural_segment_correspondence","confidence":"MEDIUM_HIGH","exact_trace_identity":false,"source_ids":["SRC-MRRB-2025","SRC-GEO-MAP-K35-040-TVARDITSA","SRC-GEO-MAP-K35-028-VELIKO-TARNOVO"],"notes":["REC100 е субпаралелен на регионалното направление на Великотърновската разломна система.","Той се намира приблизително на 14.5 km от EUR_BGCS018 и не го пресича.","REC100 е покрит от K-35-028 Велико Търново и K-35-040 Твърдица."],"open_items":["Точното научно име на разлома и кинематиката остават неуточнени."],"mrrb_I_AF":0.2,"mrrb_H_AF":0.009,"mrrb_A_AF":3029174,"mrrb_length":30199.33,"geometry_role":"official_buffered_active_fault_corridor","display_source":"MRRB + SONDI curated crosswalk","epistemic_note":"Buffered official fault corridor; not an exact mapped surface trace."}},{"type":"Feature","geometry":{"type":"Polygon","coordinates":[[[25.656247211339217,43.03088533472715],[25.718285251532617,43.02844875574078],[25.71838928337669,43.028438034508646],[25.756167342854482,43.02207995542411],[25.80701054049298,43.02128483358617],[25.832568532762576,43.02088727220673],[25.862979573588337,43.02267389775893],[25.887978255125667,43.02704415053018],[25.88807767191504,43.02705530278559],[25.934844863610696,43.02944051880004],[25.97398304405153,43.036791343431275],[26.006547035059235,43.04360774385533],[26.006573884348455,43.04361288125322],[26.053169954614347,43.05169771355852],[26.094374147017753,43.06382914917524],[26.094442950250496,43.063846004648035],[26.116084950248986,43.06812195516662],[26.116165611469935,43.068133702025726],[26.136038151839426,43.070022981540184],[26.13623020628904,43.070019003193984],[26.136411183861874,43.06997170838743],[26.13656336890357,43.069885726753576],[26.136671864376844,43.069769474911325],[26.13672605012744,43.0696343325356],[26.136720622405868,43.0694935283841],[26.136656112909574,43.069360845343475],[26.136538836586094,43.06924927126636],[26.136380273364143,43.069169727663294],[26.136195944378073,43.06913000068172],[26.11636455443394,43.06724463972322],[26.094797709863904,43.062983544310875],[26.05358489340819,43.05084958226481],[26.05349718606837,43.050829188125675],[26.006870342911995,43.04273904170058],[25.97431191966906,43.03592381499883],[25.9742954686866,43.03592054923394],[25.935095377391473,43.028558099757014],[25.934985423698492,43.02854508191361],[25.888213456661756,43.02615965152911],[25.863218038878657,43.02178996489638],[25.86312459247861,43.02177911893953],[25.83263565250458,43.019987924137425],[25.832573472690626,43.01998658400402],[25.806984543188914,43.02038463458984],[25.756078557798183,43.02118073360239],[25.755954127823316,43.021192053700354],[25.71816654732201,43.02755175924654],[25.656152424137662,43.02998738869589],[25.65609345278795,43.02999179202047],[25.609713508728976,43.03511563754179],[25.609530440173078,43.03515810398457],[25.60937422034454,43.03523999057998],[25.6092601409939,43.03535328183099],[25.609199369111458,43.03548688813884],[25.609197853782963,43.03562773127754],[25.609255743733087,43.0357620245471],[25.609367372616795,43.035876622308926],[25.609521813555908,43.03596030680215],[25.60970394868664,43.03600488626726],[25.60989594904288,43.036005996865335],[25.656247211339217,43.03088533472715]]]},"properties":{"fault_id":"FLT-SLIVOVITSA-REC101","mrrb_record":101,"mrrb_name":"Сливовица","scientific_name":null,"fault_system":"Slivovitsa eastern parallel structural corridor","fault_type":null,"bgcs":null,"correspondence_type":"eastern_parallel_structural_segment_correspondence","confidence":"MEDIUM_HIGH","exact_trace_identity":false,"source_ids":["SRC-MRRB-2025","SRC-GEM-SONDI","SRC-GEO-MAP-K35-029-OMURTAG","SRC-GEO-MAP-K35-028-VELIKO-TARNOVO"],"notes":["REC101 е субпаралелен на REC75, REC98 и REC100.","Той се намира приблизително на 10.5 km от EUR_BGCS018 и не го пресича.","Не е зададено директно BGCS каталогово съответствие.","REC101 е покрит от K-35-028 Велико Търново и K-35-029 Омуртаг; K-35-030 Шумен не се използва за този запис."],"open_items":["Точното научно име на разлома остава неуточнено."],"mrrb_I_AF":0.2,"mrrb_H_AF":0.009,"mrrb_A_AF":4383853,"mrrb_length":43735.55,"geometry_role":"official_buffered_active_fault_corridor","display_source":"MRRB + SONDI curated crosswalk","epistemic_note":"Buffered official fault corridor; not an exact mapped surface trace."}},{"type":"Feature","geometry":{"type":"Polygon","coordinates":[[[27.05247501537412,43.11920707151873],[27.052492500830823,43.11924976380014],[27.060386881209684,43.13554153827324],[27.060415612577394,43.13559116822116],[27.073618376330952,43.15505614930297],[27.07370549910698,43.15515163509922],[27.092138445025608,43.170632749713164],[27.09479278610791,43.185192858327085],[27.09481476388539,43.18526613267276],[27.100785731148463,43.19941437129047],[27.10431351474595,43.22423757283728],[27.103228688198787,43.2432030479666],[27.099294183960424,43.25565406707728],[27.09928071349151,43.2557945867989],[27.099327312257863,43.25593127145789],[27.099429419199115,43.25605074133954],[27.0995770395507,43.25614130176986],[27.099755723134468,43.25619408792114],[27.0999479788694,43.25620393261734],[27.10013498703005,43.25616987217129],[27.100298441603133,43.256095240724704],[27.10042234234193,43.25598734385319],[27.10049456104847,43.25585674339605],[27.104441702202266,43.24336494925618],[27.104456959852882,43.24328244467584],[27.105545667206872,43.22424242893102],[27.105542902520927,43.22417705753255],[27.102003735845802,43.19927725866841],[27.101979628623084,43.19919094622429],[27.096005738518926,43.18503644397621],[27.093333446722312,43.17037942634468],[27.093284169163983,43.17025339380204],[27.093187379888008,43.170143093037495],[27.074684727735015,43.154603681508476],[27.06153327683115,43.13521485316863],[27.053661149123805,43.11896963235466],[27.049584967926783,43.1068690411314],[27.049510274186943,43.1067392389994],[27.049384492731953,43.10663270172459],[27.049219935983643,43.10655985777593],[27.04903271171893,43.106527837499875],[27.04884114639868,43.106539775200915],[27.048663991381538,43.10659450235807],[27.048518587559066,43.106686661998616],[27.048419168013833,43.10680723303662],[27.04837546480777,43.10694441326557],[27.048391756269794,43.107084774592124],[27.05247501537412,43.11920707151873]]]},"properties":{"fault_id":"FLT-MADARA-REC102","mrrb_record":102,"mrrb_name":"Мадара","scientific_name":"Madara active fault corridor","fault_system":"Madara local active fault corridor","fault_type":null,"bgcs":null,"correspondence_type":"local_fault_corridor_correspondence","confidence":"HIGH","exact_trace_identity":false,"source_ids":["SRC-MRRB-2025","SRC-GEM-SONDI","SRC-GEO-MAP-K35-031-PROVADIA"],"notes":["MRRB REC102 има основно простиране приблизително 15.18°.","EUR_BGCS016 е най-близката GEM структура за сравнение на приблизително 2.33 km от REC102, но локалното ѝ простиране се различава с около 84.22°.","EFSM20 независимо възпроизвежда същата почти ортогонална връзка, с приблизително 2.33 km разстояние и разлика в простирането около 83.55°.","EUR_BGCS039 е на приблизително 2.77 km, но също е почти ортогонален спрямо REC102, с разлика в простирането около 83.32°.","Сравнението с геоложката карта K-35-031 Провадия подкрепя REC102 като самостоятелен локален структурен коридор с почти север–юг направление.","Поради това близките EUR_BGCS016 и EUR_BGCS039 се запазват само като регионални структури за сравнение и не се приемат като каталогови съответствия.","ВИСОКАТА увереност се отнася до локалния MRRB структурен коридор, подкрепен от контекста на геоложките карти, а не до международна идентичност на разлома.","Не се присвоява кинематика на разлома, защото няма прието международно каталогово съответствие, което да подкрепи наследяване на GEM типа на движение."],"open_items":["Няма прието международно BGCS каталогово съответствие.","Точното съвпадение на повърхностната следа остава неуточнено."],"mrrb_I_AF":0.4,"mrrb_H_AF":0.018,"mrrb_A_AF":1772225,"mrrb_length":17631.29,"geometry_role":"official_buffered_active_fault_corridor","display_source":"MRRB + SONDI curated crosswalk","epistemic_note":"Buffered official fault corridor; not an exact mapped surface trace."}},{"type":"Feature","geometry":{"type":"Polygon","coordinates":[[[23.771127578327672,42.277501076098126],[23.771167192377714,42.27749138439009],[23.78636585009108,42.27333579720775],[23.786417140743293,42.27331974547744],[23.805267085440406,42.26664516687207],[23.805343997982874,42.26661259965007],[23.815177356206796,42.26170801333381],[23.833626270567645,42.259623812421395],[23.844188875334194,42.25926248397424],[23.844339746970935,42.25924291698742],[23.862170022635173,42.25514963479964],[23.86228340406634,42.25511385388512],[23.875775801377227,42.249590141213794],[23.87582459786724,42.249567861951746],[23.892995153305748,42.240868762072886],[23.893135991143513,42.240769369696196],[23.893227232774823,42.24064195661326],[23.899089537354463,42.227835038580665],[23.916162547975194,42.2179128630362],[23.93598949836754,42.207349766633456],[23.954705800187583,42.20132506977853],[23.97700064102826,42.19472449922163],[24.006238749141346,42.188319703828576],[24.029881971781435,42.188934819695305],[24.02993939924585,42.18893427961373],[24.066992894559515,42.187269530820004],[24.067177738802943,42.18723913104036],[24.06734090423112,42.187167738972],[24.067466418878034,42.187062343083724],[24.067541996525414,42.18693326039876],[24.06756023935197,42.186793126539406],[24.06751936198995,42.18665565882235],[24.067423366149086,42.18653431349765],[24.067281648768184,42.18644096857542],[24.067108082102006,42.186384761167666],[24.06691965581974,42.18637119313738],[24.029895382723552,42.18803465038503],[24.00618309751276,42.187417735214375],[24.005990788399956,42.18743581761286],[23.976631931370715,42.19386708120644],[23.976578899545192,42.193880706518925],[23.95424981574677,42.20049141529582],[23.95423309945149,42.200496578755065],[23.93544918913773,42.20654302802175],[23.935336976606756,42.20659026464189],[23.915447113620303,42.21718683591092],[23.91542676211475,42.21719816298656],[23.898201633408373,42.22720866368273],[23.898080908581164,42.22730260525259],[23.898001325116667,42.22741826488532],[23.89214580468584,42.240209926421194],[23.875166037743696,42.24881230987769],[23.861753101997312,42.254303481302024],[23.844055960591398,42.258366205348196],[23.833538801011773,42.25872597921051],[23.833475492615964,42.258730626337126],[23.81486125557428,42.260833503808705],[23.814614569552162,42.2609048095137],[23.804705536030475,42.26584713295496],[23.785920999545297,42.27249854074221],[23.7707682484061,42.27664157651582],[23.75206644669128,42.28069091053524],[23.75189499687627,42.28075095277999],[23.751756923735385,42.28084739907557],[23.751665742789026,42.28097080872496],[23.751630379652397,42.28110910165644],[23.75165429626195,42.28124874085754],[23.751735151864683,42.28137605744801],[23.751865032005494,42.281478588693595],[23.752031223151906,42.281546297983205],[23.752217457167713,42.28157255733524],[23.752405503823603,42.28155479623813],[23.771127578327672,42.277501076098126]]]},"properties":{"fault_id":"FLT-SESTRIMO-REC103","mrrb_record":103,"mrrb_name":"D Bania - Kostenec","scientific_name":"Sestrimo normal fault","fault_system":"North Rhodopean Extensional System / Kostenets-Sestrimo basin","fault_type":"normal_fault","bgcs":"EUR_BGCS005","correspondence_type":"partial_local_scientific_correspondence","confidence":"HIGH","exact_trace_identity":false,"source_ids":["SRC-MRRB-2025","SRC-KOUNOV-2023","SRC-VALKOVA-SPIRIDONOV-1979","SRC-GERDJIKOV-GEORGIEV-2006","SRC-GEM-SONDI"],"notes":["Kounov и съавт. описват Сестримо като миоценско-кватернерен нормален разлом, свързан с развитието на Костенец-Сестримо басейна.","Базовата линия на нормалния разлом от научната фиг. 3 беше реконструирана от векторни елементи.","Реконструирана базова линия: 35 точки; разстояние до REC103 — минимум 415.4 m, средно 635.8 m, максимум 936.9 m; всички 35 точки са в рамките на 1 km.","Поради това REC103 е най-силното локално MRRB съответствие, но не се приема като идентична едно-към-едно следа."],"open_items":["Да се намери оригиналната публикация на Valkova и Spiridonov от 1979 г. за детайли от първичния източник."],"mrrb_I_AF":0.6,"mrrb_H_AF":0.027,"mrrb_A_AF":2925113,"mrrb_length":29198.65,"geometry_role":"official_buffered_active_fault_corridor","display_source":"MRRB + SONDI curated crosswalk","epistemic_note":"Buffered official fault corridor; not an exact mapped surface trace."}},{"type":"Feature","geometry":{"type":"Polygon","coordinates":[[[23.33546405403963,42.43518548203501],[23.335515982919215,42.43515393553276],[23.35480151905128,42.42204720951734],[23.371127098224207,42.41407632320929],[23.371213375471555,42.41402527639481],[23.391463982629936,42.39961809694807],[23.41526166490892,42.3846671191226],[23.429836356517548,42.37598753031772],[23.438824573532752,42.37236009945299],[23.438975027568855,42.372274303183815],[23.43908236214437,42.372158231559816],[23.439136070722547,42.372023246615896],[23.43913089624297,42.37188256170679],[23.439067345601035,42.37174994805821],[23.438951639883904,42.37163838674077],[23.43879510528963,42.37155879802193],[23.438613064395607,42.37151897246436],[23.43842333632349,42.37152280838323],[23.438244492597615,42.371569930285446],[23.42920869967584,42.37521655092667],[23.42911873604223,42.375260981053266],[23.414495523395754,42.383969419034926],[23.41448308018544,42.38397703128239],[23.390664935836668,42.39894076324162],[23.390636913666388,42.39895950078919],[23.370412718657782,42.41334778296095],[23.35409292515967,42.4213158026361],[23.354016461073257,42.42135999753754],[23.334719919160396,42.43447411644568],[23.321056049100516,42.44187617322621],[23.320922111654898,42.44197598517314],[23.320836371998446,42.442101567437554],[23.320807223136676,42.44224062727415],[23.32083751872144,42.44237955259376],[23.320924293578813,42.442504744387925],[23.321059053820015,42.44260394790608],[23.32122860819119,42.44266745227633],[23.321416359318565,42.44268904112673],[23.321603928455467,42.442666601133645],[23.321772954658908,42.44260232891022],[23.33546405403963,42.43518548203501]]]},"properties":{"fault_id":"FLT-POPOVIANE","mrrb_record":104,"mrrb_name":"Popoviane","scientific_name":"Kovachevtsi-Relyovo fault system","fault_system":"Kovachevsko-Alinski system","fault_type":"normal_fault","bgcs":null,"correspondence_type":"local_scientific_system_crosswalk","confidence":"HIGH","exact_trace_identity":false,"source_ids":["SRC-MRRB-2025","SRC-GEORGIEV-NAKOV-2014"],"notes":[],"open_items":[],"mrrb_I_AF":0.6,"mrrb_H_AF":0.027,"mrrb_A_AF":1251032,"mrrb_length":12450.45,"geometry_role":"official_buffered_active_fault_corridor","display_source":"MRRB + SONDI curated crosswalk","epistemic_note":"Buffered official fault corridor; not an exact mapped surface trace."}},{"type":"Feature","geometry":{"type":"Polygon","coordinates":[[[23.179348121412584,41.803465191796434],[23.1818652427146,41.790487687891854],[23.181867063000578,41.790477479823366],[23.18462194555844,41.773547073523766],[23.184622926537596,41.77354065954647],[23.187604052130997,41.752719856390904],[23.19185471586314,41.73980741501367],[23.19801134893541,41.72430920328903],[23.198030075903713,41.7242454249839],[23.20054260383585,41.711249314148354],[23.204940485946548,41.6957313985985],[23.208872076624328,41.68803843099489],[23.208910977559576,41.687900754585726],[23.20889121730931,41.68776080574575],[23.20881473050846,41.68763228362887],[23.208689004478938,41.687527768783916],[23.20852634621872,41.68745749171774],[23.20834267768493,41.68742833151333],[23.208155977305395,41.68744314250526],[23.207984520250132,41.6875004749041],[23.207845089669387,41.68759471670662],[23.207751333941633,41.6877166430029],[23.203802788971597,41.695442524280786],[23.203776161447795,41.69551000320356],[23.199364148644907,41.71107679547193],[23.19935724502954,41.71110578536364],[23.196847933671435,41.724084040633166],[23.190699442542975,41.739561060780105],[23.190691945539015,41.73958171177712],[23.18642792788026,41.75253401147445],[23.18641388103313,41.752593758554795],[23.18342851016746,41.773441534362966],[23.180674675370767,41.79036358315705],[23.178152034227455,41.80336830386669],[23.178145798030332,41.803433340444464],[23.178180864821332,41.83224095997377],[23.178210466979028,41.83237993251827],[23.178296042123513,41.83250526187259],[23.178429213797337,41.832604679824044],[23.17859694624913,41.832668454513495],[23.17878282045615,41.83269034310993],[23.178968641409657,41.83266820294816],[23.17913621930145,41.832604201289556],[23.179269150205972,41.832504603164594],[23.179354421900193,41.832379158069095],[23.17938368759827,41.83224014556307],[23.179348121412584,41.803465191796434]]]},"properties":{"fault_id":"FLT-STARA-KRESNA-REC105","mrrb_record":105,"mrrb_name":"Стара Кресна","scientific_name":null,"fault_system":"Struma-Kraishte / West Pirin NNW-SSE structural corridor","fault_type":null,"bgcs":null,"correspondence_type":"regional_struma_kraishte_structural_corridor_correspondence","confidence":"MEDIUM_HIGH","exact_trace_identity":false,"source_ids":["SRC-MRRB-2025","SRC-GEM-SONDI","SRC-GANAS-2005","SRC-KRAISHTE-STRUMA-REGIONAL","SRC-GEO-MAP-K34-083-RAZLOG"],"notes":["REC105 има простиране приблизително 171.11° и е почти паралелен на REC69.","Той се намира приблизително на 3.4 km от EUR_BGCS036, но се различава по ориентация с повече от 70°.","Наслагването върху геоложката карта Разлог подкрепя самостоятелен ССЗ–ЮЮИ структурен коридор.","Не е зададено директно BGCS каталогово съответствие."],"open_items":["Да се изясни подробно съответствието с именуваните сегменти Стара Кресна / Струма–Краище."],"mrrb_I_AF":0.6,"mrrb_H_AF":0.027,"mrrb_A_AF":1637216,"mrrb_length":16322.31,"geometry_role":"official_buffered_active_fault_corridor","display_source":"MRRB + SONDI curated crosswalk","epistemic_note":"Buffered official fault corridor; not an exact mapped surface trace."}},{"type":"Feature","geometry":{"type":"Polygon","coordinates":[[[22.9189681763632,42.85498617346021],[22.91897858094875,42.85498317737264],[22.922873391327176,42.853831228280086],[22.925814549484777,42.85302542253969],[22.925959510369932,42.85296834009356],[22.928638449428227,42.85154218423113],[22.928690934439366,42.85151084742774],[22.933755571777997,42.848128231678366],[22.935790008804982,42.846975505423245],[22.94133592002895,42.84583068801759],[22.94144228235712,42.84580060983358],[22.94790355063474,42.843443098064185],[22.94790634816431,42.843442070643285],[22.952012707862124,42.841924186180975],[22.958823955521403,42.83997078181545],[22.964806602986485,42.838435311747155],[22.970273976759422,42.837030432208586],[22.970292833813637,42.837025328675445],[22.976717658659048,42.83519744963628],[22.976882977497255,42.83512681371579],[22.977010546233757,42.83502203675436],[22.977087877572888,42.8348933751942],[22.977107402030644,42.83475342344128],[22.977067208794438,42.83461588099281],[22.9769712326226,42.834494211418],[22.976828868543663,42.834400324466834],[22.9766540521245,42.834343410305074],[22.97646389536798,42.83432903997141],[22.97627701176499,42.834358620089674],[22.969861636171093,42.836183811736625],[22.964404067683933,42.83758617273385],[22.958411157462358,42.839124277820154],[22.958390451935713,42.839129901962245],[22.951542236918197,42.84109390814181],[22.9514898016127,42.84111107249884],[22.94735921237679,42.84263791189972],[22.94095067954136,42.844976181359655],[22.935345943767086,42.8461331391241],[22.93513814709355,42.84620981848509],[22.932990320736764,42.84742678692992],[22.93295241031299,42.847450122631585],[22.92789453768705,42.85082819736273],[22.92531025196728,42.8522039582323],[22.92243948673801,42.85299047707362],[22.922424782565496,42.852994665103026],[22.91852788689508,42.854147231381596],[22.913476031052518,42.85556276702797],[22.913310180418282,42.855632782652776],[22.91318185440709,42.8557370776907],[22.913103614479848,42.855865443160056],[22.913083119548972,42.85600531387147],[22.91312237617775,42.85614299835134],[22.913217542020107,42.85626501904107],[22.913359301796305,42.85635943159057],[22.913533779054916,42.85641699409833],[22.913723894502997,42.85643207182794],[22.913911037939197,42.85640318882001],[22.9189681763632,42.85498617346021]]]},"properties":{"fault_id":"FLT-BRATUSHKOVO-NORTH-REC106","mrrb_record":106,"mrrb_name":"Братушково - север","scientific_name":null,"fault_system":"Western Sofia regional structural domain","fault_type":null,"bgcs":"EUR_BGCS031","correspondence_type":"unresolved_regional_spatial_relation","confidence":"OPEN","exact_trace_identity":false,"source_ids":["SRC-MRRB-2025","SRC-GEM-SONDI"],"notes":["REC106 има сходна регионална ориентация с EUR_BGCS031, но няма близка линия от SofiaPlan.","Не се присвоява индивидуална научна идентичност на разлома."],"open_items":["Да се намери подробно картографиране за сектора Братушково и да се провери продължението към съседните западнософийски структури."],"mrrb_I_AF":0.6,"mrrb_H_AF":0.027,"mrrb_A_AF":577203,"mrrb_length":5706.03,"geometry_role":"official_buffered_active_fault_corridor","display_source":"MRRB + SONDI curated crosswalk","epistemic_note":"Buffered official fault corridor; not an exact mapped surface trace."}},{"type":"Feature","geometry":{"type":"Polygon","coordinates":[[[23.667752640676746,42.661815430751126],[23.68215873252746,42.65381273280411],[23.6822138273745,42.65377815557991],[23.688038286753475,42.649658654786435],[23.69899567522738,42.64559495663175],[23.699078453484326,42.64555789779611],[23.707350005253588,42.641154878554126],[23.707350790190144,42.641154459965804],[23.71424353780979,42.637472125712584],[23.71427793744555,42.63745232314056],[23.737282632616232,42.62319736829353],[23.737407648602236,42.62309112210692],[23.73748208851286,42.62296154578692],[23.73749866590638,42.62282132327708],[23.73745575844885,42.62268418057087],[23.73735756657549,42.62256354210169],[23.73721370218749,42.62247121668488],[23.737038247697118,42.622416241634006],[23.736848377556964,42.622403998179514],[23.736662677202442,42.62243568475884],[23.73649932392378,42.62250819971904],[23.71351144292125,42.636752644962755],[23.706636811327417,42.64042528200222],[23.698405094007185,42.64480707873155],[23.687409295315177,42.64888500584388],[23.68726119982054,42.64896219277894],[23.68139672180187,42.65310996943104],[23.66697802503522,42.661119617159414],[23.666900688584974,42.661170733099475],[23.66259635926917,42.66454526153652],[23.66248896322454,42.664661572644604],[23.662435524401097,42.66479668362189],[23.662441274079377,42.664937368951726],[23.662505649827718,42.66506985737858],[23.662622350409233,42.66518117993256],[23.662779952472395,42.665260439452965],[23.662963028704528,42.66529987732927],[23.66315365801229,42.66529563302019],[23.66333317988392,42.66524812198352],[23.663484021157934,42.665161995010116],[23.667752640676746,42.661815430751126]]]},"properties":{"fault_id":"FLT-APRILOVO-SOUTH-REC107","mrrb_record":107,"mrrb_name":"Априлово-юг","scientific_name":null,"fault_system":"Eastern Sofia graben / Negushevo-Kamenitsa-Rakovishki structural domain","fault_type":null,"bgcs":"EUR_BGCS025","correspondence_type":"regional_structural_correspondence","confidence":"MEDIUM","exact_trace_identity":false,"source_ids":["SRC-MRRB-2025","SRC-GEM-SONDI","SRC-GERDJIKOV-VANGELOV-KOUNOV-2019-EAST-SOFIA"],"notes":["REC107 попада в по-широката източнософийска структурна област, където са документирани Негушевската и Каменица-Раковишката разломни зони.","Не е открита близка линия от SofiaPlan; не се присвоява индивидуална научна идентичност на разлома."],"open_items":["Да се изясни точната връзка с картографираните източнософийски разломни зони чрез подробна геометрия от геоложки карти."],"mrrb_I_AF":0.6,"mrrb_H_AF":0.027,"mrrb_A_AF":775024,"mrrb_length":9246.33,"geometry_role":"official_buffered_active_fault_corridor","display_source":"MRRB + SONDI curated crosswalk","epistemic_note":"Buffered official fault corridor; not an exact mapped surface trace."}},{"type":"Feature","geometry":{"type":"Polygon","coordinates":[[[23.68948135940385,42.68117890478287],[23.706365615655496,42.67133903624198],[23.718038356930652,42.666142385210684],[23.72760286345249,42.66238996085531],[23.73539122207179,42.659340783417655],[23.73554363295408,42.65925617976657],[23.73565316213925,42.65914095517448],[23.735709088262478,42.659006388764524],[23.735705937195252,42.658865652924504],[23.73564401777277,42.6587325238673],[23.735529391415277,42.658620033116065],[23.7353732786734,42.65853919191716],[23.73519096083507,42.65849791343308],[23.735000284130514,42.658500238199494],[23.734819912937315,42.65854593864373],[23.727031361679924,42.66159518517831],[23.717451511301075,42.66535362035605],[23.717422693323062,42.66536567675642],[23.705702972883397,42.67058322478841],[23.705639939106263,42.67061543631442],[23.688721944747893,42.68047491324295],[23.688714625282948,42.68047924551306],[23.67603622823233,42.68810073440666],[23.67590898421117,42.68820560858157],[23.675831896722677,42.688334357781976],[23.67581251187472,42.688474379252554],[23.675852727566667,42.68861196675775],[23.675948607566394,42.68873365222763],[23.676090766678588,42.688827524124235],[23.676265289353953,42.68888439347018],[23.676455091849654,42.68889869338422],[23.676641594599573,42.68886902404958],[23.676806541055107,42.68879828975373],[23.68948135940385,42.68117890478287]]]},"properties":{"fault_id":"FLT-DOLNA-MALINA-REC108","mrrb_record":108,"mrrb_name":"Долна Малина","scientific_name":null,"fault_system":"Eastern Sofia graben / Negushevo-Kamenitsa-Rakovishki structural domain","fault_type":null,"bgcs":"EUR_BGCS025","correspondence_type":"regional_structural_correspondence","confidence":"MEDIUM","exact_trace_identity":false,"source_ids":["SRC-MRRB-2025","SRC-GEM-SONDI","SRC-GERDJIKOV-VANGELOV-KOUNOV-2019-EAST-SOFIA"],"notes":["REC108 има съвместима регионална ориентация с източнософийския структурен пояс.","Не е открита близка линия от SofiaPlan; наличните данни не обосновават присвояване на едно конкретно научно име на разлома."],"open_items":["Да се направи количествено сравнение на REC108 с Негушевската и съседните картографирани разломни зони."],"mrrb_I_AF":0.6,"mrrb_H_AF":0.027,"mrrb_A_AF":591604,"mrrb_length":5844.68,"geometry_role":"official_buffered_active_fault_corridor","display_source":"MRRB + SONDI curated crosswalk","epistemic_note":"Buffered official fault corridor; not an exact mapped surface trace."}},{"type":"Feature","geometry":{"type":"Polygon","coordinates":[[[23.47126842819437,42.63623575856648],[23.493787858452013,42.63342578188422],[23.49381297754778,42.633422242947226],[23.520494214207215,42.62922942444773],[23.549176169403648,42.625591302728125],[23.54932290522356,42.625558190912244],[23.565906828993835,42.62004563693294],[23.566040891908727,42.619984563563385],[23.577921060126396,42.612853395852426],[23.591665961864393,42.60730633714521],[23.604568598586486,42.605203913040775],[23.62022616363323,42.60317059022802],[23.62766303173911,42.60289153923679],[23.627849451648657,42.60286249175413],[23.628014596736154,42.602792308535356],[23.628142301240402,42.60268785971806],[23.628220064575746,42.602559369621936],[23.628240274968505,42.60241941586687],[23.628200954457427,42.6022816981444],[23.62810595236792,42.602159697180056],[23.627964568375823,42.60206535516309],[23.627790642110362,42.60200790680579],[23.62760119844285,42.60199297543956],[23.620126866324398,42.60227343473253],[23.62005224406259,42.602279657539505],[23.604344871274897,42.60431945766986],[23.604319030118912,42.6043232389431],[23.591318961391355,42.60644154016883],[23.591158067020988,42.60648608326257],[23.57728822195283,42.61208355584092],[23.577196039610307,42.612129266852605],[23.565334307502237,42.619249337030965],[23.54889351035927,42.62471431034341],[23.52027618869016,42.62834423584296],[23.520252316033872,42.628347624169585],[23.493572065266044,42.63254030290301],[23.471037348769226,42.63535219388893],[23.470981494298652,42.63536116559379],[23.43804465559686,42.641854762107755],[23.437870433672305,42.64191186673815],[23.43772864012751,42.64200592368543],[23.437633154642313,42.64212772613922],[23.437593324176976,42.64226535135626],[23.437613047959502,42.64240532769206],[23.437690395670405,42.64253395327239],[23.437817796250027,42.64263863723398],[23.437982778902242,42.642709132242366],[23.438169193799848,42.64273853762536],[23.4383587930093,42.64272397490858],[23.47126842819437,42.63623575856648]]]},"properties":{"fault_id":"FLT-NOVI-HAN-REC109","mrrb_record":109,"mrrb_name":"Нови Хан","scientific_name":"Novi Han fault","fault_system":"Maritsa fault zone / Novi Han-Gabra block fault network","fault_type":null,"bgcs":"EUR_BGCS026","correspondence_type":"local_scientific_fault_correspondence","confidence":"MEDIUM","exact_trace_identity":false,"source_ids":["SRC-MRRB-2025","SRC-GEM-SONDI","SRC-SOFIAPLAN-FAULTS","SRC-ANTONOV-VARBANOV-2013"],"notes":["Antonov и Varbanov изрично описват Новиханския разлом като важен надлъжен разлом в структурната мрежа Нови хан–Габра.","Публикуваната надлъжна система има направление приблизително 100–130°; REC109 има PCA простиране около 108.71°.","Най-близката разломна линия от SofiaPlan е на приблизително 630 m, с разлика в ориентацията около 15.26°.","EUR_BGCS026 се запазва като регионално пространствено каталогово съответствие, а не като точно съвпадение на повърхностната следа."],"open_items":["Да се дигитализира публикуваният Новихански разлом от научната карта за директно сравнение на следите."],"mrrb_I_AF":0.6,"mrrb_H_AF":0.027,"mrrb_A_AF":1643062,"mrrb_length":16373.11,"geometry_role":"official_buffered_active_fault_corridor","display_source":"MRRB + SONDI curated crosswalk","epistemic_note":"Buffered official fault corridor; not an exact mapped surface trace."}},{"type":"Feature","geometry":{"type":"Polygon","coordinates":[[[23.583532395006596,42.706248350389586],[23.583643572275673,42.70620773255083],[23.59479474800497,42.701029721799955],[23.594808313617495,42.701023234663054],[23.610147467203245,42.69347113102306],[23.619868925526216,42.68925717208984],[23.619937968360816,42.68922232933118],[23.6297255509203,42.68351731164632],[23.642220262682223,42.67788830499034],[23.642365500796533,42.67779706030146],[23.642465416340627,42.677677165629966],[23.64251022904329,42.677540357233866],[23.64249555266079,42.67740002694864],[23.64242282420469,42.67726991127185],[23.642299163130076,42.67716274674227],[23.64213667432407,42.67708902323326],[23.64195126316474,42.67705595718335],[23.641761078652372,42.67706678525141],[23.641584736987163,42.6771204475192],[23.62905870525114,42.6827635431032],[23.628998391123982,42.682794538987444],[23.619214867501512,42.6884971633571],[23.609514530119394,42.69270195126485],[23.609484845129337,42.69271567761493],[23.594137954843895,42.70027156275979],[23.583046483592465,42.705421836244284],[23.570000213769237,42.70902117559248],[23.569834124030095,42.70909049180186],[23.569705207527075,42.70919426615009],[23.56962608352113,42.70932234062316],[23.569604497461512,42.70946217851508],[23.569642562715494,42.70960009156379],[23.56973655355461,42.70972257983636],[23.569877269715985,42.709817653212944],[23.57005093690589,42.70987600510675],[23.570240555129484,42.70989192351209],[23.57042756286053,42.70986385017944],[23.583532395006596,42.706248350389586]]]},"properties":{"fault_id":"FLT-GRIGOREVO-REC110","mrrb_record":110,"mrrb_name":"Григорево","scientific_name":null,"fault_system":"Eastern Sofia graben fault network","fault_type":null,"bgcs":"EUR_BGCS025","correspondence_type":"regional_structural_corridor_correspondence","confidence":"MEDIUM","exact_trace_identity":false,"source_ids":["SRC-MRRB-2025","SRC-GEM-SONDI","SRC-SOFIAPLAN-FAULTS","SRC-MATOVA-SOFIA","SRC-GERDJIKOV-VANGELOV-KOUNOV-2019"],"notes":["REC110 пресича EUR_BGCS025 в машинния регионален анализ.","Картографирана активна разломна линия от SofiaPlan се намира приблизително на 824 m.","Научното картографиране източно от София показва сложна архитектура на разломните зони; наличните данни не оправдават присвояване на едно индивидуално научно име на REC110."],"open_items":["Да се изясни индивидуалната научна идентичност на REC110 чрез подробно картографиране в района на Елин Пелин."],"mrrb_I_AF":0.6,"mrrb_H_AF":0.027,"mrrb_A_AF":696551,"mrrb_length":6895.97,"geometry_role":"official_buffered_active_fault_corridor","display_source":"MRRB + SONDI curated crosswalk","epistemic_note":"Buffered official fault corridor; not an exact mapped surface trace."}},{"type":"Feature","geometry":{"type":"Polygon","coordinates":[[[23.619316492922724,42.62919331498084],[23.619324635649328,42.629194378706295],[23.640214067763782,42.631813426650965],[23.640234165478724,42.631815690454],[23.654405236878905,42.63323278590381],[23.654503394724365,42.6332366864464],[23.674872135250858,42.63282874961287],[23.68979508351782,42.632760641030636],[23.68981603942285,42.632760277752666],[23.706804163179157,42.63224848764058],[23.706991059856357,42.6322208059217],[23.70715722417615,42.63215183303619],[23.70728639060146,42.63204832064444],[23.70736591543644,42.63192040140234],[23.70738801447428,42.63178059705217],[23.707350524878592,42.631642592663056],[23.7072571167551,42.63151989702381],[23.707116933757447,42.631424520324636],[23.70694369796034,42.63136579855964],[23.7067543666525,42.63134947970874],[23.689776961914827,42.631860956081994],[23.674858269761614,42.631929051510305],[23.674845389284407,42.63192921002957],[23.654519795990485,42.63233629783629],[23.64040785970956,42.6309251206763],[23.619532810788346,42.62830788683663],[23.600681517456362,42.62574605831932],[23.600490988720065,42.6257425368802],[23.600308311417336,42.62578266654948],[23.6001513669423,42.625862519221364],[23.600035517959128,42.62597427848705],[23.59997210465648,42.62610700471072],[23.599967334659098,42.62624770582398],[23.600021675271936,42.626382609042075],[23.600129807590275,42.626498509032324],[23.60028114702393,42.626584060569044],[23.60046087933168,42.62663088913197],[23.619316492922724,42.62919331498084]]]},"properties":{"fault_id":"FLT-GARA-ELIN-PELIN-REC111","mrrb_record":111,"mrrb_name":"Гара Елин Пелин","scientific_name":null,"fault_system":"Eastern Sofia graben / Elin Pelin regional fault network","fault_type":null,"bgcs":"EUR_BGCS025","correspondence_type":"regional_fault_network_correspondence","confidence":"MEDIUM","exact_trace_identity":false,"source_ids":["SRC-MRRB-2025","SRC-GEM-SONDI","SRC-MATOVA-SOFIA","SRC-GERDJIKOV-VANGELOV-KOUNOV-2019-EAST-SOFIA"],"notes":["REC111 се намира в източната разломна мрежа на Софийския грабен близо до Елинпелинския структурен домейн.","Най-близката линия от SofiaPlan е на няколко километра, въпреки доброто сходство в ориентацията; точната идентичност остава неуточнена."],"open_items":["Да се изясни дали REC111 представлява продължение на Елинпелинската система или отделен паралелен коридор."],"mrrb_I_AF":0.6,"mrrb_H_AF":0.027,"mrrb_A_AF":884740,"mrrb_length":8779.48,"geometry_role":"official_buffered_active_fault_corridor","display_source":"MRRB + SONDI curated crosswalk","epistemic_note":"Buffered official fault corridor; not an exact mapped surface trace."}},{"type":"Feature","geometry":{"type":"Polygon","coordinates":[[[23.262174369710973,42.66832045402205],[23.262238307877837,42.66836300008889],[23.264908163518875,42.66990176133338],[23.266335065941348,42.67102016989812],[23.26636742656233,42.6710437100649],[23.268365558505366,42.672392564009996],[23.26837463698902,42.67239857032852],[23.27086604753146,42.67401394045275],[23.27094638204338,42.67405795774373],[23.27208104679207,42.67457884583518],[23.272685875008044,42.6759183404814],[23.272809108812798,42.67607541081489],[23.274304960223727,42.67731386872624],[23.274337539205725,42.67733883412796],[23.27530252327407,42.67802342624532],[23.2758188539001,42.67862223459285],[23.27584481868315,42.67864999095322],[23.276566017441954,42.67936225852921],[23.27659676054796,42.67939021324252],[23.277586844775126,42.68022025007828],[23.27888827126836,42.68155987229351],[23.27902752128905,42.68166283404838],[23.28019771188397,42.68228450639342],[23.281566335839425,42.68316157027326],[23.281594855233084,42.68317875913324],[23.282792950642996,42.683857383287105],[23.283900865364306,42.68468628812339],[23.28394187531002,42.68471427987971],[23.285905928919966,42.68593648763635],[23.285976585929735,42.685974411697565],[23.28816029922929,42.68697822578574],[23.28982540510967,42.68850875849832],[23.289887623352268,42.68855791342072],[23.29100044469818,42.68931475265074],[23.291005809760758,42.68932926792904],[23.291109838050264,42.689446606153965],[23.291257788833484,42.68953461214667],[23.291435284811236,42.68958473371352],[23.293935445698725,42.68997602938544],[23.296592974226133,42.69055089149472],[23.29867292771058,42.691262879201275],[23.29873431636997,42.69128097755254],[23.301589316178283,42.69199283398953],[23.304257017979918,42.69290037693428],[23.306537578488246,42.69406885248488],[23.309012835608456,42.695607447346156],[23.309052438453286,42.69563007795965],[23.310452035332847,42.6963640213107],[23.310485484930076,42.69638036696855],[23.31300673963442,42.69752615655547],[23.313059267843443,42.69754747358516],[23.314971041022826,42.69823525197126],[23.31518345976475,42.6982789440715],[23.317001471520545,42.69840011188028],[23.31705150678618,42.69840192222998],[23.31823958972393,42.69840886048613],[23.318273092754193,42.698408376795975],[23.31920883155184,42.698375873873346],[23.319276187952486,42.69837075777197],[23.32115690019172,42.698149481285924],[23.32117938995398,42.69814651535446],[23.322898968848197,42.69789511684177],[23.324906545051928,42.69778252514394],[23.32717861859675,42.69812725645465],[23.327246002411833,42.69813461437095],[23.328117408698564,42.69819331938904],[23.330142545460454,42.6984117031119],[23.33211868477436,42.69875115586565],[23.333813608851433,42.699114262674925],[23.3346159199275,42.69930361362607],[23.33501775468198,42.69954670302618],[23.33513032204038,42.699600697071936],[23.33596110640447,42.699909090120364],[23.336141663731233,42.69995177321947],[23.337278123839475,42.70008193436641],[23.33870270894471,42.700252027915575],[23.34078112757736,42.70053487378064],[23.342356210717465,42.70083254585418],[23.34242066288234,42.70084202943203],[23.342842509826966,42.70088682602927],[23.343033280751616,42.700884842930286],[23.343213883655938,42.70083947522764],[23.343366639550556,42.70075516390304],[23.343476595496057,42.70064016206814],[23.343532988349832,42.70050572704202],[23.343530298294894,42.70036501835365],[23.343468789040212,42.70023180956034],[23.343354481858952,42.70011913999202],[23.34319856606256,42.70003803839931],[23.34301630366409,42.69999644343296],[23.342627035125943,42.69995510666649],[23.341063640459662,42.69965964429033],[23.341022913184087,42.69965303275644],[23.33891741280168,42.699366502818485],[23.33890420208292,42.69936481544082],[23.337471076756582,42.69919370306342],[23.33746719124392,42.69919324859748],[23.33642363403593,42.69907372887388],[23.335738918959162,42.69881955888907],[23.335299309703036,42.69855361951501],[23.335098438263984,42.698473006689944],[23.334177422983142,42.69825564202716],[23.33416166429632,42.69825209519642],[23.3324430689871,42.69788391854726],[23.332411284510354,42.6978777888159],[23.330394310534334,42.69753132292349],[23.330344201509998,42.69752433008682],[23.32827751338067,42.69730146687106],[23.328244755382904,42.697298599254495],[23.3273909002861,42.69724107728511],[23.32506847421504,42.696888706398575],[23.324899375796317,42.69688077662075],[23.32277006115696,42.697000197456376],[23.322697725614393,42.6970074868171],[23.32095350626643,42.69726248895945],[23.319117587912473,42.697478496343074],[23.318232475494902,42.69750924117685],[23.317086237737062,42.697502547958806],[23.31540487170889,42.69739048895442],[23.31362085430753,42.696748674077234],[23.311142259017707,42.695622277734664],[23.30977946108268,42.694907636761116],[23.307301643825397,42.69336746322754],[23.307256561254825,42.693341990476874],[23.304908738222732,42.69213906001015],[23.30481624011431,42.69210002964074],[23.302070569169604,42.69116596634735],[23.302010445798903,42.691148301854064],[23.29915614128882,42.69043662240334],[23.297064888060216,42.68972076897986],[23.296979799076045,42.68969715353529],[23.294256259209963,42.68910801470173],[23.294211220450933,42.689099631918914],[23.291966534287575,42.68874832476796],[23.290747709035195,42.6879194021299],[23.289046236447938,42.68635546245091],[23.28889317502458,42.68625525093892],[23.28665855782627,42.68522804559827],[23.284749365449812,42.68403998771993],[23.283631577209718,42.6832037046722],[23.283568736893436,42.683162748272096],[23.282351924195883,42.682473528267934],[23.280976222808267,42.681591936585164],[23.280932675978093,42.681566502368185],[23.27982098941164,42.680975916008144],[23.278560003391203,42.679677941572535],[23.278522145517602,42.6796428154932],[23.27752806981829,42.6788094439933],[23.276835166375168,42.678125132515085],[23.276291914608425,42.67749511459412],[23.27620009307548,42.677412326659834],[23.27519942045889,42.67670242427171],[23.273802743886062,42.67554609250674],[23.27316805416692,42.67414051809255],[23.273068317156564,42.67400411672648],[23.27291175536121,42.67390079602346],[23.2716329543297,42.67331374538502],[23.26918383813635,42.67172581198388],[23.267206981468284,42.670391333621225],[23.2657637431352,42.66926013371265],[23.26569512795653,42.66921396684643],[23.26302259453301,42.66767367649067],[23.260578447457856,42.66579986960575],[23.260426354375657,42.66571500378479],[23.260246170346843,42.66566897682665],[23.260055532748193,42.66566629407161],[23.259873102130612,42.665707218106135],[23.25971673574164,42.665787743066964],[23.259601739660603,42.66589998673748],[23.259539370591096,42.666032962065266],[23.25953573394358,42.66617365259786],[23.259591186083963,42.66630828658593],[23.259700299302775,42.666423685050354],[23.262174369710973,42.66832045402205]]]},"properties":{"fault_id":"FLT-SOFIA-KNYAZHEVO-REC112","mrrb_record":112,"mrrb_name":"Княжево -Д. Николаев","scientific_name":null,"fault_system":"Sofia graben transverse and oblique fault network","fault_type":null,"bgcs":null,"correspondence_type":"local_transverse_fault_correspondence","confidence":"MEDIUM","exact_trace_identity":false,"source_ids":["SRC-MRRB-2025","SRC-SOFIAPLAN-FAULTS","SRC-MATOVA-SOFIA"],"notes":["REC112 пресича отчетливо картографиран разлом от SofiaPlan, като разликата в ориентацията е приблизително 3.83°.","Ориентацията му е коса спрямо доминиращото направление на BGCS026 и е съвместима с документираната напречна разломна мрежа в Софийския грабен."],"open_items":["Точното научно име на разлома и кинематиката остават неуточнени."],"mrrb_I_AF":0.6,"mrrb_H_AF":0.027,"mrrb_A_AF":825907,"mrrb_length":8201.03,"geometry_role":"official_buffered_active_fault_corridor","display_source":"MRRB + SONDI curated crosswalk","epistemic_note":"Buffered official fault corridor; not an exact mapped surface trace."}},{"type":"Feature","geometry":{"type":"Polygon","coordinates":[[[23.360840617585794,42.69678407925331],[23.360921669242884,42.69676293460512],[23.362639787867415,42.69621134622448],[23.363620095272765,42.695933327414906],[23.36380130287316,42.69585296509919],[23.36393441151414,42.69573178712797],[23.364359157235384,42.69516731033115],[23.365911989498485,42.69450079485593],[23.3660690822177,42.69440405834556],[23.36703009096491,42.693573589916575],[23.367132429438453,42.69344867679683],[23.367902853019604,42.69202842809499],[23.368848978966593,42.6907708085664],[23.3698348897774,42.68948902689113],[23.369839718125498,42.68948262860889],[23.370507712271664,42.688580213177815],[23.37054219280903,42.6885250805282],[23.371689993109243,42.68630725285648],[23.371714364477402,42.686248332430814],[23.37215727215482,42.68483782527087],[23.372171029340173,42.68477245831348],[23.372306626945644,42.683531461025275],[23.372443071873665,42.6826348762834],[23.37244587298331,42.682610514046246],[23.372609566948825,42.680510317596884],[23.373437724981088,42.67853685119771],[23.37416438609398,42.67738050822449],[23.374667843515056,42.676891758612335],[23.376579163967534,42.675382545503794],[23.378031906157855,42.67480899302304],[23.378033925892353,42.67480819198822],[23.380618358766114,42.67377852043281],[23.38071835435143,42.67372866014841],[23.381422306052226,42.6732969492789],[23.381590820801172,42.6731318579287],[23.382084516898118,42.67230213052705],[23.382127869793013,42.6721942696755],[23.382324175743634,42.67131310059811],[23.382658156161586,42.670367520693404],[23.383164354666654,42.66957680837661],[23.384119945585912,42.66867937131109],[23.385335547124182,42.6678850090483],[23.385363302609182,42.66786569433615],[23.386781871661164,42.66681469216949],[23.386792723430613,42.66680644380827],[23.387525881170554,42.666234726258054],[23.38764610988083,42.66609801067889],[23.387994854140956,42.665478036903544],[23.389209875081903,42.66359673308779],[23.390089965974475,42.66285936016197],[23.390212501540937,42.66270049551013],[23.390644699491265,42.66171447491717],[23.391549617621497,42.660113709525],[23.392192293515713,42.65914443775654],[23.392194292094334,42.6591413945586],[23.393172104174223,42.65763808354172],[23.39318563071484,42.65761574972574],[23.393989511359766,42.6561852202313],[23.394022649310514,42.65610656033044],[23.394372780110356,42.654892704194246],[23.39486378950787,42.65429083212871],[23.395518584352462,42.65353384677268],[23.39558295789779,42.65343428688555],[23.39621270528577,42.65204253973305],[23.39686660306078,42.65133341175436],[23.39692439050827,42.6512550018904],[23.397658348063082,42.649969430372074],[23.39835221618679,42.64918184761193],[23.399066274481868,42.6487321522289],[23.39913508674591,42.64868126071909],[23.399883007142506,42.648031652743164],[23.399945047939838,42.6479669884427],[23.40071144331616,42.646997038079405],[23.40078497707193,42.646849344012864],[23.40087567969701,42.64647369964287],[23.40109508946956,42.64595751748331],[23.401262723162297,42.64559190388365],[23.40126834430109,42.64557900760631],[23.401527118277972,42.64495313774529],[23.401553562463846,42.64481376976836],[23.4015203756415,42.64467519019496],[23.401430806737714,42.64455096412429],[23.401293623612577,42.64445325156047],[23.401122254711726,42.64439161714835],[23.40093347459445,42.64437209397354],[23.400745762007993,42.64439659304782],[23.40057749119881,42.644462716266105],[23.400445133454394,42.6445639911363],[23.400361644867388,42.64469050431016],[23.400105539755913,42.64530989180469],[23.399938662733945,42.64567384059753],[23.39993444739536,42.64568338321759],[23.399701332524447,42.646231784044474],[23.399682836298027,42.64628752190661],[23.399604288599043,42.646612801680455],[23.39891957022424,42.647479363248486],[23.398238183606693,42.64807117607027],[23.39749411055233,42.648539769930544],[23.397378773370637,42.648636734730715],[23.396607140637165,42.649512569970476],[23.396556441272534,42.64958311801114],[23.395824972940986,42.65086429199098],[23.395157763459576,42.651587842691804],[23.395083525848406,42.651698446515766],[23.394450869783164,42.65309656852415],[23.39383228625907,42.65381167752112],[23.39382385982589,42.653821706352915],[23.39327601248912,42.654493235541146],[23.393202026924858,42.65463160518274],[23.39284226684942,42.655878765549005],[23.392066187054347,42.65725977863965],[23.391096522400428,42.65875052418982],[23.39044682146088,42.65973036561257],[23.390431776165542,42.65975488815841],[23.389510135854874,42.66138518356725],[23.38949272860236,42.66141993765417],[23.38909171441867,42.66233477894794],[23.388238994415445,42.66304920954218],[23.388146159220252,42.66315299717573],[23.386887781880105,42.66510138287601],[23.38687505616135,42.6651224614964],[23.386563357876096,42.66567656101486],[23.38591273316829,42.666183913417875],[23.384513130748772,42.66722085406799],[23.383270628202773,42.66803278868176],[23.383195441076797,42.66809163211305],[23.38216336626205,42.66906088532499],[23.382091509163295,42.66914666390223],[23.381531594516144,42.67002126073462],[23.381492892368154,42.67009994869865],[23.381137447646324,42.671106246451686],[23.381125814212236,42.671146728360355],[23.38093740334528,42.67199238685144],[23.380532436440028,42.67267297270842],[23.3799857890948,42.673008211355636],[23.377455748502733,42.67401620930349],[23.375915090955996,42.674624469177],[23.375757280133715,42.67471396519828],[23.373755919024283,42.6762942613149],[23.373715987582816,42.67632919011918],[23.37315381763846,42.67687492908603],[23.373086099144757,42.676957900293736],[23.372314456476204,42.67818578957375],[23.37228516976104,42.67824196390713],[23.371422886597482,42.68029665820057],[23.371396613082485,42.68040387515044],[23.3712295589042,42.682546650279946],[23.371093879296662,42.683438092322746],[23.371092043332464,42.68345213831862],[23.370959265970082,42.684667109297116],[23.370535924279043,42.68601522460309],[23.36941773078274,42.68817577009526],[23.36877187395061,42.68904825959568],[23.36778697300341,42.690328700993355],[23.367784144721906,42.690332418806484],[23.3668179337662,42.69161670725399],[23.366784971600076,42.69166787022977],[23.36603748291171,42.69304579661305],[23.365208948146112,42.693761777449694],[23.3636007972444,42.694452032422774],[23.363471948288687,42.694525988587294],[23.36337431986837,42.69462251304975],[23.362975652233356,42.69515232370984],[23.36218977716227,42.69537519983159],[23.36216525067062,42.69538261072018],[23.360474509924487,42.695925409882335],[23.359119965458326,42.6962012662458],[23.358946273881767,42.69625947524176],[23.35880546843515,42.69635442662706],[23.358711332082468,42.696476826038236],[23.358673079727595,42.69661469229704],[23.358694456125868,42.696754530162394],[23.358773369188302,42.696882651312315],[23.35890209462399,42.696986514258896],[23.359068031944574,42.69705595203356],[23.359254937867167,42.697084167454214],[23.35944451638948,42.69706839852996],[23.360840617585794,42.69678407925331]]]},"properties":{"fault_id":"FLT-SOFIA-SLATINA-DRUZHBA-REC113","mrrb_record":113,"mrrb_name":"Слатина - Дружба","scientific_name":null,"fault_system":"Sofia graben transverse and oblique fault network","fault_type":null,"bgcs":null,"correspondence_type":"local_transverse_fault_correspondence","confidence":"MEDIUM","exact_trace_identity":false,"source_ids":["SRC-MRRB-2025","SRC-SOFIAPLAN-FAULTS","SRC-MATOVA-SOFIA"],"notes":["REC113 пресича отчетливо картографиран разлом от SofiaPlan, като разликата в ориентацията е приблизително 3.71°.","Косата му ориентация е съвместима с документираната пресичаща разломна мрежа във вътрешността на Софийския грабен."],"open_items":["Точното научно име на разлома и кинематиката остават неуточнени."],"mrrb_I_AF":0.6,"mrrb_H_AF":0.027,"mrrb_A_AF":706788,"mrrb_length":7002.96,"geometry_role":"official_buffered_active_fault_corridor","display_source":"MRRB + SONDI curated crosswalk","epistemic_note":"Buffered official fault corridor; not an exact mapped surface trace."}},{"type":"Feature","geometry":{"type":"Polygon","coordinates":[[[23.31280329104782,42.67458072895459],[23.31452019487157,42.67504985543877],[23.31643545825096,42.67572881913221],[23.31814717449948,42.676346833447525],[23.3181636895093,42.676352571473274],[23.319952914516897,42.6769502210282],[23.31999477135875,42.6769628434994],[23.32173847605834,42.67743376575581],[23.321791756897923,42.67744614379307],[23.322892874738415,42.677661569212795],[23.322901388371726,42.67766318640309],[23.324970821393197,42.67804454147325],[23.326882285611436,42.67860663259637],[23.327753441924646,42.67901306858908],[23.32789628282454,42.679061956592165],[23.329658946506054,42.67947110921367],[23.330611359874332,42.67979594789806],[23.330713267910802,42.679822891895014],[23.331658622540967,42.68000484350155],[23.332598834020896,42.68077606795499],[23.33281304829365,42.680889039104734],[23.334448325513986,42.68140325519417],[23.334480582909297,42.68141260809289],[23.33662185334629,42.68198214162426],[23.336694543819537,42.681997786782325],[23.338501581889428,42.682298283765235],[23.33853130503336,42.68230265643488],[23.33972361676311,42.68245542295803],[23.340729237926286,42.68265979927281],[23.341450694302118,42.6830513676489],[23.341497113195423,42.6830742216252],[23.34206371967211,42.683326321729524],[23.342712759262515,42.68362017870252],[23.342810389862557,42.683655945483885],[23.34442347342912,42.68411939870387],[23.344588516184285,42.684148142004766],[23.346547024937855,42.68428184210073],[23.347864353068232,42.684515283969965],[23.348855117602504,42.68524905831461],[23.348914258316366,42.68528752824353],[23.350635285132,42.68626866180338],[23.351379455466297,42.68678870037892],[23.351915407585487,42.68719198990089],[23.352635347482217,42.68853303554844],[23.352675332954043,42.68859375750727],[23.353860585430688,42.6900952293968],[23.353931483802636,42.69016746997224],[23.35512049776524,42.69115559255234],[23.355870950703988,42.692054000994425],[23.356546425241163,42.694344882784556],[23.35661803423172,42.69539828986758],[23.356622391311152,42.69543394176862],[23.356710085646437,42.69592984848343],[23.35676405143532,42.696064824772996],[23.356871921648196,42.69618089368878],[23.35702313735496,42.696266693469816],[23.357202896428316,42.6963138252952],[23.357393602509788,42.6963176754729],[23.357576587573888,42.69627786709848],[23.357733939431768,42.69619829695768],[23.357850255229344,42.69608675405708],[23.357914149246287,42.695954157133464],[23.357919367378962,42.69581348579816],[23.357834804720664,42.69533534158165],[23.35776188007219,42.69426288973835],[23.35774871267986,42.69418981894787],[23.357040421273936,42.69178779472713],[23.3569637101439,42.691647429348514],[23.356130799320056,42.6906503273431],[23.356067695555904,42.69058768858044],[23.35488375598801,42.68960379725396],[23.353752146717877,42.68817031195489],[23.35300375660069,42.68677631728349],[23.352872259901044,42.68662705054817],[23.35224224103867,42.686152984420126],[23.352226160731387,42.68614132381546],[23.351451559593386,42.68560002518781],[23.35140507011121,42.685570659093194],[23.349691064456394,42.68459353684198],[23.34860641058241,42.68379023366169],[23.348472920537237,42.68371545414662],[23.348316874236478,42.68367032059439],[23.346789196824368,42.6833996049857],[23.34670297369738,42.683389078191034],[23.344786124434453,42.68325822417216],[23.343303833559517,42.68283235029781],[23.342699423767087,42.682558701166926],[23.342695386449517,42.68255688909093],[23.342150679504716,42.68231453425612],[23.341360981814375,42.681885930499476],[23.3411616300503,42.681814607008135],[23.34001892749892,42.68158237242506],[23.339961329431787,42.68157285311009],[23.338754857228043,42.68141827321503],[23.336999634958822,42.68112639415233],[23.3349103826352,42.68057069826629],[23.33341511015042,42.680100509850874],[23.332442726212797,42.679302902615014],[23.332306420517487,42.6792194767175],[23.332143367322363,42.679168479236985],[23.331073589558674,42.678962581994746],[23.33013498830206,42.67864245513063],[23.33006213428868,42.67862167421726],[23.32833789515698,42.67822144326197],[23.3274861570066,42.677824068466],[23.327386046734002,42.6777864039373],[23.325384039635626,42.67719769001821],[23.325306053821272,42.67717913109632],[23.32320107185347,42.67679122699576],[23.32213124156839,42.6765819236559],[23.320435057526613,42.676123837021706],[23.318674776556335,42.675535858003656],[23.316969301496734,42.67492009984035],[23.31696534698087,42.67491868504306],[23.315022486247404,42.67422994093227],[23.31497018167365,42.67421356614315],[23.313216499183014,42.673734392280565],[23.31319611689628,42.673729123910086],[23.311679951366134,42.67335933466156],[23.311491751185937,42.673336616311396],[23.311303248280094,42.673357924148256],[23.3111328942515,42.67342117244094],[23.310997364292973,42.67352017011077],[23.310909924997347,42.6736452267173],[23.310879135740013,42.673784100972355],[23.310908010748225,42.67392319895524],[23.31099372390992,42.674048904757875],[23.31112788527007,42.67414891331561],[23.3112973622038,42.674213434952726],[23.31280329104782,42.67458072895459]]]},"properties":{"fault_id":"FLT-SOFIA-SOUTHPARK-PODUYANE-REC114","mrrb_record":114,"mrrb_name":"Ю. Парк - Подуяне","scientific_name":null,"fault_system":"Sofia graben internal transverse and oblique fault network","fault_type":null,"bgcs":null,"correspondence_type":"local_fault_network_correspondence","confidence":"MEDIUM","exact_trace_identity":false,"source_ids":["SRC-MRRB-2025","SRC-SOFIAPLAN-FAULTS","SRC-MATOVA-SOFIA"],"notes":["REC114 пресича картографирана активна разломна линия от SofiaPlan и има пет линии от SofiaPlan в радиус 500 m.","Най-близката пресичаща линия се различава силно по общата си ориентация, което показва пресичаща или многолинейна геометрия на разломната зона, а не проста връзка едно-към-едно.","Matova документира множество напречни и коси разломи във вътрешността на Софийския грабен."],"open_items":["Точната индивидуална идентичност на разлома и кинематиката остават неуточнени."],"mrrb_I_AF":0.6,"mrrb_H_AF":0.027,"mrrb_A_AF":489259,"mrrb_length":4823.88,"geometry_role":"official_buffered_active_fault_corridor","display_source":"MRRB + SONDI curated crosswalk","epistemic_note":"Buffered official fault corridor; not an exact mapped surface trace."}},{"type":"Feature","geometry":{"type":"Polygon","coordinates":[[[23.148786299213693,42.677080399739644],[23.149012239886837,42.67701150745534],[23.162640241445217,42.67022181047824],[23.176509825842896,42.66493873801719],[23.17663157823782,42.66487756581552],[23.185112136642136,42.659399968994016],[23.185168966607076,42.65935806300812],[23.192296345688035,42.65335808679488],[23.198972980586362,42.64909306236603],[23.199095824246786,42.64898546958558],[23.199167615823338,42.64885512007912],[23.199181328118662,42.648714773474005],[23.199135619257042,42.64857816790903],[23.19903496389166,42.64845867523624],[23.198889215060163,42.64836799211092],[23.19871263962845,42.648314995087354],[23.198522521767696,42.648304871774016],[23.19833747115947,42.64833861307609],[23.198175601495294,42.64841291621228],[23.191467224670408,42.65269818529308],[23.191407763817793,42.65274179171854],[23.184279218243216,42.65874268852574],[23.17588481075977,42.66416460456204],[23.162049419826978,42.66943463447863],[23.1619878322628,42.66946158048444],[23.14843362460896,42.67621450079456],[23.13999482315533,42.67741130986844],[23.13981548980054,42.6774591498046],[23.139664968717543,42.67754553806082],[23.139557993843344,42.67766201848603],[23.139505036748,42.67779718930179],[23.139511281557017,42.67793781913529],[23.13957611737231,42.67807014216467],[23.139693197923208,42.67818120561117],[23.139851062664977,42.67826013767745],[23.140034258572747,42.67829921180579],[23.140224852838603,42.67829460305981],[23.148786299213693,42.677080399739644]]]},"properties":{"fault_id":"FLT-SOFIA-LYULIN-REC115","mrrb_record":115,"mrrb_name":"Люлин","scientific_name":null,"fault_system":"Sofia graben southwestern / southern marginal structural domain","fault_type":null,"bgcs":null,"correspondence_type":"local_geological_fault_correspondence","confidence":"MEDIUM","exact_trace_identity":false,"source_ids":["SRC-MRRB-2025","SRC-SOFIAPLAN-FAULTS","SRC-MATOVA-SOFIA"],"notes":["REC115 пресича разломна линия от SofiaPlan с разлика в ориентацията около 2.5°.","Най-близката линия от SofiaPlan е класифицирана като предкватернерна; само тази геометрия не се използва за извеждане на съвременна активност."],"open_items":["Да се намерят независими кватернерни или неотектонски данни за коридора REC115, преди да му се присвои активна научна разломна идентичност."],"mrrb_I_AF":0.6,"mrrb_H_AF":0.027,"mrrb_A_AF":596128,"mrrb_length":5893.98,"geometry_role":"official_buffered_active_fault_corridor","display_source":"MRRB + SONDI curated crosswalk","epistemic_note":"Buffered official fault corridor; not an exact mapped surface trace."}},{"type":"Feature","geometry":{"type":"Polygon","coordinates":[[[23.18374549069579,42.750864729722196],[23.19672027402082,42.748559091131334],[23.19674002891651,42.748555320699936],[23.212569740987572,42.74532367743378],[23.212654913220536,42.74530115084788],[23.228551730942666,42.74008482526439],[23.241887489563506,42.737780251349214],[23.241932500267755,42.7377711177049],[23.25227168180128,42.735355251071624],[23.25243132381197,42.73529796028895],[23.262196457807224,42.73038205992582],[23.274618889514098,42.72629849503217],[23.284626253373514,42.723129534761256],[23.30112154118028,42.71941443456099],[23.301144797957658,42.71940881606862],[23.32356651707267,42.71361950289551],[23.323719329174754,42.713561044547404],[23.337378223475906,42.70636635384687],[23.342782087269686,42.703790148325965],[23.342924144657577,42.703696205210754],[23.343019888513638,42.7035744830283],[23.34305994693731,42.70343689692404],[23.343040399076042,42.70329691485584],[23.342963158793886,42.703168239229264],[23.342835787182743,42.70306346561607],[23.34267075232505,42.702992849848364],[23.34248420880739,42.7029633041594],[23.342294416463957,42.70297772061568],[23.34211995310851,42.70303468804862],[23.33670421918561,42.705616542597674],[23.336680764668294,42.70562830218301],[23.32308117426731,42.71279173210458],[23.300753342089063,42.71855679880963],[23.284238035642865,42.7222764089825],[23.28417541576824,42.72229331707152],[23.274133591766766,42.725473189823695],[23.274125830610814,42.725475694220236],[23.261649426503155,42.72957699482437],[23.261553757694113,42.72961637880911],[23.25181737356097,42.73451779593646],[23.2415861281863,42.73690844154825],[23.228217067695095,42.739218771375405],[23.228108085362535,42.73924580064735],[23.212200139729777,42.74446578370571],[23.196424194558436,42.747686453836515],[23.183377805908417,42.75000481684449],[23.18322276616894,42.750049579919974],[23.173110212790608,42.754219989225874],[23.172960222530584,42.754307056350434],[23.172854082269733,42.754424018802645],[23.17280218188558,42.75455942761966],[23.17280960206947,42.75470002813021],[23.172875616870847,42.754832057380824],[23.172993764609856,42.75494259134805],[23.173152480273608,42.755020810062675],[23.173336227537828,42.755059056795],[23.17352701961989,42.755053587601225],[23.173706180072735,42.755004937840006],[23.18374549069579,42.750864729722196]]]},"properties":{"fault_id":"FLT-NORTH-SOFIA-REC116","mrrb_record":116,"mrrb_name":"София - Север","scientific_name":null,"fault_system":"North-Sofia fault system / northern Sofia graben","fault_type":null,"bgcs":null,"correspondence_type":"local_regional_fault_system_correspondence","confidence":"MEDIUM","exact_trace_identity":false,"source_ids":["SRC-MRRB-2025","SRC-SOFIAPLAN-FAULTS","SRC-RADULOV-2023-NORTH-SOFIA","SRC-MATOVA-SOFIA"],"notes":["REC116 пресича картографирана активна разломна линия от SofiaPlan с възраст среден–късен Плейстоцен и Холоцен.","В радиус 500 m има четири разломни линии от SofiaPlan.","Radulov и съавт. показват, че Севернософийският разлом съдържа разклоняващи се и припокриващи се сегменти, затова REC116 се запазва на ниво разломна система, а не се определя като точна следа на Севернософийския разлом."],"open_items":["Да се направи количествено сравнение между REC116 и публикуваните сегменти на Севернософийския разлом."],"mrrb_I_AF":0.6,"mrrb_H_AF":0.027,"mrrb_A_AF":1515555,"mrrb_length":15101.44,"geometry_role":"official_buffered_active_fault_corridor","display_source":"MRRB + SONDI curated crosswalk","epistemic_note":"Buffered official fault corridor; not an exact mapped surface trace."}},{"type":"Feature","geometry":{"type":"Polygon","coordinates":[[[23.30740506015661,42.70695718491016],[23.311192554126734,42.70664216355138],[23.31501520699733,42.70635993423901],[23.317771251062965,42.70623040071803],[23.31780504152987,42.70622811452441],[23.320910722681433,42.70595349883484],[23.323159702798158,42.7058075843201],[23.323344815007417,42.705773473534684],[23.32350657461134,42.70569884374548],[23.323629147265574,42.70559100035715],[23.32370053475286,42.705460499973924],[23.323713749433708,42.70532011699134],[23.323667498143973,42.70518359310786],[23.323566308633268,42.705064292178726],[23.323420086223194,42.70497389208915],[23.323243144133894,42.704921241687785],[23.323052802424762,42.70491149465398],[23.320794252198933,42.70505803122319],[23.320775078553947,42.70505950059906],[23.317676722707667,42.705333470611365],[23.314926647747736,42.70546272476066],[23.314904662478938,42.70546405263584],[23.311067273665934,42.705747372141914],[23.311059649474846,42.705747970639386],[23.307262749998582,42.70606377633558],[23.307251462137014,42.706064793696605],[23.302896292119605,42.706487663700116],[23.302713345502813,42.70652762650272],[23.302556096961936,42.70660732734567],[23.302439938922344,42.706718964682096],[23.302376241823254,42.70685161081228],[23.302371241069014,42.70699228150932],[23.302425426554095,42.70712720696737],[23.302533494561416,42.707243179677754],[23.302684866798906,42.707328847296566],[23.302864725816296,42.70737582393981],[23.3030554654713,42.70737951110583],[23.30740506015661,42.70695718491016]]]},"properties":{"fault_id":"FLT-SOFIA-OPALCHENSKA-REC117","mrrb_record":117,"mrrb_name":"Опълченска -М. Луиза","scientific_name":null,"fault_system":"Sofia graben internal transverse and oblique fault network","fault_type":null,"bgcs":null,"correspondence_type":"local_fault_network_correspondence","confidence":"MEDIUM","exact_trace_identity":false,"source_ids":["SRC-MRRB-2025","SRC-SOFIAPLAN-FAULTS","SRC-MATOVA-SOFIA"],"notes":["REC117 преминава на приблизително 140 m от най-близката картографирана активна разломна линия на SofiaPlan, а в радиус 500 m има три картографирани линии.","Несъответствието в ориентацията спрямо най-близката цялостна линия на SofiaPlan показва многолинейна или пресичаща връзка, а не точно съвпадение на следата.","Коридорът се запазва като част от документираната вътрешна напречно-коса разломна мрежа на Софийския грабен."],"open_items":["Точната индивидуална идентичност на разлома и кинематиката остават неуточнени."],"mrrb_I_AF":0.6,"mrrb_H_AF":0.027,"mrrb_A_AF":173482,"mrrb_length":1660.07,"geometry_role":"official_buffered_active_fault_corridor","display_source":"MRRB + SONDI curated crosswalk","epistemic_note":"Buffered official fault corridor; not an exact mapped surface trace."}},{"type":"Feature","geometry":{"type":"Polygon","coordinates":[[[23.08336283567065,42.79172028330932],[23.083427830613733,42.791686341782516],[23.094912828730394,42.7848157713416],[23.104798357560753,42.77889612214905],[23.11340620139352,42.774069688583],[23.122141804982434,42.7698718119317],[23.13437245580738,42.76440414485197],[23.13451819920636,42.76431322992461],[23.13461867989172,42.76419358030261],[23.134664062268627,42.76405690825845],[23.134649904328835,42.76391659228321],[23.134577592337447,42.763786367476364],[23.13445420498767,42.76367898106079],[23.13429182037762,42.763604944629606],[23.134106333689587,42.763571505250695],[23.133915901317973,42.76358193612428],[23.133739163722833,42.763635216209636],[23.121500077114096,42.76910663746215],[23.121483168290947,42.76911447657663],[23.112720666864806,42.77332526285899],[23.11268439946081,42.77334410732709],[23.104051136365488,42.77818476869473],[23.104035729505668,42.778193697362],[23.09414285940532,42.78411770732842],[23.08268897987997,42.790969623941926],[23.070643904782038,42.79642558869271],[23.070498821454567,42.79651713039285],[23.070399250630572,42.7966372083166],[23.070354939154964,42.79677406853369],[23.070370224881458,42.79691431429051],[23.070443611924176,42.79704421734798],[23.070567916937392,42.79715106179992],[23.070730972160916,42.79722438882892],[23.070916816454474,42.79725702054095],[23.071107257746004,42.79724576263863],[23.071283653927466,42.7971917171312],[23.08336283567065,42.79172028330932]]]},"properties":{"fault_id":"FLT-HRABARSKO-HERAKOVO-REC118","mrrb_record":118,"mrrb_name":"Храбърско-Хераково","scientific_name":null,"fault_system":"Western Sofia graben marginal structural domain","fault_type":null,"bgcs":"EUR_BGCS026","correspondence_type":"unresolved_regional_spatial_relation","confidence":"OPEN","exact_trace_identity":false,"source_ids":["SRC-MRRB-2025","SRC-GEM-SONDI"],"notes":["REC118 е пространствено свързан с по-широката Софийска регионална разломна мрежа, но няма линия от SofiaPlan в радиус 2 km.","Наличните данни са недостатъчни за индивидуална научна идентичност."],"open_items":["Да се намерят локални кватернерни, неотектонски или геоложки картировки за сектора Храбърско–Хераково."],"mrrb_I_AF":0.6,"mrrb_H_AF":0.027,"mrrb_A_AF":640165,"mrrb_length":6335.3,"geometry_role":"official_buffered_active_fault_corridor","display_source":"MRRB + SONDI curated crosswalk","epistemic_note":"Buffered official fault corridor; not an exact mapped surface trace."}},{"type":"Feature","geometry":{"type":"Polygon","coordinates":[[[26.908016266472174,42.632193660019766],[26.908063899131566,42.63218206893378],[26.91841527118059,42.62930899170886],[26.918420592843653,42.62930749336193],[26.92670551659599,42.62694164921959],[26.934138143000926,42.62544955565389],[26.944315150036573,42.623451163870826],[26.944406495079175,42.623427341505405],[26.955433690194464,42.61979969598505],[26.95544129808997,42.61979714640235],[26.96680652498418,42.61591801970931],[26.96686419692825,42.61589549082486],[26.974472321435904,42.61252645265565],[26.993609482509875,42.6057743945947],[26.99376815540731,42.60569341287185],[26.99388463775915,42.60557986531774],[26.993947269076667,42.60544511887756],[26.993949779895758,42.60530266258411],[26.993891919266055,42.60516675718803],[26.993722384605924,42.60491623241614],[26.993611475904654,42.60480162631396],[26.993458054992054,42.604717947407124],[26.993277139662577,42.60467338663555],[26.993086438860963,42.6046723058335],[26.992904619325078,42.60471481079526],[26.992749478502677,42.60479674091996],[26.992636202533667,42.60491007644934],[26.99257587977253,42.605043723446684],[26.99257486361422,42.60514147642273],[26.973920911772076,42.61172296437438],[26.9738701089571,42.611743114938044],[26.96626530766304,42.615110670073896],[26.95493364273998,42.618978329544184],[26.9439547664972,42.62259007337409],[26.933823183942476,42.62457954143456],[26.933819857287467,42.624580201934236],[26.926355142082862,42.62607873498787],[26.92629511917828,42.62609328672241],[26.917983445936024,42.62846676665174],[26.907658352525704,42.631332546411784],[26.895804174977965,42.63382243105506],[26.895631079871837,42.63388169011116],[26.895491256520142,42.63397754411744],[26.89539839177759,42.63410061035642],[26.895361576094793,42.6342388423672],[26.895384413604273,42.63437870909123],[26.89546466918648,42.63450651936593],[26.895594487115666,42.63460976212385],[26.89576115993759,42.63467833110397],[26.89594837235256,42.63470551417674],[26.896137798348025,42.634688650419854],[26.908016266472174,42.632193660019766]]]},"properties":{"fault_id":"FLT-KRUMOVO-GRADISHTE-REC119","mrrb_record":119,"mrrb_name":"Крумово Градище","scientific_name":null,"fault_system":"Straldzha-Sliven regional fault system","fault_type":null,"bgcs":"EUR_BGCS010","correspondence_type":"regional_fault_system_crosswalk","confidence":"HIGH","exact_trace_identity":false,"source_ids":["SRC-MRRB-2025","SRC-GEM-SONDI","SRC-GEO-MAP-K35-055-BURGAS"],"notes":["REC119 следва доминиращата регионална ориентация на разломната система и има силно регионално съответствие с EUR_BGCS010.","Връзката се интерпретира на ниво разломна система, а не като идентичност на конкретна линия."],"open_items":["Индивидуалното научно име на разлома и публикуваната идентичност на ниво сегмент остават неуточнени."],"mrrb_I_AF":0.6,"mrrb_H_AF":0.027,"mrrb_A_AF":874662,"mrrb_length":8667.99,"geometry_role":"official_buffered_active_fault_corridor","display_source":"MRRB + SONDI curated crosswalk","epistemic_note":"Buffered official fault corridor; not an exact mapped surface trace."}},{"type":"Feature","geometry":{"type":"Polygon","coordinates":[[[25.19960765319798,41.982161253738745],[25.19960880666215,41.982161307834566],[25.216040683988275,41.98291896842007],[25.216119136779163,41.98291876766168],[25.227380016984664,41.98234191288018],[25.242671771016564,41.981700443374244],[25.24273049457983,41.9816958167969],[25.245593693545846,41.981363825823884],[25.24567573444722,41.981349882118],[25.252383678257736,41.979835639797386],[25.26272446171801,41.97887543392044],[25.27122698343362,41.979003823044394],[25.27943076840928,41.979377260117836],[25.27948979715144,41.979377786262454],[25.285370010691203,41.97921525505648],[25.285555246105467,41.979188079533344],[25.28572016053887,41.97911952316245],[25.28584861081332,41.97901629683259],[25.285928023339412,41.978888505194064],[25.285950624899904,41.97874865749245],[25.28591420345697,41.97861044303461],[25.285822324544196,41.97848739116892],[25.285683982114033,41.978391546955805],[25.285512718069015,41.978332292156736],[25.28532529669303,41.978315426934664],[25.279474697236356,41.978477141903376],[25.271288237766374,41.978104494104755],[25.271263645764353,41.97810374904896],[25.262705381473147,41.97797451927766],[25.26261859424472,41.97797787628473],[25.25218368133944,41.978946825019094],[25.252083409236192,41.978962677137496],[25.245366685309204,41.98047890481158],[25.24257440804004,41.98080267287247],[25.227308604354597,41.98144305573519],[25.227301051193514,41.981443407540645],[25.21607577114257,41.98201844387106],[25.199683934749366,41.981262631167176],[25.180068555190157,41.98032694302416],[25.17988059372464,41.98034004054745],[25.179707255877506,41.98039583519199],[25.179565508901646,41.980488865484425],[25.179469227921278,41.980610025107254],[25.179427837760073,41.98074745423686],[25.17944539030861,41.980887700418116],[25.179520167769834,41.981017035359315],[25.17964485066816,41.9811227987601],[25.179807234230168,41.981194637626146],[25.179991423050918,41.981225519744314],[25.19960765319798,41.982161253738745]]]},"properties":{"fault_id":"FLT-BRYAGOVO-DRAGOYNOVO-REC120","mrrb_record":120,"mrrb_name":"Брягово - Драгойново","scientific_name":null,"fault_system":"Bryagovo-Dragoynovo local fault segment","fault_type":null,"bgcs":null,"correspondence_type":"local_parallel_fault_segment_correspondence","confidence":"MEDIUM_HIGH","exact_trace_identity":false,"source_ids":["SRC-MRRB-2025","SRC-GEM-SONDI","SRC-GEO-MAP-K35-075-ISKRA"],"notes":["REC120 е кратка, приблизително изток–запад структура с основно простиране около 91.94°.","Най-близката GEM следа EUR_BGCS001 е на приблизително 7.17 km и локално се различава по простиране с около 20.84°.","REC120 се намира приблизително на 4.03 km от REC13 и двата записа не се пресичат.","K-35-075 Искра показва REC120 като отделен локален структурен сегмент, а не като директно продължение на моделираната следа REC13 / EUR_BGCS001.","Не е зададено директно BGCS каталогово съответствие.","Кинематиката на разлома остава неуточнена, защото наличните данни не установяват независимо кинематичен тип за REC120."],"open_items":[],"mrrb_I_AF":0.6,"mrrb_H_AF":0.027,"mrrb_A_AF":885316,"mrrb_length":8773.54,"geometry_role":"official_buffered_active_fault_corridor","display_source":"MRRB + SONDI curated crosswalk","epistemic_note":"Buffered official fault corridor; not an exact mapped surface trace."}},{"type":"Feature","geometry":{"type":"Polygon","coordinates":[[[25.0489334905999,41.89775697101979],[25.049025311305478,41.89773193710168],[25.062826075518434,41.89298826490493],[25.083469934364295,41.89147299398479],[25.105746529407103,41.894837215591416],[25.10591541088622,41.89484460107597],[25.126742618922293,41.89355788918617],[25.12692574919022,41.89352444813452],[25.127086085378206,41.8934503611215],[25.127207932487973,41.89334288041966],[25.12727936332663,41.89321252712572],[25.127293386003856,41.89307206123004],[25.12724862824836,41.892935232541035],[25.127149471595526,41.892815434747455],[25.127005622364457,41.8927243943725],[25.12683116146899,41.892671022945606],[25.126643166099253,41.89266054473218],[25.10590138936555,41.89394199251149],[25.083620291983216,41.89057708097061],[25.08344186902352,41.89057030793699],[25.062607490185293,41.892099568282276],[25.06241445669892,41.89213863723522],[25.048566265564606,41.89689861544868],[25.024991068134025,41.901746031582505],[25.02481934207801,41.901804172777574],[25.024680069953792,41.901899112340814],[25.024586884642666,41.9020215570624],[25.02454890795315,41.90215952132205],[25.02456985764567,41.902299500278325],[25.024647683383364,41.90242779179311],[25.024774767293934,41.90253183770098],[25.02493866956335,41.9026014531274],[25.025123346114498,41.90262982350727],[25.02531071918236,41.90261417168854],[25.0489334905999,41.89775697101979]]]},"properties":{"fault_id":"FLT-NOVAKOVO-REC121","mrrb_record":121,"mrrb_name":"Новаково","scientific_name":null,"fault_system":"North Rhodopean fault system / southern Upper Thracian basin-margin faulting","fault_type":null,"bgcs":"EUR_BGCS046","correspondence_type":"spatial_relation","confidence":"MEDIUM","exact_trace_identity":false,"source_ids":["SRC-MRRB-2025","SRC-GEM-SONDI","SRC-POPOV-VELICHKOV-POPOV-2015"],"notes":["REC121 е MRRB коридор с дължина 8.667 km и среден клас, с PCA простиране приблизително 97.80°.","Афинното георефериране на фиг. 3 от Popov и съавт. (2015) даде 3.25 px RMS и 5.286 px максимално остатъчно отклонение.","Реконструираната централна линия на REC121 се различава от MRRB дължината с 1.11%; 43.71% от пробните точки са в рамките на 5 px, а 67.47% — в рамките на 10 px от червената мрежа от ASTER-интерпретирани линеаменти.","Съответствието с оранжевите разломи, установени чрез полеви, сондажни и сеизмо-геофизични данни, е ограничено: 19.56% в рамките на 5 px, 25.55% в рамките на 10 px и 36.13% в рамките на 20 px.","EUR_BGCS046 пресича REC121 само за приблизително 160.7 m, което представлява около 0.277% от моделираната структура.","REC121 е най-близкият MRRB коридор за последните приблизително 7.457 km, или 12.87%, от EUR_BGCS046, но медианното разстояние в този интервал е приблизително 1029.1 m.","Само 3.12% от цялата EUR_BGCS046 едновременно е пространствено свързана с REC121 и е в рамките на 500 m от коридора; локалната разлика в ориентацията REC121–BGCS046 е приблизително 20.54°.","EUR_BGCS046 се запазва като пространствена връзка със СРЕДНА увереност, а не като частично или точно съвпадение на следата; нормално-разломната кинематика не се наследява от REC121."],"open_items":["Точното индивидуално научно име на разлома остава неуточнено.","Съвременната кинематика на разлома и точната повърхностна следа остават неуточнени."],"mrrb_I_AF":0.6,"mrrb_H_AF":0.027,"mrrb_A_AF":874522,"mrrb_length":8666.74,"geometry_role":"official_buffered_active_fault_corridor","display_source":"MRRB + SONDI curated crosswalk","epistemic_note":"Buffered official fault corridor; not an exact mapped surface trace."}},{"type":"Feature","geometry":{"type":"Polygon","coordinates":[[[24.53454069585618,42.04091743547569],[24.534574023259815,42.04091636117402],[24.582366494951263,42.03837819150589],[24.637781722399534,42.03597724197957],[24.63781635744189,42.03597498543789],[24.717241406135287,42.02904913829415],[24.717263103514526,42.029046940452886],[24.75940281141717,42.02418844901716],[24.759409565339897,42.02418763977632],[24.789104394041782,42.02049678834608],[24.789214677667147,42.02047491128719],[24.803657783145873,42.01648536671871],[24.803681558367487,42.01647836709758],[24.822927141761895,42.01045583508062],[24.838259992624337,42.00719801011659],[24.83843126638992,42.00713869597232],[24.838569581484965,42.00704281070127],[24.83866139862534,42.00691974035876],[24.838697730296783,42.006781532049246],[24.838675020443883,42.00664171462515],[24.83859549243106,42.006513974365625],[24.838466931264435,42.006410815277505],[24.838301921445648,42.006342335154145],[24.838116615098308,42.00631523718533],[24.837929150957084,42.00633217384892],[24.82256163195628,42.00959736426591],[24.822493344685817,42.00961523230544],[24.803226338160478,42.01564446741416],[24.78884913736431,42.01961580930839],[24.759214622815403,42.02329916609849],[24.717089696628072,42.028155968434774],[24.637693904565374,42.03507929454364],[24.58229269854794,42.03747965169818],[24.582284459329625,42.03748004882108],[24.534505186867097,42.040017539815324],[24.49157302070193,42.0405084527058],[24.491386903509063,42.04053257739758],[24.491219896079855,42.04059839339399],[24.491088346043032,42.04069945827524],[24.491005130430523,42.040825879245],[24.490978395184708,42.04096528145336],[24.491010757693388,42.041104019289286],[24.49109905044579,42.04122851208964],[24.491234630954196,42.04132657352323],[24.491404227656037,42.04138860451528],[24.491591239026047,42.041408532924656],[24.53454069585618,42.04091743547569]]]},"properties":{"fault_id":"FLT-STAMBOLIYSKI-REC122","mrrb_record":122,"mrrb_name":"Стамболийски","scientific_name":null,"fault_system":"Upper Thracian Rift System / southern basin-margin lineament and fault network","fault_type":null,"bgcs":null,"correspondence_type":"regional_fault_network_correspondence","confidence":"HIGH","exact_trace_identity":false,"source_ids":["SRC-MRRB-2025","SRC-GEM-SONDI","SRC-POPOV-VELICHKOV-POPOV-2015"],"notes":["REC122 е MRRB коридор с дължина 29.100 km и среден клас, с PCA простиране приблизително 98.84°.","Афинното георефериране на фиг. 3 от Popov и съавт. (2015) даде 3.25 px RMS и 5.286 px максимално остатъчно отклонение.","Реконструираната централна линия на REC122 се различава от MRRB дължината само с 0.33%; 74.45% от пробните точки са в рамките на 5 px, а 93.21% — в рамките на 10 px от червената мрежа от ASTER-интерпретирани линеаменти.","Съответствието с оранжевите разломи, установени чрез полеви, сондажни и сеизмо-геофизични данни, е слабо: 0% в рамките на 5 px, 4.79% в рамките на 10 px и 14.97% в рамките на 20 px.","Нито една моделирана GEM/BGCS структура не пресича REC122. EUR_BGCS005 е най-близък — приблизително 381.3 m от западния край, а EUR_BGCS046 е приблизително 1017.3 m от източната част; не е зададено BGCS каталогово съответствие.","REC122 е най-близкият MRRB коридор за последните приблизително 2.989 km от EUR_BGCS005, но медианното разстояние е приблизително 1864.1 m и само 0.20% от цялата моделирана структура едновременно принадлежи пространствено на REC122 и е в рамките на 500 m.","REC122 е най-близкият MRRB коридор за приблизително 2.176 km от EUR_BGCS046, но този интервал остава на приблизително 1017.3–1478.6 m и има разлика в локалната ориентация около 28.55°.","REC76 Пещера е най-близкият MRRB коридор на приблизително 4816.8 m и има сходна регионална ориентация, но REC76 и REC122 остават отделни и не се обединяват."],"open_items":["Точното индивидуално научно име на разлома остава неуточнено.","Съвременната кинематика на разлома и точната повърхностна следа остават неуточнени."],"mrrb_I_AF":0.6,"mrrb_H_AF":0.027,"mrrb_A_AF":2917396,"mrrb_length":29100.24,"geometry_role":"official_buffered_active_fault_corridor","display_source":"MRRB + SONDI curated crosswalk","epistemic_note":"Buffered official fault corridor; not an exact mapped surface trace."}},{"type":"Feature","geometry":{"type":"Polygon","coordinates":[[[26.39210742746846,42.673622584355435],[26.403462362549277,42.673109613959774],[26.40347066386434,42.67310919658468],[26.416496462055164,42.6723876629296],[26.41652720657886,42.672385379167274],[26.428189271542117,42.6712977456972],[26.43430762305688,42.6708268147159],[26.43449205878218,42.67079045610581],[26.434652241806813,42.670713818847965],[26.43477249213969,42.67060440485897],[26.43484103891723,42.670472924480976],[26.434851172588154,42.670332248025716],[26.434801901582283,42.670196145901954],[26.434698049225617,42.670077940665436],[26.434549781470974,42.6699892029404],[26.43437161172239,42.669938618855106],[26.434180980191364,42.669931139836024],[26.42805607188365,42.67040257583494],[26.428042800970974,42.67040370543858],[26.416389606491087,42.67149051370972],[26.403383554914157,42.67221095409992],[26.392015487635113,42.67272451774865],[26.391980681503682,42.67272682824134],[26.381964863613454,42.673605239630916],[26.38178114242017,42.67364353653488],[26.381622450645303,42.673721851885155],[26.38150432199467,42.67383251975903],[26.381438319810997,42.673964707351765],[26.381430905139982,42.674105475314185],[26.38148280416657,42.674241044310776],[26.381588936983746,42.674358143831824],[26.38173891472267,42.674445311230876],[26.381918056429956,42.67449401381775],[26.38210882617502,42.67449948415051],[26.39210742746846,42.673622584355435]]]},"properties":{"fault_id":"FLT-BALD-MOGILA-REC123","mrrb_record":123,"mrrb_name":"Балд Могила","scientific_name":null,"fault_system":"Straldzha-Sliven regional fault system","fault_type":null,"bgcs":"EUR_BGCS010","correspondence_type":"regional_fault_system_crosswalk","confidence":"HIGH","exact_trace_identity":false,"source_ids":["SRC-MRRB-2025","SRC-GEM-SONDI","SRC-GEO-MAP-K35-041-SLIVEN"],"notes":["REC123 се намира в главния Стралджа–Сливенски разломен пояс и показва силно регионално съответствие с EUR_BGCS010.","Не се твърди точно съвпадение на повърхностната следа."],"open_items":["Индивидуалното научно име на разлома и публикуваната идентичност на ниво сегмент остават неуточнени."],"mrrb_I_AF":0.4,"mrrb_H_AF":0.018,"mrrb_A_AF":437937,"mrrb_length":4298.87,"geometry_role":"official_buffered_active_fault_corridor","display_source":"MRRB + SONDI curated crosswalk","epistemic_note":"Buffered official fault corridor; not an exact mapped surface trace."}},{"type":"Feature","geometry":{"type":"Polygon","coordinates":[[[26.517883646880627,42.65191211380537],[26.54543635077715,42.647018242358264],[26.566951856691706,42.645957246856646],[26.5670120671436,42.64595204297918],[26.577120512677105,42.64469931413496],[26.577144314845498,42.64469600322779],[26.58258826428962,42.64385564222899],[26.58276663648554,42.64380558799438],[26.582915326731314,42.64371729037446],[26.583019780104753,42.64359939269281],[26.58306977213455,42.64346343572577],[26.583060409584498,42.643322727961255],[26.582992609310693,42.64319104284348],[26.582873008366448,42.64308127053687],[26.582713314210434,42.6430041561823],[26.58252915866664,42.64296724814025],[26.582338567830824,42.642974159154306],[26.576906548460954,42.643812678819806],[26.566840117842577,42.645060201980606],[26.545303433621903,42.64612223559019],[26.54520122626289,42.64613374940167],[26.517582590320593,42.65103933501386],[26.517551102779297,42.65104558516779],[26.493227004586526,42.65638928016658],[26.49305483130294,42.65645007493841],[26.49291653665967,42.656547164812515],[26.492825657877894,42.65667104609631],[26.492791091014833,42.6568095925458],[26.492816220075937,42.656949242321346],[26.492898585627312,42.65707632549504],[26.493030125399518,42.65717840217189],[26.493197963385235,42.65724548023478],[26.493385670224132,42.65727099349631],[26.493574871502926,42.65725244448856],[26.517883646880627,42.65191211380537]]]},"properties":{"fault_id":"FLT-GLUSHNIK-REC124","mrrb_record":124,"mrrb_name":"Глушник","scientific_name":null,"fault_system":"Straldzha-Sliven regional fault system","fault_type":null,"bgcs":"EUR_BGCS010","correspondence_type":"regional_parallel_fault_correspondence","confidence":"MEDIUM","exact_trace_identity":false,"source_ids":["SRC-MRRB-2025","SRC-GEM-SONDI","SRC-GEO-MAP-K35-054-YAMBOL","SRC-GEO-MAP-K35-055-BURGAS"],"notes":["REC124 е вторичен или паралелен коридор в рамките на по-широкия структурен пояс EUR_BGCS010.","Той е пространствено отместен от моделираната GEM линия и не се приема като същата точна следа."],"open_items":["Индивидуалното научно име на разлома и публикуваната идентичност на ниво сегмент остават неуточнени."],"mrrb_I_AF":0.6,"mrrb_H_AF":0.027,"mrrb_A_AF":755990,"mrrb_length":7476.89,"geometry_role":"official_buffered_active_fault_corridor","display_source":"MRRB + SONDI curated crosswalk","epistemic_note":"Buffered official fault corridor; not an exact mapped surface trace."}},{"type":"Feature","geometry":{"type":"Polygon","coordinates":[[[26.315487841259497,42.687998013873354],[26.319287604966583,42.6901051436989],[26.31943121197761,42.69016431884763],[26.319591024905137,42.6901930541353],[26.328130433041814,42.690849692846434],[26.33669089449869,42.69924389303405],[26.336839278674066,42.699347439500286],[26.33702566902645,42.69940908111743],[26.337229194765246,42.69942191562655],[26.348413220148597,42.69873662857902],[26.364511340111257,42.6980774477516],[26.364746325961725,42.69803210971356],[26.368083864055052,42.69682418235932],[26.37599221581195,42.695504551649044],[26.376169598553986,42.695452351096456],[26.376316431079744,42.695362271795034],[26.3764183403247,42.6952431314729],[26.37646535086554,42.695106592543375],[26.37645286132159,42.694966020457834],[26.376382094640686,42.694835175375424],[26.376259978241745,42.69472686522905],[26.376098465802595,42.69465169203209],[26.37591336712249,42.69461701413228],[26.3757228006113,42.69462622597448],[26.367744653978338,42.695957500356045],[26.367610414315983,42.69599244863274],[26.364319823435718,42.69718338532395],[26.348337258293334,42.697837826772705],[26.34832045989583,42.69783868501032],[26.3374639515933,42.698503921512845],[26.32894605699582,42.69015152936591],[26.328828570282486,42.69006425339293],[26.328683452078494,42.69000368799536],[26.328521531524814,42.689974352711424],[26.319885858799566,42.68931032925418],[26.316147362074048,42.68723718105224],[26.315986311727325,42.68717316988344],[26.301457470903163,42.68333538997795],[26.30126985439221,42.683309224159615],[26.301080461109848,42.683327113252],[26.30090782981477,42.68338730617893],[26.300768858612383,42.68348391094467],[26.30067715094547,42.68360747134239],[26.30064168400465,42.68374589253995],[26.300665929900024,42.683885624960205],[26.300747515649803,42.68401299058741],[26.300878455320902,42.68411552187928],[26.3010459316528,42.68418318221778],[26.315487841259497,42.687998013873354]]]},"properties":{"fault_id":"FLT-BARMUKA-REC125","mrrb_record":125,"mrrb_name":"Бармука","scientific_name":null,"fault_system":"Straldzha-Sliven regional fault system","fault_type":null,"bgcs":"EUR_BGCS010","correspondence_type":"regional_parallel_fault_correspondence","confidence":"MEDIUM","exact_trace_identity":false,"source_ids":["SRC-MRRB-2025","SRC-GEM-SONDI","SRC-GEO-MAP-K35-041-SLIVEN"],"notes":["REC125 се интерпретира като вторичен субпаралелен структурен коридор в по-широката система Стралджа–Сливен.","Близостта до EUR_BGCS010 сама по себе си не установява точна идентичност на разлома."],"open_items":["Индивидуалното научно име на разлома и публикуваната идентичност на ниво сегмент остават неуточнени."],"mrrb_I_AF":0.6,"mrrb_H_AF":0.027,"mrrb_A_AF":687576,"mrrb_length":6796.26,"geometry_role":"official_buffered_active_fault_corridor","display_source":"MRRB + SONDI curated crosswalk","epistemic_note":"Buffered official fault corridor; not an exact mapped surface trace."}},{"type":"Feature","geometry":{"type":"Polygon","coordinates":[[[26.322878806835035,42.67134302105625],[26.32293368504635,42.67125618307202],[26.324200741396993,42.668524178858725],[26.324228276802597,42.66843780099252],[26.32510584176683,42.66357277325852],[26.325108441482538,42.663555945855244],[26.32600887496534,42.65656032541732],[26.325994585672262,42.656412116902],[26.325915722399646,42.65627541060578],[26.325780873206874,42.656165092918975],[26.32560472242361,42.656093176621496],[26.32540645159183,42.65606749283153],[26.32499409218065,42.65606506374326],[26.324805353361036,42.65608598966901],[26.32463461256793,42.65614894059128],[26.324498582864802,42.656247754546335],[26.324410579776952,42.65637275907676],[26.32437921787885,42.65651171798512],[26.324407567455914,42.656651029053556],[26.324492853824417,42.656777055505174],[26.324626728795362,42.65687746088168],[26.324737064259804,42.65691977888769],[26.323894812833142,42.66346233613031],[26.323026643397938,42.66827476351812],[26.321800249787625,42.670918986603255],[26.31848943670189,42.674967112093654],[26.318417571115926,42.67509762350066],[26.318403879045466,42.67523813400947],[26.31844970114798,42.675374889495366],[26.318550552380724,42.675494503315186],[26.318696560896562,42.675585266709454],[26.318873434302635,42.67563829498517],[26.319063858723023,42.67564839726489],[26.319249193706458,42.67561458464418],[26.319411297029554,42.675540167001344],[26.319534300715414,42.67543242897914],[26.322878806835035,42.67134302105625]]]},"properties":{"fault_id":"FLT-SLIVEN-TRANSVERSE-REC126","mrrb_record":126,"mrrb_name":"Сливен","scientific_name":null,"fault_system":"Sliven transverse fault network","fault_type":null,"bgcs":null,"correspondence_type":"transverse_fault_network_correspondence","confidence":"MEDIUM","exact_trace_identity":false,"source_ids":["SRC-MRRB-2025","SRC-GEO-MAP-K35-041-SLIVEN"],"notes":["REC126 има отчетливо различна ориентация от доминиращата изток–запад до ЗСЗ–ИЮИ система Стралджа–Сливен.","Запазва се като напречен структурен коридор, а не като продължение на EUR_BGCS010.","Пространственото пресичане с EUR_BGCS010 не се приема като идентичност."],"open_items":["Индивидуалното научно име на разлома и публикуваната идентичност на ниво сегмент остават неуточнени."],"mrrb_I_AF":0.6,"mrrb_H_AF":0.027,"mrrb_A_AF":228250,"mrrb_length":2210.19,"geometry_role":"official_buffered_active_fault_corridor","display_source":"MRRB + SONDI curated crosswalk","epistemic_note":"Buffered official fault corridor; not an exact mapped surface trace."}},{"type":"Feature","geometry":{"type":"Polygon","coordinates":[[[26.31319935531259,42.6763759537838],[26.31322373973912,42.67637645977586],[26.31755491534678,42.67640234587797],[26.31774371800588,42.676381432422],[26.317914521265248,42.67631849243087],[26.318050605476508,42.67621968702066],[26.318138649758986,42.676094688094395],[26.318170035944103,42.67595573153499],[26.318141692098045,42.67581641942698],[26.318056393084717,42.6756903885713],[26.31792248880115,42.675589975635],[26.317753086741497,42.67552500959485],[26.317564768940436,42.67550184966244],[26.31324585474917,42.67547603750903],[26.308103648636752,42.67529325882468],[26.30791386519042,42.67530857157045],[26.307739782924273,42.67536640881962],[26.307598441964263,42.67546110916312],[26.307503677707412,42.67558340281171],[26.307464766532384,42.67572131893402],[26.307485517689226,42.675861357397956],[26.30756390028854,42.67598981023517],[26.307692241954552,42.676094103483095],[26.307857979751713,42.676164028051765],[26.30804488991672,42.67619273911417],[26.31319935531259,42.6763759537838]]]},"properties":{"fault_id":"FLT-KLUTSOHOR-REC127","mrrb_record":127,"mrrb_name":"Клуцохор","scientific_name":null,"fault_system":"Straldzha-Sliven regional fault system","fault_type":null,"bgcs":"EUR_BGCS010","correspondence_type":"regional_fault_system_crosswalk","confidence":"MEDIUM_HIGH","exact_trace_identity":false,"source_ids":["SRC-MRRB-2025","SRC-GEM-SONDI","SRC-GEO-MAP-K35-041-SLIVEN"],"notes":["REC127 има силна регионална структурна съвместимост с главния разломен пояс Стралджа–Сливен.","Индивидуалното научно име на разлома остава неуточнено."],"open_items":["Индивидуалното научно име на разлома и публикуваната идентичност на ниво сегмент остават неуточнени."],"mrrb_I_AF":0.6,"mrrb_H_AF":0.027,"mrrb_A_AF":85561,"mrrb_length":777.74,"geometry_role":"official_buffered_active_fault_corridor","display_source":"MRRB + SONDI curated crosswalk","epistemic_note":"Buffered official fault corridor; not an exact mapped surface trace."}},{"type":"Feature","geometry":{"type":"Polygon","coordinates":[[[23.824297032113023,42.55550468012565],[23.82429692604887,42.555508419667824],[23.82254154003541,42.63248651131394],[23.822541463495103,42.63249672530447],[23.823104811732232,42.70422109771603],[23.823135755499685,42.70435999591423],[23.823223381229113,42.704485043460544],[23.823359111741585,42.70458399972172],[23.823529660801512,42.7046471780278],[23.823718333661084,42.70466839392495],[23.823906661341624,42.704645570599084],[23.82407620864517,42.70458094218969],[23.824210378862357,42.70448083508393],[23.824296038464873,42.70435504860441],[23.824324802711534,42.704215895729234],[23.823760089991087,42.63249659069692],[23.825513818408968,42.55552540786789],[23.82846771503997,42.46833686527633],[23.82844267751369,42.468197325131875],[23.82836062309388,42.46807034269039],[23.828229584092306,42.46796834777664],[23.82806238755566,42.467901324223895],[23.827875399651024,42.46787583264003],[23.82768692370584,42.46789436825708],[23.827515408684945,42.467955116704125],[23.827377643420146,42.46805213160119],[23.827287113299207,42.468175916593786],[23.827252680235947,42.4683143548688],[23.824297032113023,42.55550468012565]]]},"properties":{"fault_id":"FLT-IHTIMAN-TRANSVERSE-REC128","mrrb_record":128,"mrrb_name":"","scientific_name":null,"fault_system":"Ihtiman regional transverse structural domain","fault_type":null,"bgcs":null,"correspondence_type":"regional_transverse_structural_corridor_correspondence","confidence":"MEDIUM","exact_trace_identity":false,"source_ids":["SRC-MRRB-2025","SRC-GEM-SONDI","SRC-GEO-MAP-K34-060-IHTIMAN","SRC-GEO-MAP-K34-048-BOTEVGRAD"],"notes":["REC128 е MRRB коридор с дължина 26.208 km и PCA простиране приблизително 1.4°, тоест почти север–юг.","Най-близката моделирана структура е EUR_BGCS025 на приблизително 1.69 km, но разликата в локалната ориентация е около 62.66° спрямо GEM и около 66.4° спрямо EFSM20.","REC128 не пресича EUR_BGCS025 нито в GEM, нито в EFSM20 и не му се присвоява BGCS идентичност.","REC128 е на приблизително 740 m от REC67, но се различава от него по ориентация с около 39.22°; наличните данни не установяват продължение или идентичност едно-към-едно.","Наслагванията върху геоложките карти K-34-060 Ихтиман и K-34-048 Ботевград показват, че REC128 пресича регионалната геоложка структура почти в направление север–юг, докато доминиращата картографирана структурна текстура е косо ориентирана спрямо него.","Геоложките карти не показват непрекъсната картографирана разломна следа, идентична с целия коридор REC128.","REC128 се запазва като самостоятелен напречен регионален структурен коридор с неуточнено индивидуално научно име и кинематика."],"open_items":["Да се намерят подробни теренни картировки или технически доклади, които конкретно да изяснят почти север–юг структурата, представена от REC128.","Индивидуалното научно име на разлома, кинематиката и възрастта остават неуточнени."],"mrrb_I_AF":0.2,"mrrb_H_AF":0.009,"mrrb_A_AF":2627427,"mrrb_length":26208.48,"geometry_role":"official_buffered_active_fault_corridor","display_source":"MRRB + SONDI curated crosswalk","epistemic_note":"Buffered official fault corridor; not an exact mapped surface trace."}},{"type":"Feature","geometry":{"type":"Polygon","coordinates":[[[22.674450066800944,42.26527391469206],[22.6744055890437,42.265410648582915],[22.674420174036147,42.265550899148415],[22.674492394475454,42.265680937681715],[22.674615181206843,42.26578803501898],[22.674776515092866,42.26586170759164],[22.67496060349847,42.26589474368263],[22.675149426241536,42.265883909410086],[22.67532449965851,42.26583026531247],[22.675468686058522,42.26573906253392],[22.67556787138883,42.26561922877288],[22.795008686996674,42.05145503251124],[22.795052720686375,42.05131822966634],[22.795037878143592,42.05117798096341],[22.794965612633398,42.05104801491759],[22.794842998288278,42.050941053424985],[22.794682037535487,42.05086756648755],[22.79449848618494,42.05083474738772],[22.794310311198103,42.050845808609786],[22.794135932080213,42.05089966740928],[22.793992417993444,42.0509910517977],[22.793893817015675,42.05111101656857],[22.674450066800944,42.26527391469206]]]},"properties":{"fault_id":"FLT-KYUSTENDIL-TRANSVERSE-REC129","mrrb_record":129,"mrrb_name":"","scientific_name":null,"fault_system":"Struma-Kraishte transverse structural system","fault_type":null,"bgcs":null,"correspondence_type":"regional_transverse_structural_corridor_correspondence","confidence":"MEDIUM_HIGH","exact_trace_identity":false,"source_ids":["SRC-MRRB-2025","SRC-GEM-SONDI","SRC-KRAISHTE-STRUMA-REGIONAL","SRC-GEO-MAP-K34-070-KYUSTENDIL"],"notes":["REC129 е MRRB коридор с дължина 25.755 km и PCA простиране приблизително 160.32°.","Ориентацията му се различава от MKCS012 с приблизително 83–86°, което показва напречна, а не паралелна връзка.","REC129 се намира приблизително на 595 m от REC54, но двата коридора не се пресичат.","Наслагването върху геоложката карта подкрепя отделен ССЗ–ЮЮИ структурен коридор, пресичащ по-широкия Кюстендилски регион.","Не е зададено каталогово съответствие с MKCS012."],"open_items":["Да се изяснят индивидуалното научно име на разлома и кинематиката.","Да се провери съответствието с публикуваните сегменти на Струма–Краище."],"mrrb_I_AF":0.4,"mrrb_H_AF":0.018,"mrrb_A_AF":2580338,"mrrb_length":25755.3,"geometry_role":"official_buffered_active_fault_corridor","display_source":"MRRB + SONDI curated crosswalk","epistemic_note":"Buffered official fault corridor; not an exact mapped surface trace."}},{"type":"Feature","geometry":{"type":"Polygon","coordinates":[[[22.99865849273575,42.315558455704895],[22.998734151765188,42.315429447192905],[22.99875239268372,42.31528940081821],[22.998711430311708,42.3151520253382],[22.998615274684884,42.31503076797752],[22.99847333838913,42.31493749813711],[22.9982995151134,42.31488134557816],[22.998110819648033,42.31486780679118],[22.997925722451352,42.31489820700453],[22.99776234177327,42.31496957047798],[22.997636670249705,42.31507491177191],[22.94951113423538,42.3710293647624],[22.949435301141644,42.371158332627274],[22.949416925278516,42.371298364746494],[22.949457805772973,42.37143575384341],[22.949553941312008,42.37155705127174],[22.94969592168359,42.371650383479604],[22.949869848835714,42.37170661431924],[22.950058697323737,42.37172023941071],[22.950243980972402,42.37168992499224],[22.950407562572597,42.37161863849461],[22.950533429413213,42.371513358051324],[22.99865849273575,42.315558455704895]]]},"properties":{"fault_id":"FLT-KRAISHTE-REC130","mrrb_record":130,"mrrb_name":"","scientific_name":null,"fault_system":"Struma-Kraishte transverse structural system","fault_type":null,"bgcs":null,"correspondence_type":"regional_transverse_structural_segment_correspondence","confidence":"MEDIUM","exact_trace_identity":false,"source_ids":["SRC-MRRB-2025","SRC-GEM-SONDI","SRC-KRAISHTE-STRUMA-REGIONAL","SRC-GEO-MAP-K34-070-KYUSTENDIL","SRC-GEO-MAP-K34-058-BOSILEGRAD-RADOMIR"],"notes":["REC130 е кратък, приблизително ССЗ–ЮЮИ MRRB коридор с PCA простиране около 150.14°.","Той се намира приблизително на 5.44 km от MKCS012 и няма GEM или EFSM20 структура в радиус 5 km.","Ориентацията му се различава от MKCS012 с приблизително 73–76°.","REC130 се намира приблизително на 3.51 km от REC131 и на 3.63 km от REC55.","Наличните данни подкрепят регионална напречна структурна интерпретация, но не и индивидуална научна идентичност."],"open_items":["Индивидуалното научно име на разлома, кинематиката и възрастта остават неуточнени.","Да се намери подробно структурно картографиране за сектора REC130."],"mrrb_I_AF":0.4,"mrrb_H_AF":0.018,"mrrb_A_AF":744291,"mrrb_length":7372.83,"geometry_role":"official_buffered_active_fault_corridor","display_source":"MRRB + SONDI curated crosswalk","epistemic_note":"Buffered official fault corridor; not an exact mapped surface trace."}},{"type":"Feature","geometry":{"type":"Polygon","coordinates":[[[22.88282612296892,42.382950462492396],[22.882741920486595,42.38307654137004],[22.882714390920018,42.383215739965884],[22.882746229413602,42.383354432607476],[22.882834319760683,42.383479043061854],[22.88297003929938,42.383577373483725],[22.883140102869035,42.383639798465836],[22.883327863249168,42.38366020729462],[22.883514940786924,42.38363660215579],[22.883683022662545,42.38357129371559],[22.883815655615894,42.383470674925064],[22.929831814520302,42.335312510383744],[22.929915853923326,42.33518638927596],[22.929943250620607,42.335047173082756],[22.9299113231905,42.33490848931065],[22.92982319727814,42.33478391326244],[22.929687499495785,42.33468563920385],[22.929517512900546,42.33462328674423],[22.92932987675136,42.334602959255804],[22.929142957823895,42.33462664647919],[22.928975052679288,42.334692029775006],[22.928842596809005,42.334792709076545],[22.88282612296892,42.382950462492396]]]},"properties":{"fault_id":"FLT-KRAISHTE-REC131","mrrb_record":131,"mrrb_name":"","scientific_name":null,"fault_system":"Struma-Kraishte transverse structural system","fault_type":null,"bgcs":null,"correspondence_type":"regional_transverse_structural_segment_correspondence","confidence":"MEDIUM_HIGH","exact_trace_identity":false,"source_ids":["SRC-MRRB-2025","SRC-GEM-SONDI","SRC-KRAISHTE-STRUMA-REGIONAL","SRC-GEO-MAP-K34-058-BOSILEGRAD-RADOMIR"],"notes":["REC131 е кратък ССЗ–ЮЮИ MRRB коридор с PCA простиране около 147.40°.","Той се намира приблизително на 1.82 km от MKCS012, но се различава по ориентация с около 70–73°.","REC131 е приблизително на 373 m от REC55, но разликата им в ориентацията от около 40° не подкрепя идентичност едно-към-едно.","Наслагването върху геоложката карта Босилеград–Радомир подкрепя самостоятелен ССЗ–ЮЮИ структурен коридор.","Не е зададено каталогово съответствие с MKCS012."],"open_items":["Индивидуалното научно име на разлома и кинематиката остават неуточнени.","Да се провери коридорът спрямо подробните структурни картировки на Краище."],"mrrb_I_AF":0.4,"mrrb_H_AF":0.018,"mrrb_A_AF":662705,"mrrb_length":6556.49,"geometry_role":"official_buffered_active_fault_corridor","display_source":"MRRB + SONDI curated crosswalk","epistemic_note":"Buffered official fault corridor; not an exact mapped surface trace."}},{"type":"Feature","geometry":{"type":"Polygon","coordinates":[[[22.966855116021232,43.04809367710916],[22.967004727497457,43.048005633802994],[22.967109919717412,43.0478879920583],[22.967160395870874,43.0477522676065],[22.967151215328823,43.047611746189126],[22.967083277141107,43.04748018302372],[22.966963231880563,43.04737045634652],[22.966802830520294,43.047293306832685],[22.96661777412585,43.04725628627632],[22.966426176977937,43.047263018420885],[22.9662467935459,43.04731284427504],[22.91631870363197,43.06821716431376],[22.916168973012066,43.068305135963556],[22.916063648742135,43.06842272502507],[22.91601304083218,43.06855842119972],[22.916022103465536,43.068698941687366],[22.916089949923425,43.06883053136612],[22.916209939232296,43.06894030923856],[22.91637032611003,43.069017529345125],[22.916555410634906,43.06905463270569],[22.916747075115563,43.06904798729791],[22.916926557702304,43.06899824361809],[22.966855116021232,43.04809367710916]]]},"properties":{"fault_id":"FLT-REC132-UNNAMED","mrrb_record":132,"mrrb_name":null,"scientific_name":null,"fault_system":"REC132 local active fault corridor","fault_type":null,"bgcs":null,"correspondence_type":"local_fault_corridor_correspondence","confidence":"HIGH","exact_trace_identity":false,"source_ids":["SRC-MRRB-2025","SRC-GEM-SONDI","SRC-GEO-MAP-K34-034-PIROT"],"notes":["За MRRB REC132 в изходния инвентар не е предоставено описателно име.","MRRB REC132 има основно простиране приблизително 119.59°.","EUR_RSCS006 директно пресича REC132 и има локално простиране приблизително 112.91°, което дава разлика в простирането около 6.68°.","EFSM20 независимо възпроизвежда същата връзка на пресичане и ориентация, с локално простиране около 112.81° и разлика в простирането около 6.78°.","EUR_BGCS025 е на приблизително 20.07 km и се запазва само като регионална структура за сравнение.","Сравнението с геоложката карта K-34-034 Пирот подкрепя REC132 като самостоятелен СЗ–ЮИ регионален структурен коридор.","EUR_RSCS006 се разглежда като силен кандидат за регионално съответствие, но текущата производствена схема съдържа само полето international_crosswalk.bgcs и няма установена конвенция за RSCS каталогово съответствие.","Поради това EUR_RSCS006 се документира във валидационните бележки, вместо да се записва в полето, предназначено само за BGCS.","ВИСОКАТА увереност се отнася до MRRB коридора и силното му структурно съответствие с EUR_RSCS006, а не до точно съвпадение на повърхностната следа.","В master записа не се присвоява кинематика на разлома, защото няма прието BGCS каталогово съответствие, валидно за текущата схема, от което тя да бъде наследена."],"open_items":["Силното регионално съответствие с EUR_RSCS006 трябва да бъде преместено в общо поле за международно каталогово съответствие, ако схемата бъде разширена отвъд BGCS.","Точното съвпадение на повърхностната следа остава неуточнено."],"mrrb_I_AF":0.4,"mrrb_H_AF":0.018,"mrrb_A_AF":475636,"mrrb_length":4683.67,"geometry_role":"official_buffered_active_fault_corridor","display_source":"MRRB + SONDI curated crosswalk","epistemic_note":"Buffered official fault corridor; not an exact mapped surface trace."}}]}