{
  "type": "FeatureCollection",
  "features": [
    {
      "type": "Feature",
      "geometry": {
        "type": "Point",
        "coordinates": [
          22.8476944,
          42.2580278
        ]
      },
      "properties": {
        "basin_directorate": "Западнобеломорски район",
        "district": "Кюстендил",
        "municipality": "Невестино",
        "settlement": "Невестино",
        "deposit": "Невестино-Барището” №47",
        "section": "",
        "facility": "Сондаж №1хг",
        "facility_type": "водовземно",
        "year": "1968",
        "depth_m": "267.4",
        "temperature_c": "",
        "status": "добро",
        "registry_number": "451047001/12.01.2007",
        "source_date": "06.02.2026",
        "source": "БДЗБР – официален регистър",
        "source_url": "https://wabd.bg/content/wp-content/uploads/2026/02/%D0%A0%D0%B5%D0%B3%D0%B8%D1%81%D1%82%D1%8A%D1%80-%D0%BD%D0%B0-%D0%B2%D0%BE%D0%B4%D0%BE%D0%B2%D0%B7%D0%B5%D0%BC%D0%BD%D0%B8-%D1%81%D1%8A%D0%BE%D1%80%D1%8A%D0%B6%D0%B5%D0%BD%D0%B8%D1%8F-%D0%B7%D0%B0-%D0%BC%D0%B8%D0%BD%D0%B5%D1%80%D0%B0%D0%BB%D0%BD%D0%B8-%D0%B2%D0%BE%D0%B4%D0%B8-%D0%BE%D1%82-%D0%BD%D0%B0%D1%85%D0%BE%D0%B4%D0%B8%D1%89%D0%B0-%D0%BF%D0%BE-%D0%BF%D1%80%D0%B8%D0%BB%D0%BE%D0%B6%D0%B5%D0%BD%D0%B8%D0%B5-%E2%84%962-%D0%BA%D1%8A%D0%BC-%D1%87%D0%BB.14-%D1%82.-2-%D0%BE%D1%82-%D0%97%D0%92-%D1%81%D1%82%D0%BE%D0%BF%D0%B0%D0%BD%D0%B8%D1%81%D0%B2%D0%B0%D0%BD%D0%B8-%D0%BE%D1%82-%D0%91%D0%94%D0%97%D0%91%D0%A0-06022026.xlsx",
        "coordinate_accuracy": "A – официални географски координати",
        "mapped_status": "картографирано",
        "display_category": "Минерален сондаж",
        "temperature_class": "Без температура"
      }
    },
    {
      "type": "Feature",
      "geometry": {
        "type": "Point",
        "coordinates": [
          22.8683889,
          42.2583056
        ]
      },
      "properties": {
        "basin_directorate": "Западнобеломорски район",
        "district": "Кюстендил",
        "municipality": "Невестино",
        "settlement": "Четирци",
        "deposit": "Невестино-Топилата” №48",
        "section": "",
        "facility": "Сондаж №2хг \"Топилата\"",
        "facility_type": "водовземно",
        "year": "1969",
        "depth_m": "436.5",
        "temperature_c": "",
        "status": "добро",
        "registry_number": "451047002/12.01.2007",
        "source_date": "06.02.2026",
        "source": "БДЗБР – официален регистър",
        "source_url": "https://wabd.bg/content/wp-content/uploads/2026/02/%D0%A0%D0%B5%D0%B3%D0%B8%D1%81%D1%82%D1%8A%D1%80-%D0%BD%D0%B0-%D0%B2%D0%BE%D0%B4%D0%BE%D0%B2%D0%B7%D0%B5%D0%BC%D0%BD%D0%B8-%D1%81%D1%8A%D0%BE%D1%80%D1%8A%D0%B6%D0%B5%D0%BD%D0%B8%D1%8F-%D0%B7%D0%B0-%D0%BC%D0%B8%D0%BD%D0%B5%D1%80%D0%B0%D0%BB%D0%BD%D0%B8-%D0%B2%D0%BE%D0%B4%D0%B8-%D0%BE%D1%82-%D0%BD%D0%B0%D1%85%D0%BE%D0%B4%D0%B8%D1%89%D0%B0-%D0%BF%D0%BE-%D0%BF%D1%80%D0%B8%D0%BB%D0%BE%D0%B6%D0%B5%D0%BD%D0%B8%D0%B5-%E2%84%962-%D0%BA%D1%8A%D0%BC-%D1%87%D0%BB.14-%D1%82.-2-%D0%BE%D1%82-%D0%97%D0%92-%D1%81%D1%82%D0%BE%D0%BF%D0%B0%D0%BD%D0%B8%D1%81%D0%B2%D0%B0%D0%BD%D0%B8-%D0%BE%D1%82-%D0%91%D0%94%D0%97%D0%91%D0%A0-06022026.xlsx",
        "coordinate_accuracy": "A – официални географски координати",
        "mapped_status": "картографирано",
        "display_category": "Минерален сондаж",
        "temperature_class": "Без температура"
      }
    },
    {
      "type": "Feature",
      "geometry": {
        "type": "Point",
        "coordinates": [
          22.8684028,
          42.2586694
        ]
      },
      "properties": {
        "basin_directorate": "Западнобеломорски район",
        "district": "Кюстендил",
        "municipality": "Невестино",
        "settlement": "Четирци",
        "deposit": "Невестино-Топилата” №48",
        "section": "",
        "facility": "Извор 1 \"Топилата\"",
        "facility_type": "неуточнено",
        "year": "",
        "depth_m": "",
        "temperature_c": "",
        "status": "",
        "registry_number": "",
        "source_date": "06.02.2026",
        "source": "БДЗБР – официален регистър",
        "source_url": "https://wabd.bg/content/wp-content/uploads/2026/02/%D0%A0%D0%B5%D0%B3%D0%B8%D1%81%D1%82%D1%8A%D1%80-%D0%BD%D0%B0-%D0%B2%D0%BE%D0%B4%D0%BE%D0%B2%D0%B7%D0%B5%D0%BC%D0%BD%D0%B8-%D1%81%D1%8A%D0%BE%D1%80%D1%8A%D0%B6%D0%B5%D0%BD%D0%B8%D1%8F-%D0%B7%D0%B0-%D0%BC%D0%B8%D0%BD%D0%B5%D1%80%D0%B0%D0%BB%D0%BD%D0%B8-%D0%B2%D0%BE%D0%B4%D0%B8-%D0%BE%D1%82-%D0%BD%D0%B0%D1%85%D0%BE%D0%B4%D0%B8%D1%89%D0%B0-%D0%BF%D0%BE-%D0%BF%D1%80%D0%B8%D0%BB%D0%BE%D0%B6%D0%B5%D0%BD%D0%B8%D0%B5-%E2%84%962-%D0%BA%D1%8A%D0%BC-%D1%87%D0%BB.14-%D1%82.-2-%D0%BE%D1%82-%D0%97%D0%92-%D1%81%D1%82%D0%BE%D0%BF%D0%B0%D0%BD%D0%B8%D1%81%D0%B2%D0%B0%D0%BD%D0%B8-%D0%BE%D1%82-%D0%91%D0%94%D0%97%D0%91%D0%A0-06022026.xlsx",
        "coordinate_accuracy": "A – официални географски координати",
        "mapped_status": "картографирано",
        "display_category": "Каптаж/естествен извор",
        "temperature_class": "Без температура"
      }
    },
    {
      "type": "Feature",
      "geometry": {
        "type": "Point",
        "coordinates": [
          22.8687028,
          42.2586444
        ]
      },
      "properties": {
        "basin_directorate": "Западнобеломорски район",
        "district": "Кюстендил",
        "municipality": "Невестино",
        "settlement": "Четирци",
        "deposit": "Невестино-Топилата” №48",
        "section": "",
        "facility": "КЕИ \"Топилата\"",
        "facility_type": "неуточнено",
        "year": "",
        "depth_m": "",
        "temperature_c": "",
        "status": "",
        "registry_number": "",
        "source_date": "06.02.2026",
        "source": "БДЗБР – официален регистър",
        "source_url": "https://wabd.bg/content/wp-content/uploads/2026/02/%D0%A0%D0%B5%D0%B3%D0%B8%D1%81%D1%82%D1%8A%D1%80-%D0%BD%D0%B0-%D0%B2%D0%BE%D0%B4%D0%BE%D0%B2%D0%B7%D0%B5%D0%BC%D0%BD%D0%B8-%D1%81%D1%8A%D0%BE%D1%80%D1%8A%D0%B6%D0%B5%D0%BD%D0%B8%D1%8F-%D0%B7%D0%B0-%D0%BC%D0%B8%D0%BD%D0%B5%D1%80%D0%B0%D0%BB%D0%BD%D0%B8-%D0%B2%D0%BE%D0%B4%D0%B8-%D0%BE%D1%82-%D0%BD%D0%B0%D1%85%D0%BE%D0%B4%D0%B8%D1%89%D0%B0-%D0%BF%D0%BE-%D0%BF%D1%80%D0%B8%D0%BB%D0%BE%D0%B6%D0%B5%D0%BD%D0%B8%D0%B5-%E2%84%962-%D0%BA%D1%8A%D0%BC-%D1%87%D0%BB.14-%D1%82.-2-%D0%BE%D1%82-%D0%97%D0%92-%D1%81%D1%82%D0%BE%D0%BF%D0%B0%D0%BD%D0%B8%D1%81%D0%B2%D0%B0%D0%BD%D0%B8-%D0%BE%D1%82-%D0%91%D0%94%D0%97%D0%91%D0%A0-06022026.xlsx",
        "coordinate_accuracy": "A – официални географски координати",
        "mapped_status": "картографирано",
        "display_category": "Каптаж/естествен извор",
        "temperature_class": "Без температура"
      }
    },
    {
      "type": "Feature",
      "geometry": {
        "type": "Point",
        "coordinates": [
          23.1138719,
          41.8932361
        ]
      },
      "properties": {
        "basin_directorate": "Западнобеломорски район",
        "district": "Благоевград",
        "municipality": "Симитли",
        "settlement": "Симитли",
        "deposit": "Симитли” №70",
        "section": "",
        "facility": "Сондаж №1 хг",
        "facility_type": "водовземно",
        "year": "1981",
        "depth_m": "750.2",
        "temperature_c": "57.0",
        "status": "задоволително",
        "registry_number": "451070003/12.01.2007",
        "source_date": "06.02.2026",
        "source": "БДЗБР – официален регистър",
        "source_url": "https://wabd.bg/content/wp-content/uploads/2026/02/%D0%A0%D0%B5%D0%B3%D0%B8%D1%81%D1%82%D1%8A%D1%80-%D0%BD%D0%B0-%D0%B2%D0%BE%D0%B4%D0%BE%D0%B2%D0%B7%D0%B5%D0%BC%D0%BD%D0%B8-%D1%81%D1%8A%D0%BE%D1%80%D1%8A%D0%B6%D0%B5%D0%BD%D0%B8%D1%8F-%D0%B7%D0%B0-%D0%BC%D0%B8%D0%BD%D0%B5%D1%80%D0%B0%D0%BB%D0%BD%D0%B8-%D0%B2%D0%BE%D0%B4%D0%B8-%D0%BE%D1%82-%D0%BD%D0%B0%D1%85%D0%BE%D0%B4%D0%B8%D1%89%D0%B0-%D0%BF%D0%BE-%D0%BF%D1%80%D0%B8%D0%BB%D0%BE%D0%B6%D0%B5%D0%BD%D0%B8%D0%B5-%E2%84%962-%D0%BA%D1%8A%D0%BC-%D1%87%D0%BB.14-%D1%82.-2-%D0%BE%D1%82-%D0%97%D0%92-%D1%81%D1%82%D0%BE%D0%BF%D0%B0%D0%BD%D0%B8%D1%81%D0%B2%D0%B0%D0%BD%D0%B8-%D0%BE%D1%82-%D0%91%D0%94%D0%97%D0%91%D0%A0-06022026.xlsx",
        "coordinate_accuracy": "A – официални географски координати",
        "mapped_status": "картографирано",
        "display_category": "Минерален сондаж",
        "temperature_class": "40–60°C"
      }
    },
    {
      "type": "Feature",
      "geometry": {
        "type": "Point",
        "coordinates": [
          23.1109719,
          41.8924633
        ]
      },
      "properties": {
        "basin_directorate": "Западнобеломорски район",
        "district": "Благоевград",
        "municipality": "Симитли",
        "settlement": "Симитли",
        "deposit": "Симитли” №70",
        "section": "",
        "facility": "Сондаж №5",
        "facility_type": "водовземно",
        "year": "1960",
        "depth_m": "314.6",
        "temperature_c": "62.0",
        "status": "",
        "registry_number": "",
        "source_date": "06.02.2026",
        "source": "БДЗБР – официален регистър",
        "source_url": "https://wabd.bg/content/wp-content/uploads/2026/02/%D0%A0%D0%B5%D0%B3%D0%B8%D1%81%D1%82%D1%8A%D1%80-%D0%BD%D0%B0-%D0%B2%D0%BE%D0%B4%D0%BE%D0%B2%D0%B7%D0%B5%D0%BC%D0%BD%D0%B8-%D1%81%D1%8A%D0%BE%D1%80%D1%8A%D0%B6%D0%B5%D0%BD%D0%B8%D1%8F-%D0%B7%D0%B0-%D0%BC%D0%B8%D0%BD%D0%B5%D1%80%D0%B0%D0%BB%D0%BD%D0%B8-%D0%B2%D0%BE%D0%B4%D0%B8-%D0%BE%D1%82-%D0%BD%D0%B0%D1%85%D0%BE%D0%B4%D0%B8%D1%89%D0%B0-%D0%BF%D0%BE-%D0%BF%D1%80%D0%B8%D0%BB%D0%BE%D0%B6%D0%B5%D0%BD%D0%B8%D0%B5-%E2%84%962-%D0%BA%D1%8A%D0%BC-%D1%87%D0%BB.14-%D1%82.-2-%D0%BE%D1%82-%D0%97%D0%92-%D1%81%D1%82%D0%BE%D0%BF%D0%B0%D0%BD%D0%B8%D1%81%D0%B2%D0%B0%D0%BD%D0%B8-%D0%BE%D1%82-%D0%91%D0%94%D0%97%D0%91%D0%A0-06022026.xlsx",
        "coordinate_accuracy": "A – официални географски координати",
        "mapped_status": "картографирано",
        "display_category": "Минерален сондаж",
        "temperature_class": "60–80°C"
      }
    },
    {
      "type": "Feature",
      "geometry": {
        "type": "Point",
        "coordinates": [
          23.1091714,
          41.8903536
        ]
      },
      "properties": {
        "basin_directorate": "Западнобеломорски район",
        "district": "Благоевград",
        "municipality": "Симитли",
        "settlement": "Симитли",
        "deposit": "Симитли” №70",
        "section": "",
        "facility": "Сондаж №6",
        "facility_type": "водовземно",
        "year": "1964",
        "depth_m": "422.2",
        "temperature_c": "61.0",
        "status": "добро",
        "registry_number": "451070001/12.01.2007",
        "source_date": "06.02.2026",
        "source": "БДЗБР – официален регистър",
        "source_url": "https://wabd.bg/content/wp-content/uploads/2026/02/%D0%A0%D0%B5%D0%B3%D0%B8%D1%81%D1%82%D1%8A%D1%80-%D0%BD%D0%B0-%D0%B2%D0%BE%D0%B4%D0%BE%D0%B2%D0%B7%D0%B5%D0%BC%D0%BD%D0%B8-%D1%81%D1%8A%D0%BE%D1%80%D1%8A%D0%B6%D0%B5%D0%BD%D0%B8%D1%8F-%D0%B7%D0%B0-%D0%BC%D0%B8%D0%BD%D0%B5%D1%80%D0%B0%D0%BB%D0%BD%D0%B8-%D0%B2%D0%BE%D0%B4%D0%B8-%D0%BE%D1%82-%D0%BD%D0%B0%D1%85%D0%BE%D0%B4%D0%B8%D1%89%D0%B0-%D0%BF%D0%BE-%D0%BF%D1%80%D0%B8%D0%BB%D0%BE%D0%B6%D0%B5%D0%BD%D0%B8%D0%B5-%E2%84%962-%D0%BA%D1%8A%D0%BC-%D1%87%D0%BB.14-%D1%82.-2-%D0%BE%D1%82-%D0%97%D0%92-%D1%81%D1%82%D0%BE%D0%BF%D0%B0%D0%BD%D0%B8%D1%81%D0%B2%D0%B0%D0%BD%D0%B8-%D0%BE%D1%82-%D0%91%D0%94%D0%97%D0%91%D0%A0-06022026.xlsx",
        "coordinate_accuracy": "A – официални географски координати",
        "mapped_status": "картографирано",
        "display_category": "Минерален сондаж",
        "temperature_class": "60–80°C"
      }
    },
    {
      "type": "Feature",
      "geometry": {
        "type": "Point",
        "coordinates": [
          23.1138581,
          41.8932808
        ]
      },
      "properties": {
        "basin_directorate": "Западнобеломорски район",
        "district": "Благоевград",
        "municipality": "Симитли",
        "settlement": "Симитли",
        "deposit": "Симитли” №70",
        "section": "",
        "facility": "Сондаж №7",
        "facility_type": "водовземно",
        "year": "1965",
        "depth_m": "234.7",
        "temperature_c": "50.0",
        "status": "добро",
        "registry_number": "451070002/12.01.2007",
        "source_date": "06.02.2026",
        "source": "БДЗБР – официален регистър",
        "source_url": "https://wabd.bg/content/wp-content/uploads/2026/02/%D0%A0%D0%B5%D0%B3%D0%B8%D1%81%D1%82%D1%8A%D1%80-%D0%BD%D0%B0-%D0%B2%D0%BE%D0%B4%D0%BE%D0%B2%D0%B7%D0%B5%D0%BC%D0%BD%D0%B8-%D1%81%D1%8A%D0%BE%D1%80%D1%8A%D0%B6%D0%B5%D0%BD%D0%B8%D1%8F-%D0%B7%D0%B0-%D0%BC%D0%B8%D0%BD%D0%B5%D1%80%D0%B0%D0%BB%D0%BD%D0%B8-%D0%B2%D0%BE%D0%B4%D0%B8-%D0%BE%D1%82-%D0%BD%D0%B0%D1%85%D0%BE%D0%B4%D0%B8%D1%89%D0%B0-%D0%BF%D0%BE-%D0%BF%D1%80%D0%B8%D0%BB%D0%BE%D0%B6%D0%B5%D0%BD%D0%B8%D0%B5-%E2%84%962-%D0%BA%D1%8A%D0%BC-%D1%87%D0%BB.14-%D1%82.-2-%D0%BE%D1%82-%D0%97%D0%92-%D1%81%D1%82%D0%BE%D0%BF%D0%B0%D0%BD%D0%B8%D1%81%D0%B2%D0%B0%D0%BD%D0%B8-%D0%BE%D1%82-%D0%91%D0%94%D0%97%D0%91%D0%A0-06022026.xlsx",
        "coordinate_accuracy": "A – официални географски координати",
        "mapped_status": "картографирано",
        "display_category": "Минерален сондаж",
        "temperature_class": "40–60°C"
      }
    },
    {
      "type": "Feature",
      "geometry": {
        "type": "Point",
        "coordinates": [
          23.1089617,
          41.889845
        ]
      },
      "properties": {
        "basin_directorate": "Западнобеломорски район",
        "district": "Благоевград",
        "municipality": "Симитли",
        "settlement": "Симитли",
        "deposit": "Симитли” №70",
        "section": "",
        "facility": "Сондаж №8",
        "facility_type": "водовземно",
        "year": "2000",
        "depth_m": "452.0",
        "temperature_c": "60.0",
        "status": "добро",
        "registry_number": "451070007/12.01.2007",
        "source_date": "06.02.2026",
        "source": "БДЗБР – официален регистър",
        "source_url": "https://wabd.bg/content/wp-content/uploads/2026/02/%D0%A0%D0%B5%D0%B3%D0%B8%D1%81%D1%82%D1%8A%D1%80-%D0%BD%D0%B0-%D0%B2%D0%BE%D0%B4%D0%BE%D0%B2%D0%B7%D0%B5%D0%BC%D0%BD%D0%B8-%D1%81%D1%8A%D0%BE%D1%80%D1%8A%D0%B6%D0%B5%D0%BD%D0%B8%D1%8F-%D0%B7%D0%B0-%D0%BC%D0%B8%D0%BD%D0%B5%D1%80%D0%B0%D0%BB%D0%BD%D0%B8-%D0%B2%D0%BE%D0%B4%D0%B8-%D0%BE%D1%82-%D0%BD%D0%B0%D1%85%D0%BE%D0%B4%D0%B8%D1%89%D0%B0-%D0%BF%D0%BE-%D0%BF%D1%80%D0%B8%D0%BB%D0%BE%D0%B6%D0%B5%D0%BD%D0%B8%D0%B5-%E2%84%962-%D0%BA%D1%8A%D0%BC-%D1%87%D0%BB.14-%D1%82.-2-%D0%BE%D1%82-%D0%97%D0%92-%D1%81%D1%82%D0%BE%D0%BF%D0%B0%D0%BD%D0%B8%D1%81%D0%B2%D0%B0%D0%BD%D0%B8-%D0%BE%D1%82-%D0%91%D0%94%D0%97%D0%91%D0%A0-06022026.xlsx",
        "coordinate_accuracy": "A – официални географски координати",
        "mapped_status": "картографирано",
        "display_category": "Минерален сондаж",
        "temperature_class": "60–80°C"
      }
    },
    {
      "type": "Feature",
      "geometry": {
        "type": "Point",
        "coordinates": [
          23.1095994,
          41.8914617
        ]
      },
      "properties": {
        "basin_directorate": "Западнобеломорски район",
        "district": "Благоевград",
        "municipality": "Симитли",
        "settlement": "Симитли",
        "deposit": "Симитли” №70",
        "section": "",
        "facility": "Сондаж №14 хг",
        "facility_type": "водовземно",
        "year": "1957",
        "depth_m": "156.0",
        "temperature_c": "69.0",
        "status": "",
        "registry_number": "",
        "source_date": "06.02.2026",
        "source": "БДЗБР – официален регистър",
        "source_url": "https://wabd.bg/content/wp-content/uploads/2026/02/%D0%A0%D0%B5%D0%B3%D0%B8%D1%81%D1%82%D1%8A%D1%80-%D0%BD%D0%B0-%D0%B2%D0%BE%D0%B4%D0%BE%D0%B2%D0%B7%D0%B5%D0%BC%D0%BD%D0%B8-%D1%81%D1%8A%D0%BE%D1%80%D1%8A%D0%B6%D0%B5%D0%BD%D0%B8%D1%8F-%D0%B7%D0%B0-%D0%BC%D0%B8%D0%BD%D0%B5%D1%80%D0%B0%D0%BB%D0%BD%D0%B8-%D0%B2%D0%BE%D0%B4%D0%B8-%D0%BE%D1%82-%D0%BD%D0%B0%D1%85%D0%BE%D0%B4%D0%B8%D1%89%D0%B0-%D0%BF%D0%BE-%D0%BF%D1%80%D0%B8%D0%BB%D0%BE%D0%B6%D0%B5%D0%BD%D0%B8%D0%B5-%E2%84%962-%D0%BA%D1%8A%D0%BC-%D1%87%D0%BB.14-%D1%82.-2-%D0%BE%D1%82-%D0%97%D0%92-%D1%81%D1%82%D0%BE%D0%BF%D0%B0%D0%BD%D0%B8%D1%81%D0%B2%D0%B0%D0%BD%D0%B8-%D0%BE%D1%82-%D0%91%D0%94%D0%97%D0%91%D0%A0-06022026.xlsx",
        "coordinate_accuracy": "A – официални географски координати",
        "mapped_status": "картографирано",
        "display_category": "Минерален сондаж",
        "temperature_class": "60–80°C"
      }
    },
    {
      "type": "Feature",
      "geometry": {
        "type": "Point",
        "coordinates": [
          23.1080097,
          41.8907886
        ]
      },
      "properties": {
        "basin_directorate": "Западнобеломорски район",
        "district": "Благоевград",
        "municipality": "Симитли",
        "settlement": "Симитли",
        "deposit": "Симитли” №70",
        "section": "",
        "facility": "Сондаж №18",
        "facility_type": "водовземно",
        "year": "1957",
        "depth_m": "95.4",
        "temperature_c": "66.0",
        "status": "",
        "registry_number": "",
        "source_date": "06.02.2026",
        "source": "БДЗБР – официален регистър",
        "source_url": "https://wabd.bg/content/wp-content/uploads/2026/02/%D0%A0%D0%B5%D0%B3%D0%B8%D1%81%D1%82%D1%8A%D1%80-%D0%BD%D0%B0-%D0%B2%D0%BE%D0%B4%D0%BE%D0%B2%D0%B7%D0%B5%D0%BC%D0%BD%D0%B8-%D1%81%D1%8A%D0%BE%D1%80%D1%8A%D0%B6%D0%B5%D0%BD%D0%B8%D1%8F-%D0%B7%D0%B0-%D0%BC%D0%B8%D0%BD%D0%B5%D1%80%D0%B0%D0%BB%D0%BD%D0%B8-%D0%B2%D0%BE%D0%B4%D0%B8-%D0%BE%D1%82-%D0%BD%D0%B0%D1%85%D0%BE%D0%B4%D0%B8%D1%89%D0%B0-%D0%BF%D0%BE-%D0%BF%D1%80%D0%B8%D0%BB%D0%BE%D0%B6%D0%B5%D0%BD%D0%B8%D0%B5-%E2%84%962-%D0%BA%D1%8A%D0%BC-%D1%87%D0%BB.14-%D1%82.-2-%D0%BE%D1%82-%D0%97%D0%92-%D1%81%D1%82%D0%BE%D0%BF%D0%B0%D0%BD%D0%B8%D1%81%D0%B2%D0%B0%D0%BD%D0%B8-%D0%BE%D1%82-%D0%91%D0%94%D0%97%D0%91%D0%A0-06022026.xlsx",
        "coordinate_accuracy": "A – официални географски координати",
        "mapped_status": "картографирано",
        "display_category": "Минерален сондаж",
        "temperature_class": "60–80°C"
      }
    },
    {
      "type": "Feature",
      "geometry": {
        "type": "Point",
        "coordinates": [
          23.2824122,
          41.5684783
        ]
      },
      "properties": {
        "basin_directorate": "Западнобеломорски район",
        "district": "Благоевград",
        "municipality": "Сандански",
        "settlement": "Сандански",
        "deposit": "Сандански” №66",
        "section": "",
        "facility": "Сондаж №1 хг",
        "facility_type": "водовземно",
        "year": "1966",
        "depth_m": "1016.0",
        "temperature_c": "",
        "status": "добро",
        "registry_number": "451066001/12.01.2007",
        "source_date": "06.02.2026",
        "source": "БДЗБР – официален регистър",
        "source_url": "https://wabd.bg/content/wp-content/uploads/2026/02/%D0%A0%D0%B5%D0%B3%D0%B8%D1%81%D1%82%D1%8A%D1%80-%D0%BD%D0%B0-%D0%B2%D0%BE%D0%B4%D0%BE%D0%B2%D0%B7%D0%B5%D0%BC%D0%BD%D0%B8-%D1%81%D1%8A%D0%BE%D1%80%D1%8A%D0%B6%D0%B5%D0%BD%D0%B8%D1%8F-%D0%B7%D0%B0-%D0%BC%D0%B8%D0%BD%D0%B5%D1%80%D0%B0%D0%BB%D0%BD%D0%B8-%D0%B2%D0%BE%D0%B4%D0%B8-%D0%BE%D1%82-%D0%BD%D0%B0%D1%85%D0%BE%D0%B4%D0%B8%D1%89%D0%B0-%D0%BF%D0%BE-%D0%BF%D1%80%D0%B8%D0%BB%D0%BE%D0%B6%D0%B5%D0%BD%D0%B8%D0%B5-%E2%84%962-%D0%BA%D1%8A%D0%BC-%D1%87%D0%BB.14-%D1%82.-2-%D0%BE%D1%82-%D0%97%D0%92-%D1%81%D1%82%D0%BE%D0%BF%D0%B0%D0%BD%D0%B8%D1%81%D0%B2%D0%B0%D0%BD%D0%B8-%D0%BE%D1%82-%D0%91%D0%94%D0%97%D0%91%D0%A0-06022026.xlsx",
        "coordinate_accuracy": "A – официални географски координати",
        "mapped_status": "картографирано",
        "display_category": "Минерален сондаж",
        "temperature_class": "Без температура"
      }
    },
    {
      "type": "Feature",
      "geometry": {
        "type": "Point",
        "coordinates": [
          23.2802753,
          41.5678597
        ]
      },
      "properties": {
        "basin_directorate": "Западнобеломорски район",
        "district": "Благоевград",
        "municipality": "Сандански",
        "settlement": "Сандански",
        "deposit": "Сандански” №66",
        "section": "",
        "facility": "Сондаж №6",
        "facility_type": "водовземно",
        "year": "1959",
        "depth_m": "400.0",
        "temperature_c": "81.0",
        "status": "лошо",
        "registry_number": "451066003/12.01.2007",
        "source_date": "06.02.2026",
        "source": "БДЗБР – официален регистър",
        "source_url": "https://wabd.bg/content/wp-content/uploads/2026/02/%D0%A0%D0%B5%D0%B3%D0%B8%D1%81%D1%82%D1%8A%D1%80-%D0%BD%D0%B0-%D0%B2%D0%BE%D0%B4%D0%BE%D0%B2%D0%B7%D0%B5%D0%BC%D0%BD%D0%B8-%D1%81%D1%8A%D0%BE%D1%80%D1%8A%D0%B6%D0%B5%D0%BD%D0%B8%D1%8F-%D0%B7%D0%B0-%D0%BC%D0%B8%D0%BD%D0%B5%D1%80%D0%B0%D0%BB%D0%BD%D0%B8-%D0%B2%D0%BE%D0%B4%D0%B8-%D0%BE%D1%82-%D0%BD%D0%B0%D1%85%D0%BE%D0%B4%D0%B8%D1%89%D0%B0-%D0%BF%D0%BE-%D0%BF%D1%80%D0%B8%D0%BB%D0%BE%D0%B6%D0%B5%D0%BD%D0%B8%D0%B5-%E2%84%962-%D0%BA%D1%8A%D0%BC-%D1%87%D0%BB.14-%D1%82.-2-%D0%BE%D1%82-%D0%97%D0%92-%D1%81%D1%82%D0%BE%D0%BF%D0%B0%D0%BD%D0%B8%D1%81%D0%B2%D0%B0%D0%BD%D0%B8-%D0%BE%D1%82-%D0%91%D0%94%D0%97%D0%91%D0%A0-06022026.xlsx",
        "coordinate_accuracy": "A – официални географски координати",
        "mapped_status": "картографирано",
        "display_category": "Минерален сондаж",
        "temperature_class": "≥ 80°C"
      }
    },
    {
      "type": "Feature",
      "geometry": {
        "type": "Point",
        "coordinates": [
          23.2813042,
          41.5675831
        ]
      },
      "properties": {
        "basin_directorate": "Западнобеломорски район",
        "district": "Благоевград",
        "municipality": "Сандански",
        "settlement": "Сандански",
        "deposit": "Сандански” №66",
        "section": "",
        "facility": "КЕИ №8 (КЕИ №8 \"Централан каптаж\")",
        "facility_type": "водовземно",
        "year": "1948-1949",
        "depth_m": "15.5",
        "temperature_c": "82.0",
        "status": "задоволително",
        "registry_number": "451066002/12.01.2007",
        "source_date": "06.02.2026",
        "source": "БДЗБР – официален регистър",
        "source_url": "https://wabd.bg/content/wp-content/uploads/2026/02/%D0%A0%D0%B5%D0%B3%D0%B8%D1%81%D1%82%D1%8A%D1%80-%D0%BD%D0%B0-%D0%B2%D0%BE%D0%B4%D0%BE%D0%B2%D0%B7%D0%B5%D0%BC%D0%BD%D0%B8-%D1%81%D1%8A%D0%BE%D1%80%D1%8A%D0%B6%D0%B5%D0%BD%D0%B8%D1%8F-%D0%B7%D0%B0-%D0%BC%D0%B8%D0%BD%D0%B5%D1%80%D0%B0%D0%BB%D0%BD%D0%B8-%D0%B2%D0%BE%D0%B4%D0%B8-%D0%BE%D1%82-%D0%BD%D0%B0%D1%85%D0%BE%D0%B4%D0%B8%D1%89%D0%B0-%D0%BF%D0%BE-%D0%BF%D1%80%D0%B8%D0%BB%D0%BE%D0%B6%D0%B5%D0%BD%D0%B8%D0%B5-%E2%84%962-%D0%BA%D1%8A%D0%BC-%D1%87%D0%BB.14-%D1%82.-2-%D0%BE%D1%82-%D0%97%D0%92-%D1%81%D1%82%D0%BE%D0%BF%D0%B0%D0%BD%D0%B8%D1%81%D0%B2%D0%B0%D0%BD%D0%B8-%D0%BE%D1%82-%D0%91%D0%94%D0%97%D0%91%D0%A0-06022026.xlsx",
        "coordinate_accuracy": "A – официални географски координати",
        "mapped_status": "картографирано",
        "display_category": "Каптаж/естествен извор",
        "temperature_class": "≥ 80°C"
      }
    },
    {
      "type": "Feature",
      "geometry": {
        "type": "Point",
        "coordinates": [
          23.2839722,
          41.5701389
        ]
      },
      "properties": {
        "basin_directorate": "Западнобеломорски район",
        "district": "Благоевград",
        "municipality": "Сандански",
        "settlement": "Сандански",
        "deposit": "Сандански” №66",
        "section": "",
        "facility": "Каптаж в парка",
        "facility_type": "за мониторинг",
        "year": "",
        "depth_m": "",
        "temperature_c": "",
        "status": "лошо",
        "registry_number": "",
        "source_date": "06.02.2026",
        "source": "БДЗБР – официален регистър",
        "source_url": "https://wabd.bg/content/wp-content/uploads/2026/02/%D0%A0%D0%B5%D0%B3%D0%B8%D1%81%D1%82%D1%8A%D1%80-%D0%BD%D0%B0-%D0%B2%D0%BE%D0%B4%D0%BE%D0%B2%D0%B7%D0%B5%D0%BC%D0%BD%D0%B8-%D1%81%D1%8A%D0%BE%D1%80%D1%8A%D0%B6%D0%B5%D0%BD%D0%B8%D1%8F-%D0%B7%D0%B0-%D0%BC%D0%B8%D0%BD%D0%B5%D1%80%D0%B0%D0%BB%D0%BD%D0%B8-%D0%B2%D0%BE%D0%B4%D0%B8-%D0%BE%D1%82-%D0%BD%D0%B0%D1%85%D0%BE%D0%B4%D0%B8%D1%89%D0%B0-%D0%BF%D0%BE-%D0%BF%D1%80%D0%B8%D0%BB%D0%BE%D0%B6%D0%B5%D0%BD%D0%B8%D0%B5-%E2%84%962-%D0%BA%D1%8A%D0%BC-%D1%87%D0%BB.14-%D1%82.-2-%D0%BE%D1%82-%D0%97%D0%92-%D1%81%D1%82%D0%BE%D0%BF%D0%B0%D0%BD%D0%B8%D1%81%D0%B2%D0%B0%D0%BD%D0%B8-%D0%BE%D1%82-%D0%91%D0%94%D0%97%D0%91%D0%A0-06022026.xlsx",
        "coordinate_accuracy": "A – официални географски координати",
        "mapped_status": "картографирано",
        "display_category": "Каптаж/естествен извор",
        "temperature_class": "Без температура"
      }
    },
    {
      "type": "Feature",
      "geometry": {
        "type": "Point",
        "coordinates": [
          23.4227778,
          41.4539167
        ]
      },
      "properties": {
        "basin_directorate": "Западнобеломорски район",
        "district": "Благоевград",
        "municipality": "Сандански",
        "settlement": "Катунци",
        "deposit": "Катунци” №33",
        "section": "",
        "facility": "Сондаж 236хг",
        "facility_type": "водовземно",
        "year": "1987",
        "depth_m": "291.0",
        "temperature_c": "27.2",
        "status": "добро",
        "registry_number": "45133001/12.01.2007",
        "source_date": "06.02.2026",
        "source": "БДЗБР – официален регистър",
        "source_url": "https://wabd.bg/content/wp-content/uploads/2026/02/%D0%A0%D0%B5%D0%B3%D0%B8%D1%81%D1%82%D1%8A%D1%80-%D0%BD%D0%B0-%D0%B2%D0%BE%D0%B4%D0%BE%D0%B2%D0%B7%D0%B5%D0%BC%D0%BD%D0%B8-%D1%81%D1%8A%D0%BE%D1%80%D1%8A%D0%B6%D0%B5%D0%BD%D0%B8%D1%8F-%D0%B7%D0%B0-%D0%BC%D0%B8%D0%BD%D0%B5%D1%80%D0%B0%D0%BB%D0%BD%D0%B8-%D0%B2%D0%BE%D0%B4%D0%B8-%D0%BE%D1%82-%D0%BD%D0%B0%D1%85%D0%BE%D0%B4%D0%B8%D1%89%D0%B0-%D0%BF%D0%BE-%D0%BF%D1%80%D0%B8%D0%BB%D0%BE%D0%B6%D0%B5%D0%BD%D0%B8%D0%B5-%E2%84%962-%D0%BA%D1%8A%D0%BC-%D1%87%D0%BB.14-%D1%82.-2-%D0%BE%D1%82-%D0%97%D0%92-%D1%81%D1%82%D0%BE%D0%BF%D0%B0%D0%BD%D0%B8%D1%81%D0%B2%D0%B0%D0%BD%D0%B8-%D0%BE%D1%82-%D0%91%D0%94%D0%97%D0%91%D0%A0-06022026.xlsx",
        "coordinate_accuracy": "A – официални географски координати",
        "mapped_status": "картографирано",
        "display_category": "Минерален сондаж",
        "temperature_class": "25–40°C"
      }
    },
    {
      "type": "Feature",
      "geometry": {
        "type": "Point",
        "coordinates": [
          23.42275,
          41.4540556
        ]
      },
      "properties": {
        "basin_directorate": "Западнобеломорски район",
        "district": "Благоевград",
        "municipality": "Сандански",
        "settlement": "Катунци",
        "deposit": "Катунци” №33",
        "section": "",
        "facility": "Сондаж 235хг          (С-2914)",
        "facility_type": "водовземно",
        "year": "1982",
        "depth_m": "255.0",
        "temperature_c": "",
        "status": "добро",
        "registry_number": "451033002/12.01.2007",
        "source_date": "06.02.2026",
        "source": "БДЗБР – официален регистър",
        "source_url": "https://wabd.bg/content/wp-content/uploads/2026/02/%D0%A0%D0%B5%D0%B3%D0%B8%D1%81%D1%82%D1%8A%D1%80-%D0%BD%D0%B0-%D0%B2%D0%BE%D0%B4%D0%BE%D0%B2%D0%B7%D0%B5%D0%BC%D0%BD%D0%B8-%D1%81%D1%8A%D0%BE%D1%80%D1%8A%D0%B6%D0%B5%D0%BD%D0%B8%D1%8F-%D0%B7%D0%B0-%D0%BC%D0%B8%D0%BD%D0%B5%D1%80%D0%B0%D0%BB%D0%BD%D0%B8-%D0%B2%D0%BE%D0%B4%D0%B8-%D0%BE%D1%82-%D0%BD%D0%B0%D1%85%D0%BE%D0%B4%D0%B8%D1%89%D0%B0-%D0%BF%D0%BE-%D0%BF%D1%80%D0%B8%D0%BB%D0%BE%D0%B6%D0%B5%D0%BD%D0%B8%D0%B5-%E2%84%962-%D0%BA%D1%8A%D0%BC-%D1%87%D0%BB.14-%D1%82.-2-%D0%BE%D1%82-%D0%97%D0%92-%D1%81%D1%82%D0%BE%D0%BF%D0%B0%D0%BD%D0%B8%D1%81%D0%B2%D0%B0%D0%BD%D0%B8-%D0%BE%D1%82-%D0%91%D0%94%D0%97%D0%91%D0%A0-06022026.xlsx",
        "coordinate_accuracy": "A – официални географски координати",
        "mapped_status": "картографирано",
        "display_category": "Минерален сондаж",
        "temperature_class": "Без температура"
      }
    },
    {
      "type": "Feature",
      "geometry": {
        "type": "Point",
        "coordinates": [
          23.9808611,
          42.0283889
        ]
      },
      "properties": {
        "basin_directorate": "Източнобеломорски район",
        "district": "Пазарджик",
        "municipality": "Велинград",
        "settlement": "Велинград",
        "deposit": "Велинград-Лъджене”, гр. Велинград, община Велинград, област Пазарджик",
        "section": "-",
        "facility": "Каптиран естествен извор № К-6 \"Вельова баня\"",
        "facility_type": "водовземно",
        "year": "липсва архивна информация",
        "depth_m": "2.0",
        "temperature_c": "",
        "status": "сравнително добро",
        "registry_number": "351017001  26.03.2008г.",
        "source_date": "30.09.2019",
        "source": "БДИБР – официален регистър",
        "source_url": "https://earbd.bg/files/File/Razreshitelni/Registri%20na%20izdadenite%20razreshitelni/2024/11/15_web2021_REG_%D0%A1%D1%8A%D0%BE%D1%80%D1%8A%D0%B6%D0%B5%D0%BD%D0%B8%D1%8F%D0%9C%D0%B8%D0%BD%D0%B5%D1%80%D0%B0%D0%BB%D0%BD%D0%B8%D0%92%D0%BE%D0%B4%D0%B8_%D0%91%D0%94%D0%98%D0%91%D0%A0_2019.xlsx",
        "coordinate_accuracy": "A – официални географски координати",
        "mapped_status": "картографирано",
        "display_category": "Каптаж/естествен извор",
        "temperature_class": "Без температура"
      }
    },
    {
      "type": "Feature",
      "geometry": {
        "type": "Point",
        "coordinates": [
          23.9811667,
          42.0285278
        ]
      },
      "properties": {
        "basin_directorate": "Източнобеломорски район",
        "district": "Пазарджик",
        "municipality": "Велинград",
        "settlement": "Велинград",
        "deposit": "Велинград-Лъджене”, гр. Велинград, община Велинград, област Пазарджик",
        "section": "-",
        "facility": "Каптаж № К-9 \"Вельова баня\"",
        "facility_type": "водовземно",
        "year": "липсва архивна информация",
        "depth_m": "2.0",
        "temperature_c": "",
        "status": "добро",
        "registry_number": "351017002  26.03.2008г.",
        "source_date": "30.09.2019",
        "source": "БДИБР – официален регистър",
        "source_url": "https://earbd.bg/files/File/Razreshitelni/Registri%20na%20izdadenite%20razreshitelni/2024/11/15_web2021_REG_%D0%A1%D1%8A%D0%BE%D1%80%D1%8A%D0%B6%D0%B5%D0%BD%D0%B8%D1%8F%D0%9C%D0%B8%D0%BD%D0%B5%D1%80%D0%B0%D0%BB%D0%BD%D0%B8%D0%92%D0%BE%D0%B4%D0%B8_%D0%91%D0%94%D0%98%D0%91%D0%A0_2019.xlsx",
        "coordinate_accuracy": "A – официални географски координати",
        "mapped_status": "картографирано",
        "display_category": "Каптаж/естествен извор",
        "temperature_class": "Без температура"
      }
    },
    {
      "type": "Feature",
      "geometry": {
        "type": "Point",
        "coordinates": [
          23.9812778,
          42.0285833
        ]
      },
      "properties": {
        "basin_directorate": "Източнобеломорски район",
        "district": "Пазарджик",
        "municipality": "Велинград",
        "settlement": "Велинград",
        "deposit": "Велинград-Лъджене”, гр. Велинград, община Велинград, област Пазарджик",
        "section": "-",
        "facility": "Каптаж № К-11 \"Вельова баня\"",
        "facility_type": "водовземно",
        "year": "липсва архивна информация",
        "depth_m": "1.0",
        "temperature_c": "",
        "status": "лошо",
        "registry_number": "351017003  26.03.2008г.",
        "source_date": "30.09.2019",
        "source": "БДИБР – официален регистър",
        "source_url": "https://earbd.bg/files/File/Razreshitelni/Registri%20na%20izdadenite%20razreshitelni/2024/11/15_web2021_REG_%D0%A1%D1%8A%D0%BE%D1%80%D1%8A%D0%B6%D0%B5%D0%BD%D0%B8%D1%8F%D0%9C%D0%B8%D0%BD%D0%B5%D1%80%D0%B0%D0%BB%D0%BD%D0%B8%D0%92%D0%BE%D0%B4%D0%B8_%D0%91%D0%94%D0%98%D0%91%D0%A0_2019.xlsx",
        "coordinate_accuracy": "A – официални географски координати",
        "mapped_status": "картографирано",
        "display_category": "Каптаж/естествен извор",
        "temperature_class": "Без температура"
      }
    },
    {
      "type": "Feature",
      "geometry": {
        "type": "Point",
        "coordinates": [
          23.9783611,
          42.0286389
        ]
      },
      "properties": {
        "basin_directorate": "Източнобеломорски район",
        "district": "Пазарджик",
        "municipality": "Велинград",
        "settlement": "Велинград",
        "deposit": "Велинград-Лъджене”, гр. Велинград, община Велинград, област Пазарджик",
        "section": "-",
        "facility": "КЕИ № К-8 \"Вельова баня\"",
        "facility_type": "водовземно",
        "year": "липсва архивна информация",
        "depth_m": "1.2",
        "temperature_c": "",
        "status": "добро",
        "registry_number": "351017004  26.03.2008г.",
        "source_date": "30.09.2019",
        "source": "БДИБР – официален регистър",
        "source_url": "https://earbd.bg/files/File/Razreshitelni/Registri%20na%20izdadenite%20razreshitelni/2024/11/15_web2021_REG_%D0%A1%D1%8A%D0%BE%D1%80%D1%8A%D0%B6%D0%B5%D0%BD%D0%B8%D1%8F%D0%9C%D0%B8%D0%BD%D0%B5%D1%80%D0%B0%D0%BB%D0%BD%D0%B8%D0%92%D0%BE%D0%B4%D0%B8_%D0%91%D0%94%D0%98%D0%91%D0%A0_2019.xlsx",
        "coordinate_accuracy": "A – официални географски координати",
        "mapped_status": "картографирано",
        "display_category": "Каптаж/естествен извор",
        "temperature_class": "Без температура"
      }
    },
    {
      "type": "Feature",
      "geometry": {
        "type": "Point",
        "coordinates": [
          23.9783333,
          42.0286667
        ]
      },
      "properties": {
        "basin_directorate": "Източнобеломорски район",
        "district": "Пазарджик",
        "municipality": "Велинград",
        "settlement": "Велинград",
        "deposit": "Велинград-Лъджене”, гр. Велинград, община Велинград, област Пазарджик",
        "section": "-",
        "facility": "Сондаж № 1ВКП \"Вельова баня\"",
        "facility_type": "водовземно",
        "year": "1964",
        "depth_m": "203.5",
        "temperature_c": "",
        "status": "добро",
        "registry_number": "351017005  26.03.2008г.",
        "source_date": "30.09.2019",
        "source": "БДИБР – официален регистър",
        "source_url": "https://earbd.bg/files/File/Razreshitelni/Registri%20na%20izdadenite%20razreshitelni/2024/11/15_web2021_REG_%D0%A1%D1%8A%D0%BE%D1%80%D1%8A%D0%B6%D0%B5%D0%BD%D0%B8%D1%8F%D0%9C%D0%B8%D0%BD%D0%B5%D1%80%D0%B0%D0%BB%D0%BD%D0%B8%D0%92%D0%BE%D0%B4%D0%B8_%D0%91%D0%94%D0%98%D0%91%D0%A0_2019.xlsx",
        "coordinate_accuracy": "A – официални географски координати",
        "mapped_status": "картографирано",
        "display_category": "Минерален сондаж",
        "temperature_class": "Без температура"
      }
    },
    {
      "type": "Feature",
      "geometry": {
        "type": "Point",
        "coordinates": [
          23.9818333,
          42.0288611
        ]
      },
      "properties": {
        "basin_directorate": "Източнобеломорски район",
        "district": "Пазарджик",
        "municipality": "Велинград",
        "settlement": "Велинград",
        "deposit": "Велинград-Лъджене”, гр. Велинград, община Велинград, област Пазарджик",
        "section": "-",
        "facility": "Сондаж № 2ВКП \"Вельова баня\"",
        "facility_type": "водовземно",
        "year": "1958-1959",
        "depth_m": "178.0",
        "temperature_c": "",
        "status": "задоволително",
        "registry_number": "351017006  26.03.2008г.",
        "source_date": "30.09.2019",
        "source": "БДИБР – официален регистър",
        "source_url": "https://earbd.bg/files/File/Razreshitelni/Registri%20na%20izdadenite%20razreshitelni/2024/11/15_web2021_REG_%D0%A1%D1%8A%D0%BE%D1%80%D1%8A%D0%B6%D0%B5%D0%BD%D0%B8%D1%8F%D0%9C%D0%B8%D0%BD%D0%B5%D1%80%D0%B0%D0%BB%D0%BD%D0%B8%D0%92%D0%BE%D0%B4%D0%B8_%D0%91%D0%94%D0%98%D0%91%D0%A0_2019.xlsx",
        "coordinate_accuracy": "A – официални географски координати",
        "mapped_status": "картографирано",
        "display_category": "Минерален сондаж",
        "temperature_class": "Без температура"
      }
    },
    {
      "type": "Feature",
      "geometry": {
        "type": "Point",
        "coordinates": [
          23.9809444,
          42.0285556
        ]
      },
      "properties": {
        "basin_directorate": "Източнобеломорски район",
        "district": "Пазарджик",
        "municipality": "Велинград",
        "settlement": "Велинград",
        "deposit": "Велинград-Лъджене”, гр. Велинград, община Велинград, област Пазарджик",
        "section": "-",
        "facility": "Сондаж № 7КГ \"Вельова баня\"",
        "facility_type": "водовземно",
        "year": "1971 г.",
        "depth_m": "501.4",
        "temperature_c": "",
        "status": "добро",
        "registry_number": "351017007  26.03.2008г.",
        "source_date": "30.09.2019",
        "source": "БДИБР – официален регистър",
        "source_url": "https://earbd.bg/files/File/Razreshitelni/Registri%20na%20izdadenite%20razreshitelni/2024/11/15_web2021_REG_%D0%A1%D1%8A%D0%BE%D1%80%D1%8A%D0%B6%D0%B5%D0%BD%D0%B8%D1%8F%D0%9C%D0%B8%D0%BD%D0%B5%D1%80%D0%B0%D0%BB%D0%BD%D0%B8%D0%92%D0%BE%D0%B4%D0%B8_%D0%91%D0%94%D0%98%D0%91%D0%A0_2019.xlsx",
        "coordinate_accuracy": "A – официални географски координати",
        "mapped_status": "картографирано",
        "display_category": "Минерален сондаж",
        "temperature_class": "Без температура"
      }
    },
    {
      "type": "Feature",
      "geometry": {
        "type": "Point",
        "coordinates": [
          23.9861944,
          42.0288611
        ]
      },
      "properties": {
        "basin_directorate": "Източнобеломорски район",
        "district": "Пазарджик",
        "municipality": "Велинград",
        "settlement": "Велинград",
        "deposit": "Велинград-Лъджене”, гр. Велинград, община Велинград, област Пазарджик",
        "section": "-",
        "facility": "Каптиран естествен извор № К-14",
        "facility_type": "водовземно",
        "year": "липсва архивна информация",
        "depth_m": "2.1",
        "temperature_c": "",
        "status": "добро по доклад, но няма достъп",
        "registry_number": "351017008  26.03.2008г.",
        "source_date": "30.09.2019",
        "source": "БДИБР – официален регистър",
        "source_url": "https://earbd.bg/files/File/Razreshitelni/Registri%20na%20izdadenite%20razreshitelni/2024/11/15_web2021_REG_%D0%A1%D1%8A%D0%BE%D1%80%D1%8A%D0%B6%D0%B5%D0%BD%D0%B8%D1%8F%D0%9C%D0%B8%D0%BD%D0%B5%D1%80%D0%B0%D0%BB%D0%BD%D0%B8%D0%92%D0%BE%D0%B4%D0%B8_%D0%91%D0%94%D0%98%D0%91%D0%A0_2019.xlsx",
        "coordinate_accuracy": "A – официални географски координати",
        "mapped_status": "картографирано",
        "display_category": "Каптаж/естествен извор",
        "temperature_class": "Без температура"
      }
    },
    {
      "type": "Feature",
      "geometry": {
        "type": "Point",
        "coordinates": [
          23.9856556,
          42.0282417
        ]
      },
      "properties": {
        "basin_directorate": "Източнобеломорски район",
        "district": "Пазарджик",
        "municipality": "Велинград",
        "settlement": "Велинград",
        "deposit": "Велинград-Лъджене”, гр. Велинград, община Велинград, област Пазарджик",
        "section": "-",
        "facility": "Каптиран естествен извор № К-16",
        "facility_type": "водовземно",
        "year": "липсва архивна информация",
        "depth_m": "0.6",
        "temperature_c": "",
        "status": "не се открива на терена",
        "registry_number": "351017009  26.03.2008г.",
        "source_date": "30.09.2019",
        "source": "БДИБР – официален регистър",
        "source_url": "https://earbd.bg/files/File/Razreshitelni/Registri%20na%20izdadenite%20razreshitelni/2024/11/15_web2021_REG_%D0%A1%D1%8A%D0%BE%D1%80%D1%8A%D0%B6%D0%B5%D0%BD%D0%B8%D1%8F%D0%9C%D0%B8%D0%BD%D0%B5%D1%80%D0%B0%D0%BB%D0%BD%D0%B8%D0%92%D0%BE%D0%B4%D0%B8_%D0%91%D0%94%D0%98%D0%91%D0%A0_2019.xlsx",
        "coordinate_accuracy": "A – официални географски координати",
        "mapped_status": "картографирано",
        "display_category": "Каптаж/естествен извор",
        "temperature_class": "Без температура"
      }
    },
    {
      "type": "Feature",
      "geometry": {
        "type": "Point",
        "coordinates": [
          23.9853972,
          42.0280194
        ]
      },
      "properties": {
        "basin_directorate": "Източнобеломорски район",
        "district": "Пазарджик",
        "municipality": "Велинград",
        "settlement": "Велинград",
        "deposit": "Велинград-Лъджене”, гр. Велинград, община Велинград, област Пазарджик",
        "section": "-",
        "facility": "Каптиран естествен извор № К-17/К-15",
        "facility_type": "водовземно",
        "year": "липсва архивна информация",
        "depth_m": "",
        "temperature_c": "",
        "status": "не се открива на терена",
        "registry_number": "351017010  26.03.2008г.",
        "source_date": "30.09.2019",
        "source": "БДИБР – официален регистър",
        "source_url": "https://earbd.bg/files/File/Razreshitelni/Registri%20na%20izdadenite%20razreshitelni/2024/11/15_web2021_REG_%D0%A1%D1%8A%D0%BE%D1%80%D1%8A%D0%B6%D0%B5%D0%BD%D0%B8%D1%8F%D0%9C%D0%B8%D0%BD%D0%B5%D1%80%D0%B0%D0%BB%D0%BD%D0%B8%D0%92%D0%BE%D0%B4%D0%B8_%D0%91%D0%94%D0%98%D0%91%D0%A0_2019.xlsx",
        "coordinate_accuracy": "A – официални географски координати",
        "mapped_status": "картографирано",
        "display_category": "Каптаж/естествен извор",
        "temperature_class": "Без температура"
      }
    },
    {
      "type": "Feature",
      "geometry": {
        "type": "Point",
        "coordinates": [
          23.9878333,
          42.02925
        ]
      },
      "properties": {
        "basin_directorate": "Източнобеломорски район",
        "district": "Пазарджик",
        "municipality": "Велинград",
        "settlement": "Велинград",
        "deposit": "Велинград-Лъджене”, гр. Велинград, община Велинград, област Пазарджик",
        "section": "-",
        "facility": "Каптиран естествен извор № К-18",
        "facility_type": "водовземно",
        "year": "1951г.",
        "depth_m": "6.0",
        "temperature_c": "",
        "status": "лошо",
        "registry_number": "351017011  26.03.2008г.",
        "source_date": "30.09.2019",
        "source": "БДИБР – официален регистър",
        "source_url": "https://earbd.bg/files/File/Razreshitelni/Registri%20na%20izdadenite%20razreshitelni/2024/11/15_web2021_REG_%D0%A1%D1%8A%D0%BE%D1%80%D1%8A%D0%B6%D0%B5%D0%BD%D0%B8%D1%8F%D0%9C%D0%B8%D0%BD%D0%B5%D1%80%D0%B0%D0%BB%D0%BD%D0%B8%D0%92%D0%BE%D0%B4%D0%B8_%D0%91%D0%94%D0%98%D0%91%D0%A0_2019.xlsx",
        "coordinate_accuracy": "A – официални географски координати",
        "mapped_status": "картографирано",
        "display_category": "Каптаж/естествен извор",
        "temperature_class": "Без температура"
      }
    },
    {
      "type": "Feature",
      "geometry": {
        "type": "Point",
        "coordinates": [
          23.9896389,
          42.0297778
        ]
      },
      "properties": {
        "basin_directorate": "Източнобеломорски район",
        "district": "Пазарджик",
        "municipality": "Велинград",
        "settlement": "Велинград",
        "deposit": "Велинград-Лъджене”, гр. Велинград, община Велинград, област Пазарджик",
        "section": "-",
        "facility": "Каптиран естествен извор № К-19",
        "facility_type": "водовземно",
        "year": "липсва архивна информация",
        "depth_m": "2.0",
        "temperature_c": "",
        "status": "лошо",
        "registry_number": "351017012  26.03.2008г.",
        "source_date": "30.09.2019",
        "source": "БДИБР – официален регистър",
        "source_url": "https://earbd.bg/files/File/Razreshitelni/Registri%20na%20izdadenite%20razreshitelni/2024/11/15_web2021_REG_%D0%A1%D1%8A%D0%BE%D1%80%D1%8A%D0%B6%D0%B5%D0%BD%D0%B8%D1%8F%D0%9C%D0%B8%D0%BD%D0%B5%D1%80%D0%B0%D0%BB%D0%BD%D0%B8%D0%92%D0%BE%D0%B4%D0%B8_%D0%91%D0%94%D0%98%D0%91%D0%A0_2019.xlsx",
        "coordinate_accuracy": "A – официални географски координати",
        "mapped_status": "картографирано",
        "display_category": "Каптаж/естествен извор",
        "temperature_class": "Без температура"
      }
    },
    {
      "type": "Feature",
      "geometry": {
        "type": "Point",
        "coordinates": [
          23.9895556,
          42.0303056
        ]
      },
      "properties": {
        "basin_directorate": "Източнобеломорски район",
        "district": "Пазарджик",
        "municipality": "Велинград",
        "settlement": "Велинград",
        "deposit": "Велинград-Лъджене”, гр. Велинград, община Велинград, област Пазарджик",
        "section": "-",
        "facility": "Каптиран естествен извор № К-21",
        "facility_type": "водовземно",
        "year": "1925г.",
        "depth_m": "1.6",
        "temperature_c": "",
        "status": "много добро",
        "registry_number": "351017013  26.03.2008г.",
        "source_date": "30.09.2019",
        "source": "БДИБР – официален регистър",
        "source_url": "https://earbd.bg/files/File/Razreshitelni/Registri%20na%20izdadenite%20razreshitelni/2024/11/15_web2021_REG_%D0%A1%D1%8A%D0%BE%D1%80%D1%8A%D0%B6%D0%B5%D0%BD%D0%B8%D1%8F%D0%9C%D0%B8%D0%BD%D0%B5%D1%80%D0%B0%D0%BB%D0%BD%D0%B8%D0%92%D0%BE%D0%B4%D0%B8_%D0%91%D0%94%D0%98%D0%91%D0%A0_2019.xlsx",
        "coordinate_accuracy": "A – официални географски координати",
        "mapped_status": "картографирано",
        "display_category": "Каптаж/естествен извор",
        "temperature_class": "Без температура"
      }
    },
    {
      "type": "Feature",
      "geometry": {
        "type": "Point",
        "coordinates": [
          23.9903056,
          42.0313611
        ]
      },
      "properties": {
        "basin_directorate": "Източнобеломорски район",
        "district": "Пазарджик",
        "municipality": "Велинград",
        "settlement": "Велинград",
        "deposit": "Велинград-Лъджене”, гр. Велинград, община Велинград, област Пазарджик",
        "section": "-",
        "facility": "Каптиран естествен извор № К-28 \"Кремъчна баня\"",
        "facility_type": "водовземно",
        "year": "липсва архивна информация",
        "depth_m": "2.2",
        "temperature_c": "",
        "status": "лошо",
        "registry_number": "351017014  26.03.2008г.",
        "source_date": "30.09.2019",
        "source": "БДИБР – официален регистър",
        "source_url": "https://earbd.bg/files/File/Razreshitelni/Registri%20na%20izdadenite%20razreshitelni/2024/11/15_web2021_REG_%D0%A1%D1%8A%D0%BE%D1%80%D1%8A%D0%B6%D0%B5%D0%BD%D0%B8%D1%8F%D0%9C%D0%B8%D0%BD%D0%B5%D1%80%D0%B0%D0%BB%D0%BD%D0%B8%D0%92%D0%BE%D0%B4%D0%B8_%D0%91%D0%94%D0%98%D0%91%D0%A0_2019.xlsx",
        "coordinate_accuracy": "A – официални географски координати",
        "mapped_status": "картографирано",
        "display_category": "Каптаж/естествен извор",
        "temperature_class": "Без температура"
      }
    },
    {
      "type": "Feature",
      "geometry": {
        "type": "Point",
        "coordinates": [
          23.9903333,
          42.0313333
        ]
      },
      "properties": {
        "basin_directorate": "Източнобеломорски район",
        "district": "Пазарджик",
        "municipality": "Велинград",
        "settlement": "Велинград",
        "deposit": "Велинград-Лъджене”, гр. Велинград, община Велинград, област Пазарджик",
        "section": "-",
        "facility": "Каптиран естествен извор № К-29 \"Кремъчна баня\"",
        "facility_type": "водовземно",
        "year": "липсва архивна информация",
        "depth_m": "2.2",
        "temperature_c": "",
        "status": "лошо",
        "registry_number": "351017015  26.03.2008г.",
        "source_date": "30.09.2019",
        "source": "БДИБР – официален регистър",
        "source_url": "https://earbd.bg/files/File/Razreshitelni/Registri%20na%20izdadenite%20razreshitelni/2024/11/15_web2021_REG_%D0%A1%D1%8A%D0%BE%D1%80%D1%8A%D0%B6%D0%B5%D0%BD%D0%B8%D1%8F%D0%9C%D0%B8%D0%BD%D0%B5%D1%80%D0%B0%D0%BB%D0%BD%D0%B8%D0%92%D0%BE%D0%B4%D0%B8_%D0%91%D0%94%D0%98%D0%91%D0%A0_2019.xlsx",
        "coordinate_accuracy": "A – официални географски координати",
        "mapped_status": "картографирано",
        "display_category": "Каптаж/естествен извор",
        "temperature_class": "Без температура"
      }
    },
    {
      "type": "Feature",
      "geometry": {
        "type": "Point",
        "coordinates": [
          23.9901111,
          42.0311389
        ]
      },
      "properties": {
        "basin_directorate": "Източнобеломорски район",
        "district": "Пазарджик",
        "municipality": "Велинград",
        "settlement": "Велинград",
        "deposit": "Велинград-Лъджене”, гр. Велинград, община Велинград, област Пазарджик",
        "section": "-",
        "facility": "Сондаж № 7ВКП \"Кремъчна баня\"",
        "facility_type": "водовземно",
        "year": "1963 г.",
        "depth_m": "345.2",
        "temperature_c": "",
        "status": "добро",
        "registry_number": "351017016  26.03.2008г.",
        "source_date": "30.09.2019",
        "source": "БДИБР – официален регистър",
        "source_url": "https://earbd.bg/files/File/Razreshitelni/Registri%20na%20izdadenite%20razreshitelni/2024/11/15_web2021_REG_%D0%A1%D1%8A%D0%BE%D1%80%D1%8A%D0%B6%D0%B5%D0%BD%D0%B8%D1%8F%D0%9C%D0%B8%D0%BD%D0%B5%D1%80%D0%B0%D0%BB%D0%BD%D0%B8%D0%92%D0%BE%D0%B4%D0%B8_%D0%91%D0%94%D0%98%D0%91%D0%A0_2019.xlsx",
        "coordinate_accuracy": "A – официални географски координати",
        "mapped_status": "картографирано",
        "display_category": "Минерален сондаж",
        "temperature_class": "Без температура"
      }
    },
    {
      "type": "Feature",
      "geometry": {
        "type": "Point",
        "coordinates": [
          23.9971944,
          42.0329444
        ]
      },
      "properties": {
        "basin_directorate": "Източнобеломорски район",
        "district": "Пазарджик",
        "municipality": "Велинград",
        "settlement": "Велинград",
        "deposit": "Велинград-Лъджене”, гр. Велинград, община Велинград, област Пазарджик",
        "section": "-",
        "facility": "Сондаж № 8КГ \"Топилата\"",
        "facility_type": "водовземно",
        "year": "1987 г.",
        "depth_m": "159.0",
        "temperature_c": "",
        "status": "задоволително",
        "registry_number": "351017017  26.03.2008г.",
        "source_date": "30.09.2019",
        "source": "БДИБР – официален регистър",
        "source_url": "https://earbd.bg/files/File/Razreshitelni/Registri%20na%20izdadenite%20razreshitelni/2024/11/15_web2021_REG_%D0%A1%D1%8A%D0%BE%D1%80%D1%8A%D0%B6%D0%B5%D0%BD%D0%B8%D1%8F%D0%9C%D0%B8%D0%BD%D0%B5%D1%80%D0%B0%D0%BB%D0%BD%D0%B8%D0%92%D0%BE%D0%B4%D0%B8_%D0%91%D0%94%D0%98%D0%91%D0%A0_2019.xlsx",
        "coordinate_accuracy": "A – официални географски координати",
        "mapped_status": "картографирано",
        "display_category": "Минерален сондаж",
        "temperature_class": "Без температура"
      }
    },
    {
      "type": "Feature",
      "geometry": {
        "type": "Point",
        "coordinates": [
          23.9850556,
          42.0291111
        ]
      },
      "properties": {
        "basin_directorate": "Източнобеломорски район",
        "district": "Пазарджик",
        "municipality": "Велинград",
        "settlement": "Велинград",
        "deposit": "Велинград-Лъджене”, гр. Велинград, община Велинград, област Пазарджик",
        "section": "-",
        "facility": "Сондаж № 6ВКП \"Вельова баня\"",
        "facility_type": "водовземно",
        "year": "1963 г.",
        "depth_m": "150.6",
        "temperature_c": "",
        "status": "добро",
        "registry_number": "351017018  26.03.2008г.",
        "source_date": "30.09.2019",
        "source": "БДИБР – официален регистър",
        "source_url": "https://earbd.bg/files/File/Razreshitelni/Registri%20na%20izdadenite%20razreshitelni/2024/11/15_web2021_REG_%D0%A1%D1%8A%D0%BE%D1%80%D1%8A%D0%B6%D0%B5%D0%BD%D0%B8%D1%8F%D0%9C%D0%B8%D0%BD%D0%B5%D1%80%D0%B0%D0%BB%D0%BD%D0%B8%D0%92%D0%BE%D0%B4%D0%B8_%D0%91%D0%94%D0%98%D0%91%D0%A0_2019.xlsx",
        "coordinate_accuracy": "A – официални географски координати",
        "mapped_status": "картографирано",
        "display_category": "Минерален сондаж",
        "temperature_class": "Без температура"
      }
    },
    {
      "type": "Feature",
      "geometry": {
        "type": "Point",
        "coordinates": [
          23.9803056,
          42.0283611
        ]
      },
      "properties": {
        "basin_directorate": "Източнобеломорски район",
        "district": "Пазарджик",
        "municipality": "Велинград",
        "settlement": "Велинград",
        "deposit": "Велинград-Лъджене”, гр. Велинград, община Велинград, област Пазарджик",
        "section": "-",
        "facility": "Каптиран естествен извор № К-7 \"Вельова баня\"",
        "facility_type": "водовземно",
        "year": "липсва архивна информация",
        "depth_m": "1.2",
        "temperature_c": "",
        "status": "сравнителн  добро",
        "registry_number": "351017019  26.03.2008г.",
        "source_date": "30.09.2019",
        "source": "БДИБР – официален регистър",
        "source_url": "https://earbd.bg/files/File/Razreshitelni/Registri%20na%20izdadenite%20razreshitelni/2024/11/15_web2021_REG_%D0%A1%D1%8A%D0%BE%D1%80%D1%8A%D0%B6%D0%B5%D0%BD%D0%B8%D1%8F%D0%9C%D0%B8%D0%BD%D0%B5%D1%80%D0%B0%D0%BB%D0%BD%D0%B8%D0%92%D0%BE%D0%B4%D0%B8_%D0%91%D0%94%D0%98%D0%91%D0%A0_2019.xlsx",
        "coordinate_accuracy": "A – официални географски координати",
        "mapped_status": "картографирано",
        "display_category": "Каптаж/естествен извор",
        "temperature_class": "Без температура"
      }
    },
    {
      "type": "Feature",
      "geometry": {
        "type": "Point",
        "coordinates": [
          23.9981389,
          42.0279722
        ]
      },
      "properties": {
        "basin_directorate": "Източнобеломорски район",
        "district": "Пазарджик",
        "municipality": "Велинград",
        "settlement": "Велинград",
        "deposit": "Велинград-Лъджене”, гр. Велинград, община Велинград, област Пазарджик",
        "section": "-",
        "facility": "Снондаж № 9 \"Кентавър\"",
        "facility_type": "водовземно",
        "year": "липсва архивна информация",
        "depth_m": "",
        "temperature_c": "",
        "status": "",
        "registry_number": "351017020",
        "source_date": "30.09.2019",
        "source": "БДИБР – официален регистър",
        "source_url": "https://earbd.bg/files/File/Razreshitelni/Registri%20na%20izdadenite%20razreshitelni/2024/11/15_web2021_REG_%D0%A1%D1%8A%D0%BE%D1%80%D1%8A%D0%B6%D0%B5%D0%BD%D0%B8%D1%8F%D0%9C%D0%B8%D0%BD%D0%B5%D1%80%D0%B0%D0%BB%D0%BD%D0%B8%D0%92%D0%BE%D0%B4%D0%B8_%D0%91%D0%94%D0%98%D0%91%D0%A0_2019.xlsx",
        "coordinate_accuracy": "A – официални географски координати",
        "mapped_status": "картографирано",
        "display_category": "Минерален сондаж",
        "temperature_class": "Без температура"
      }
    },
    {
      "type": "Feature",
      "geometry": {
        "type": "Point",
        "coordinates": [
          23.9728889,
          41.9954722
        ]
      },
      "properties": {
        "basin_directorate": "Източнобеломорски район",
        "district": "Пазарджик",
        "municipality": "Велинград",
        "settlement": "Велинград",
        "deposit": "Велинград-Чепино”, гр. Велинград, община Велинград, област Пазарджик",
        "section": "-",
        "facility": "КЕИ № 1 \"Стар каптаж\"",
        "facility_type": "водовземно",
        "year": "1956 - 1957 г",
        "depth_m": "",
        "temperature_c": "",
        "status": "неизвестно",
        "registry_number": "351018002  26.03.2008г.",
        "source_date": "30.09.2019",
        "source": "БДИБР – официален регистър",
        "source_url": "https://earbd.bg/files/File/Razreshitelni/Registri%20na%20izdadenite%20razreshitelni/2024/11/15_web2021_REG_%D0%A1%D1%8A%D0%BE%D1%80%D1%8A%D0%B6%D0%B5%D0%BD%D0%B8%D1%8F%D0%9C%D0%B8%D0%BD%D0%B5%D1%80%D0%B0%D0%BB%D0%BD%D0%B8%D0%92%D0%BE%D0%B4%D0%B8_%D0%91%D0%94%D0%98%D0%91%D0%A0_2019.xlsx",
        "coordinate_accuracy": "A – официални географски координати",
        "mapped_status": "картографирано",
        "display_category": "Каптаж/естествен извор",
        "temperature_class": "Без температура"
      }
    },
    {
      "type": "Feature",
      "geometry": {
        "type": "Point",
        "coordinates": [
          23.9730278,
          41.9955
        ]
      },
      "properties": {
        "basin_directorate": "Източнобеломорски район",
        "district": "Пазарджик",
        "municipality": "Велинград",
        "settlement": "Велинград",
        "deposit": "Велинград-Чепино”, гр. Велинград, община Велинград, област Пазарджик",
        "section": "-",
        "facility": "КЕИ № 2 \"Нов каптаж\"",
        "facility_type": "водовземно",
        "year": "1956 - 1957 г",
        "depth_m": "8.0",
        "temperature_c": "",
        "status": "добро",
        "registry_number": "351018003  26.03.2008г.",
        "source_date": "30.09.2019",
        "source": "БДИБР – официален регистър",
        "source_url": "https://earbd.bg/files/File/Razreshitelni/Registri%20na%20izdadenite%20razreshitelni/2024/11/15_web2021_REG_%D0%A1%D1%8A%D0%BE%D1%80%D1%8A%D0%B6%D0%B5%D0%BD%D0%B8%D1%8F%D0%9C%D0%B8%D0%BD%D0%B5%D1%80%D0%B0%D0%BB%D0%BD%D0%B8%D0%92%D0%BE%D0%B4%D0%B8_%D0%91%D0%94%D0%98%D0%91%D0%A0_2019.xlsx",
        "coordinate_accuracy": "A – официални географски координати",
        "mapped_status": "картографирано",
        "display_category": "Каптаж/естествен извор",
        "temperature_class": "Без температура"
      }
    },
    {
      "type": "Feature",
      "geometry": {
        "type": "Point",
        "coordinates": [
          23.9731389,
          41.9952222
        ]
      },
      "properties": {
        "basin_directorate": "Източнобеломорски район",
        "district": "Пазарджик",
        "municipality": "Велинград",
        "settlement": "Велинград",
        "deposit": "Велинград-Чепино”, гр. Велинград, община Велинград, област Пазарджик",
        "section": "-",
        "facility": "Сондаж №1",
        "facility_type": "водовземно",
        "year": "1956 - 1957 г",
        "depth_m": "53.3",
        "temperature_c": "",
        "status": "добро",
        "registry_number": "351018004  26.03.2008г.",
        "source_date": "30.09.2019",
        "source": "БДИБР – официален регистър",
        "source_url": "https://earbd.bg/files/File/Razreshitelni/Registri%20na%20izdadenite%20razreshitelni/2024/11/15_web2021_REG_%D0%A1%D1%8A%D0%BE%D1%80%D1%8A%D0%B6%D0%B5%D0%BD%D0%B8%D1%8F%D0%9C%D0%B8%D0%BD%D0%B5%D1%80%D0%B0%D0%BB%D0%BD%D0%B8%D0%92%D0%BE%D0%B4%D0%B8_%D0%91%D0%94%D0%98%D0%91%D0%A0_2019.xlsx",
        "coordinate_accuracy": "A – официални географски координати",
        "mapped_status": "картографирано",
        "display_category": "Минерален сондаж",
        "temperature_class": "Без температура"
      }
    },
    {
      "type": "Feature",
      "geometry": {
        "type": "Point",
        "coordinates": [
          23.9730556,
          41.9951111
        ]
      },
      "properties": {
        "basin_directorate": "Източнобеломорски район",
        "district": "Пазарджик",
        "municipality": "Велинград",
        "settlement": "Велинград",
        "deposit": "Велинград-Чепино”, гр. Велинград, община Велинград, област Пазарджик",
        "section": "-",
        "facility": "Сондаж №2",
        "facility_type": "водовземно",
        "year": "1956 - 1957 г",
        "depth_m": "70.3",
        "temperature_c": "",
        "status": "не добро",
        "registry_number": "351018005  26.03.2008г.",
        "source_date": "30.09.2019",
        "source": "БДИБР – официален регистър",
        "source_url": "https://earbd.bg/files/File/Razreshitelni/Registri%20na%20izdadenite%20razreshitelni/2024/11/15_web2021_REG_%D0%A1%D1%8A%D0%BE%D1%80%D1%8A%D0%B6%D0%B5%D0%BD%D0%B8%D1%8F%D0%9C%D0%B8%D0%BD%D0%B5%D1%80%D0%B0%D0%BB%D0%BD%D0%B8%D0%92%D0%BE%D0%B4%D0%B8_%D0%91%D0%94%D0%98%D0%91%D0%A0_2019.xlsx",
        "coordinate_accuracy": "A – официални географски координати",
        "mapped_status": "картографирано",
        "display_category": "Минерален сондаж",
        "temperature_class": "Без температура"
      }
    },
    {
      "type": "Feature",
      "geometry": {
        "type": "Point",
        "coordinates": [
          23.9728889,
          41.99575
        ]
      },
      "properties": {
        "basin_directorate": "Източнобеломорски район",
        "district": "Пазарджик",
        "municipality": "Велинград",
        "settlement": "Велинград",
        "deposit": "Велинград-Чепино”, гр. Велинград, община Велинград, област Пазарджик",
        "section": "-",
        "facility": "Сондаж №3",
        "facility_type": "водовземно",
        "year": "1956 - 1957 г",
        "depth_m": "102.5",
        "temperature_c": "",
        "status": "добро",
        "registry_number": "351018006  26.03.2008г.",
        "source_date": "30.09.2019",
        "source": "БДИБР – официален регистър",
        "source_url": "https://earbd.bg/files/File/Razreshitelni/Registri%20na%20izdadenite%20razreshitelni/2024/11/15_web2021_REG_%D0%A1%D1%8A%D0%BE%D1%80%D1%8A%D0%B6%D0%B5%D0%BD%D0%B8%D1%8F%D0%9C%D0%B8%D0%BD%D0%B5%D1%80%D0%B0%D0%BB%D0%BD%D0%B8%D0%92%D0%BE%D0%B4%D0%B8_%D0%91%D0%94%D0%98%D0%91%D0%A0_2019.xlsx",
        "coordinate_accuracy": "A – официални географски координати",
        "mapped_status": "картографирано",
        "display_category": "Минерален сондаж",
        "temperature_class": "Без температура"
      }
    },
    {
      "type": "Feature",
      "geometry": {
        "type": "Point",
        "coordinates": [
          23.9731389,
          41.9951111
        ]
      },
      "properties": {
        "basin_directorate": "Източнобеломорски район",
        "district": "Пазарджик",
        "municipality": "Велинград",
        "settlement": "Велинград",
        "deposit": "Велинград-Чепино”, гр. Велинград, община Велинград, област Пазарджик",
        "section": "-",
        "facility": "Сондаж №4",
        "facility_type": "водовземно",
        "year": "1956 - 1957 г",
        "depth_m": "101.4",
        "temperature_c": "",
        "status": "добро",
        "registry_number": "351018007  26.03.2008г.",
        "source_date": "30.09.2019",
        "source": "БДИБР – официален регистър",
        "source_url": "https://earbd.bg/files/File/Razreshitelni/Registri%20na%20izdadenite%20razreshitelni/2024/11/15_web2021_REG_%D0%A1%D1%8A%D0%BE%D1%80%D1%8A%D0%B6%D0%B5%D0%BD%D0%B8%D1%8F%D0%9C%D0%B8%D0%BD%D0%B5%D1%80%D0%B0%D0%BB%D0%BD%D0%B8%D0%92%D0%BE%D0%B4%D0%B8_%D0%91%D0%94%D0%98%D0%91%D0%A0_2019.xlsx",
        "coordinate_accuracy": "A – официални географски координати",
        "mapped_status": "картографирано",
        "display_category": "Минерален сондаж",
        "temperature_class": "Без температура"
      }
    },
    {
      "type": "Feature",
      "geometry": {
        "type": "Point",
        "coordinates": [
          23.9690556,
          41.9998889
        ]
      },
      "properties": {
        "basin_directorate": "Източнобеломорски район",
        "district": "Пазарджик",
        "municipality": "Велинград",
        "settlement": "Велинград",
        "deposit": "Велинград-Чепино”, гр. Велинград, община Велинград, област Пазарджик",
        "section": "-",
        "facility": "Сондаж №5 \"Горски пункт\"",
        "facility_type": "водовземно",
        "year": "1985 - 1986 г.",
        "depth_m": "246.0",
        "temperature_c": "",
        "status": "много добро",
        "registry_number": "351018008  26.03.2008г.",
        "source_date": "30.09.2019",
        "source": "БДИБР – официален регистър",
        "source_url": "https://earbd.bg/files/File/Razreshitelni/Registri%20na%20izdadenite%20razreshitelni/2024/11/15_web2021_REG_%D0%A1%D1%8A%D0%BE%D1%80%D1%8A%D0%B6%D0%B5%D0%BD%D0%B8%D1%8F%D0%9C%D0%B8%D0%BD%D0%B5%D1%80%D0%B0%D0%BB%D0%BD%D0%B8%D0%92%D0%BE%D0%B4%D0%B8_%D0%91%D0%94%D0%98%D0%91%D0%A0_2019.xlsx",
        "coordinate_accuracy": "A – официални географски координати",
        "mapped_status": "картографирано",
        "display_category": "Минерален сондаж",
        "temperature_class": "Без температура"
      }
    },
    {
      "type": "Feature",
      "geometry": {
        "type": "Point",
        "coordinates": [
          23.9728889,
          41.9954722
        ]
      },
      "properties": {
        "basin_directorate": "Източнобеломорски район",
        "district": "Пазарджик",
        "municipality": "Велинград",
        "settlement": "Велинград",
        "deposit": "Велинград-Чепино”, гр. Велинград, община Велинград, област Пазарджик",
        "section": "-",
        "facility": "Каптажна шахта за мин. вода",
        "facility_type": "водовземно",
        "year": "---",
        "depth_m": "1.0",
        "temperature_c": "",
        "status": "добро",
        "registry_number": "351018009  26.03.2008г.",
        "source_date": "30.09.2019",
        "source": "БДИБР – официален регистър",
        "source_url": "https://earbd.bg/files/File/Razreshitelni/Registri%20na%20izdadenite%20razreshitelni/2024/11/15_web2021_REG_%D0%A1%D1%8A%D0%BE%D1%80%D1%8A%D0%B6%D0%B5%D0%BD%D0%B8%D1%8F%D0%9C%D0%B8%D0%BD%D0%B5%D1%80%D0%B0%D0%BB%D0%BD%D0%B8%D0%92%D0%BE%D0%B4%D0%B8_%D0%91%D0%94%D0%98%D0%91%D0%A0_2019.xlsx",
        "coordinate_accuracy": "A – официални географски координати",
        "mapped_status": "картографирано",
        "display_category": "Каптаж/естествен извор",
        "temperature_class": "Без температура"
      }
    },
    {
      "type": "Feature",
      "geometry": {
        "type": "Point",
        "coordinates": [
          24.3965833,
          41.7417778
        ]
      },
      "properties": {
        "basin_directorate": "Източнобеломорски район",
        "district": "Смолян",
        "municipality": "Девин\"",
        "settlement": "Девин",
        "deposit": "Девин”, гр. Девин, община Девин\", област Смолян",
        "section": "-",
        "facility": "Сондаж 1",
        "facility_type": "наблюдатерен",
        "year": "1973 г.",
        "depth_m": "770.3",
        "temperature_c": "",
        "status": "задоволително",
        "registry_number": "351022001  26.03.2008г.",
        "source_date": "30.09.2019",
        "source": "БДИБР – официален регистър",
        "source_url": "https://earbd.bg/files/File/Razreshitelni/Registri%20na%20izdadenite%20razreshitelni/2024/11/15_web2021_REG_%D0%A1%D1%8A%D0%BE%D1%80%D1%8A%D0%B6%D0%B5%D0%BD%D0%B8%D1%8F%D0%9C%D0%B8%D0%BD%D0%B5%D1%80%D0%B0%D0%BB%D0%BD%D0%B8%D0%92%D0%BE%D0%B4%D0%B8_%D0%91%D0%94%D0%98%D0%91%D0%A0_2019.xlsx",
        "coordinate_accuracy": "A – официални географски координати",
        "mapped_status": "картографирано",
        "display_category": "Минерален сондаж",
        "temperature_class": "Без температура"
      }
    },
    {
      "type": "Feature",
      "geometry": {
        "type": "Point",
        "coordinates": [
          24.383975,
          41.7439167
        ]
      },
      "properties": {
        "basin_directorate": "Източнобеломорски район",
        "district": "Смолян",
        "municipality": "Девин\"",
        "settlement": "Девин",
        "deposit": "Девин”, гр. Девин, община Девин\", област Смолян",
        "section": "-",
        "facility": "Сондаж 3",
        "facility_type": "водовземно",
        "year": "1974 г.",
        "depth_m": "1093.6",
        "temperature_c": "",
        "status": "мн.добро",
        "registry_number": "351022002  26.03.2008г.",
        "source_date": "30.09.2019",
        "source": "БДИБР – официален регистър",
        "source_url": "https://earbd.bg/files/File/Razreshitelni/Registri%20na%20izdadenite%20razreshitelni/2024/11/15_web2021_REG_%D0%A1%D1%8A%D0%BE%D1%80%D1%8A%D0%B6%D0%B5%D0%BD%D0%B8%D1%8F%D0%9C%D0%B8%D0%BD%D0%B5%D1%80%D0%B0%D0%BB%D0%BD%D0%B8%D0%92%D0%BE%D0%B4%D0%B8_%D0%91%D0%94%D0%98%D0%91%D0%A0_2019.xlsx",
        "coordinate_accuracy": "A – официални географски координати",
        "mapped_status": "картографирано",
        "display_category": "Минерален сондаж",
        "temperature_class": "Без температура"
      }
    },
    {
      "type": "Feature",
      "geometry": {
        "type": "Point",
        "coordinates": [
          24.3692778,
          41.7430556
        ]
      },
      "properties": {
        "basin_directorate": "Източнобеломорски район",
        "district": "Смолян",
        "municipality": "Девин\"",
        "settlement": "Девин",
        "deposit": "Девин”, гр. Девин, община Девин\", област Смолян",
        "section": "-",
        "facility": "Сондаж 5",
        "facility_type": "водовземно",
        "year": "1980 г.",
        "depth_m": "690.0",
        "temperature_c": "",
        "status": "мн.добро",
        "registry_number": "351022003  26.03.2008г.",
        "source_date": "30.09.2019",
        "source": "БДИБР – официален регистър",
        "source_url": "https://earbd.bg/files/File/Razreshitelni/Registri%20na%20izdadenite%20razreshitelni/2024/11/15_web2021_REG_%D0%A1%D1%8A%D0%BE%D1%80%D1%8A%D0%B6%D0%B5%D0%BD%D0%B8%D1%8F%D0%9C%D0%B8%D0%BD%D0%B5%D1%80%D0%B0%D0%BB%D0%BD%D0%B8%D0%92%D0%BE%D0%B4%D0%B8_%D0%91%D0%94%D0%98%D0%91%D0%A0_2019.xlsx",
        "coordinate_accuracy": "A – официални географски координати",
        "mapped_status": "картографирано",
        "display_category": "Минерален сондаж",
        "temperature_class": "Без температура"
      }
    },
    {
      "type": "Feature",
      "geometry": {
        "type": "Point",
        "coordinates": [
          24.3582333,
          41.7428833
        ]
      },
      "properties": {
        "basin_directorate": "Източнобеломорски район",
        "district": "Смолян",
        "municipality": "Девин\"",
        "settlement": "Девин",
        "deposit": "Девин”, гр. Девин, община Девин\", област Смолян",
        "section": "-",
        "facility": "Сондаж 6",
        "facility_type": "водовземно",
        "year": "1983 г.",
        "depth_m": "1201.0",
        "temperature_c": "",
        "status": "задоволително",
        "registry_number": "351022004  26.03.2008г.",
        "source_date": "30.09.2019",
        "source": "БДИБР – официален регистър",
        "source_url": "https://earbd.bg/files/File/Razreshitelni/Registri%20na%20izdadenite%20razreshitelni/2024/11/15_web2021_REG_%D0%A1%D1%8A%D0%BE%D1%80%D1%8A%D0%B6%D0%B5%D0%BD%D0%B8%D1%8F%D0%9C%D0%B8%D0%BD%D0%B5%D1%80%D0%B0%D0%BB%D0%BD%D0%B8%D0%92%D0%BE%D0%B4%D0%B8_%D0%91%D0%94%D0%98%D0%91%D0%A0_2019.xlsx",
        "coordinate_accuracy": "A – официални географски координати",
        "mapped_status": "картографирано",
        "display_category": "Минерален сондаж",
        "temperature_class": "Без температура"
      }
    },
    {
      "type": "Feature",
      "geometry": {
        "type": "Point",
        "coordinates": [
          24.4525278,
          41.8516389
        ]
      },
      "properties": {
        "basin_directorate": "Източнобеломорски район",
        "district": "Смолян",
        "municipality": "Девин",
        "settlement": "Михалково",
        "deposit": "Михалково, с. Михалково, община Девин, област Смолян",
        "section": "-",
        "facility": "Сондаж №1 ВКП",
        "facility_type": "водовземно",
        "year": "1959 г.",
        "depth_m": "76.0",
        "temperature_c": "",
        "status": "добро",
        "registry_number": "3510045001  26.03.2008г.",
        "source_date": "30.09.2019",
        "source": "БДИБР – официален регистър",
        "source_url": "https://earbd.bg/files/File/Razreshitelni/Registri%20na%20izdadenite%20razreshitelni/2024/11/15_web2021_REG_%D0%A1%D1%8A%D0%BE%D1%80%D1%8A%D0%B6%D0%B5%D0%BD%D0%B8%D1%8F%D0%9C%D0%B8%D0%BD%D0%B5%D1%80%D0%B0%D0%BB%D0%BD%D0%B8%D0%92%D0%BE%D0%B4%D0%B8_%D0%91%D0%94%D0%98%D0%91%D0%A0_2019.xlsx",
        "coordinate_accuracy": "A – официални географски координати",
        "mapped_status": "картографирано",
        "display_category": "Минерален сондаж",
        "temperature_class": "Без температура"
      }
    },
    {
      "type": "Feature",
      "geometry": {
        "type": "Point",
        "coordinates": [
          24.4526944,
          41.8516944
        ]
      },
      "properties": {
        "basin_directorate": "Източнобеломорски район",
        "district": "Смолян",
        "municipality": "Девин",
        "settlement": "Михалково",
        "deposit": "Михалково, с. Михалково, община Девин, област Смолян",
        "section": "-",
        "facility": "Сондаж №1А ВП каптаж",
        "facility_type": "водовземно",
        "year": "1972 г.",
        "depth_m": "120.0",
        "temperature_c": "",
        "status": " добро",
        "registry_number": "3510045002  26.03.2008г.",
        "source_date": "30.09.2019",
        "source": "БДИБР – официален регистър",
        "source_url": "https://earbd.bg/files/File/Razreshitelni/Registri%20na%20izdadenite%20razreshitelni/2024/11/15_web2021_REG_%D0%A1%D1%8A%D0%BE%D1%80%D1%8A%D0%B6%D0%B5%D0%BD%D0%B8%D1%8F%D0%9C%D0%B8%D0%BD%D0%B5%D1%80%D0%B0%D0%BB%D0%BD%D0%B8%D0%92%D0%BE%D0%B4%D0%B8_%D0%91%D0%94%D0%98%D0%91%D0%A0_2019.xlsx",
        "coordinate_accuracy": "A – официални географски координати",
        "mapped_status": "картографирано",
        "display_category": "Каптаж/естествен извор",
        "temperature_class": "Без температура"
      }
    },
    {
      "type": "Feature",
      "geometry": {
        "type": "Point",
        "coordinates": [
          24.4518889,
          41.8514167
        ]
      },
      "properties": {
        "basin_directorate": "Източнобеломорски район",
        "district": "Смолян",
        "municipality": "Девин",
        "settlement": "Михалково",
        "deposit": "Михалково, с. Михалково, община Девин, област Смолян",
        "section": "-",
        "facility": "Сондаж  №2 ГПП",
        "facility_type": "водовземно",
        "year": "1965г.",
        "depth_m": "245.2",
        "temperature_c": "",
        "status": "добро",
        "registry_number": "3510045003  26.03.2008г.",
        "source_date": "30.09.2019",
        "source": "БДИБР – официален регистър",
        "source_url": "https://earbd.bg/files/File/Razreshitelni/Registri%20na%20izdadenite%20razreshitelni/2024/11/15_web2021_REG_%D0%A1%D1%8A%D0%BE%D1%80%D1%8A%D0%B6%D0%B5%D0%BD%D0%B8%D1%8F%D0%9C%D0%B8%D0%BD%D0%B5%D1%80%D0%B0%D0%BB%D0%BD%D0%B8%D0%92%D0%BE%D0%B4%D0%B8_%D0%91%D0%94%D0%98%D0%91%D0%A0_2019.xlsx",
        "coordinate_accuracy": "A – официални географски координати",
        "mapped_status": "картографирано",
        "display_category": "Минерален сондаж",
        "temperature_class": "Без температура"
      }
    },
    {
      "type": "Feature",
      "geometry": {
        "type": "Point",
        "coordinates": [
          24.4369722,
          41.8476389
        ]
      },
      "properties": {
        "basin_directorate": "Източнобеломорски район",
        "district": "Смолян",
        "municipality": "Девин",
        "settlement": "Михалково",
        "deposit": "Михалково, с. Михалково, община Девин, област Смолян",
        "section": "-",
        "facility": "Сондаж  №3 КГ",
        "facility_type": "водовземно",
        "year": "1970 г.",
        "depth_m": "561.0",
        "temperature_c": "",
        "status": "лошо",
        "registry_number": "3510045004  26.03.2008г.",
        "source_date": "30.09.2019",
        "source": "БДИБР – официален регистър",
        "source_url": "https://earbd.bg/files/File/Razreshitelni/Registri%20na%20izdadenite%20razreshitelni/2024/11/15_web2021_REG_%D0%A1%D1%8A%D0%BE%D1%80%D1%8A%D0%B6%D0%B5%D0%BD%D0%B8%D1%8F%D0%9C%D0%B8%D0%BD%D0%B5%D1%80%D0%B0%D0%BB%D0%BD%D0%B8%D0%92%D0%BE%D0%B4%D0%B8_%D0%91%D0%94%D0%98%D0%91%D0%A0_2019.xlsx",
        "coordinate_accuracy": "A – официални географски координати",
        "mapped_status": "картографирано",
        "display_category": "Минерален сондаж",
        "temperature_class": "Без температура"
      }
    },
    {
      "type": "Feature",
      "geometry": {
        "type": "Point",
        "coordinates": [
          25.2088056,
          42.6032778
        ]
      },
      "properties": {
        "basin_directorate": "Източнобеломорски район",
        "district": "Стара Загора",
        "municipality": "Павел баня",
        "settlement": "Павел баня",
        "deposit": "Павел баня, с. Павел баня, община Павел баня, област Стара Загора",
        "section": "-",
        "facility": "Сондаж МС 1",
        "facility_type": "водовземно",
        "year": "1957 г.",
        "depth_m": "116.1",
        "temperature_c": "",
        "status": "добро",
        "registry_number": "351054001  26.03.2008г.",
        "source_date": "30.09.2019",
        "source": "БДИБР – официален регистър",
        "source_url": "https://earbd.bg/files/File/Razreshitelni/Registri%20na%20izdadenite%20razreshitelni/2024/11/15_web2021_REG_%D0%A1%D1%8A%D0%BE%D1%80%D1%8A%D0%B6%D0%B5%D0%BD%D0%B8%D1%8F%D0%9C%D0%B8%D0%BD%D0%B5%D1%80%D0%B0%D0%BB%D0%BD%D0%B8%D0%92%D0%BE%D0%B4%D0%B8_%D0%91%D0%94%D0%98%D0%91%D0%A0_2019.xlsx",
        "coordinate_accuracy": "A – официални географски координати",
        "mapped_status": "картографирано",
        "display_category": "Минерален сондаж",
        "temperature_class": "Без температура"
      }
    },
    {
      "type": "Feature",
      "geometry": {
        "type": "Point",
        "coordinates": [
          25.2122222,
          42.5974444
        ]
      },
      "properties": {
        "basin_directorate": "Източнобеломорски район",
        "district": "Стара Загора",
        "municipality": "Павел баня",
        "settlement": "Павел баня",
        "deposit": "Павел баня, с. Павел баня, община Павел баня, област Стара Загора",
        "section": "-",
        "facility": "Сондаж МС 2",
        "facility_type": "водовземно",
        "year": "1958 г.",
        "depth_m": "156.0",
        "temperature_c": "",
        "status": "добро",
        "registry_number": "351054002  26.03.2008г.",
        "source_date": "30.09.2019",
        "source": "БДИБР – официален регистър",
        "source_url": "https://earbd.bg/files/File/Razreshitelni/Registri%20na%20izdadenite%20razreshitelni/2024/11/15_web2021_REG_%D0%A1%D1%8A%D0%BE%D1%80%D1%8A%D0%B6%D0%B5%D0%BD%D0%B8%D1%8F%D0%9C%D0%B8%D0%BD%D0%B5%D1%80%D0%B0%D0%BB%D0%BD%D0%B8%D0%92%D0%BE%D0%B4%D0%B8_%D0%91%D0%94%D0%98%D0%91%D0%A0_2019.xlsx",
        "coordinate_accuracy": "A – официални географски координати",
        "mapped_status": "картографирано",
        "display_category": "Минерален сондаж",
        "temperature_class": "Без температура"
      }
    },
    {
      "type": "Feature",
      "geometry": {
        "type": "Point",
        "coordinates": [
          25.2096139,
          42.5994556
        ]
      },
      "properties": {
        "basin_directorate": "Източнобеломорски район",
        "district": "Стара Загора",
        "municipality": "Павел баня",
        "settlement": "Павел баня",
        "deposit": "Павел баня, с. Павел баня, община Павел баня, област Стара Загора",
        "section": "-",
        "facility": "Сондаж № 3",
        "facility_type": "водовземно",
        "year": "1958 г. - 1961 г",
        "depth_m": "102.0",
        "temperature_c": "",
        "status": "не добро",
        "registry_number": "351054003  26.03.2008г.",
        "source_date": "30.09.2019",
        "source": "БДИБР – официален регистър",
        "source_url": "https://earbd.bg/files/File/Razreshitelni/Registri%20na%20izdadenite%20razreshitelni/2024/11/15_web2021_REG_%D0%A1%D1%8A%D0%BE%D1%80%D1%8A%D0%B6%D0%B5%D0%BD%D0%B8%D1%8F%D0%9C%D0%B8%D0%BD%D0%B5%D1%80%D0%B0%D0%BB%D0%BD%D0%B8%D0%92%D0%BE%D0%B4%D0%B8_%D0%91%D0%94%D0%98%D0%91%D0%A0_2019.xlsx",
        "coordinate_accuracy": "A – официални географски координати",
        "mapped_status": "картографирано",
        "display_category": "Минерален сондаж",
        "temperature_class": "Без температура"
      }
    },
    {
      "type": "Feature",
      "geometry": {
        "type": "Point",
        "coordinates": [
          25.2141944,
          42.5999167
        ]
      },
      "properties": {
        "basin_directorate": "Източнобеломорски район",
        "district": "Стара Загора",
        "municipality": "Павел баня",
        "settlement": "Павел баня",
        "deposit": "Павел баня, с. Павел баня, община Павел баня, област Стара Загора",
        "section": "-",
        "facility": "Сондаж № Сз-7",
        "facility_type": "водовземно",
        "year": "1968",
        "depth_m": "695.5",
        "temperature_c": "",
        "status": "не добро",
        "registry_number": "351054004  26.03.2008г.",
        "source_date": "30.09.2019",
        "source": "БДИБР – официален регистър",
        "source_url": "https://earbd.bg/files/File/Razreshitelni/Registri%20na%20izdadenite%20razreshitelni/2024/11/15_web2021_REG_%D0%A1%D1%8A%D0%BE%D1%80%D1%8A%D0%B6%D0%B5%D0%BD%D0%B8%D1%8F%D0%9C%D0%B8%D0%BD%D0%B5%D1%80%D0%B0%D0%BB%D0%BD%D0%B8%D0%92%D0%BE%D0%B4%D0%B8_%D0%91%D0%94%D0%98%D0%91%D0%A0_2019.xlsx",
        "coordinate_accuracy": "A – официални географски координати",
        "mapped_status": "картографирано",
        "display_category": "Минерален сондаж",
        "temperature_class": "Без температура"
      }
    },
    {
      "type": "Feature",
      "geometry": {
        "type": "Point",
        "coordinates": [
          25.2076389,
          42.60075
        ]
      },
      "properties": {
        "basin_directorate": "Източнобеломорски район",
        "district": "Стара Загора",
        "municipality": "Павел баня",
        "settlement": "Павел баня",
        "deposit": "Павел баня, с. Павел баня, община Павел баня, област Стара Загора",
        "section": "-",
        "facility": "Сондаж № Сз-8",
        "facility_type": "водовземно",
        "year": "1990 г.",
        "depth_m": "655.2",
        "temperature_c": "",
        "status": "не добро",
        "registry_number": "351054005  26.03.2008г.",
        "source_date": "30.09.2019",
        "source": "БДИБР – официален регистър",
        "source_url": "https://earbd.bg/files/File/Razreshitelni/Registri%20na%20izdadenite%20razreshitelni/2024/11/15_web2021_REG_%D0%A1%D1%8A%D0%BE%D1%80%D1%8A%D0%B6%D0%B5%D0%BD%D0%B8%D1%8F%D0%9C%D0%B8%D0%BD%D0%B5%D1%80%D0%B0%D0%BB%D0%BD%D0%B8%D0%92%D0%BE%D0%B4%D0%B8_%D0%91%D0%94%D0%98%D0%91%D0%A0_2019.xlsx",
        "coordinate_accuracy": "A – официални географски координати",
        "mapped_status": "картографирано",
        "display_category": "Минерален сондаж",
        "temperature_class": "Без температура"
      }
    },
    {
      "type": "Feature",
      "geometry": {
        "type": "Point",
        "coordinates": [
          25.2091106,
          42.6018775
        ]
      },
      "properties": {
        "basin_directorate": "Източнобеломорски район",
        "district": "Стара Загора",
        "municipality": "Павел баня",
        "settlement": "Павел баня",
        "deposit": "Павел баня, с. Павел баня, община Павел баня, област Стара Загора",
        "section": "-",
        "facility": "Сондаж № Х-19",
        "facility_type": "водовземно",
        "year": "1991 г.",
        "depth_m": "483.0",
        "temperature_c": "",
        "status": "не добро",
        "registry_number": "351054006  26.03.2008г.",
        "source_date": "30.09.2019",
        "source": "БДИБР – официален регистър",
        "source_url": "https://earbd.bg/files/File/Razreshitelni/Registri%20na%20izdadenite%20razreshitelni/2024/11/15_web2021_REG_%D0%A1%D1%8A%D0%BE%D1%80%D1%8A%D0%B6%D0%B5%D0%BD%D0%B8%D1%8F%D0%9C%D0%B8%D0%BD%D0%B5%D1%80%D0%B0%D0%BB%D0%BD%D0%B8%D0%92%D0%BE%D0%B4%D0%B8_%D0%91%D0%94%D0%98%D0%91%D0%A0_2019.xlsx",
        "coordinate_accuracy": "A – официални географски координати",
        "mapped_status": "картографирано",
        "display_category": "Минерален сондаж",
        "temperature_class": "Без температура"
      }
    },
    {
      "type": "Feature",
      "geometry": {
        "type": "Point",
        "coordinates": [
          25.2091111,
          42.6019167
        ]
      },
      "properties": {
        "basin_directorate": "Източнобеломорски район",
        "district": "Стара Загора",
        "municipality": "Павел баня",
        "settlement": "Павел баня",
        "deposit": "Павел баня, с. Павел баня, община Павел баня, област Стара Загора",
        "section": "-",
        "facility": "Сондаж НС Х-18",
        "facility_type": "наблюдателно",
        "year": "1991 г.",
        "depth_m": "338.4",
        "temperature_c": "",
        "status": "добро",
        "registry_number": "351054007  26.03.2008г.",
        "source_date": "30.09.2019",
        "source": "БДИБР – официален регистър",
        "source_url": "https://earbd.bg/files/File/Razreshitelni/Registri%20na%20izdadenite%20razreshitelni/2024/11/15_web2021_REG_%D0%A1%D1%8A%D0%BE%D1%80%D1%8A%D0%B6%D0%B5%D0%BD%D0%B8%D1%8F%D0%9C%D0%B8%D0%BD%D0%B5%D1%80%D0%B0%D0%BB%D0%BD%D0%B8%D0%92%D0%BE%D0%B4%D0%B8_%D0%91%D0%94%D0%98%D0%91%D0%A0_2019.xlsx",
        "coordinate_accuracy": "A – официални географски координати",
        "mapped_status": "картографирано",
        "display_category": "Мониторингов сондаж",
        "temperature_class": "Без температура"
      }
    },
    {
      "type": "Feature",
      "geometry": {
        "type": "Point",
        "coordinates": [
          25.2096667,
          42.5991944
        ]
      },
      "properties": {
        "basin_directorate": "Източнобеломорски район",
        "district": "Стара Загора",
        "municipality": "Павел баня",
        "settlement": "Павел баня",
        "deposit": "Павел баня, с. Павел баня, община Павел баня, област Стара Загора",
        "section": "-",
        "facility": "КЕИ \"Кадемлията\"",
        "facility_type": "водовземно",
        "year": "1930-1931",
        "depth_m": "12.5",
        "temperature_c": "",
        "status": "добро",
        "registry_number": "351054008  26.03.2008г.",
        "source_date": "30.09.2019",
        "source": "БДИБР – официален регистър",
        "source_url": "https://earbd.bg/files/File/Razreshitelni/Registri%20na%20izdadenite%20razreshitelni/2024/11/15_web2021_REG_%D0%A1%D1%8A%D0%BE%D1%80%D1%8A%D0%B6%D0%B5%D0%BD%D0%B8%D1%8F%D0%9C%D0%B8%D0%BD%D0%B5%D1%80%D0%B0%D0%BB%D0%BD%D0%B8%D0%92%D0%BE%D0%B4%D0%B8_%D0%91%D0%94%D0%98%D0%91%D0%A0_2019.xlsx",
        "coordinate_accuracy": "A – официални географски координати",
        "mapped_status": "картографирано",
        "display_category": "Каптаж/естествен извор",
        "temperature_class": "Без температура"
      }
    },
    {
      "type": "Feature",
      "geometry": {
        "type": "Point",
        "coordinates": [
          25.2089444,
          42.5993889
        ]
      },
      "properties": {
        "basin_directorate": "Източнобеломорски район",
        "district": "Стара Загора",
        "municipality": "Павел баня",
        "settlement": "Павел баня",
        "deposit": "Павел баня, с. Павел баня, община Павел баня, област Стара Загора",
        "section": "-",
        "facility": "КЕИ \"Жабарника\"",
        "facility_type": "водовземно",
        "year": "1930-1931",
        "depth_m": "",
        "temperature_c": "",
        "status": "сравнително добро",
        "registry_number": "351054012  26.03.2008г.",
        "source_date": "30.09.2019",
        "source": "БДИБР – официален регистър",
        "source_url": "https://earbd.bg/files/File/Razreshitelni/Registri%20na%20izdadenite%20razreshitelni/2024/11/15_web2021_REG_%D0%A1%D1%8A%D0%BE%D1%80%D1%8A%D0%B6%D0%B5%D0%BD%D0%B8%D1%8F%D0%9C%D0%B8%D0%BD%D0%B5%D1%80%D0%B0%D0%BB%D0%BD%D0%B8%D0%92%D0%BE%D0%B4%D0%B8_%D0%91%D0%94%D0%98%D0%91%D0%A0_2019.xlsx",
        "coordinate_accuracy": "A – официални географски координати",
        "mapped_status": "картографирано",
        "display_category": "Каптаж/естествен извор",
        "temperature_class": "Без температура"
      }
    },
    {
      "type": "Feature",
      "geometry": {
        "type": "Point",
        "coordinates": [
          23.8195278,
          42.3642778
        ]
      },
      "properties": {
        "basin_directorate": "Източнобеломорски район",
        "district": "София",
        "municipality": "Костенец",
        "settlement": "Пчелин",
        "deposit": "Пчелински бани”, с. Пчелин, община Костенец, област София",
        "section": "-",
        "facility": "Каптиран естествен извор",
        "facility_type": "водовземно",
        "year": "1937г.",
        "depth_m": "4.0",
        "temperature_c": "",
        "status": "много добро",
        "registry_number": "351060001  26.03.2008г.",
        "source_date": "30.09.2019",
        "source": "БДИБР – официален регистър",
        "source_url": "https://earbd.bg/files/File/Razreshitelni/Registri%20na%20izdadenite%20razreshitelni/2024/11/15_web2021_REG_%D0%A1%D1%8A%D0%BE%D1%80%D1%8A%D0%B6%D0%B5%D0%BD%D0%B8%D1%8F%D0%9C%D0%B8%D0%BD%D0%B5%D1%80%D0%B0%D0%BB%D0%BD%D0%B8%D0%92%D0%BE%D0%B4%D0%B8_%D0%91%D0%94%D0%98%D0%91%D0%A0_2019.xlsx",
        "coordinate_accuracy": "A – официални географски координати",
        "mapped_status": "картографирано",
        "display_category": "Каптаж/естествен извор",
        "temperature_class": "Без температура"
      }
    },
    {
      "type": "Feature",
      "geometry": {
        "type": "Point",
        "coordinates": [
          23.8199167,
          42.3645833
        ]
      },
      "properties": {
        "basin_directorate": "Източнобеломорски район",
        "district": "София",
        "municipality": "Костенец",
        "settlement": "Пчелин",
        "deposit": "Пчелински бани”, с. Пчелин, община Костенец, област София",
        "section": "-",
        "facility": "Сондаж 2 ХГ",
        "facility_type": "наблюдателно",
        "year": "1966г.",
        "depth_m": "348.9",
        "temperature_c": "",
        "status": "добро",
        "registry_number": "351060002  26.03.2008г.",
        "source_date": "30.09.2019",
        "source": "БДИБР – официален регистър",
        "source_url": "https://earbd.bg/files/File/Razreshitelni/Registri%20na%20izdadenite%20razreshitelni/2024/11/15_web2021_REG_%D0%A1%D1%8A%D0%BE%D1%80%D1%8A%D0%B6%D0%B5%D0%BD%D0%B8%D1%8F%D0%9C%D0%B8%D0%BD%D0%B5%D1%80%D0%B0%D0%BB%D0%BD%D0%B8%D0%92%D0%BE%D0%B4%D0%B8_%D0%91%D0%94%D0%98%D0%91%D0%A0_2019.xlsx",
        "coordinate_accuracy": "A – официални географски координати",
        "mapped_status": "картографирано",
        "display_category": "Мониторингов сондаж",
        "temperature_class": "Без температура"
      }
    },
    {
      "type": "Feature",
      "geometry": {
        "type": "Point",
        "coordinates": [
          23.8196389,
          42.3645
        ]
      },
      "properties": {
        "basin_directorate": "Източнобеломорски район",
        "district": "София",
        "municipality": "Костенец",
        "settlement": "Пчелин",
        "deposit": "Пчелински бани”, с. Пчелин, община Костенец, област София",
        "section": "-",
        "facility": "Сондаж №3 ХГ",
        "facility_type": "проучвателно-експл.",
        "year": "1966-1967г",
        "depth_m": "350.3",
        "temperature_c": "",
        "status": "добро",
        "registry_number": "351060003  26.03.2008г.",
        "source_date": "30.09.2019",
        "source": "БДИБР – официален регистър",
        "source_url": "https://earbd.bg/files/File/Razreshitelni/Registri%20na%20izdadenite%20razreshitelni/2024/11/15_web2021_REG_%D0%A1%D1%8A%D0%BE%D1%80%D1%8A%D0%B6%D0%B5%D0%BD%D0%B8%D1%8F%D0%9C%D0%B8%D0%BD%D0%B5%D1%80%D0%B0%D0%BB%D0%BD%D0%B8%D0%92%D0%BE%D0%B4%D0%B8_%D0%91%D0%94%D0%98%D0%91%D0%A0_2019.xlsx",
        "coordinate_accuracy": "A – официални географски координати",
        "mapped_status": "картографирано",
        "display_category": "Минерален сондаж",
        "temperature_class": "Без температура"
      }
    },
    {
      "type": "Feature",
      "geometry": {
        "type": "Point",
        "coordinates": [
          25.8928333,
          41.9328333
        ]
      },
      "properties": {
        "basin_directorate": "Източнобеломорски район",
        "district": "Хасково",
        "municipality": "Харманли",
        "settlement": "Харманли",
        "deposit": "Харманли”, гр. Харманли, община Харманли, област Хасково",
        "section": "-",
        "facility": "Сондаж № 2",
        "facility_type": "водовземно",
        "year": "1967 г.",
        "depth_m": "429.0",
        "temperature_c": "",
        "status": "добро",
        "registry_number": "351091001  26.03.2008г.",
        "source_date": "30.09.2019",
        "source": "БДИБР – официален регистър",
        "source_url": "https://earbd.bg/files/File/Razreshitelni/Registri%20na%20izdadenite%20razreshitelni/2024/11/15_web2021_REG_%D0%A1%D1%8A%D0%BE%D1%80%D1%8A%D0%B6%D0%B5%D0%BD%D0%B8%D1%8F%D0%9C%D0%B8%D0%BD%D0%B5%D1%80%D0%B0%D0%BB%D0%BD%D0%B8%D0%92%D0%BE%D0%B4%D0%B8_%D0%91%D0%94%D0%98%D0%91%D0%A0_2019.xlsx",
        "coordinate_accuracy": "A – официални географски координати",
        "mapped_status": "картографирано",
        "display_category": "Минерален сондаж",
        "temperature_class": "Без температура"
      }
    },
    {
      "type": "Feature",
      "geometry": {
        "type": "Point",
        "coordinates": [
          25.9000833,
          41.9330556
        ]
      },
      "properties": {
        "basin_directorate": "Източнобеломорски район",
        "district": "Хасково",
        "municipality": "Харманли",
        "settlement": "Харманли",
        "deposit": "Харманли”, гр. Харманли, община Харманли, област Хасково",
        "section": "-",
        "facility": "Сондаж № 3",
        "facility_type": "водовземно",
        "year": "1967 г.",
        "depth_m": "443.0",
        "temperature_c": "",
        "status": "добро",
        "registry_number": "351091002  26.03.2008г.",
        "source_date": "30.09.2019",
        "source": "БДИБР – официален регистър",
        "source_url": "https://earbd.bg/files/File/Razreshitelni/Registri%20na%20izdadenite%20razreshitelni/2024/11/15_web2021_REG_%D0%A1%D1%8A%D0%BE%D1%80%D1%8A%D0%B6%D0%B5%D0%BD%D0%B8%D1%8F%D0%9C%D0%B8%D0%BD%D0%B5%D1%80%D0%B0%D0%BB%D0%BD%D0%B8%D0%92%D0%BE%D0%B4%D0%B8_%D0%91%D0%94%D0%98%D0%91%D0%A0_2019.xlsx",
        "coordinate_accuracy": "A – официални географски координати",
        "mapped_status": "картографирано",
        "display_category": "Минерален сондаж",
        "temperature_class": "Без температура"
      }
    },
    {
      "type": "Feature",
      "geometry": {
        "type": "Point",
        "coordinates": [
          24.7028333,
          42.5004444
        ]
      },
      "properties": {
        "basin_directorate": "Източнобеломорски район",
        "district": "Пловдив",
        "municipality": "Хисаря",
        "settlement": "Хисаря",
        "deposit": "Хисаря, гр. Хисаря, община Хисаря, област Пловдив",
        "section": "-",
        "facility": "Каптаж \"Стублата\"",
        "facility_type": "водовземно",
        "year": "1936г.",
        "depth_m": "4.0",
        "temperature_c": "",
        "status": "добро",
        "registry_number": "351093001  26.03.2008г.",
        "source_date": "30.09.2019",
        "source": "БДИБР – официален регистър",
        "source_url": "https://earbd.bg/files/File/Razreshitelni/Registri%20na%20izdadenite%20razreshitelni/2024/11/15_web2021_REG_%D0%A1%D1%8A%D0%BE%D1%80%D1%8A%D0%B6%D0%B5%D0%BD%D0%B8%D1%8F%D0%9C%D0%B8%D0%BD%D0%B5%D1%80%D0%B0%D0%BB%D0%BD%D0%B8%D0%92%D0%BE%D0%B4%D0%B8_%D0%91%D0%94%D0%98%D0%91%D0%A0_2019.xlsx",
        "coordinate_accuracy": "A – официални географски координати",
        "mapped_status": "картографирано",
        "display_category": "Каптаж/естествен извор",
        "temperature_class": "Без температура"
      }
    },
    {
      "type": "Feature",
      "geometry": {
        "type": "Point",
        "coordinates": [
          24.7030278,
          42.50075
        ]
      },
      "properties": {
        "basin_directorate": "Източнобеломорски район",
        "district": "Пловдив",
        "municipality": "Хисаря",
        "settlement": "Хисаря",
        "deposit": "Хисаря, гр. Хисаря, община Хисаря, област Пловдив",
        "section": "-",
        "facility": "Каптаж “Чулуджа\" (Бистрица)",
        "facility_type": "водовземно",
        "year": "1935г.",
        "depth_m": "4.0",
        "temperature_c": "",
        "status": "добро",
        "registry_number": "351093002  26.03.2008г.",
        "source_date": "30.09.2019",
        "source": "БДИБР – официален регистър",
        "source_url": "https://earbd.bg/files/File/Razreshitelni/Registri%20na%20izdadenite%20razreshitelni/2024/11/15_web2021_REG_%D0%A1%D1%8A%D0%BE%D1%80%D1%8A%D0%B6%D0%B5%D0%BD%D0%B8%D1%8F%D0%9C%D0%B8%D0%BD%D0%B5%D1%80%D0%B0%D0%BB%D0%BD%D0%B8%D0%92%D0%BE%D0%B4%D0%B8_%D0%91%D0%94%D0%98%D0%91%D0%A0_2019.xlsx",
        "coordinate_accuracy": "A – официални географски координати",
        "mapped_status": "картографирано",
        "display_category": "Каптаж/естествен извор",
        "temperature_class": "Без температура"
      }
    },
    {
      "type": "Feature",
      "geometry": {
        "type": "Point",
        "coordinates": [
          24.7031667,
          42.5007778
        ]
      },
      "properties": {
        "basin_directorate": "Източнобеломорски район",
        "district": "Пловдив",
        "municipality": "Хисаря",
        "settlement": "Хисаря",
        "deposit": "Хисаря, гр. Хисаря, община Хисаря, област Пловдив",
        "section": "-",
        "facility": "Каптаж \"Хавуз\"- зад бяня \"Топлица\"",
        "facility_type": "водовземно",
        "year": "1935г.",
        "depth_m": "4.0",
        "temperature_c": "",
        "status": "добро",
        "registry_number": "351093003  26.03.2008г.",
        "source_date": "30.09.2019",
        "source": "БДИБР – официален регистър",
        "source_url": "https://earbd.bg/files/File/Razreshitelni/Registri%20na%20izdadenite%20razreshitelni/2024/11/15_web2021_REG_%D0%A1%D1%8A%D0%BE%D1%80%D1%8A%D0%B6%D0%B5%D0%BD%D0%B8%D1%8F%D0%9C%D0%B8%D0%BD%D0%B5%D1%80%D0%B0%D0%BB%D0%BD%D0%B8%D0%92%D0%BE%D0%B4%D0%B8_%D0%91%D0%94%D0%98%D0%91%D0%A0_2019.xlsx",
        "coordinate_accuracy": "A – официални географски координати",
        "mapped_status": "картографирано",
        "display_category": "Каптаж/естествен извор",
        "temperature_class": "Без температура"
      }
    },
    {
      "type": "Feature",
      "geometry": {
        "type": "Point",
        "coordinates": [
          24.7035833,
          42.50075
        ]
      },
      "properties": {
        "basin_directorate": "Източнобеломорски район",
        "district": "Пловдив",
        "municipality": "Хисаря",
        "settlement": "Хисаря",
        "deposit": "Хисаря, гр. Хисаря, община Хисаря, област Пловдив",
        "section": "-",
        "facility": "Каптаж \"Момина сълза\"",
        "facility_type": "водовземно",
        "year": "1935г.",
        "depth_m": "4.0",
        "temperature_c": "",
        "status": "сравнително добро",
        "registry_number": "351093004  26.03.2008г.",
        "source_date": "30.09.2019",
        "source": "БДИБР – официален регистър",
        "source_url": "https://earbd.bg/files/File/Razreshitelni/Registri%20na%20izdadenite%20razreshitelni/2024/11/15_web2021_REG_%D0%A1%D1%8A%D0%BE%D1%80%D1%8A%D0%B6%D0%B5%D0%BD%D0%B8%D1%8F%D0%9C%D0%B8%D0%BD%D0%B5%D1%80%D0%B0%D0%BB%D0%BD%D0%B8%D0%92%D0%BE%D0%B4%D0%B8_%D0%91%D0%94%D0%98%D0%91%D0%A0_2019.xlsx",
        "coordinate_accuracy": "A – официални географски координати",
        "mapped_status": "картографирано",
        "display_category": "Каптаж/естествен извор",
        "temperature_class": "Без температура"
      }
    },
    {
      "type": "Feature",
      "geometry": {
        "type": "Point",
        "coordinates": [
          24.7009056,
          42.5016194
        ]
      },
      "properties": {
        "basin_directorate": "Източнобеломорски район",
        "district": "Пловдив",
        "municipality": "Хисаря",
        "settlement": "Хисаря",
        "deposit": "Хисаря, гр. Хисаря, община Хисаря, област Пловдив",
        "section": "-",
        "facility": "Каптаж \"Свежест\" (Инджес)",
        "facility_type": "водовземно",
        "year": "1932-35г.",
        "depth_m": "4.0",
        "temperature_c": "",
        "status": "добро",
        "registry_number": "351093005  26.03.2008г.",
        "source_date": "30.09.2019",
        "source": "БДИБР – официален регистър",
        "source_url": "https://earbd.bg/files/File/Razreshitelni/Registri%20na%20izdadenite%20razreshitelni/2024/11/15_web2021_REG_%D0%A1%D1%8A%D0%BE%D1%80%D1%8A%D0%B6%D0%B5%D0%BD%D0%B8%D1%8F%D0%9C%D0%B8%D0%BD%D0%B5%D1%80%D0%B0%D0%BB%D0%BD%D0%B8%D0%92%D0%BE%D0%B4%D0%B8_%D0%91%D0%94%D0%98%D0%91%D0%A0_2019.xlsx",
        "coordinate_accuracy": "A – официални географски координати",
        "mapped_status": "картографирано",
        "display_category": "Каптаж/естествен извор",
        "temperature_class": "Без температура"
      }
    },
    {
      "type": "Feature",
      "geometry": {
        "type": "Point",
        "coordinates": [
          24.7005278,
          42.5016111
        ]
      },
      "properties": {
        "basin_directorate": "Източнобеломорски район",
        "district": "Пловдив",
        "municipality": "Хисаря",
        "settlement": "Хисаря",
        "deposit": "Хисаря, гр. Хисаря, община Хисаря, област Пловдив",
        "section": "-",
        "facility": "Каптаж \"Русалка\" (Кюпчез)",
        "facility_type": "водовземно",
        "year": "1935г.",
        "depth_m": "4.0",
        "temperature_c": "",
        "status": "добро",
        "registry_number": "351093006  26.03.2008г.",
        "source_date": "30.09.2019",
        "source": "БДИБР – официален регистър",
        "source_url": "https://earbd.bg/files/File/Razreshitelni/Registri%20na%20izdadenite%20razreshitelni/2024/11/15_web2021_REG_%D0%A1%D1%8A%D0%BE%D1%80%D1%8A%D0%B6%D0%B5%D0%BD%D0%B8%D1%8F%D0%9C%D0%B8%D0%BD%D0%B5%D1%80%D0%B0%D0%BB%D0%BD%D0%B8%D0%92%D0%BE%D0%B4%D0%B8_%D0%91%D0%94%D0%98%D0%91%D0%A0_2019.xlsx",
        "coordinate_accuracy": "A – официални географски координати",
        "mapped_status": "картографирано",
        "display_category": "Каптаж/естествен извор",
        "temperature_class": "Без температура"
      }
    },
    {
      "type": "Feature",
      "geometry": {
        "type": "Point",
        "coordinates": [
          24.7123611,
          42.5043333
        ]
      },
      "properties": {
        "basin_directorate": "Източнобеломорски район",
        "district": "Пловдив",
        "municipality": "Хисаря",
        "settlement": "Хисаря",
        "deposit": "Хисаря, гр. Хисаря, община Хисаря, област Пловдив",
        "section": "-",
        "facility": "Сондаж № 1",
        "facility_type": "водовземно",
        "year": "1960г.",
        "depth_m": "303.4",
        "temperature_c": "",
        "status": "добро към влошаване",
        "registry_number": "351093007  26.03.2008г.",
        "source_date": "30.09.2019",
        "source": "БДИБР – официален регистър",
        "source_url": "https://earbd.bg/files/File/Razreshitelni/Registri%20na%20izdadenite%20razreshitelni/2024/11/15_web2021_REG_%D0%A1%D1%8A%D0%BE%D1%80%D1%8A%D0%B6%D0%B5%D0%BD%D0%B8%D1%8F%D0%9C%D0%B8%D0%BD%D0%B5%D1%80%D0%B0%D0%BB%D0%BD%D0%B8%D0%92%D0%BE%D0%B4%D0%B8_%D0%91%D0%94%D0%98%D0%91%D0%A0_2019.xlsx",
        "coordinate_accuracy": "A – официални географски координати",
        "mapped_status": "картографирано",
        "display_category": "Минерален сондаж",
        "temperature_class": "Без температура"
      }
    },
    {
      "type": "Feature",
      "geometry": {
        "type": "Point",
        "coordinates": [
          24.7154139,
          42.5040444
        ]
      },
      "properties": {
        "basin_directorate": "Източнобеломорски район",
        "district": "Пловдив",
        "municipality": "Хисаря",
        "settlement": "Хисаря",
        "deposit": "Хисаря, гр. Хисаря, община Хисаря, област Пловдив",
        "section": "-",
        "facility": "Сондаж № 3",
        "facility_type": "водовземно",
        "year": "1962 г.",
        "depth_m": "322.0",
        "temperature_c": "",
        "status": "лошо",
        "registry_number": "351093008  26.03.2008г.",
        "source_date": "30.09.2019",
        "source": "БДИБР – официален регистър",
        "source_url": "https://earbd.bg/files/File/Razreshitelni/Registri%20na%20izdadenite%20razreshitelni/2024/11/15_web2021_REG_%D0%A1%D1%8A%D0%BE%D1%80%D1%8A%D0%B6%D0%B5%D0%BD%D0%B8%D1%8F%D0%9C%D0%B8%D0%BD%D0%B5%D1%80%D0%B0%D0%BB%D0%BD%D0%B8%D0%92%D0%BE%D0%B4%D0%B8_%D0%91%D0%94%D0%98%D0%91%D0%A0_2019.xlsx",
        "coordinate_accuracy": "A – официални географски координати",
        "mapped_status": "картографирано",
        "display_category": "Минерален сондаж",
        "temperature_class": "Без температура"
      }
    },
    {
      "type": "Feature",
      "geometry": {
        "type": "Point",
        "coordinates": [
          24.7029167,
          42.5
        ]
      },
      "properties": {
        "basin_directorate": "Източнобеломорски район",
        "district": "Пловдив",
        "municipality": "Хисаря",
        "settlement": "Хисаря",
        "deposit": "Хисаря, гр. Хисаря, община Хисаря, област Пловдив",
        "section": "-",
        "facility": "Сондаж № 4",
        "facility_type": "водовземно",
        "year": "1962 г.",
        "depth_m": "502.5",
        "temperature_c": "",
        "status": "лошо",
        "registry_number": "351093009  26.03.2008г.",
        "source_date": "30.09.2019",
        "source": "БДИБР – официален регистър",
        "source_url": "https://earbd.bg/files/File/Razreshitelni/Registri%20na%20izdadenite%20razreshitelni/2024/11/15_web2021_REG_%D0%A1%D1%8A%D0%BE%D1%80%D1%8A%D0%B6%D0%B5%D0%BD%D0%B8%D1%8F%D0%9C%D0%B8%D0%BD%D0%B5%D1%80%D0%B0%D0%BB%D0%BD%D0%B8%D0%92%D0%BE%D0%B4%D0%B8_%D0%91%D0%94%D0%98%D0%91%D0%A0_2019.xlsx",
        "coordinate_accuracy": "A – официални географски координати",
        "mapped_status": "картографирано",
        "display_category": "Минерален сондаж",
        "temperature_class": "Без температура"
      }
    },
    {
      "type": "Feature",
      "geometry": {
        "type": "Point",
        "coordinates": [
          24.7003889,
          42.5014167
        ]
      },
      "properties": {
        "basin_directorate": "Източнобеломорски район",
        "district": "Пловдив",
        "municipality": "Хисаря",
        "settlement": "Хисаря",
        "deposit": "Хисаря, гр. Хисаря, община Хисаря, област Пловдив",
        "section": "-",
        "facility": "Сондаж № 5",
        "facility_type": "водовземно",
        "year": "1966 г.",
        "depth_m": "520.0",
        "temperature_c": "",
        "status": "добро",
        "registry_number": "351093010  26.03.2008г.",
        "source_date": "30.09.2019",
        "source": "БДИБР – официален регистър",
        "source_url": "https://earbd.bg/files/File/Razreshitelni/Registri%20na%20izdadenite%20razreshitelni/2024/11/15_web2021_REG_%D0%A1%D1%8A%D0%BE%D1%80%D1%8A%D0%B6%D0%B5%D0%BD%D0%B8%D1%8F%D0%9C%D0%B8%D0%BD%D0%B5%D1%80%D0%B0%D0%BB%D0%BD%D0%B8%D0%92%D0%BE%D0%B4%D0%B8_%D0%91%D0%94%D0%98%D0%91%D0%A0_2019.xlsx",
        "coordinate_accuracy": "A – официални географски координати",
        "mapped_status": "картографирано",
        "display_category": "Минерален сондаж",
        "temperature_class": "Без температура"
      }
    },
    {
      "type": "Feature",
      "geometry": {
        "type": "Point",
        "coordinates": [
          24.7046944,
          42.4992778
        ]
      },
      "properties": {
        "basin_directorate": "Източнобеломорски район",
        "district": "Пловдив",
        "municipality": "Хисаря",
        "settlement": "Хисаря",
        "deposit": "Хисаря, гр. Хисаря, община Хисаря, област Пловдив",
        "section": "-",
        "facility": "Сондаж № 6",
        "facility_type": "водовземно",
        "year": "1966 г.",
        "depth_m": "650.0",
        "temperature_c": "",
        "status": "лошо",
        "registry_number": "351093011  26.03.2008г.",
        "source_date": "30.09.2019",
        "source": "БДИБР – официален регистър",
        "source_url": "https://earbd.bg/files/File/Razreshitelni/Registri%20na%20izdadenite%20razreshitelni/2024/11/15_web2021_REG_%D0%A1%D1%8A%D0%BE%D1%80%D1%8A%D0%B6%D0%B5%D0%BD%D0%B8%D1%8F%D0%9C%D0%B8%D0%BD%D0%B5%D1%80%D0%B0%D0%BB%D0%BD%D0%B8%D0%92%D0%BE%D0%B4%D0%B8_%D0%91%D0%94%D0%98%D0%91%D0%A0_2019.xlsx",
        "coordinate_accuracy": "A – официални географски координати",
        "mapped_status": "картографирано",
        "display_category": "Минерален сондаж",
        "temperature_class": "Без температура"
      }
    },
    {
      "type": "Feature",
      "geometry": {
        "type": "Point",
        "coordinates": [
          24.7111111,
          42.5023333
        ]
      },
      "properties": {
        "basin_directorate": "Източнобеломорски район",
        "district": "Пловдив",
        "municipality": "Хисаря",
        "settlement": "Хисаря",
        "deposit": "Хисаря, гр. Хисаря, община Хисаря, област Пловдив",
        "section": "-",
        "facility": "Сондаж № 7",
        "facility_type": "водовземно",
        "year": "1966 г.",
        "depth_m": "660.5",
        "temperature_c": "",
        "status": " добро",
        "registry_number": "351093012  26.03.2008г.",
        "source_date": "30.09.2019",
        "source": "БДИБР – официален регистър",
        "source_url": "https://earbd.bg/files/File/Razreshitelni/Registri%20na%20izdadenite%20razreshitelni/2024/11/15_web2021_REG_%D0%A1%D1%8A%D0%BE%D1%80%D1%8A%D0%B6%D0%B5%D0%BD%D0%B8%D1%8F%D0%9C%D0%B8%D0%BD%D0%B5%D1%80%D0%B0%D0%BB%D0%BD%D0%B8%D0%92%D0%BE%D0%B4%D0%B8_%D0%91%D0%94%D0%98%D0%91%D0%A0_2019.xlsx",
        "coordinate_accuracy": "A – официални географски координати",
        "mapped_status": "картографирано",
        "display_category": "Минерален сондаж",
        "temperature_class": "Без температура"
      }
    },
    {
      "type": "Feature",
      "geometry": {
        "type": "Point",
        "coordinates": [
          24.71825,
          42.5062778
        ]
      },
      "properties": {
        "basin_directorate": "Източнобеломорски район",
        "district": "Пловдив",
        "municipality": "Хисаря",
        "settlement": "Хисаря",
        "deposit": "Хисаря, гр. Хисаря, община Хисаря, област Пловдив",
        "section": "-",
        "facility": "Сондаж № 8 източно от МО",
        "facility_type": "мониторингов",
        "year": "1966 г.",
        "depth_m": "691.3",
        "temperature_c": "",
        "status": "добро",
        "registry_number": "351093013  26.03.2008г.",
        "source_date": "30.09.2019",
        "source": "БДИБР – официален регистър",
        "source_url": "https://earbd.bg/files/File/Razreshitelni/Registri%20na%20izdadenite%20razreshitelni/2024/11/15_web2021_REG_%D0%A1%D1%8A%D0%BE%D1%80%D1%8A%D0%B6%D0%B5%D0%BD%D0%B8%D1%8F%D0%9C%D0%B8%D0%BD%D0%B5%D1%80%D0%B0%D0%BB%D0%BD%D0%B8%D0%92%D0%BE%D0%B4%D0%B8_%D0%91%D0%94%D0%98%D0%91%D0%A0_2019.xlsx",
        "coordinate_accuracy": "A – официални географски координати",
        "mapped_status": "картографирано",
        "display_category": "Мониторингов сондаж",
        "temperature_class": "Без температура"
      }
    },
    {
      "type": "Feature",
      "geometry": {
        "type": "Point",
        "coordinates": [
          24.7055028,
          42.4935861
        ]
      },
      "properties": {
        "basin_directorate": "Източнобеломорски район",
        "district": "Пловдив",
        "municipality": "Хисаря",
        "settlement": "Хисаря",
        "deposit": "Хисаря, гр. Хисаря, община Хисаря, област Пловдив",
        "section": "-",
        "facility": "Каптаж “Чобан чешма”",
        "facility_type": "водовземно",
        "year": "1936г.",
        "depth_m": "4.0",
        "temperature_c": "",
        "status": " добро",
        "registry_number": "351093014  26.03.2008г.",
        "source_date": "30.09.2019",
        "source": "БДИБР – официален регистър",
        "source_url": "https://earbd.bg/files/File/Razreshitelni/Registri%20na%20izdadenite%20razreshitelni/2024/11/15_web2021_REG_%D0%A1%D1%8A%D0%BE%D1%80%D1%8A%D0%B6%D0%B5%D0%BD%D0%B8%D1%8F%D0%9C%D0%B8%D0%BD%D0%B5%D1%80%D0%B0%D0%BB%D0%BD%D0%B8%D0%92%D0%BE%D0%B4%D0%B8_%D0%91%D0%94%D0%98%D0%91%D0%A0_2019.xlsx",
        "coordinate_accuracy": "A – официални географски координати",
        "mapped_status": "картографирано",
        "display_category": "Каптаж/естествен извор",
        "temperature_class": "Без температура"
      }
    },
    {
      "type": "Feature",
      "geometry": {
        "type": "Point",
        "coordinates": [
          24.7120833,
          42.5036667
        ]
      },
      "properties": {
        "basin_directorate": "Източнобеломорски район",
        "district": "Пловдив",
        "municipality": "Хисаря",
        "settlement": "Хисаря",
        "deposit": "Хисаря, гр. Хисаря, община Хисаря, област Пловдив",
        "section": "-",
        "facility": "Каптаж \"Момина баня\"",
        "facility_type": "водовземно",
        "year": "1951г.",
        "depth_m": "15.0",
        "temperature_c": "",
        "status": "добро",
        "registry_number": "351093015  26.03.2008г.",
        "source_date": "30.09.2019",
        "source": "БДИБР – официален регистър",
        "source_url": "https://earbd.bg/files/File/Razreshitelni/Registri%20na%20izdadenite%20razreshitelni/2024/11/15_web2021_REG_%D0%A1%D1%8A%D0%BE%D1%80%D1%8A%D0%B6%D0%B5%D0%BD%D0%B8%D1%8F%D0%9C%D0%B8%D0%BD%D0%B5%D1%80%D0%B0%D0%BB%D0%BD%D0%B8%D0%92%D0%BE%D0%B4%D0%B8_%D0%91%D0%94%D0%98%D0%91%D0%A0_2019.xlsx",
        "coordinate_accuracy": "A – официални географски координати",
        "mapped_status": "картографирано",
        "display_category": "Каптаж/естествен извор",
        "temperature_class": "Без температура"
      }
    },
    {
      "type": "Feature",
      "geometry": {
        "type": "Point",
        "coordinates": [
          24.7144722,
          42.50225
        ]
      },
      "properties": {
        "basin_directorate": "Източнобеломорски район",
        "district": "Пловдив",
        "municipality": "Хисаря",
        "settlement": "Хисаря",
        "deposit": "Хисаря, гр. Хисаря, община Хисаря, област Пловдив",
        "section": "-",
        "facility": "Каптаж \"Парилките\"",
        "facility_type": "водовземно",
        "year": "1936г.",
        "depth_m": "15.0",
        "temperature_c": "",
        "status": "добро",
        "registry_number": "351093016  26.03.2008г.",
        "source_date": "30.09.2019",
        "source": "БДИБР – официален регистър",
        "source_url": "https://earbd.bg/files/File/Razreshitelni/Registri%20na%20izdadenite%20razreshitelni/2024/11/15_web2021_REG_%D0%A1%D1%8A%D0%BE%D1%80%D1%8A%D0%B6%D0%B5%D0%BD%D0%B8%D1%8F%D0%9C%D0%B8%D0%BD%D0%B5%D1%80%D0%B0%D0%BB%D0%BD%D0%B8%D0%92%D0%BE%D0%B4%D0%B8_%D0%91%D0%94%D0%98%D0%91%D0%A0_2019.xlsx",
        "coordinate_accuracy": "A – официални географски координати",
        "mapped_status": "картографирано",
        "display_category": "Каптаж/естествен извор",
        "temperature_class": "Без температура"
      }
    },
    {
      "type": "Feature",
      "geometry": {
        "type": "Point",
        "coordinates": [
          24.7149722,
          42.4971111
        ]
      },
      "properties": {
        "basin_directorate": "Източнобеломорски район",
        "district": "Пловдив",
        "municipality": "Хисаря",
        "settlement": "Хисаря",
        "deposit": "Хисаря, гр. Хисаря, община Хисаря, област Пловдив",
        "section": "-",
        "facility": "Два каптажа \"Вълкови извори\"",
        "facility_type": "водовземно",
        "year": "1936г.",
        "depth_m": "15.0",
        "temperature_c": "",
        "status": "сравнително добро",
        "registry_number": "351093017  26.03.2008г.",
        "source_date": "30.09.2019",
        "source": "БДИБР – официален регистър",
        "source_url": "https://earbd.bg/files/File/Razreshitelni/Registri%20na%20izdadenite%20razreshitelni/2024/11/15_web2021_REG_%D0%A1%D1%8A%D0%BE%D1%80%D1%8A%D0%B6%D0%B5%D0%BD%D0%B8%D1%8F%D0%9C%D0%B8%D0%BD%D0%B5%D1%80%D0%B0%D0%BB%D0%BD%D0%B8%D0%92%D0%BE%D0%B4%D0%B8_%D0%91%D0%94%D0%98%D0%91%D0%A0_2019.xlsx",
        "coordinate_accuracy": "A – официални географски координати",
        "mapped_status": "картографирано",
        "display_category": "Каптаж/естествен извор",
        "temperature_class": "Без температура"
      }
    },
    {
      "type": "Feature",
      "geometry": {
        "type": "Point",
        "coordinates": [
          24.7134167,
          42.4983889
        ]
      },
      "properties": {
        "basin_directorate": "Източнобеломорски район",
        "district": "Пловдив",
        "municipality": "Хисаря",
        "settlement": "Хисаря",
        "deposit": "Хисаря, гр. Хисаря, община Хисаря, област Пловдив",
        "section": "-",
        "facility": "Каптаж \"Пепеляшка-І\"",
        "facility_type": "водовземно",
        "year": "1936г.",
        "depth_m": "15.0",
        "temperature_c": "",
        "status": "добро",
        "registry_number": "351093018  26.03.2008г.",
        "source_date": "30.09.2019",
        "source": "БДИБР – официален регистър",
        "source_url": "https://earbd.bg/files/File/Razreshitelni/Registri%20na%20izdadenite%20razreshitelni/2024/11/15_web2021_REG_%D0%A1%D1%8A%D0%BE%D1%80%D1%8A%D0%B6%D0%B5%D0%BD%D0%B8%D1%8F%D0%9C%D0%B8%D0%BD%D0%B5%D1%80%D0%B0%D0%BB%D0%BD%D0%B8%D0%92%D0%BE%D0%B4%D0%B8_%D0%91%D0%94%D0%98%D0%91%D0%A0_2019.xlsx",
        "coordinate_accuracy": "A – официални географски координати",
        "mapped_status": "картографирано",
        "display_category": "Каптаж/естествен извор",
        "temperature_class": "Без температура"
      }
    },
    {
      "type": "Feature",
      "geometry": {
        "type": "Point",
        "coordinates": [
          24.7141944,
          42.49725
        ]
      },
      "properties": {
        "basin_directorate": "Източнобеломорски район",
        "district": "Пловдив",
        "municipality": "Хисаря",
        "settlement": "Хисаря",
        "deposit": "Хисаря, гр. Хисаря, община Хисаря, област Пловдив",
        "section": "-",
        "facility": "Каптаж \"Пепеляшка-ІІ\"",
        "facility_type": "водовземно",
        "year": "1936г.",
        "depth_m": "15.0",
        "temperature_c": "",
        "status": "добро",
        "registry_number": "351093019  26.03.2008г.",
        "source_date": "30.09.2019",
        "source": "БДИБР – официален регистър",
        "source_url": "https://earbd.bg/files/File/Razreshitelni/Registri%20na%20izdadenite%20razreshitelni/2024/11/15_web2021_REG_%D0%A1%D1%8A%D0%BE%D1%80%D1%8A%D0%B6%D0%B5%D0%BD%D0%B8%D1%8F%D0%9C%D0%B8%D0%BD%D0%B5%D1%80%D0%B0%D0%BB%D0%BD%D0%B8%D0%92%D0%BE%D0%B4%D0%B8_%D0%91%D0%94%D0%98%D0%91%D0%A0_2019.xlsx",
        "coordinate_accuracy": "A – официални географски координати",
        "mapped_status": "картографирано",
        "display_category": "Каптаж/естествен извор",
        "temperature_class": "Без температура"
      }
    },
    {
      "type": "Feature",
      "geometry": {
        "type": "Point",
        "coordinates": [
          24.713,
          42.4958333
        ]
      },
      "properties": {
        "basin_directorate": "Източнобеломорски район",
        "district": "Пловдив",
        "municipality": "Хисаря",
        "settlement": "Хисаря",
        "deposit": "Хисаря, гр. Хисаря, община Хисаря, област Пловдив",
        "section": "-",
        "facility": "Каптаж \"Чаир баня\"",
        "facility_type": "водовземно",
        "year": "1951г.",
        "depth_m": "15.0",
        "temperature_c": "",
        "status": "добро",
        "registry_number": "351093020  26.03.2008г.",
        "source_date": "30.09.2019",
        "source": "БДИБР – официален регистър",
        "source_url": "https://earbd.bg/files/File/Razreshitelni/Registri%20na%20izdadenite%20razreshitelni/2024/11/15_web2021_REG_%D0%A1%D1%8A%D0%BE%D1%80%D1%8A%D0%B6%D0%B5%D0%BD%D0%B8%D1%8F%D0%9C%D0%B8%D0%BD%D0%B5%D1%80%D0%B0%D0%BB%D0%BD%D0%B8%D0%92%D0%BE%D0%B4%D0%B8_%D0%91%D0%94%D0%98%D0%91%D0%A0_2019.xlsx",
        "coordinate_accuracy": "A – официални географски координати",
        "mapped_status": "картографирано",
        "display_category": "Каптаж/естествен извор",
        "temperature_class": "Без температура"
      }
    },
    {
      "type": "Feature",
      "geometry": {
        "type": "Point",
        "coordinates": [
          24.7110556,
          42.4799167
        ]
      },
      "properties": {
        "basin_directorate": "Източнобеломорски район",
        "district": "Пловдив",
        "municipality": "Хисаря",
        "settlement": "Хисаря",
        "deposit": "Хисаря, гр. Хисаря, община Хисаря, област Пловдив",
        "section": "-",
        "facility": "Каптаж \"Банчето-Миромир\"",
        "facility_type": "водовземно",
        "year": "",
        "depth_m": "15.0",
        "temperature_c": "",
        "status": "добро",
        "registry_number": "351093021  26.03.2008г.",
        "source_date": "30.09.2019",
        "source": "БДИБР – официален регистър",
        "source_url": "https://earbd.bg/files/File/Razreshitelni/Registri%20na%20izdadenite%20razreshitelni/2024/11/15_web2021_REG_%D0%A1%D1%8A%D0%BE%D1%80%D1%8A%D0%B6%D0%B5%D0%BD%D0%B8%D1%8F%D0%9C%D0%B8%D0%BD%D0%B5%D1%80%D0%B0%D0%BB%D0%BD%D0%B8%D0%92%D0%BE%D0%B4%D0%B8_%D0%91%D0%94%D0%98%D0%91%D0%A0_2019.xlsx",
        "coordinate_accuracy": "A – официални географски координати",
        "mapped_status": "картографирано",
        "display_category": "Каптаж/естествен извор",
        "temperature_class": "Без температура"
      }
    },
    {
      "type": "Feature",
      "geometry": {
        "type": "Point",
        "coordinates": [
          25.2906667,
          42.1651944
        ]
      },
      "properties": {
        "basin_directorate": "Източнобеломорски район",
        "district": "Стара Загора",
        "municipality": "Чирпан",
        "settlement": "Чирпан",
        "deposit": "Чирпан”, гр. Чирпан, община Чирпан, област Стара Загора",
        "section": "-",
        "facility": "Сондаж №6",
        "facility_type": "наблюдателно",
        "year": "1988 г.",
        "depth_m": "600.0",
        "temperature_c": "",
        "status": "лошо",
        "registry_number": "351095001  26.03.2008г.",
        "source_date": "30.09.2019",
        "source": "БДИБР – официален регистър",
        "source_url": "https://earbd.bg/files/File/Razreshitelni/Registri%20na%20izdadenite%20razreshitelni/2024/11/15_web2021_REG_%D0%A1%D1%8A%D0%BE%D1%80%D1%8A%D0%B6%D0%B5%D0%BD%D0%B8%D1%8F%D0%9C%D0%B8%D0%BD%D0%B5%D1%80%D0%B0%D0%BB%D0%BD%D0%B8%D0%92%D0%BE%D0%B4%D0%B8_%D0%91%D0%94%D0%98%D0%91%D0%A0_2019.xlsx",
        "coordinate_accuracy": "A – официални географски координати",
        "mapped_status": "картографирано",
        "display_category": "Мониторингов сондаж",
        "temperature_class": "Без температура"
      }
    },
    {
      "type": "Feature",
      "geometry": {
        "type": "Point",
        "coordinates": [
          25.3196111,
          42.191
        ]
      },
      "properties": {
        "basin_directorate": "Източнобеломорски район",
        "district": "Стара Загора",
        "municipality": "Чирпан",
        "settlement": "Чирпан",
        "deposit": "Чирпан”, гр. Чирпан, община Чирпан, област Стара Загора",
        "section": "-",
        "facility": "Сондаж №7",
        "facility_type": "водовземно",
        "year": "1990 г.",
        "depth_m": "702.0",
        "temperature_c": "",
        "status": "лошо",
        "registry_number": "351095002  26.03.2008г.",
        "source_date": "30.09.2019",
        "source": "БДИБР – официален регистър",
        "source_url": "https://earbd.bg/files/File/Razreshitelni/Registri%20na%20izdadenite%20razreshitelni/2024/11/15_web2021_REG_%D0%A1%D1%8A%D0%BE%D1%80%D1%8A%D0%B6%D0%B5%D0%BD%D0%B8%D1%8F%D0%9C%D0%B8%D0%BD%D0%B5%D1%80%D0%B0%D0%BB%D0%BD%D0%B8%D0%92%D0%BE%D0%B4%D0%B8_%D0%91%D0%94%D0%98%D0%91%D0%A0_2019.xlsx",
        "coordinate_accuracy": "A – официални географски координати",
        "mapped_status": "картографирано",
        "display_category": "Минерален сондаж",
        "temperature_class": "Без температура"
      }
    },
    {
      "type": "Feature",
      "geometry": {
        "type": "Point",
        "coordinates": [
          23.1403139,
          42.7060194
        ]
      },
      "properties": {
        "basin_directorate": "Дунавски район",
        "district": "София",
        "municipality": "Банкя",
        "settlement": "Банкя",
        "deposit": "Банкя",
        "section": "",
        "facility": "КЕИ \"Бански каптаж\"",
        "facility_type": "водовземно",
        "year": "1905",
        "depth_m": "",
        "temperature_c": "",
        "status": "",
        "registry_number": "РМН1 - 003001",
        "source_date": "01.11.2022",
        "source": "БДДР – официален регистър",
        "source_url": "https://www.bd-dunav.bg/uploads/content/files/registri/razreshitelni%20i%20reshenia/2022/10-2022/VS_MV_BDDR_01112022.xlsx",
        "coordinate_accuracy": "A – официални географски координати",
        "mapped_status": "картографирано",
        "display_category": "Каптаж/естествен извор",
        "temperature_class": "Без температура"
      }
    },
    {
      "type": "Feature",
      "geometry": {
        "type": "Point",
        "coordinates": [
          23.14105,
          42.7065639
        ]
      },
      "properties": {
        "basin_directorate": "Дунавски район",
        "district": "София",
        "municipality": "Банкя",
        "settlement": "Банкя",
        "deposit": "Банкя",
        "section": "",
        "facility": "Сондаж № 1 ВКП",
        "facility_type": "водовземно",
        "year": "1958",
        "depth_m": "301.0",
        "temperature_c": "",
        "status": "",
        "registry_number": "РМН1 - 003002",
        "source_date": "01.11.2022",
        "source": "БДДР – официален регистър",
        "source_url": "https://www.bd-dunav.bg/uploads/content/files/registri/razreshitelni%20i%20reshenia/2022/10-2022/VS_MV_BDDR_01112022.xlsx",
        "coordinate_accuracy": "A – официални географски координати",
        "mapped_status": "картографирано",
        "display_category": "Минерален сондаж",
        "temperature_class": "Без температура"
      }
    },
    {
      "type": "Feature",
      "geometry": {
        "type": "Point",
        "coordinates": [
          23.1384167,
          42.7096056
        ]
      },
      "properties": {
        "basin_directorate": "Дунавски район",
        "district": "София",
        "municipality": "Банкя",
        "settlement": "Банкя",
        "deposit": "Банкя",
        "section": "",
        "facility": "Сондаж № 1ХГ",
        "facility_type": "мониторинг",
        "year": "1967",
        "depth_m": "650.7",
        "temperature_c": "",
        "status": "",
        "registry_number": "РМН1 - 003003",
        "source_date": "01.11.2022",
        "source": "БДДР – официален регистър",
        "source_url": "https://www.bd-dunav.bg/uploads/content/files/registri/razreshitelni%20i%20reshenia/2022/10-2022/VS_MV_BDDR_01112022.xlsx",
        "coordinate_accuracy": "A – официални географски координати",
        "mapped_status": "картографирано",
        "display_category": "Мониторингов сондаж",
        "temperature_class": "Без температура"
      }
    },
    {
      "type": "Feature",
      "geometry": {
        "type": "Point",
        "coordinates": [
          23.1451917,
          42.7025722
        ]
      },
      "properties": {
        "basin_directorate": "Дунавски район",
        "district": "София",
        "municipality": "Банкя",
        "settlement": "Банкя",
        "deposit": "Банкя",
        "section": "",
        "facility": "Сондаж № 2ХГ",
        "facility_type": "водовземно",
        "year": "1968",
        "depth_m": "277.0",
        "temperature_c": "",
        "status": "",
        "registry_number": "РМН1 - 003004",
        "source_date": "01.11.2022",
        "source": "БДДР – официален регистър",
        "source_url": "https://www.bd-dunav.bg/uploads/content/files/registri/razreshitelni%20i%20reshenia/2022/10-2022/VS_MV_BDDR_01112022.xlsx",
        "coordinate_accuracy": "A – официални географски координати",
        "mapped_status": "картографирано",
        "display_category": "Минерален сондаж",
        "temperature_class": "Без температура"
      }
    },
    {
      "type": "Feature",
      "geometry": {
        "type": "Point",
        "coordinates": [
          23.1467444,
          42.7077972
        ]
      },
      "properties": {
        "basin_directorate": "Дунавски район",
        "district": "София",
        "municipality": "Банкя",
        "settlement": "Банкя",
        "deposit": "Банкя",
        "section": "",
        "facility": "Сондаж № 3ХГ",
        "facility_type": "водовземно",
        "year": "1968",
        "depth_m": "650.0",
        "temperature_c": "",
        "status": "",
        "registry_number": "РМН1 - 003005",
        "source_date": "01.11.2022",
        "source": "БДДР – официален регистър",
        "source_url": "https://www.bd-dunav.bg/uploads/content/files/registri/razreshitelni%20i%20reshenia/2022/10-2022/VS_MV_BDDR_01112022.xlsx",
        "coordinate_accuracy": "A – официални географски координати",
        "mapped_status": "картографирано",
        "display_category": "Минерален сондаж",
        "temperature_class": "Без температура"
      }
    },
    {
      "type": "Feature",
      "geometry": {
        "type": "Point",
        "coordinates": [
          23.1500944,
          42.7132667
        ]
      },
      "properties": {
        "basin_directorate": "Дунавски район",
        "district": "София",
        "municipality": "Банкя",
        "settlement": "Банкя ",
        "deposit": "Банкя",
        "section": "",
        "facility": "Сондаж  \"Банкя Палас\"",
        "facility_type": "водовземно",
        "year": "2006",
        "depth_m": "600.0",
        "temperature_c": "",
        "status": "",
        "registry_number": "РМН1 - 003006",
        "source_date": "01.11.2022",
        "source": "БДДР – официален регистър",
        "source_url": "https://www.bd-dunav.bg/uploads/content/files/registri/razreshitelni%20i%20reshenia/2022/10-2022/VS_MV_BDDR_01112022.xlsx",
        "coordinate_accuracy": "A – официални географски координати",
        "mapped_status": "картографирано",
        "display_category": "Минерален сондаж",
        "temperature_class": "Без температура"
      }
    },
    {
      "type": "Feature",
      "geometry": {
        "type": "Point",
        "coordinates": [
          23.1313778,
          42.7205639
        ]
      },
      "properties": {
        "basin_directorate": "Дунавски район",
        "district": "София",
        "municipality": "Банкя",
        "settlement": "Банкя ",
        "deposit": "Банкя",
        "section": "",
        "facility": "Сондаж № 6хг \"Вердикал\"",
        "facility_type": "мониторинг",
        "year": "1969",
        "depth_m": "650.6",
        "temperature_c": "",
        "status": "",
        "registry_number": "РМН1 - 003007",
        "source_date": "01.11.2022",
        "source": "БДДР – официален регистър",
        "source_url": "https://www.bd-dunav.bg/uploads/content/files/registri/razreshitelni%20i%20reshenia/2022/10-2022/VS_MV_BDDR_01112022.xlsx",
        "coordinate_accuracy": "A – официални географски координати",
        "mapped_status": "картографирано",
        "display_category": "Мониторингов сондаж",
        "temperature_class": "Без температура"
      }
    },
    {
      "type": "Feature",
      "geometry": {
        "type": "Point",
        "coordinates": [
          23.1733611,
          42.71975
        ]
      },
      "properties": {
        "basin_directorate": "Дунавски район",
        "district": "София",
        "municipality": "Банкя",
        "settlement": "Банкя ",
        "deposit": "Банкя",
        "section": "",
        "facility": "Сондаж № 1хг \"Иваняне\"",
        "facility_type": "мониторинг",
        "year": "1966",
        "depth_m": "750.1",
        "temperature_c": "",
        "status": "",
        "registry_number": "РМН1 - 003008",
        "source_date": "01.11.2022",
        "source": "БДДР – официален регистър",
        "source_url": "https://www.bd-dunav.bg/uploads/content/files/registri/razreshitelni%20i%20reshenia/2022/10-2022/VS_MV_BDDR_01112022.xlsx",
        "coordinate_accuracy": "A – официални географски координати",
        "mapped_status": "картографирано",
        "display_category": "Мониторингов сондаж",
        "temperature_class": "Без температура"
      }
    },
    {
      "type": "Feature",
      "geometry": {
        "type": "Point",
        "coordinates": [
          23.1769167,
          42.7178889
        ]
      },
      "properties": {
        "basin_directorate": "Дунавски район",
        "district": "София",
        "municipality": "Банкя",
        "settlement": "Банкя ",
        "deposit": "Банкя",
        "section": "",
        "facility": "Сондаж ТК №  1  \"Иваняне\"",
        "facility_type": "водовземно",
        "year": "2011",
        "depth_m": "740.0",
        "temperature_c": "",
        "status": "",
        "registry_number": "РМН1 - 003009",
        "source_date": "01.11.2022",
        "source": "БДДР – официален регистър",
        "source_url": "https://www.bd-dunav.bg/uploads/content/files/registri/razreshitelni%20i%20reshenia/2022/10-2022/VS_MV_BDDR_01112022.xlsx",
        "coordinate_accuracy": "A – официални географски координати",
        "mapped_status": "картографирано",
        "display_category": "Минерален сондаж",
        "temperature_class": "Без температура"
      }
    },
    {
      "type": "Feature",
      "geometry": {
        "type": "Point",
        "coordinates": [
          23.1769167,
          42.7178889
        ]
      },
      "properties": {
        "basin_directorate": "Дунавски район",
        "district": "София",
        "municipality": "Банкя",
        "settlement": "Банкя ",
        "deposit": "Банкя",
        "section": "",
        "facility": "Сондаж ТК №  1  \"Иваняне\"",
        "facility_type": "водовземно",
        "year": "2011",
        "depth_m": "740.0",
        "temperature_c": "",
        "status": "",
        "registry_number": "РМН1 - 003009",
        "source_date": "01.11.2022",
        "source": "БДДР – официален регистър",
        "source_url": "https://www.bd-dunav.bg/uploads/content/files/registri/razreshitelni%20i%20reshenia/2022/10-2022/VS_MV_BDDR_01112022.xlsx",
        "coordinate_accuracy": "A – официални географски координати",
        "mapped_status": "картографирано",
        "display_category": "Минерален сондаж",
        "temperature_class": "Без температура"
      }
    },
    {
      "type": "Feature",
      "geometry": {
        "type": "Point",
        "coordinates": [
          23.1769167,
          42.7178889
        ]
      },
      "properties": {
        "basin_directorate": "Дунавски район",
        "district": "София",
        "municipality": "Банкя",
        "settlement": "Банкя ",
        "deposit": "Банкя",
        "section": "",
        "facility": "Сондаж ТК №  1  \"Иваняне\"",
        "facility_type": "водовземно",
        "year": "2011",
        "depth_m": "740.0",
        "temperature_c": "",
        "status": "",
        "registry_number": "РМН1 - 003009",
        "source_date": "01.11.2022",
        "source": "БДДР – официален регистър",
        "source_url": "https://www.bd-dunav.bg/uploads/content/files/registri/razreshitelni%20i%20reshenia/2022/10-2022/VS_MV_BDDR_01112022.xlsx",
        "coordinate_accuracy": "A – официални географски координати",
        "mapped_status": "картографирано",
        "display_category": "Минерален сондаж",
        "temperature_class": "Без температура"
      }
    },
    {
      "type": "Feature",
      "geometry": {
        "type": "Point",
        "coordinates": [
          23.1769167,
          42.7178889
        ]
      },
      "properties": {
        "basin_directorate": "Дунавски район",
        "district": "София",
        "municipality": "Банкя",
        "settlement": "Банкя ",
        "deposit": "Банкя",
        "section": "",
        "facility": "Сондаж ТК №  1  \"Иваняне\"",
        "facility_type": "водовземно",
        "year": "2011",
        "depth_m": "740.0",
        "temperature_c": "",
        "status": "",
        "registry_number": "РМН1 - 003009",
        "source_date": "01.11.2022",
        "source": "БДДР – официален регистър",
        "source_url": "https://www.bd-dunav.bg/uploads/content/files/registri/razreshitelni%20i%20reshenia/2022/10-2022/VS_MV_BDDR_01112022.xlsx",
        "coordinate_accuracy": "A – официални географски координати",
        "mapped_status": "картографирано",
        "display_category": "Минерален сондаж",
        "temperature_class": "Без температура"
      }
    },
    {
      "type": "Feature",
      "geometry": {
        "type": "Point",
        "coordinates": [
          23.413775,
          42.3668972
        ]
      },
      "properties": {
        "basin_directorate": "Дунавски район",
        "district": "София",
        "municipality": "Самоков",
        "settlement": "Белчин",
        "deposit": "Белчински бани",
        "section": "",
        "facility": "КИ \"Белчински бани\"",
        "facility_type": "водовземно",
        "year": "1888",
        "depth_m": "10.5",
        "temperature_c": "",
        "status": "",
        "registry_number": "РМН1 - 009001",
        "source_date": "01.11.2022",
        "source": "БДДР – официален регистър",
        "source_url": "https://www.bd-dunav.bg/uploads/content/files/registri/razreshitelni%20i%20reshenia/2022/10-2022/VS_MV_BDDR_01112022.xlsx",
        "coordinate_accuracy": "A – официални географски координати",
        "mapped_status": "картографирано",
        "display_category": "Минерален сондаж",
        "temperature_class": "Без температура"
      }
    },
    {
      "type": "Feature",
      "geometry": {
        "type": "Point",
        "coordinates": [
          23.4135389,
          42.3670222
        ]
      },
      "properties": {
        "basin_directorate": "Дунавски район",
        "district": "София",
        "municipality": "Самоков",
        "settlement": "Белчин",
        "deposit": "Белчински бани",
        "section": "",
        "facility": "Сондаж № 1 ХГ",
        "facility_type": "водовземно",
        "year": "1964",
        "depth_m": "418.7",
        "temperature_c": "",
        "status": "",
        "registry_number": "РМН1 - 009002",
        "source_date": "01.11.2022",
        "source": "БДДР – официален регистър",
        "source_url": "https://www.bd-dunav.bg/uploads/content/files/registri/razreshitelni%20i%20reshenia/2022/10-2022/VS_MV_BDDR_01112022.xlsx",
        "coordinate_accuracy": "A – официални географски координати",
        "mapped_status": "картографирано",
        "display_category": "Минерален сондаж",
        "temperature_class": "Без температура"
      }
    },
    {
      "type": "Feature",
      "geometry": {
        "type": "Point",
        "coordinates": [
          23.1595167,
          43.1898333
        ]
      },
      "properties": {
        "basin_directorate": "Дунавски район",
        "district": "Монтана",
        "municipality": "Берковица",
        "settlement": "Бързия",
        "deposit": "Бързия",
        "section": "",
        "facility": "Сондаж № 1",
        "facility_type": "водовземно",
        "year": "1965",
        "depth_m": "425.0",
        "temperature_c": "",
        "status": "",
        "registry_number": "РМН1 - 014001",
        "source_date": "01.11.2022",
        "source": "БДДР – официален регистър",
        "source_url": "https://www.bd-dunav.bg/uploads/content/files/registri/razreshitelni%20i%20reshenia/2022/10-2022/VS_MV_BDDR_01112022.xlsx",
        "coordinate_accuracy": "A – официални географски координати",
        "mapped_status": "картографирано",
        "display_category": "Минерален сондаж",
        "temperature_class": "Без температура"
      }
    },
    {
      "type": "Feature",
      "geometry": {
        "type": "Point",
        "coordinates": [
          23.1595167,
          43.1898333
        ]
      },
      "properties": {
        "basin_directorate": "Дунавски район",
        "district": "Монтана",
        "municipality": "Берковица",
        "settlement": "Бързия",
        "deposit": "Бързия",
        "section": "",
        "facility": "Сондаж № 1",
        "facility_type": "водовземно",
        "year": "1965",
        "depth_m": "425.0",
        "temperature_c": "",
        "status": "",
        "registry_number": "РМН1 - 014001",
        "source_date": "01.11.2022",
        "source": "БДДР – официален регистър",
        "source_url": "https://www.bd-dunav.bg/uploads/content/files/registri/razreshitelni%20i%20reshenia/2022/10-2022/VS_MV_BDDR_01112022.xlsx",
        "coordinate_accuracy": "A – официални географски координати",
        "mapped_status": "картографирано",
        "display_category": "Минерален сондаж",
        "temperature_class": "Без температура"
      }
    },
    {
      "type": "Feature",
      "geometry": {
        "type": "Point",
        "coordinates": [
          23.1595167,
          43.1898333
        ]
      },
      "properties": {
        "basin_directorate": "Дунавски район",
        "district": "Монтана",
        "municipality": "Монтана",
        "settlement": "Бързия",
        "deposit": "Бързия",
        "section": "",
        "facility": "Сондаж № 1",
        "facility_type": "водовземно",
        "year": "1965",
        "depth_m": "425.0",
        "temperature_c": "",
        "status": "",
        "registry_number": "РМН1 - 014001",
        "source_date": "01.11.2022",
        "source": "БДДР – официален регистър",
        "source_url": "https://www.bd-dunav.bg/uploads/content/files/registri/razreshitelni%20i%20reshenia/2022/10-2022/VS_MV_BDDR_01112022.xlsx",
        "coordinate_accuracy": "A – официални географски координати",
        "mapped_status": "картографирано",
        "display_category": "Минерален сондаж",
        "temperature_class": "Без температура"
      }
    },
    {
      "type": "Feature",
      "geometry": {
        "type": "Point",
        "coordinates": [
          23.1595167,
          43.1898333
        ]
      },
      "properties": {
        "basin_directorate": "Дунавски район",
        "district": "Монтана",
        "municipality": "Монтана",
        "settlement": "Бързия",
        "deposit": "Бързия",
        "section": "",
        "facility": "Сондаж № 1",
        "facility_type": "водовземно",
        "year": "1965",
        "depth_m": "425.0",
        "temperature_c": "",
        "status": "",
        "registry_number": "РМН1 - 014001",
        "source_date": "01.11.2022",
        "source": "БДДР – официален регистър",
        "source_url": "https://www.bd-dunav.bg/uploads/content/files/registri/razreshitelni%20i%20reshenia/2022/10-2022/VS_MV_BDDR_01112022.xlsx",
        "coordinate_accuracy": "A – официални географски координати",
        "mapped_status": "картографирано",
        "display_category": "Минерален сондаж",
        "temperature_class": "Без температура"
      }
    },
    {
      "type": "Feature",
      "geometry": {
        "type": "Point",
        "coordinates": [
          25.6444722,
          42.8775833
        ]
      },
      "properties": {
        "basin_directorate": "Дунавски район",
        "district": "Велико Търново",
        "municipality": "Велико Търново",
        "settlement": "Вонеща вода",
        "deposit": "Вонеща вода",
        "section": "",
        "facility": "КИ \"Вонеща вода\"",
        "facility_type": "водовземно",
        "year": "<1938",
        "depth_m": "",
        "temperature_c": "",
        "status": "",
        "registry_number": "РМН1 - 019001",
        "source_date": "01.11.2022",
        "source": "БДДР – официален регистър",
        "source_url": "https://www.bd-dunav.bg/uploads/content/files/registri/razreshitelni%20i%20reshenia/2022/10-2022/VS_MV_BDDR_01112022.xlsx",
        "coordinate_accuracy": "A – официални географски координати",
        "mapped_status": "картографирано",
        "display_category": "Минерален сондаж",
        "temperature_class": "Без температура"
      }
    },
    {
      "type": "Feature",
      "geometry": {
        "type": "Point",
        "coordinates": [
          25.6444722,
          42.8775833
        ]
      },
      "properties": {
        "basin_directorate": "Дунавски район",
        "district": "Велико Търново",
        "municipality": "Велико Търново",
        "settlement": "Вонеща вода",
        "deposit": "Вонеща вода",
        "section": "",
        "facility": "КИ \"Вонеща вода\"",
        "facility_type": "водовземно",
        "year": "<1938",
        "depth_m": "",
        "temperature_c": "",
        "status": "",
        "registry_number": "РМН1 - 019001",
        "source_date": "01.11.2022",
        "source": "БДДР – официален регистър",
        "source_url": "https://www.bd-dunav.bg/uploads/content/files/registri/razreshitelni%20i%20reshenia/2022/10-2022/VS_MV_BDDR_01112022.xlsx",
        "coordinate_accuracy": "A – официални географски координати",
        "mapped_status": "картографирано",
        "display_category": "Минерален сондаж",
        "temperature_class": "Без температура"
      }
    },
    {
      "type": "Feature",
      "geometry": {
        "type": "Point",
        "coordinates": [
          25.6444722,
          42.8775833
        ]
      },
      "properties": {
        "basin_directorate": "Дунавски район",
        "district": "Велико Търново",
        "municipality": "Велико Търново",
        "settlement": "Вонеща вода",
        "deposit": "Вонеща вода",
        "section": "",
        "facility": "КИ \"Вонеща вода\"",
        "facility_type": "водовземно",
        "year": "<1938",
        "depth_m": "",
        "temperature_c": "",
        "status": "",
        "registry_number": "РМН1 - 019001",
        "source_date": "01.11.2022",
        "source": "БДДР – официален регистър",
        "source_url": "https://www.bd-dunav.bg/uploads/content/files/registri/razreshitelni%20i%20reshenia/2022/10-2022/VS_MV_BDDR_01112022.xlsx",
        "coordinate_accuracy": "A – официални географски координати",
        "mapped_status": "картографирано",
        "display_category": "Минерален сондаж",
        "temperature_class": "Без температура"
      }
    },
    {
      "type": "Feature",
      "geometry": {
        "type": "Point",
        "coordinates": [
          25.6444722,
          42.8775833
        ]
      },
      "properties": {
        "basin_directorate": "Дунавски район",
        "district": "Велико Търново",
        "municipality": "Велико Търново",
        "settlement": "Вонеща вода",
        "deposit": "Вонеща вода",
        "section": "",
        "facility": "КИ \"Вонеща вода\"",
        "facility_type": "водовземно",
        "year": "<1938",
        "depth_m": "",
        "temperature_c": "",
        "status": "",
        "registry_number": "РМН1 - 019001",
        "source_date": "01.11.2022",
        "source": "БДДР – официален регистър",
        "source_url": "https://www.bd-dunav.bg/uploads/content/files/registri/razreshitelni%20i%20reshenia/2022/10-2022/VS_MV_BDDR_01112022.xlsx",
        "coordinate_accuracy": "A – официални географски координати",
        "mapped_status": "картографирано",
        "display_category": "Минерален сондаж",
        "temperature_class": "Без температура"
      }
    },
    {
      "type": "Feature",
      "geometry": {
        "type": "Point",
        "coordinates": [
          25.6366111,
          42.8710556
        ]
      },
      "properties": {
        "basin_directorate": "Дунавски район",
        "district": "Велико Търново",
        "municipality": "Велико Търново",
        "settlement": "Вонеща вода",
        "deposit": "Вонеща вода",
        "section": "",
        "facility": "Сондаж № Л 51 А",
        "facility_type": "водовземно",
        "year": "1990",
        "depth_m": "120.0",
        "temperature_c": "",
        "status": "",
        "registry_number": "РМН1 - 019002",
        "source_date": "01.11.2022",
        "source": "БДДР – официален регистър",
        "source_url": "https://www.bd-dunav.bg/uploads/content/files/registri/razreshitelni%20i%20reshenia/2022/10-2022/VS_MV_BDDR_01112022.xlsx",
        "coordinate_accuracy": "A – официални географски координати",
        "mapped_status": "картографирано",
        "display_category": "Минерален сондаж",
        "temperature_class": "Без температура"
      }
    },
    {
      "type": "Feature",
      "geometry": {
        "type": "Point",
        "coordinates": [
          25.6366111,
          42.8710556
        ]
      },
      "properties": {
        "basin_directorate": "Дунавски район",
        "district": "Велико Търново",
        "municipality": "Велико Търново",
        "settlement": "Вонеща вода",
        "deposit": "Вонеща вода",
        "section": "",
        "facility": "Сондаж № Л 51 А",
        "facility_type": "водовземно",
        "year": "1990",
        "depth_m": "120.0",
        "temperature_c": "",
        "status": "",
        "registry_number": "РМН1 - 019002",
        "source_date": "01.11.2022",
        "source": "БДДР – официален регистър",
        "source_url": "https://www.bd-dunav.bg/uploads/content/files/registri/razreshitelni%20i%20reshenia/2022/10-2022/VS_MV_BDDR_01112022.xlsx",
        "coordinate_accuracy": "A – официални географски координати",
        "mapped_status": "картографирано",
        "display_category": "Минерален сондаж",
        "temperature_class": "Без температура"
      }
    },
    {
      "type": "Feature",
      "geometry": {
        "type": "Point",
        "coordinates": [
          25.6366111,
          42.8710556
        ]
      },
      "properties": {
        "basin_directorate": "Дунавски район",
        "district": "Велико Търново",
        "municipality": "Велико Търново",
        "settlement": "Вонеща вода",
        "deposit": "Вонеща вода",
        "section": "",
        "facility": "Сондаж № Л 51 А",
        "facility_type": "водовземно",
        "year": "1990",
        "depth_m": "120.0",
        "temperature_c": "",
        "status": "",
        "registry_number": "РМН1 - 019002",
        "source_date": "01.11.2022",
        "source": "БДДР – официален регистър",
        "source_url": "https://www.bd-dunav.bg/uploads/content/files/registri/razreshitelni%20i%20reshenia/2022/10-2022/VS_MV_BDDR_01112022.xlsx",
        "coordinate_accuracy": "A – официални географски координати",
        "mapped_status": "картографирано",
        "display_category": "Минерален сондаж",
        "temperature_class": "Без температура"
      }
    },
    {
      "type": "Feature",
      "geometry": {
        "type": "Point",
        "coordinates": [
          25.6366111,
          42.8710556
        ]
      },
      "properties": {
        "basin_directorate": "Дунавски район",
        "district": "Велико Търново",
        "municipality": "Велико Търново",
        "settlement": "Вонеща вода",
        "deposit": "Вонеща вода",
        "section": "",
        "facility": "Сондаж № Л 51 А",
        "facility_type": "водовземно",
        "year": "1990",
        "depth_m": "120.0",
        "temperature_c": "",
        "status": "",
        "registry_number": "РМН1 - 019002",
        "source_date": "01.11.2022",
        "source": "БДДР – официален регистър",
        "source_url": "https://www.bd-dunav.bg/uploads/content/files/registri/razreshitelni%20i%20reshenia/2022/10-2022/VS_MV_BDDR_01112022.xlsx",
        "coordinate_accuracy": "A – официални географски координати",
        "mapped_status": "картографирано",
        "display_category": "Минерален сондаж",
        "temperature_class": "Без температура"
      }
    },
    {
      "type": "Feature",
      "geometry": {
        "type": "Point",
        "coordinates": [
          25.6365833,
          42.8709722
        ]
      },
      "properties": {
        "basin_directorate": "Дунавски район",
        "district": "Велико Търново",
        "municipality": "Велико Търново",
        "settlement": "Вонеща вода",
        "deposit": "Вонеща вода",
        "section": "",
        "facility": "Сондаж № Л 51",
        "facility_type": "мониторинг",
        "year": "1988",
        "depth_m": "182.0",
        "temperature_c": "",
        "status": "",
        "registry_number": "РМН1 - 019003",
        "source_date": "01.11.2022",
        "source": "БДДР – официален регистър",
        "source_url": "https://www.bd-dunav.bg/uploads/content/files/registri/razreshitelni%20i%20reshenia/2022/10-2022/VS_MV_BDDR_01112022.xlsx",
        "coordinate_accuracy": "A – официални географски координати",
        "mapped_status": "картографирано",
        "display_category": "Мониторингов сондаж",
        "temperature_class": "Без температура"
      }
    },
    {
      "type": "Feature",
      "geometry": {
        "type": "Point",
        "coordinates": [
          25.6366111,
          42.8710556
        ]
      },
      "properties": {
        "basin_directorate": "Дунавски район",
        "district": "Велико Търново",
        "municipality": "Велико Търново",
        "settlement": "Вонеща вода",
        "deposit": "Вонеща вода",
        "section": "",
        "facility": "Сондаж № ВТ - 8",
        "facility_type": "мониторинг",
        "year": "1987",
        "depth_m": "330.6",
        "temperature_c": "",
        "status": "",
        "registry_number": "РМН1 - 019004",
        "source_date": "01.11.2022",
        "source": "БДДР – официален регистър",
        "source_url": "https://www.bd-dunav.bg/uploads/content/files/registri/razreshitelni%20i%20reshenia/2022/10-2022/VS_MV_BDDR_01112022.xlsx",
        "coordinate_accuracy": "A – официални географски координати",
        "mapped_status": "картографирано",
        "display_category": "Мониторингов сондаж",
        "temperature_class": "Без температура"
      }
    },
    {
      "type": "Feature",
      "geometry": {
        "type": "Point",
        "coordinates": [
          23.2857833,
          43.1895667
        ]
      },
      "properties": {
        "basin_directorate": "Дунавски район",
        "district": "Монтана",
        "municipality": "Вършец",
        "settlement": "Вършец",
        "deposit": "Вършец",
        "section": "",
        "facility": "Сондаж № 1  (Р 1хг)",
        "facility_type": "мониторинг",
        "year": "1959",
        "depth_m": "140.0",
        "temperature_c": "",
        "status": "",
        "registry_number": "РМН1 - 020001",
        "source_date": "01.11.2022",
        "source": "БДДР – официален регистър",
        "source_url": "https://www.bd-dunav.bg/uploads/content/files/registri/razreshitelni%20i%20reshenia/2022/10-2022/VS_MV_BDDR_01112022.xlsx",
        "coordinate_accuracy": "A – официални географски координати",
        "mapped_status": "картографирано",
        "display_category": "Мониторингов сондаж",
        "temperature_class": "Без температура"
      }
    },
    {
      "type": "Feature",
      "geometry": {
        "type": "Point",
        "coordinates": [
          23.2857833,
          43.1895667
        ]
      },
      "properties": {
        "basin_directorate": "Дунавски район",
        "district": "Монтана",
        "municipality": "Вършец",
        "settlement": "Вършец",
        "deposit": "Вършец",
        "section": "",
        "facility": "Сондаж № 1  (Р 1хг)",
        "facility_type": "мониторинг",
        "year": "1959",
        "depth_m": "140.0",
        "temperature_c": "",
        "status": "",
        "registry_number": "РМН1 - 020001",
        "source_date": "01.11.2022",
        "source": "БДДР – официален регистър",
        "source_url": "https://www.bd-dunav.bg/uploads/content/files/registri/razreshitelni%20i%20reshenia/2022/10-2022/VS_MV_BDDR_01112022.xlsx",
        "coordinate_accuracy": "A – официални географски координати",
        "mapped_status": "картографирано",
        "display_category": "Мониторингов сондаж",
        "temperature_class": "Без температура"
      }
    },
    {
      "type": "Feature",
      "geometry": {
        "type": "Point",
        "coordinates": [
          23.2857833,
          43.1895667
        ]
      },
      "properties": {
        "basin_directorate": "Дунавски район",
        "district": "Монтана",
        "municipality": "Вършец",
        "settlement": "Вършец",
        "deposit": "Вършец",
        "section": "",
        "facility": "Сондаж № 1  (Р 1хг)",
        "facility_type": "мониторинг",
        "year": "1959",
        "depth_m": "140.0",
        "temperature_c": "",
        "status": "",
        "registry_number": "РМН1 - 020001",
        "source_date": "01.11.2022",
        "source": "БДДР – официален регистър",
        "source_url": "https://www.bd-dunav.bg/uploads/content/files/registri/razreshitelni%20i%20reshenia/2022/10-2022/VS_MV_BDDR_01112022.xlsx",
        "coordinate_accuracy": "A – официални географски координати",
        "mapped_status": "картографирано",
        "display_category": "Мониторингов сондаж",
        "temperature_class": "Без температура"
      }
    },
    {
      "type": "Feature",
      "geometry": {
        "type": "Point",
        "coordinates": [
          23.2857833,
          43.1895667
        ]
      },
      "properties": {
        "basin_directorate": "Дунавски район",
        "district": "Монтана",
        "municipality": "Вършец",
        "settlement": "Вършец",
        "deposit": "Вършец",
        "section": "",
        "facility": "Сондаж № 1  (Р 1хг)",
        "facility_type": "мониторинг",
        "year": "1959",
        "depth_m": "140.0",
        "temperature_c": "",
        "status": "",
        "registry_number": "РМН1 - 020001",
        "source_date": "01.11.2022",
        "source": "БДДР – официален регистър",
        "source_url": "https://www.bd-dunav.bg/uploads/content/files/registri/razreshitelni%20i%20reshenia/2022/10-2022/VS_MV_BDDR_01112022.xlsx",
        "coordinate_accuracy": "A – официални географски координати",
        "mapped_status": "картографирано",
        "display_category": "Мониторингов сондаж",
        "temperature_class": "Без температура"
      }
    },
    {
      "type": "Feature",
      "geometry": {
        "type": "Point",
        "coordinates": [
          23.28665,
          43.1901167
        ]
      },
      "properties": {
        "basin_directorate": "Дунавски район",
        "district": "Монтана",
        "municipality": "Вършец",
        "settlement": "Вършец",
        "deposit": "Вършец",
        "section": "",
        "facility": "Сондаж № 2 (Р 2хг)",
        "facility_type": "водовземно",
        "year": "1959",
        "depth_m": "449.4",
        "temperature_c": "",
        "status": "",
        "registry_number": "РМН1 - 020002",
        "source_date": "01.11.2022",
        "source": "БДДР – официален регистър",
        "source_url": "https://www.bd-dunav.bg/uploads/content/files/registri/razreshitelni%20i%20reshenia/2022/10-2022/VS_MV_BDDR_01112022.xlsx",
        "coordinate_accuracy": "A – официални географски координати",
        "mapped_status": "картографирано",
        "display_category": "Минерален сондаж",
        "temperature_class": "Без температура"
      }
    },
    {
      "type": "Feature",
      "geometry": {
        "type": "Point",
        "coordinates": [
          23.28665,
          43.1901167
        ]
      },
      "properties": {
        "basin_directorate": "Дунавски район",
        "district": "Монтана",
        "municipality": "Вършец",
        "settlement": "Вършец",
        "deposit": "Вършец",
        "section": "",
        "facility": "Сондаж № 2 (Р 2хг)",
        "facility_type": "водовземно",
        "year": "1959",
        "depth_m": "449.4",
        "temperature_c": "",
        "status": "",
        "registry_number": "РМН1 - 020002",
        "source_date": "01.11.2022",
        "source": "БДДР – официален регистър",
        "source_url": "https://www.bd-dunav.bg/uploads/content/files/registri/razreshitelni%20i%20reshenia/2022/10-2022/VS_MV_BDDR_01112022.xlsx",
        "coordinate_accuracy": "A – официални географски координати",
        "mapped_status": "картографирано",
        "display_category": "Минерален сондаж",
        "temperature_class": "Без температура"
      }
    },
    {
      "type": "Feature",
      "geometry": {
        "type": "Point",
        "coordinates": [
          23.28665,
          43.1901167
        ]
      },
      "properties": {
        "basin_directorate": "Дунавски район",
        "district": "Монтана",
        "municipality": "Вършец",
        "settlement": "Вършец",
        "deposit": "Вършец",
        "section": "",
        "facility": "Сондаж № 2 (Р 2хг)",
        "facility_type": "водовземно",
        "year": "1959",
        "depth_m": "449.4",
        "temperature_c": "",
        "status": "",
        "registry_number": "РМН1 - 020002",
        "source_date": "01.11.2022",
        "source": "БДДР – официален регистър",
        "source_url": "https://www.bd-dunav.bg/uploads/content/files/registri/razreshitelni%20i%20reshenia/2022/10-2022/VS_MV_BDDR_01112022.xlsx",
        "coordinate_accuracy": "A – официални географски координати",
        "mapped_status": "картографирано",
        "display_category": "Минерален сондаж",
        "temperature_class": "Без температура"
      }
    },
    {
      "type": "Feature",
      "geometry": {
        "type": "Point",
        "coordinates": [
          23.28665,
          43.1901167
        ]
      },
      "properties": {
        "basin_directorate": "Дунавски район",
        "district": "Монтана",
        "municipality": "Вършец",
        "settlement": "Вършец",
        "deposit": "Вършец",
        "section": "",
        "facility": "Сондаж № 2 (Р 2хг)",
        "facility_type": "водовземно",
        "year": "1959",
        "depth_m": "449.4",
        "temperature_c": "",
        "status": "",
        "registry_number": "РМН1 - 020002",
        "source_date": "01.11.2022",
        "source": "БДДР – официален регистър",
        "source_url": "https://www.bd-dunav.bg/uploads/content/files/registri/razreshitelni%20i%20reshenia/2022/10-2022/VS_MV_BDDR_01112022.xlsx",
        "coordinate_accuracy": "A – официални географски координати",
        "mapped_status": "картографирано",
        "display_category": "Минерален сондаж",
        "temperature_class": "Без температура"
      }
    },
    {
      "type": "Feature",
      "geometry": {
        "type": "Point",
        "coordinates": [
          23.2870667,
          43.1915667
        ]
      },
      "properties": {
        "basin_directorate": "Дунавски район",
        "district": "Монтана",
        "municipality": "Вършец",
        "settlement": "Вършец",
        "deposit": "Вършец",
        "section": "",
        "facility": "Сондаж № 3 (МС 3)",
        "facility_type": "водовземно",
        "year": "1963",
        "depth_m": "450.0",
        "temperature_c": "",
        "status": "",
        "registry_number": "РМН1 - 020003",
        "source_date": "01.11.2022",
        "source": "БДДР – официален регистър",
        "source_url": "https://www.bd-dunav.bg/uploads/content/files/registri/razreshitelni%20i%20reshenia/2022/10-2022/VS_MV_BDDR_01112022.xlsx",
        "coordinate_accuracy": "A – официални географски координати",
        "mapped_status": "картографирано",
        "display_category": "Минерален сондаж",
        "temperature_class": "Без температура"
      }
    },
    {
      "type": "Feature",
      "geometry": {
        "type": "Point",
        "coordinates": [
          23.2870667,
          43.1915667
        ]
      },
      "properties": {
        "basin_directorate": "Дунавски район",
        "district": "Монтана",
        "municipality": "Вършец",
        "settlement": "Вършец",
        "deposit": "Вършец",
        "section": "",
        "facility": "Сондаж № 3 (МС 3)",
        "facility_type": "водовземно",
        "year": "1963",
        "depth_m": "450.0",
        "temperature_c": "",
        "status": "",
        "registry_number": "РМН1 - 020003",
        "source_date": "01.11.2022",
        "source": "БДДР – официален регистър",
        "source_url": "https://www.bd-dunav.bg/uploads/content/files/registri/razreshitelni%20i%20reshenia/2022/10-2022/VS_MV_BDDR_01112022.xlsx",
        "coordinate_accuracy": "A – официални географски координати",
        "mapped_status": "картографирано",
        "display_category": "Минерален сондаж",
        "temperature_class": "Без температура"
      }
    },
    {
      "type": "Feature",
      "geometry": {
        "type": "Point",
        "coordinates": [
          23.2870667,
          43.1915667
        ]
      },
      "properties": {
        "basin_directorate": "Дунавски район",
        "district": "Монтана",
        "municipality": "Вършец",
        "settlement": "Вършец",
        "deposit": "Вършец",
        "section": "",
        "facility": "Сондаж № 3 (МС 3)",
        "facility_type": "водовземно",
        "year": "1963",
        "depth_m": "450.0",
        "temperature_c": "",
        "status": "",
        "registry_number": "РМН1 - 020003",
        "source_date": "01.11.2022",
        "source": "БДДР – официален регистър",
        "source_url": "https://www.bd-dunav.bg/uploads/content/files/registri/razreshitelni%20i%20reshenia/2022/10-2022/VS_MV_BDDR_01112022.xlsx",
        "coordinate_accuracy": "A – официални географски координати",
        "mapped_status": "картографирано",
        "display_category": "Минерален сондаж",
        "temperature_class": "Без температура"
      }
    },
    {
      "type": "Feature",
      "geometry": {
        "type": "Point",
        "coordinates": [
          23.2870667,
          43.1915667
        ]
      },
      "properties": {
        "basin_directorate": "Дунавски район",
        "district": "Монтана",
        "municipality": "Вършец",
        "settlement": "Вършец",
        "deposit": "Вършец",
        "section": "",
        "facility": "Сондаж № 3 (МС 3)",
        "facility_type": "водовземно",
        "year": "1963",
        "depth_m": "450.0",
        "temperature_c": "",
        "status": "",
        "registry_number": "РМН1 - 020003",
        "source_date": "01.11.2022",
        "source": "БДДР – официален регистър",
        "source_url": "https://www.bd-dunav.bg/uploads/content/files/registri/razreshitelni%20i%20reshenia/2022/10-2022/VS_MV_BDDR_01112022.xlsx",
        "coordinate_accuracy": "A – официални географски координати",
        "mapped_status": "картографирано",
        "display_category": "Минерален сондаж",
        "temperature_class": "Без температура"
      }
    },
    {
      "type": "Feature",
      "geometry": {
        "type": "Point",
        "coordinates": [
          23.2866167,
          43.1903833
        ]
      },
      "properties": {
        "basin_directorate": "Дунавски район",
        "district": "Монтана",
        "municipality": "Вършец",
        "settlement": "Вършец",
        "deposit": "Вършец",
        "section": "",
        "facility": "Сондаж № 4 (МС 4)",
        "facility_type": "водовземно",
        "year": "1965",
        "depth_m": "810.2",
        "temperature_c": "",
        "status": "",
        "registry_number": "РМН1 - 020004",
        "source_date": "01.11.2022",
        "source": "БДДР – официален регистър",
        "source_url": "https://www.bd-dunav.bg/uploads/content/files/registri/razreshitelni%20i%20reshenia/2022/10-2022/VS_MV_BDDR_01112022.xlsx",
        "coordinate_accuracy": "A – официални географски координати",
        "mapped_status": "картографирано",
        "display_category": "Минерален сондаж",
        "temperature_class": "Без температура"
      }
    },
    {
      "type": "Feature",
      "geometry": {
        "type": "Point",
        "coordinates": [
          23.2866167,
          43.1903833
        ]
      },
      "properties": {
        "basin_directorate": "Дунавски район",
        "district": "Монтана",
        "municipality": "Вършец",
        "settlement": "Вършец",
        "deposit": "Вършец",
        "section": "",
        "facility": "Сондаж № 4 (МС 4)",
        "facility_type": "водовземно",
        "year": "1965",
        "depth_m": "810.2",
        "temperature_c": "",
        "status": "",
        "registry_number": "РМН1 - 020004",
        "source_date": "01.11.2022",
        "source": "БДДР – официален регистър",
        "source_url": "https://www.bd-dunav.bg/uploads/content/files/registri/razreshitelni%20i%20reshenia/2022/10-2022/VS_MV_BDDR_01112022.xlsx",
        "coordinate_accuracy": "A – официални географски координати",
        "mapped_status": "картографирано",
        "display_category": "Минерален сондаж",
        "temperature_class": "Без температура"
      }
    },
    {
      "type": "Feature",
      "geometry": {
        "type": "Point",
        "coordinates": [
          23.2866167,
          43.1903833
        ]
      },
      "properties": {
        "basin_directorate": "Дунавски район",
        "district": "Монтана",
        "municipality": "Вършец",
        "settlement": "Вършец",
        "deposit": "Вършец",
        "section": "",
        "facility": "Сондаж № 4 (МС 4)",
        "facility_type": "водовземно",
        "year": "1965",
        "depth_m": "810.2",
        "temperature_c": "",
        "status": "",
        "registry_number": "РМН1 - 020004",
        "source_date": "01.11.2022",
        "source": "БДДР – официален регистър",
        "source_url": "https://www.bd-dunav.bg/uploads/content/files/registri/razreshitelni%20i%20reshenia/2022/10-2022/VS_MV_BDDR_01112022.xlsx",
        "coordinate_accuracy": "A – официални географски координати",
        "mapped_status": "картографирано",
        "display_category": "Минерален сондаж",
        "temperature_class": "Без температура"
      }
    },
    {
      "type": "Feature",
      "geometry": {
        "type": "Point",
        "coordinates": [
          23.2866167,
          43.1903833
        ]
      },
      "properties": {
        "basin_directorate": "Дунавски район",
        "district": "Монтана",
        "municipality": "Вършец",
        "settlement": "Вършец",
        "deposit": "Вършец",
        "section": "",
        "facility": "Сондаж № 4 (МС 4)",
        "facility_type": "водовземно",
        "year": "1965",
        "depth_m": "810.2",
        "temperature_c": "",
        "status": "",
        "registry_number": "РМН1 - 020004",
        "source_date": "01.11.2022",
        "source": "БДДР – официален регистър",
        "source_url": "https://www.bd-dunav.bg/uploads/content/files/registri/razreshitelni%20i%20reshenia/2022/10-2022/VS_MV_BDDR_01112022.xlsx",
        "coordinate_accuracy": "A – официални географски координати",
        "mapped_status": "картографирано",
        "display_category": "Минерален сондаж",
        "temperature_class": "Без температура"
      }
    },
    {
      "type": "Feature",
      "geometry": {
        "type": "Point",
        "coordinates": [
          23.28225,
          43.2921667
        ]
      },
      "properties": {
        "basin_directorate": "Дунавски район",
        "district": "Монтана",
        "municipality": "Берковица",
        "settlement": "Замфирово",
        "deposit": "Замфирово",
        "section": "",
        "facility": "Сондаж № Р-4",
        "facility_type": "водовземно",
        "year": "",
        "depth_m": "2023.0",
        "temperature_c": "",
        "status": "",
        "registry_number": "РМН1 - 029001",
        "source_date": "01.11.2022",
        "source": "БДДР – официален регистър",
        "source_url": "https://www.bd-dunav.bg/uploads/content/files/registri/razreshitelni%20i%20reshenia/2022/10-2022/VS_MV_BDDR_01112022.xlsx",
        "coordinate_accuracy": "A – официални географски координати",
        "mapped_status": "картографирано",
        "display_category": "Минерален сондаж",
        "temperature_class": "Без температура"
      }
    },
    {
      "type": "Feature",
      "geometry": {
        "type": "Point",
        "coordinates": [
          23.4770433,
          42.6487049
        ]
      },
      "properties": {
        "basin_directorate": "Дунавски район",
        "district": "София",
        "municipality": "Панчарево",
        "settlement": "Казичене",
        "deposit": "Казичене - Равно поле",
        "section": "Казичене",
        "facility": "Сондаж № С -в",
        "facility_type": "водовземно",
        "year": "1968",
        "depth_m": "",
        "temperature_c": "",
        "status": "",
        "registry_number": "РМН1 - 031001",
        "source_date": "01.11.2022",
        "source": "БДДР – официален регистър",
        "source_url": "https://www.bd-dunav.bg/uploads/content/files/registri/razreshitelni%20i%20reshenia/2022/10-2022/VS_MV_BDDR_01112022.xlsx",
        "coordinate_accuracy": "A – официални географски координати",
        "mapped_status": "картографирано",
        "display_category": "Минерален сондаж",
        "temperature_class": "Без температура"
      }
    },
    {
      "type": "Feature",
      "geometry": {
        "type": "Point",
        "coordinates": [
          23.4618828,
          42.6516916
        ]
      },
      "properties": {
        "basin_directorate": "Дунавски район",
        "district": "София",
        "municipality": "Панчарево",
        "settlement": "Казичене",
        "deposit": "Казичене - Равно поле",
        "section": "Казичене",
        "facility": "Сондаж № С -1хг",
        "facility_type": "мониторинг",
        "year": "1980",
        "depth_m": "600.0",
        "temperature_c": "",
        "status": "",
        "registry_number": "РМН1 - 031002",
        "source_date": "01.11.2022",
        "source": "БДДР – официален регистър",
        "source_url": "https://www.bd-dunav.bg/uploads/content/files/registri/razreshitelni%20i%20reshenia/2022/10-2022/VS_MV_BDDR_01112022.xlsx",
        "coordinate_accuracy": "A – официални географски координати",
        "mapped_status": "картографирано",
        "display_category": "Мониторингов сондаж",
        "temperature_class": "Без температура"
      }
    },
    {
      "type": "Feature",
      "geometry": {
        "type": "Point",
        "coordinates": [
          23.4667967,
          42.6476943
        ]
      },
      "properties": {
        "basin_directorate": "Дунавски район",
        "district": "София",
        "municipality": "Панчарево",
        "settlement": "Казичене",
        "deposit": "Казичене - Равно поле",
        "section": "Казичене",
        "facility": "Сондаж № С -3хг",
        "facility_type": "мониторинг",
        "year": "1980",
        "depth_m": "572.4",
        "temperature_c": "",
        "status": "",
        "registry_number": "РМН1 - 031003",
        "source_date": "01.11.2022",
        "source": "БДДР – официален регистър",
        "source_url": "https://www.bd-dunav.bg/uploads/content/files/registri/razreshitelni%20i%20reshenia/2022/10-2022/VS_MV_BDDR_01112022.xlsx",
        "coordinate_accuracy": "A – официални географски координати",
        "mapped_status": "картографирано",
        "display_category": "Мониторингов сондаж",
        "temperature_class": "Без температура"
      }
    },
    {
      "type": "Feature",
      "geometry": {
        "type": "Point",
        "coordinates": [
          23.4617131,
          42.6526606
        ]
      },
      "properties": {
        "basin_directorate": "Дунавски район",
        "district": "София",
        "municipality": "Панчарево",
        "settlement": "Казичене",
        "deposit": "Казичене - Равно поле",
        "section": "Казичене",
        "facility": "Сондаж № С -14хг",
        "facility_type": "мониторинг",
        "year": "1981",
        "depth_m": "648.5",
        "temperature_c": "",
        "status": "",
        "registry_number": "РМН1 - 031004",
        "source_date": "01.11.2022",
        "source": "БДДР – официален регистър",
        "source_url": "https://www.bd-dunav.bg/uploads/content/files/registri/razreshitelni%20i%20reshenia/2022/10-2022/VS_MV_BDDR_01112022.xlsx",
        "coordinate_accuracy": "A – официални географски координати",
        "mapped_status": "картографирано",
        "display_category": "Мониторингов сондаж",
        "temperature_class": "Без температура"
      }
    },
    {
      "type": "Feature",
      "geometry": {
        "type": "Point",
        "coordinates": [
          23.4746997,
          42.6501727
        ]
      },
      "properties": {
        "basin_directorate": "Дунавски район",
        "district": "София",
        "municipality": "Панчарево",
        "settlement": "Казичене",
        "deposit": "Казичене - Равно поле",
        "section": "Казичене",
        "facility": "Сондаж № С -21хг",
        "facility_type": "мониторинг",
        "year": "1981",
        "depth_m": "623.3",
        "temperature_c": "",
        "status": "",
        "registry_number": "РМН1 - 031005",
        "source_date": "01.11.2022",
        "source": "БДДР – официален регистър",
        "source_url": "https://www.bd-dunav.bg/uploads/content/files/registri/razreshitelni%20i%20reshenia/2022/10-2022/VS_MV_BDDR_01112022.xlsx",
        "coordinate_accuracy": "A – официални географски координати",
        "mapped_status": "картографирано",
        "display_category": "Мониторингов сондаж",
        "temperature_class": "Без температура"
      }
    },
    {
      "type": "Feature",
      "geometry": {
        "type": "Point",
        "coordinates": [
          23.4607462,
          42.6640947
        ]
      },
      "properties": {
        "basin_directorate": "Дунавски район",
        "district": "София",
        "municipality": "Панчарево",
        "settlement": "Казичене",
        "deposit": "Казичене - Равно поле",
        "section": "Казичене",
        "facility": "Сондаж № С -28хг",
        "facility_type": "мониторинг",
        "year": "1982",
        "depth_m": "603.8",
        "temperature_c": "",
        "status": "",
        "registry_number": "РМН1 - 031006",
        "source_date": "01.11.2022",
        "source": "БДДР – официален регистър",
        "source_url": "https://www.bd-dunav.bg/uploads/content/files/registri/razreshitelni%20i%20reshenia/2022/10-2022/VS_MV_BDDR_01112022.xlsx",
        "coordinate_accuracy": "A – официални географски координати",
        "mapped_status": "картографирано",
        "display_category": "Мониторингов сондаж",
        "temperature_class": "Без температура"
      }
    },
    {
      "type": "Feature",
      "geometry": {
        "type": "Point",
        "coordinates": [
          23.4619444,
          42.6507322
        ]
      },
      "properties": {
        "basin_directorate": "Дунавски район",
        "district": "София",
        "municipality": "Панчарево",
        "settlement": "Казичене",
        "deposit": "Казичене - Равно поле",
        "section": "Казичене",
        "facility": "Сондаж № Р - 1",
        "facility_type": "водовземно",
        "year": "1983",
        "depth_m": "686.0",
        "temperature_c": "",
        "status": "",
        "registry_number": "РМН1 - 031007",
        "source_date": "01.11.2022",
        "source": "БДДР – официален регистър",
        "source_url": "https://www.bd-dunav.bg/uploads/content/files/registri/razreshitelni%20i%20reshenia/2022/10-2022/VS_MV_BDDR_01112022.xlsx",
        "coordinate_accuracy": "A – официални географски координати",
        "mapped_status": "картографирано",
        "display_category": "Минерален сондаж",
        "temperature_class": "Без температура"
      }
    },
    {
      "type": "Feature",
      "geometry": {
        "type": "Point",
        "coordinates": [
          23.4787775,
          42.6483233
        ]
      },
      "properties": {
        "basin_directorate": "Дунавски район",
        "district": "София",
        "municipality": "Панчарево",
        "settlement": "Казичене",
        "deposit": "Казичене - Равно поле",
        "section": "Казичене",
        "facility": "Сондаж № Р - 2",
        "facility_type": "наблюдателен",
        "year": "1983",
        "depth_m": "1380.0",
        "temperature_c": "",
        "status": "",
        "registry_number": "РМН1 - 031008",
        "source_date": "01.11.2022",
        "source": "БДДР – официален регистър",
        "source_url": "https://www.bd-dunav.bg/uploads/content/files/registri/razreshitelni%20i%20reshenia/2022/10-2022/VS_MV_BDDR_01112022.xlsx",
        "coordinate_accuracy": "A – официални географски координати",
        "mapped_status": "картографирано",
        "display_category": "Мониторингов сондаж",
        "temperature_class": "Без температура"
      }
    },
    {
      "type": "Feature",
      "geometry": {
        "type": "Point",
        "coordinates": [
          23.5222372,
          42.6687381
        ]
      },
      "properties": {
        "basin_directorate": "Дунавски район",
        "district": "София",
        "municipality": "Елин Пелин",
        "settlement": "Равно поле",
        "deposit": "Казичене - Равно поле",
        "section": "Равно поле",
        "facility": "Сондаж № С -11в",
        "facility_type": "водовземно",
        "year": "1966",
        "depth_m": "550.0",
        "temperature_c": "",
        "status": "",
        "registry_number": "РМН1 - 031009",
        "source_date": "01.11.2022",
        "source": "БДДР – официален регистър",
        "source_url": "https://www.bd-dunav.bg/uploads/content/files/registri/razreshitelni%20i%20reshenia/2022/10-2022/VS_MV_BDDR_01112022.xlsx",
        "coordinate_accuracy": "A – официални географски координати",
        "mapped_status": "картографирано",
        "display_category": "Минерален сондаж",
        "temperature_class": "Без температура"
      }
    },
    {
      "type": "Feature",
      "geometry": {
        "type": "Point",
        "coordinates": [
          23.5222372,
          42.6687381
        ]
      },
      "properties": {
        "basin_directorate": "Дунавски район",
        "district": "София",
        "municipality": "Елин Пелин",
        "settlement": "Равно поле",
        "deposit": "Казичене - Равно поле",
        "section": "Равно поле",
        "facility": "Сондаж № С -11в",
        "facility_type": "водовземно",
        "year": "1966",
        "depth_m": "550.0",
        "temperature_c": "",
        "status": "",
        "registry_number": "РМН1 - 031009",
        "source_date": "01.11.2022",
        "source": "БДДР – официален регистър",
        "source_url": "https://www.bd-dunav.bg/uploads/content/files/registri/razreshitelni%20i%20reshenia/2022/10-2022/VS_MV_BDDR_01112022.xlsx",
        "coordinate_accuracy": "A – официални географски координати",
        "mapped_status": "картографирано",
        "display_category": "Минерален сондаж",
        "temperature_class": "Без температура"
      }
    },
    {
      "type": "Feature",
      "geometry": {
        "type": "Point",
        "coordinates": [
          23.5222372,
          42.6687381
        ]
      },
      "properties": {
        "basin_directorate": "Дунавски район",
        "district": "София",
        "municipality": "Елин Пелин",
        "settlement": "Равно поле",
        "deposit": "Казичене - Равно поле",
        "section": "Равно поле",
        "facility": "Сондаж № С -11в",
        "facility_type": "водовземно",
        "year": "1966",
        "depth_m": "550.0",
        "temperature_c": "",
        "status": "",
        "registry_number": "РМН1 - 031009",
        "source_date": "01.11.2022",
        "source": "БДДР – официален регистър",
        "source_url": "https://www.bd-dunav.bg/uploads/content/files/registri/razreshitelni%20i%20reshenia/2022/10-2022/VS_MV_BDDR_01112022.xlsx",
        "coordinate_accuracy": "A – официални географски координати",
        "mapped_status": "картографирано",
        "display_category": "Минерален сондаж",
        "temperature_class": "Без температура"
      }
    },
    {
      "type": "Feature",
      "geometry": {
        "type": "Point",
        "coordinates": [
          23.5222372,
          42.6687381
        ]
      },
      "properties": {
        "basin_directorate": "Дунавски район",
        "district": "София",
        "municipality": "Елин Пелин",
        "settlement": "Равно поле",
        "deposit": "Казичене - Равно поле",
        "section": "Равно поле",
        "facility": "Сондаж № С -11в",
        "facility_type": "водовземно",
        "year": "1966",
        "depth_m": "550.0",
        "temperature_c": "",
        "status": "",
        "registry_number": "РМН1 - 031009",
        "source_date": "01.11.2022",
        "source": "БДДР – официален регистър",
        "source_url": "https://www.bd-dunav.bg/uploads/content/files/registri/razreshitelni%20i%20reshenia/2022/10-2022/VS_MV_BDDR_01112022.xlsx",
        "coordinate_accuracy": "A – официални географски координати",
        "mapped_status": "картографирано",
        "display_category": "Минерален сондаж",
        "temperature_class": "Без температура"
      }
    },
    {
      "type": "Feature",
      "geometry": {
        "type": "Point",
        "coordinates": [
          23.5220861,
          42.6710278
        ]
      },
      "properties": {
        "basin_directorate": "Дунавски район",
        "district": "София",
        "municipality": "Елин Пелин",
        "settlement": "Равно поле",
        "deposit": "Казичене - Равно поле",
        "section": "Равно поле",
        "facility": "Сондаж № С -44хг",
        "facility_type": "водовземно",
        "year": "1984",
        "depth_m": "690.3",
        "temperature_c": "",
        "status": "",
        "registry_number": "РМН1 - 031010",
        "source_date": "01.11.2022",
        "source": "БДДР – официален регистър",
        "source_url": "https://www.bd-dunav.bg/uploads/content/files/registri/razreshitelni%20i%20reshenia/2022/10-2022/VS_MV_BDDR_01112022.xlsx",
        "coordinate_accuracy": "A – официални географски координати",
        "mapped_status": "картографирано",
        "display_category": "Минерален сондаж",
        "temperature_class": "Без температура"
      }
    },
    {
      "type": "Feature",
      "geometry": {
        "type": "Point",
        "coordinates": [
          23.5211605,
          42.6655056
        ]
      },
      "properties": {
        "basin_directorate": "Дунавски район",
        "district": "София",
        "municipality": "Елин Пелин",
        "settlement": "Равно поле",
        "deposit": "Казичене - Равно поле",
        "section": "Равно поле",
        "facility": "Сондаж № С -45хг",
        "facility_type": "водовземно",
        "year": "1984",
        "depth_m": "679.8",
        "temperature_c": "",
        "status": "",
        "registry_number": "РМН1 - 031011",
        "source_date": "01.11.2022",
        "source": "БДДР – официален регистър",
        "source_url": "https://www.bd-dunav.bg/uploads/content/files/registri/razreshitelni%20i%20reshenia/2022/10-2022/VS_MV_BDDR_01112022.xlsx",
        "coordinate_accuracy": "A – официални географски координати",
        "mapped_status": "картографирано",
        "display_category": "Минерален сондаж",
        "temperature_class": "Без температура"
      }
    },
    {
      "type": "Feature",
      "geometry": {
        "type": "Point",
        "coordinates": [
          23.5221481,
          42.6678286
        ]
      },
      "properties": {
        "basin_directorate": "Дунавски район",
        "district": "София",
        "municipality": "Елин Пелин",
        "settlement": "Равно поле",
        "deposit": "Казичене - Равно поле",
        "section": "Равно поле",
        "facility": "Сондаж № С -46хг",
        "facility_type": "водовземно",
        "year": "1984",
        "depth_m": "652.0",
        "temperature_c": "",
        "status": "",
        "registry_number": "РМН1 - 031012",
        "source_date": "01.11.2022",
        "source": "БДДР – официален регистър",
        "source_url": "https://www.bd-dunav.bg/uploads/content/files/registri/razreshitelni%20i%20reshenia/2022/10-2022/VS_MV_BDDR_01112022.xlsx",
        "coordinate_accuracy": "A – официални географски координати",
        "mapped_status": "картографирано",
        "display_category": "Минерален сондаж",
        "temperature_class": "Без температура"
      }
    },
    {
      "type": "Feature",
      "geometry": {
        "type": "Point",
        "coordinates": [
          23.5227917,
          42.6598639
        ]
      },
      "properties": {
        "basin_directorate": "Дунавски район",
        "district": "София",
        "municipality": "Елин Пелин",
        "settlement": "Равно поле",
        "deposit": "Казичене - Равно поле",
        "section": "Равно поле",
        "facility": "Сондаж № С -49хг",
        "facility_type": "мониторинг",
        "year": "1984",
        "depth_m": "589.0",
        "temperature_c": "",
        "status": "",
        "registry_number": "РМН1 - 031013",
        "source_date": "01.11.2022",
        "source": "БДДР – официален регистър",
        "source_url": "https://www.bd-dunav.bg/uploads/content/files/registri/razreshitelni%20i%20reshenia/2022/10-2022/VS_MV_BDDR_01112022.xlsx",
        "coordinate_accuracy": "A – официални географски координати",
        "mapped_status": "картографирано",
        "display_category": "Мониторингов сондаж",
        "temperature_class": "Без температура"
      }
    },
    {
      "type": "Feature",
      "geometry": {
        "type": "Point",
        "coordinates": [
          23.5183453,
          42.6699056
        ]
      },
      "properties": {
        "basin_directorate": "Дунавски район",
        "district": "София",
        "municipality": "Елин Пелин",
        "settlement": "Равно поле",
        "deposit": "Казичене - Равно поле",
        "section": "Равно поле",
        "facility": "Сондаж № С -50хг",
        "facility_type": "водовземно",
        "year": "1984",
        "depth_m": "679.2",
        "temperature_c": "",
        "status": "",
        "registry_number": "РМН1 - 031014",
        "source_date": "01.11.2022",
        "source": "БДДР – официален регистър",
        "source_url": "https://www.bd-dunav.bg/uploads/content/files/registri/razreshitelni%20i%20reshenia/2022/10-2022/VS_MV_BDDR_01112022.xlsx",
        "coordinate_accuracy": "A – официални географски координати",
        "mapped_status": "картографирано",
        "display_category": "Минерален сондаж",
        "temperature_class": "Без температура"
      }
    },
    {
      "type": "Feature",
      "geometry": {
        "type": "Point",
        "coordinates": [
          23.5152436,
          42.6687746
        ]
      },
      "properties": {
        "basin_directorate": "Дунавски район",
        "district": "София",
        "municipality": "Елин Пелин",
        "settlement": "Равно поле",
        "deposit": "Казичене - Равно поле",
        "section": "Равно поле",
        "facility": "Сондаж № С -53хг",
        "facility_type": "водовземно",
        "year": "1983",
        "depth_m": "571.2",
        "temperature_c": "",
        "status": "",
        "registry_number": "РМН1 - 031015",
        "source_date": "01.11.2022",
        "source": "БДДР – официален регистър",
        "source_url": "https://www.bd-dunav.bg/uploads/content/files/registri/razreshitelni%20i%20reshenia/2022/10-2022/VS_MV_BDDR_01112022.xlsx",
        "coordinate_accuracy": "A – официални географски координати",
        "mapped_status": "картографирано",
        "display_category": "Минерален сондаж",
        "temperature_class": "Без температура"
      }
    },
    {
      "type": "Feature",
      "geometry": {
        "type": "Point",
        "coordinates": [
          23.5295917,
          42.6717289
        ]
      },
      "properties": {
        "basin_directorate": "Дунавски район",
        "district": "София",
        "municipality": "Елин Пелин",
        "settlement": "Равно поле",
        "deposit": "Казичене - Равно поле",
        "section": "Равно поле",
        "facility": "Сондаж № С -55хг",
        "facility_type": "водовземно",
        "year": "1985",
        "depth_m": "758.0",
        "temperature_c": "",
        "status": "",
        "registry_number": "РМН1 - 031016",
        "source_date": "01.11.2022",
        "source": "БДДР – официален регистър",
        "source_url": "https://www.bd-dunav.bg/uploads/content/files/registri/razreshitelni%20i%20reshenia/2022/10-2022/VS_MV_BDDR_01112022.xlsx",
        "coordinate_accuracy": "A – официални географски координати",
        "mapped_status": "картографирано",
        "display_category": "Минерален сондаж",
        "temperature_class": "Без температура"
      }
    },
    {
      "type": "Feature",
      "geometry": {
        "type": "Point",
        "coordinates": [
          23.5290136,
          42.6586231
        ]
      },
      "properties": {
        "basin_directorate": "Дунавски район",
        "district": "София",
        "municipality": "Елин Пелин",
        "settlement": "Равно поле",
        "deposit": "Казичене - Равно поле",
        "section": "Равно поле",
        "facility": "Сондаж № С -47хг",
        "facility_type": "мониторинг",
        "year": "",
        "depth_m": "",
        "temperature_c": "",
        "status": "",
        "registry_number": "РМН1 - 031017",
        "source_date": "01.11.2022",
        "source": "БДДР – официален регистър",
        "source_url": "https://www.bd-dunav.bg/uploads/content/files/registri/razreshitelni%20i%20reshenia/2022/10-2022/VS_MV_BDDR_01112022.xlsx",
        "coordinate_accuracy": "A – официални географски координати",
        "mapped_status": "картографирано",
        "display_category": "Мониторингов сондаж",
        "temperature_class": "Без температура"
      }
    },
    {
      "type": "Feature",
      "geometry": {
        "type": "Point",
        "coordinates": [
          25.0389444,
          43.2493333
        ]
      },
      "properties": {
        "basin_directorate": "Дунавски район",
        "district": "Ловеч",
        "municipality": "Летница",
        "settlement": "Крушуна",
        "deposit": "Крушуна",
        "section": "",
        "facility": "Сондаж № Р - 1хг",
        "facility_type": "водовземно",
        "year": "1977",
        "depth_m": "1811.0",
        "temperature_c": "",
        "status": "",
        "registry_number": "РМН1 - 038001",
        "source_date": "01.11.2022",
        "source": "БДДР – официален регистър",
        "source_url": "https://www.bd-dunav.bg/uploads/content/files/registri/razreshitelni%20i%20reshenia/2022/10-2022/VS_MV_BDDR_01112022.xlsx",
        "coordinate_accuracy": "A – официални географски координати",
        "mapped_status": "картографирано",
        "display_category": "Минерален сондаж",
        "temperature_class": "Без температура"
      }
    },
    {
      "type": "Feature",
      "geometry": {
        "type": "Point",
        "coordinates": [
          25.0389444,
          43.2493333
        ]
      },
      "properties": {
        "basin_directorate": "Дунавски район",
        "district": "Ловеч",
        "municipality": "Летница",
        "settlement": "Крушуна",
        "deposit": "Крушуна",
        "section": "",
        "facility": "Сондаж № Р - 1хг",
        "facility_type": "водовземно",
        "year": "1977",
        "depth_m": "1811.0",
        "temperature_c": "",
        "status": "",
        "registry_number": "РМН1 - 038001",
        "source_date": "01.11.2022",
        "source": "БДДР – официален регистър",
        "source_url": "https://www.bd-dunav.bg/uploads/content/files/registri/razreshitelni%20i%20reshenia/2022/10-2022/VS_MV_BDDR_01112022.xlsx",
        "coordinate_accuracy": "A – официални географски координати",
        "mapped_status": "картографирано",
        "display_category": "Минерален сондаж",
        "temperature_class": "Без температура"
      }
    },
    {
      "type": "Feature",
      "geometry": {
        "type": "Point",
        "coordinates": [
          25.0389444,
          43.2493333
        ]
      },
      "properties": {
        "basin_directorate": "Дунавски район",
        "district": "Ловеч",
        "municipality": "Летница",
        "settlement": "Крушуна",
        "deposit": "Крушуна",
        "section": "",
        "facility": "Сондаж № Р - 1хг",
        "facility_type": "водовземно",
        "year": "1977",
        "depth_m": "1811.0",
        "temperature_c": "",
        "status": "",
        "registry_number": "РМН1 - 038001",
        "source_date": "01.11.2022",
        "source": "БДДР – официален регистър",
        "source_url": "https://www.bd-dunav.bg/uploads/content/files/registri/razreshitelni%20i%20reshenia/2022/10-2022/VS_MV_BDDR_01112022.xlsx",
        "coordinate_accuracy": "A – официални географски координати",
        "mapped_status": "картографирано",
        "display_category": "Минерален сондаж",
        "temperature_class": "Без температура"
      }
    },
    {
      "type": "Feature",
      "geometry": {
        "type": "Point",
        "coordinates": [
          25.0389444,
          43.2493333
        ]
      },
      "properties": {
        "basin_directorate": "Дунавски район",
        "district": "Ловеч",
        "municipality": "Летница",
        "settlement": "Крушуна",
        "deposit": "Крушуна",
        "section": "",
        "facility": "Сондаж № Р - 1хг",
        "facility_type": "водовземно",
        "year": "1977",
        "depth_m": "1811.0",
        "temperature_c": "",
        "status": "",
        "registry_number": "РМН1 - 038001",
        "source_date": "01.11.2022",
        "source": "БДДР – официален регистър",
        "source_url": "https://www.bd-dunav.bg/uploads/content/files/registri/razreshitelni%20i%20reshenia/2022/10-2022/VS_MV_BDDR_01112022.xlsx",
        "coordinate_accuracy": "A – официални географски координати",
        "mapped_status": "картографирано",
        "display_category": "Минерален сондаж",
        "temperature_class": "Без температура"
      }
    },
    {
      "type": "Feature",
      "geometry": {
        "type": "Point",
        "coordinates": [
          25.4919167,
          43.3371667
        ]
      },
      "properties": {
        "basin_directorate": "Дунавски район",
        "district": "Велико Търново",
        "municipality": "Полски Тръмбеш",
        "settlement": "Обединение",
        "deposit": "Обединение",
        "section": "",
        "facility": "Сондаж № Р - 2хг",
        "facility_type": "водовземно",
        "year": "1970",
        "depth_m": "708.5",
        "temperature_c": "",
        "status": "",
        "registry_number": "РМН1 - 050001",
        "source_date": "01.11.2022",
        "source": "БДДР – официален регистър",
        "source_url": "https://www.bd-dunav.bg/uploads/content/files/registri/razreshitelni%20i%20reshenia/2022/10-2022/VS_MV_BDDR_01112022.xlsx",
        "coordinate_accuracy": "A – официални географски координати",
        "mapped_status": "картографирано",
        "display_category": "Минерален сондаж",
        "temperature_class": "Без температура"
      }
    },
    {
      "type": "Feature",
      "geometry": {
        "type": "Point",
        "coordinates": [
          25.2794722,
          43.4451667
        ]
      },
      "properties": {
        "basin_directorate": "Дунавски район",
        "district": "Велико Търново",
        "municipality": "Свищов",
        "settlement": "Овча могила",
        "deposit": "Овча могила",
        "section": "",
        "facility": "Сондаж № Р - 2хг",
        "facility_type": "водовземно",
        "year": "1971",
        "depth_m": "1613.0",
        "temperature_c": "",
        "status": "",
        "registry_number": "РМН1 - 052001",
        "source_date": "01.11.2022",
        "source": "БДДР – официален регистър",
        "source_url": "https://www.bd-dunav.bg/uploads/content/files/registri/razreshitelni%20i%20reshenia/2022/10-2022/VS_MV_BDDR_01112022.xlsx",
        "coordinate_accuracy": "A – официални географски координати",
        "mapped_status": "картографирано",
        "display_category": "Минерален сондаж",
        "temperature_class": "Без температура"
      }
    },
    {
      "type": "Feature",
      "geometry": {
        "type": "Point",
        "coordinates": [
          25.2794722,
          43.4451667
        ]
      },
      "properties": {
        "basin_directorate": "Дунавски район",
        "district": "Велико Търново",
        "municipality": "Свищов",
        "settlement": "Овча могила",
        "deposit": "Овча могила",
        "section": "",
        "facility": "Сондаж № Р - 2хг",
        "facility_type": "водовземно",
        "year": "1971",
        "depth_m": "1613.0",
        "temperature_c": "",
        "status": "",
        "registry_number": "РМН1 - 052001",
        "source_date": "01.11.2022",
        "source": "БДДР – официален регистър",
        "source_url": "https://www.bd-dunav.bg/uploads/content/files/registri/razreshitelni%20i%20reshenia/2022/10-2022/VS_MV_BDDR_01112022.xlsx",
        "coordinate_accuracy": "A – официални географски координати",
        "mapped_status": "картографирано",
        "display_category": "Минерален сондаж",
        "temperature_class": "Без температура"
      }
    },
    {
      "type": "Feature",
      "geometry": {
        "type": "Point",
        "coordinates": [
          25.2794722,
          43.4451667
        ]
      },
      "properties": {
        "basin_directorate": "Дунавски район",
        "district": "Велико Търново",
        "municipality": "Свищов",
        "settlement": "Овча могила",
        "deposit": "Овча могила",
        "section": "",
        "facility": "Сондаж № Р - 2хг",
        "facility_type": "водовземно",
        "year": "1971",
        "depth_m": "1613.0",
        "temperature_c": "",
        "status": "",
        "registry_number": "РМН1 - 052001",
        "source_date": "01.11.2022",
        "source": "БДДР – официален регистър",
        "source_url": "https://www.bd-dunav.bg/uploads/content/files/registri/razreshitelni%20i%20reshenia/2022/10-2022/VS_MV_BDDR_01112022.xlsx",
        "coordinate_accuracy": "A – официални географски координати",
        "mapped_status": "картографирано",
        "display_category": "Минерален сондаж",
        "temperature_class": "Без температура"
      }
    },
    {
      "type": "Feature",
      "geometry": {
        "type": "Point",
        "coordinates": [
          25.2794722,
          43.4451667
        ]
      },
      "properties": {
        "basin_directorate": "Дунавски район",
        "district": "Велико Търново",
        "municipality": "Свищов",
        "settlement": "Овча могила",
        "deposit": "Овча могила",
        "section": "",
        "facility": "Сондаж № Р - 2хг",
        "facility_type": "водовземно",
        "year": "1971",
        "depth_m": "1613.0",
        "temperature_c": "",
        "status": "",
        "registry_number": "РМН1 - 052001",
        "source_date": "01.11.2022",
        "source": "БДДР – официален регистър",
        "source_url": "https://www.bd-dunav.bg/uploads/content/files/registri/razreshitelni%20i%20reshenia/2022/10-2022/VS_MV_BDDR_01112022.xlsx",
        "coordinate_accuracy": "A – официални географски координати",
        "mapped_status": "картографирано",
        "display_category": "Минерален сондаж",
        "temperature_class": "Без температура"
      }
    },
    {
      "type": "Feature",
      "geometry": {
        "type": "Point",
        "coordinates": [
          25.2794722,
          43.4451667
        ]
      },
      "properties": {
        "basin_directorate": "Дунавски район",
        "district": "Велико Търново",
        "municipality": "Свищов",
        "settlement": "Овча могила",
        "deposit": "Овча могила",
        "section": "",
        "facility": "Сондаж № Р - 2хг",
        "facility_type": "водовземно",
        "year": "1971",
        "depth_m": "1613.0",
        "temperature_c": "",
        "status": "",
        "registry_number": "РМН1 - 052001",
        "source_date": "01.11.2022",
        "source": "БДДР – официален регистър",
        "source_url": "https://www.bd-dunav.bg/uploads/content/files/registri/razreshitelni%20i%20reshenia/2022/10-2022/VS_MV_BDDR_01112022.xlsx",
        "coordinate_accuracy": "A – официални географски координати",
        "mapped_status": "картографирано",
        "display_category": "Минерален сондаж",
        "temperature_class": "Без температура"
      }
    },
    {
      "type": "Feature",
      "geometry": {
        "type": "Point",
        "coordinates": [
          25.2794722,
          43.4451667
        ]
      },
      "properties": {
        "basin_directorate": "Дунавски район",
        "district": "Велико Търново",
        "municipality": "Свищов",
        "settlement": "Овча могила",
        "deposit": "Овча могила",
        "section": "",
        "facility": "Сондаж № Р - 2хг",
        "facility_type": "водовземно",
        "year": "1971",
        "depth_m": "1613.0",
        "temperature_c": "",
        "status": "",
        "registry_number": "РМН1 - 052001",
        "source_date": "01.11.2022",
        "source": "БДДР – официален регистър",
        "source_url": "https://www.bd-dunav.bg/uploads/content/files/registri/razreshitelni%20i%20reshenia/2022/10-2022/VS_MV_BDDR_01112022.xlsx",
        "coordinate_accuracy": "A – официални географски координати",
        "mapped_status": "картографирано",
        "display_category": "Минерален сондаж",
        "temperature_class": "Без температура"
      }
    },
    {
      "type": "Feature",
      "geometry": {
        "type": "Point",
        "coordinates": [
          25.2794722,
          43.4451667
        ]
      },
      "properties": {
        "basin_directorate": "Дунавски район",
        "district": "Велико Търново",
        "municipality": "Свищов",
        "settlement": "Овча могила",
        "deposit": "Овча могила",
        "section": "",
        "facility": "Сондаж № Р - 2хг",
        "facility_type": "водовземно",
        "year": "1971",
        "depth_m": "1613.0",
        "temperature_c": "",
        "status": "",
        "registry_number": "РМН1 - 052001",
        "source_date": "01.11.2022",
        "source": "БДДР – официален регистър",
        "source_url": "https://www.bd-dunav.bg/uploads/content/files/registri/razreshitelni%20i%20reshenia/2022/10-2022/VS_MV_BDDR_01112022.xlsx",
        "coordinate_accuracy": "A – официални географски координати",
        "mapped_status": "картографирано",
        "display_category": "Минерален сондаж",
        "temperature_class": "Без температура"
      }
    },
    {
      "type": "Feature",
      "geometry": {
        "type": "Point",
        "coordinates": [
          25.6211944,
          43.3657028
        ]
      },
      "properties": {
        "basin_directorate": "Дунавски район",
        "district": "Велико Търново",
        "municipality": "Полски Тръмбеш",
        "settlement": "Полски Тръмбеш",
        "deposit": "Полски Тръмбеш",
        "section": "",
        "facility": "Сондаж № Р - 1хг",
        "facility_type": "водовземно",
        "year": "1970",
        "depth_m": "1462.0",
        "temperature_c": "",
        "status": "",
        "registry_number": "РМН1 - 057001",
        "source_date": "01.11.2022",
        "source": "БДДР – официален регистър",
        "source_url": "https://www.bd-dunav.bg/uploads/content/files/registri/razreshitelni%20i%20reshenia/2022/10-2022/VS_MV_BDDR_01112022.xlsx",
        "coordinate_accuracy": "A – официални географски координати",
        "mapped_status": "картографирано",
        "display_category": "Минерален сондаж",
        "temperature_class": "Без температура"
      }
    },
    {
      "type": "Feature",
      "geometry": {
        "type": "Point",
        "coordinates": [
          25.6211944,
          43.3657028
        ]
      },
      "properties": {
        "basin_directorate": "Дунавски район",
        "district": "Велико Търново",
        "municipality": "Полски Тръмбеш",
        "settlement": "Полски Тръмбеш",
        "deposit": "Полски Тръмбеш",
        "section": "",
        "facility": "Сондаж № Р - 1хг",
        "facility_type": "водовземно",
        "year": "1970",
        "depth_m": "1462.0",
        "temperature_c": "",
        "status": "",
        "registry_number": "РМН1 - 057001",
        "source_date": "01.11.2022",
        "source": "БДДР – официален регистър",
        "source_url": "https://www.bd-dunav.bg/uploads/content/files/registri/razreshitelni%20i%20reshenia/2022/10-2022/VS_MV_BDDR_01112022.xlsx",
        "coordinate_accuracy": "A – официални географски координати",
        "mapped_status": "картографирано",
        "display_category": "Минерален сондаж",
        "temperature_class": "Без температура"
      }
    },
    {
      "type": "Feature",
      "geometry": {
        "type": "Point",
        "coordinates": [
          25.6211944,
          43.3657028
        ]
      },
      "properties": {
        "basin_directorate": "Дунавски район",
        "district": "Велико Търново",
        "municipality": "Полски Тръмбеш",
        "settlement": "Полски Тръмбеш",
        "deposit": "Полски Тръмбеш",
        "section": "",
        "facility": "Сондаж № Р - 1хг",
        "facility_type": "водовземно",
        "year": "1970",
        "depth_m": "1462.0",
        "temperature_c": "",
        "status": "",
        "registry_number": "РМН1 - 057001",
        "source_date": "01.11.2022",
        "source": "БДДР – официален регистър",
        "source_url": "https://www.bd-dunav.bg/uploads/content/files/registri/razreshitelni%20i%20reshenia/2022/10-2022/VS_MV_BDDR_01112022.xlsx",
        "coordinate_accuracy": "A – официални географски координати",
        "mapped_status": "картографирано",
        "display_category": "Минерален сондаж",
        "temperature_class": "Без температура"
      }
    },
    {
      "type": "Feature",
      "geometry": {
        "type": "Point",
        "coordinates": [
          25.6211944,
          43.3657028
        ]
      },
      "properties": {
        "basin_directorate": "Дунавски район",
        "district": "Велико Търново",
        "municipality": "Полски Тръмбеш",
        "settlement": "Полски Тръмбеш",
        "deposit": "Полски Тръмбеш",
        "section": "",
        "facility": "Сондаж № Р - 1хг",
        "facility_type": "водовземно",
        "year": "1970",
        "depth_m": "1462.0",
        "temperature_c": "",
        "status": "",
        "registry_number": "РМН1 - 057001",
        "source_date": "01.11.2022",
        "source": "БДДР – официален регистър",
        "source_url": "https://www.bd-dunav.bg/uploads/content/files/registri/razreshitelni%20i%20reshenia/2022/10-2022/VS_MV_BDDR_01112022.xlsx",
        "coordinate_accuracy": "A – официални географски координати",
        "mapped_status": "картографирано",
        "display_category": "Минерален сондаж",
        "temperature_class": "Без температура"
      }
    },
    {
      "type": "Feature",
      "geometry": {
        "type": "Point",
        "coordinates": [
          25.5616833,
          43.2003833
        ]
      },
      "properties": {
        "basin_directorate": "Дунавски район",
        "district": "Велико Търново",
        "municipality": "Велико Търново",
        "settlement": "Ресен",
        "deposit": "Ресен",
        "section": "",
        "facility": "Сондаж № Р - 1хг",
        "facility_type": "водовземно",
        "year": "1980",
        "depth_m": "2335.0",
        "temperature_c": "",
        "status": "",
        "registry_number": "РМН1 - 061001",
        "source_date": "01.11.2022",
        "source": "БДДР – официален регистър",
        "source_url": "https://www.bd-dunav.bg/uploads/content/files/registri/razreshitelni%20i%20reshenia/2022/10-2022/VS_MV_BDDR_01112022.xlsx",
        "coordinate_accuracy": "A – официални географски координати",
        "mapped_status": "картографирано",
        "display_category": "Минерален сондаж",
        "temperature_class": "Без температура"
      }
    },
    {
      "type": "Feature",
      "geometry": {
        "type": "Point",
        "coordinates": [
          25.5551694,
          43.2077583
        ]
      },
      "properties": {
        "basin_directorate": "Дунавски район",
        "district": "Велико Търново",
        "municipality": "Велико Търново",
        "settlement": "Ресен",
        "deposit": "Ресен",
        "section": "",
        "facility": "Сондаж № Р - 3хг",
        "facility_type": "водовземно",
        "year": "1987",
        "depth_m": "988.0",
        "temperature_c": "",
        "status": "",
        "registry_number": "РМН1 - 061002",
        "source_date": "01.11.2022",
        "source": "БДДР – официален регистър",
        "source_url": "https://www.bd-dunav.bg/uploads/content/files/registri/razreshitelni%20i%20reshenia/2022/10-2022/VS_MV_BDDR_01112022.xlsx",
        "coordinate_accuracy": "A – официални географски координати",
        "mapped_status": "картографирано",
        "display_category": "Минерален сондаж",
        "temperature_class": "Без температура"
      }
    },
    {
      "type": "Feature",
      "geometry": {
        "type": "Point",
        "coordinates": [
          25.3006667,
          43.6212778
        ]
      },
      "properties": {
        "basin_directorate": "Дунавски район",
        "district": "Велико Търново",
        "municipality": "Свищов",
        "settlement": "Свищов",
        "deposit": "Свищов",
        "section": "",
        "facility": "Сондаж № Р - 1хг",
        "facility_type": "водовземно",
        "year": "1972",
        "depth_m": "3239.0",
        "temperature_c": "",
        "status": "",
        "registry_number": "РМН1 - 068001",
        "source_date": "01.11.2022",
        "source": "БДДР – официален регистър",
        "source_url": "https://www.bd-dunav.bg/uploads/content/files/registri/razreshitelni%20i%20reshenia/2022/10-2022/VS_MV_BDDR_01112022.xlsx",
        "coordinate_accuracy": "A – официални географски координати",
        "mapped_status": "картографирано",
        "display_category": "Минерален сондаж",
        "temperature_class": "Без температура"
      }
    },
    {
      "type": "Feature",
      "geometry": {
        "type": "Point",
        "coordinates": [
          25.3685278,
          43.61775
        ]
      },
      "properties": {
        "basin_directorate": "Дунавски район",
        "district": "Велико Търново",
        "municipality": "Свищов",
        "settlement": "Свищов",
        "deposit": "Свищов",
        "section": "",
        "facility": "Сондаж № Р - 4хг",
        "facility_type": "неуточнено",
        "year": "1977",
        "depth_m": "1510.0",
        "temperature_c": "",
        "status": "ликвидиран",
        "registry_number": "РМН1 - 068002",
        "source_date": "01.11.2022",
        "source": "БДДР – официален регистър",
        "source_url": "https://www.bd-dunav.bg/uploads/content/files/registri/razreshitelni%20i%20reshenia/2022/10-2022/VS_MV_BDDR_01112022.xlsx",
        "coordinate_accuracy": "A – официални географски координати",
        "mapped_status": "картографирано",
        "display_category": "Ликвидиран/закрит",
        "temperature_class": "Без температура"
      }
    },
    {
      "type": "Feature",
      "geometry": {
        "type": "Point",
        "coordinates": [
          25.3067778,
          43.6216667
        ]
      },
      "properties": {
        "basin_directorate": "Дунавски район",
        "district": "Велико Търново",
        "municipality": "Свищов",
        "settlement": "Свищов",
        "deposit": "Свищов",
        "section": "",
        "facility": "Сондаж № Р - 6хг",
        "facility_type": "водовземно",
        "year": "",
        "depth_m": "1500.0",
        "temperature_c": "",
        "status": "",
        "registry_number": "РМН1 - 068003",
        "source_date": "01.11.2022",
        "source": "БДДР – официален регистър",
        "source_url": "https://www.bd-dunav.bg/uploads/content/files/registri/razreshitelni%20i%20reshenia/2022/10-2022/VS_MV_BDDR_01112022.xlsx",
        "coordinate_accuracy": "A – официални географски координати",
        "mapped_status": "картографирано",
        "display_category": "Минерален сондаж",
        "temperature_class": "Без температура"
      }
    },
    {
      "type": "Feature",
      "geometry": {
        "type": "Point",
        "coordinates": [
          23.224,
          43.2146111
        ]
      },
      "properties": {
        "basin_directorate": "Дунавски район",
        "district": "Монтана",
        "municipality": "Берковица",
        "settlement": "Слатина",
        "deposit": "Слатина",
        "section": "",
        "facility": "Сондаж №  3хг",
        "facility_type": "водовземно",
        "year": "1973",
        "depth_m": "613.1",
        "temperature_c": "",
        "status": "",
        "registry_number": "РМН1 - 071001",
        "source_date": "01.11.2022",
        "source": "БДДР – официален регистър",
        "source_url": "https://www.bd-dunav.bg/uploads/content/files/registri/razreshitelni%20i%20reshenia/2022/10-2022/VS_MV_BDDR_01112022.xlsx",
        "coordinate_accuracy": "A – официални географски координати",
        "mapped_status": "картографирано",
        "display_category": "Минерален сондаж",
        "temperature_class": "Без температура"
      }
    },
    {
      "type": "Feature",
      "geometry": {
        "type": "Point",
        "coordinates": [
          23.3051667,
          42.6949722
        ]
      },
      "properties": {
        "basin_directorate": "Дунавски район",
        "district": "София",
        "municipality": "",
        "settlement": "София",
        "deposit": "София - Баталова воденица",
        "section": "",
        "facility": "Сондаж № 6 ХГ",
        "facility_type": "водовземно",
        "year": "1970",
        "depth_m": "569.8",
        "temperature_c": "",
        "status": "за ликвидация",
        "registry_number": "РМН1 - 074001",
        "source_date": "01.11.2022",
        "source": "БДДР – официален регистър",
        "source_url": "https://www.bd-dunav.bg/uploads/content/files/registri/razreshitelni%20i%20reshenia/2022/10-2022/VS_MV_BDDR_01112022.xlsx",
        "coordinate_accuracy": "A – официални географски координати",
        "mapped_status": "картографирано",
        "display_category": "Ликвидиран/закрит",
        "temperature_class": "Без температура"
      }
    },
    {
      "type": "Feature",
      "geometry": {
        "type": "Point",
        "coordinates": [
          23.30725,
          42.6949167
        ]
      },
      "properties": {
        "basin_directorate": "Дунавски район",
        "district": "София",
        "municipality": "",
        "settlement": "София",
        "deposit": "София - Баталова воденица",
        "section": "",
        "facility": "Сондаж № 8ХГ",
        "facility_type": "мониторинг",
        "year": "",
        "depth_m": "750.0",
        "temperature_c": "",
        "status": "за ликвидация",
        "registry_number": "РМН1 - 074002",
        "source_date": "01.11.2022",
        "source": "БДДР – официален регистър",
        "source_url": "https://www.bd-dunav.bg/uploads/content/files/registri/razreshitelni%20i%20reshenia/2022/10-2022/VS_MV_BDDR_01112022.xlsx",
        "coordinate_accuracy": "A – официални географски координати",
        "mapped_status": "картографирано",
        "display_category": "Ликвидиран/закрит",
        "temperature_class": "Без температура"
      }
    },
    {
      "type": "Feature",
      "geometry": {
        "type": "Point",
        "coordinates": [
          23.2390278,
          42.6790833
        ]
      },
      "properties": {
        "basin_directorate": "Дунавски район",
        "district": "София",
        "municipality": "",
        "settlement": "Горна баня",
        "deposit": "София -Горна баня",
        "section": "",
        "facility": "Сондаж № 3 ХГ",
        "facility_type": "водовземно",
        "year": "",
        "depth_m": "425.6",
        "temperature_c": "",
        "status": "",
        "registry_number": "РМН1 - 075001",
        "source_date": "01.11.2022",
        "source": "БДДР – официален регистър",
        "source_url": "https://www.bd-dunav.bg/uploads/content/files/registri/razreshitelni%20i%20reshenia/2022/10-2022/VS_MV_BDDR_01112022.xlsx",
        "coordinate_accuracy": "A – официални географски координати",
        "mapped_status": "картографирано",
        "display_category": "Минерален сондаж",
        "temperature_class": "Без температура"
      }
    },
    {
      "type": "Feature",
      "geometry": {
        "type": "Point",
        "coordinates": [
          23.2368611,
          42.6774167
        ]
      },
      "properties": {
        "basin_directorate": "Дунавски район",
        "district": "София",
        "municipality": "",
        "settlement": "Горна баня",
        "deposit": "София -Горна баня",
        "section": "",
        "facility": "Сондаж № 4 ХГ",
        "facility_type": "водовземно",
        "year": "",
        "depth_m": "492.5",
        "temperature_c": "",
        "status": "",
        "registry_number": "РМН1 - 075002",
        "source_date": "01.11.2022",
        "source": "БДДР – официален регистър",
        "source_url": "https://www.bd-dunav.bg/uploads/content/files/registri/razreshitelni%20i%20reshenia/2022/10-2022/VS_MV_BDDR_01112022.xlsx",
        "coordinate_accuracy": "A – официални географски координати",
        "mapped_status": "картографирано",
        "display_category": "Минерален сондаж",
        "temperature_class": "Без температура"
      }
    },
    {
      "type": "Feature",
      "geometry": {
        "type": "Point",
        "coordinates": [
          23.2380833,
          42.67225
        ]
      },
      "properties": {
        "basin_directorate": "Дунавски район",
        "district": "София",
        "municipality": "",
        "settlement": "Горна баня",
        "deposit": "София -Горна баня",
        "section": "",
        "facility": "КИ \"Домуз дере\"",
        "facility_type": "водовземно",
        "year": "",
        "depth_m": "",
        "temperature_c": "",
        "status": "",
        "registry_number": "РМН1 - 075003",
        "source_date": "01.11.2022",
        "source": "БДДР – официален регистър",
        "source_url": "https://www.bd-dunav.bg/uploads/content/files/registri/razreshitelni%20i%20reshenia/2022/10-2022/VS_MV_BDDR_01112022.xlsx",
        "coordinate_accuracy": "A – официални географски координати",
        "mapped_status": "картографирано",
        "display_category": "Минерален сондаж",
        "temperature_class": "Без температура"
      }
    },
    {
      "type": "Feature",
      "geometry": {
        "type": "Point",
        "coordinates": [
          23.2409167,
          42.6803889
        ]
      },
      "properties": {
        "basin_directorate": "Дунавски район",
        "district": "София",
        "municipality": "",
        "settlement": "Горна баня",
        "deposit": "София -Горна баня",
        "section": "",
        "facility": "КИ \"Хазната\"",
        "facility_type": "водовземно",
        "year": "",
        "depth_m": "",
        "temperature_c": "",
        "status": "",
        "registry_number": "РМН1 - 075004",
        "source_date": "01.11.2022",
        "source": "БДДР – официален регистър",
        "source_url": "https://www.bd-dunav.bg/uploads/content/files/registri/razreshitelni%20i%20reshenia/2022/10-2022/VS_MV_BDDR_01112022.xlsx",
        "coordinate_accuracy": "A – официални географски координати",
        "mapped_status": "картографирано",
        "display_category": "Минерален сондаж",
        "temperature_class": "Без температура"
      }
    },
    {
      "type": "Feature",
      "geometry": {
        "type": "Point",
        "coordinates": [
          23.3853333,
          42.5401111
        ]
      },
      "properties": {
        "basin_directorate": "Дунавски район",
        "district": "София",
        "municipality": "",
        "settlement": "Железница ",
        "deposit": "София - Железница",
        "section": "",
        "facility": "Сондаж № 1 ХГ",
        "facility_type": "водовземно",
        "year": "",
        "depth_m": "236.1",
        "temperature_c": "",
        "status": "",
        "registry_number": "РМН1 - 076001",
        "source_date": "01.11.2022",
        "source": "БДДР – официален регистър",
        "source_url": "https://www.bd-dunav.bg/uploads/content/files/registri/razreshitelni%20i%20reshenia/2022/10-2022/VS_MV_BDDR_01112022.xlsx",
        "coordinate_accuracy": "A – официални географски координати",
        "mapped_status": "картографирано",
        "display_category": "Минерален сондаж",
        "temperature_class": "Без температура"
      }
    },
    {
      "type": "Feature",
      "geometry": {
        "type": "Point",
        "coordinates": [
          23.3853056,
          42.5399167
        ]
      },
      "properties": {
        "basin_directorate": "Дунавски район",
        "district": "София",
        "municipality": "",
        "settlement": "Железница ",
        "deposit": "София - Железница",
        "section": "",
        "facility": "Сондаж № 2 ХГ",
        "facility_type": "водовземно",
        "year": "",
        "depth_m": "600.2",
        "temperature_c": "",
        "status": "",
        "registry_number": "РМН1 - 076002",
        "source_date": "01.11.2022",
        "source": "БДДР – официален регистър",
        "source_url": "https://www.bd-dunav.bg/uploads/content/files/registri/razreshitelni%20i%20reshenia/2022/10-2022/VS_MV_BDDR_01112022.xlsx",
        "coordinate_accuracy": "A – официални географски координати",
        "mapped_status": "картографирано",
        "display_category": "Минерален сондаж",
        "temperature_class": "Без температура"
      }
    },
    {
      "type": "Feature",
      "geometry": {
        "type": "Point",
        "coordinates": [
          23.3861389,
          42.5399167
        ]
      },
      "properties": {
        "basin_directorate": "Дунавски район",
        "district": "София",
        "municipality": "",
        "settlement": "Железница ",
        "deposit": "София - Железница",
        "section": "",
        "facility": "КИ № 1 \"Горен\"",
        "facility_type": "водовземно",
        "year": "",
        "depth_m": "",
        "temperature_c": "",
        "status": "",
        "registry_number": "РМН1 - 076003",
        "source_date": "01.11.2022",
        "source": "БДДР – официален регистър",
        "source_url": "https://www.bd-dunav.bg/uploads/content/files/registri/razreshitelni%20i%20reshenia/2022/10-2022/VS_MV_BDDR_01112022.xlsx",
        "coordinate_accuracy": "A – официални географски координати",
        "mapped_status": "картографирано",
        "display_category": "Минерален сондаж",
        "temperature_class": "Без температура"
      }
    },
    {
      "type": "Feature",
      "geometry": {
        "type": "Point",
        "coordinates": [
          23.3855278,
          42.5401111
        ]
      },
      "properties": {
        "basin_directorate": "Дунавски район",
        "district": "София",
        "municipality": "",
        "settlement": "Железница ",
        "deposit": "София - Железница",
        "section": "",
        "facility": "НЕИ № 1",
        "facility_type": "мониторинг",
        "year": "",
        "depth_m": "",
        "temperature_c": "",
        "status": "",
        "registry_number": "РМН1 - 076004",
        "source_date": "01.11.2022",
        "source": "БДДР – официален регистър",
        "source_url": "https://www.bd-dunav.bg/uploads/content/files/registri/razreshitelni%20i%20reshenia/2022/10-2022/VS_MV_BDDR_01112022.xlsx",
        "coordinate_accuracy": "A – официални географски координати",
        "mapped_status": "картографирано",
        "display_category": "Мониторингов сондаж",
        "temperature_class": "Без температура"
      }
    },
    {
      "type": "Feature",
      "geometry": {
        "type": "Point",
        "coordinates": [
          23.3855278,
          43.5400556
        ]
      },
      "properties": {
        "basin_directorate": "Дунавски район",
        "district": "София",
        "municipality": "",
        "settlement": "Железница ",
        "deposit": "София - Железница",
        "section": "",
        "facility": "НЕИ № 2",
        "facility_type": "мониторинг",
        "year": "",
        "depth_m": "",
        "temperature_c": "",
        "status": "",
        "registry_number": "РМН1 - 076005",
        "source_date": "01.11.2022",
        "source": "БДДР – официален регистър",
        "source_url": "https://www.bd-dunav.bg/uploads/content/files/registri/razreshitelni%20i%20reshenia/2022/10-2022/VS_MV_BDDR_01112022.xlsx",
        "coordinate_accuracy": "A – официални географски координати",
        "mapped_status": "картографирано",
        "display_category": "Мониторингов сондаж",
        "temperature_class": "Без температура"
      }
    },
    {
      "type": "Feature",
      "geometry": {
        "type": "Point",
        "coordinates": [
          23.3855444,
          42.5400111
        ]
      },
      "properties": {
        "basin_directorate": "Дунавски район",
        "district": "София",
        "municipality": "",
        "settlement": "Железница ",
        "deposit": "София - Железница",
        "section": "",
        "facility": "КИ № 2 \"Баня\"",
        "facility_type": "водовземно",
        "year": "",
        "depth_m": "",
        "temperature_c": "",
        "status": "",
        "registry_number": "РМН1 - 076006",
        "source_date": "01.11.2022",
        "source": "БДДР – официален регистър",
        "source_url": "https://www.bd-dunav.bg/uploads/content/files/registri/razreshitelni%20i%20reshenia/2022/10-2022/VS_MV_BDDR_01112022.xlsx",
        "coordinate_accuracy": "A – официални географски координати",
        "mapped_status": "картографирано",
        "display_category": "Минерален сондаж",
        "temperature_class": "Без температура"
      }
    },
    {
      "type": "Feature",
      "geometry": {
        "type": "Point",
        "coordinates": [
          23.3899722,
          42.53375
        ]
      },
      "properties": {
        "basin_directorate": "Дунавски район",
        "district": "София",
        "municipality": "",
        "settlement": "Железница ",
        "deposit": "София - Железница",
        "section": "",
        "facility": "НЕИ № 3",
        "facility_type": "мониторинг",
        "year": "",
        "depth_m": "",
        "temperature_c": "",
        "status": "",
        "registry_number": "РМН1 - 076007",
        "source_date": "01.11.2022",
        "source": "БДДР – официален регистър",
        "source_url": "https://www.bd-dunav.bg/uploads/content/files/registri/razreshitelni%20i%20reshenia/2022/10-2022/VS_MV_BDDR_01112022.xlsx",
        "coordinate_accuracy": "A – официални географски координати",
        "mapped_status": "картографирано",
        "display_category": "Мониторингов сондаж",
        "temperature_class": "Без температура"
      }
    },
    {
      "type": "Feature",
      "geometry": {
        "type": "Point",
        "coordinates": [
          23.3911389,
          42.53875
        ]
      },
      "properties": {
        "basin_directorate": "Дунавски район",
        "district": "София",
        "municipality": "",
        "settlement": "Железница ",
        "deposit": "София - Железница",
        "section": "",
        "facility": "НЕИ № 4",
        "facility_type": "мониторинг",
        "year": "",
        "depth_m": "",
        "temperature_c": "",
        "status": "",
        "registry_number": "РМН1 - 076008",
        "source_date": "01.11.2022",
        "source": "БДДР – официален регистър",
        "source_url": "https://www.bd-dunav.bg/uploads/content/files/registri/razreshitelni%20i%20reshenia/2022/10-2022/VS_MV_BDDR_01112022.xlsx",
        "coordinate_accuracy": "A – официални географски координати",
        "mapped_status": "картографирано",
        "display_category": "Мониторингов сондаж",
        "temperature_class": "Без температура"
      }
    },
    {
      "type": "Feature",
      "geometry": {
        "type": "Point",
        "coordinates": [
          23.2360556,
          42.6574444
        ]
      },
      "properties": {
        "basin_directorate": "Дунавски район",
        "district": "София",
        "municipality": "Столична",
        "settlement": "София - Княжево",
        "deposit": "София - Княжево",
        "section": "",
        "facility": "Сондаж № 1 ХГ",
        "facility_type": "водовземно",
        "year": "",
        "depth_m": "",
        "temperature_c": "",
        "status": "",
        "registry_number": "РМН1 - 077001",
        "source_date": "01.11.2022",
        "source": "БДДР – официален регистър",
        "source_url": "https://www.bd-dunav.bg/uploads/content/files/registri/razreshitelni%20i%20reshenia/2022/10-2022/VS_MV_BDDR_01112022.xlsx",
        "coordinate_accuracy": "A – официални географски координати",
        "mapped_status": "картографирано",
        "display_category": "Минерален сондаж",
        "temperature_class": "Без температура"
      }
    },
    {
      "type": "Feature",
      "geometry": {
        "type": "Point",
        "coordinates": [
          23.2408611,
          42.6583056
        ]
      },
      "properties": {
        "basin_directorate": "Дунавски район",
        "district": "София",
        "municipality": "Столична",
        "settlement": "София - Княжево",
        "deposit": "София - Княжево",
        "section": "",
        "facility": "Сондаж № 6ХГ",
        "facility_type": "водовземно",
        "year": "",
        "depth_m": "",
        "temperature_c": "",
        "status": "",
        "registry_number": "РМН1 - 077002",
        "source_date": "01.11.2022",
        "source": "БДДР – официален регистър",
        "source_url": "https://www.bd-dunav.bg/uploads/content/files/registri/razreshitelni%20i%20reshenia/2022/10-2022/VS_MV_BDDR_01112022.xlsx",
        "coordinate_accuracy": "A – официални географски координати",
        "mapped_status": "картографирано",
        "display_category": "Минерален сондаж",
        "temperature_class": "Без температура"
      }
    },
    {
      "type": "Feature",
      "geometry": {
        "type": "Point",
        "coordinates": [
          23.2438611,
          42.6598333
        ]
      },
      "properties": {
        "basin_directorate": "Дунавски район",
        "district": "София",
        "municipality": "Столична",
        "settlement": "София - Княжево",
        "deposit": "София - Княжево",
        "section": "",
        "facility": "Сондаж № 1 ВКП",
        "facility_type": "водовземно",
        "year": "",
        "depth_m": "",
        "temperature_c": "",
        "status": "",
        "registry_number": "РМН1 - 077003",
        "source_date": "01.11.2022",
        "source": "БДДР – официален регистър",
        "source_url": "https://www.bd-dunav.bg/uploads/content/files/registri/razreshitelni%20i%20reshenia/2022/10-2022/VS_MV_BDDR_01112022.xlsx",
        "coordinate_accuracy": "A – официални географски координати",
        "mapped_status": "картографирано",
        "display_category": "Минерален сондаж",
        "temperature_class": "Без температура"
      }
    },
    {
      "type": "Feature",
      "geometry": {
        "type": "Point",
        "coordinates": [
          23.2428889,
          42.6595833
        ]
      },
      "properties": {
        "basin_directorate": "Дунавски район",
        "district": "София",
        "municipality": "Столична",
        "settlement": "София - Княжево",
        "deposit": "София - Княжево",
        "section": "",
        "facility": "Сондаж № 2 ВКП",
        "facility_type": "мониторинг",
        "year": "",
        "depth_m": "",
        "temperature_c": "",
        "status": "",
        "registry_number": "РМН1 - 077004",
        "source_date": "01.11.2022",
        "source": "БДДР – официален регистър",
        "source_url": "https://www.bd-dunav.bg/uploads/content/files/registri/razreshitelni%20i%20reshenia/2022/10-2022/VS_MV_BDDR_01112022.xlsx",
        "coordinate_accuracy": "A – официални географски координати",
        "mapped_status": "картографирано",
        "display_category": "Мониторингов сондаж",
        "temperature_class": "Без температура"
      }
    },
    {
      "type": "Feature",
      "geometry": {
        "type": "Point",
        "coordinates": [
          23.2436389,
          42.6590833
        ]
      },
      "properties": {
        "basin_directorate": "Дунавски район",
        "district": "София",
        "municipality": "Столична",
        "settlement": "София - Княжево",
        "deposit": "София - Княжево",
        "section": "",
        "facility": "Сондаж № 3 ВКП",
        "facility_type": "водовземно",
        "year": "",
        "depth_m": "",
        "temperature_c": "",
        "status": "",
        "registry_number": "РМН1 - 077005",
        "source_date": "01.11.2022",
        "source": "БДДР – официален регистър",
        "source_url": "https://www.bd-dunav.bg/uploads/content/files/registri/razreshitelni%20i%20reshenia/2022/10-2022/VS_MV_BDDR_01112022.xlsx",
        "coordinate_accuracy": "A – официални географски координати",
        "mapped_status": "картографирано",
        "display_category": "Минерален сондаж",
        "temperature_class": "Без температура"
      }
    },
    {
      "type": "Feature",
      "geometry": {
        "type": "Point",
        "coordinates": [
          23.2577778,
          42.6652222
        ]
      },
      "properties": {
        "basin_directorate": "Дунавски район",
        "district": "София",
        "municipality": "Столична",
        "settlement": "София - Княжево",
        "deposit": "София - Княжево",
        "section": "",
        "facility": "Сондаж \" Книжна Фабрика\"",
        "facility_type": "водовземно",
        "year": "",
        "depth_m": "",
        "temperature_c": "",
        "status": "",
        "registry_number": "РМН1 - 077006",
        "source_date": "01.11.2022",
        "source": "БДДР – официален регистър",
        "source_url": "https://www.bd-dunav.bg/uploads/content/files/registri/razreshitelni%20i%20reshenia/2022/10-2022/VS_MV_BDDR_01112022.xlsx",
        "coordinate_accuracy": "A – официални географски координати",
        "mapped_status": "картографирано",
        "display_category": "Минерален сондаж",
        "temperature_class": "Без температура"
      }
    },
    {
      "type": "Feature",
      "geometry": {
        "type": "Point",
        "coordinates": [
          23.2577778,
          42.6652222
        ]
      },
      "properties": {
        "basin_directorate": "Дунавски район",
        "district": "София",
        "municipality": "Столична",
        "settlement": "София - Княжево",
        "deposit": "София - Княжево",
        "section": "",
        "facility": "Сондаж \" Книжна Фабрика\"",
        "facility_type": "водовземно",
        "year": "",
        "depth_m": "",
        "temperature_c": "",
        "status": "",
        "registry_number": "РМН1 - 077006",
        "source_date": "01.11.2022",
        "source": "БДДР – официален регистър",
        "source_url": "https://www.bd-dunav.bg/uploads/content/files/registri/razreshitelni%20i%20reshenia/2022/10-2022/VS_MV_BDDR_01112022.xlsx",
        "coordinate_accuracy": "A – официални географски координати",
        "mapped_status": "картографирано",
        "display_category": "Минерален сондаж",
        "temperature_class": "Без температура"
      }
    },
    {
      "type": "Feature",
      "geometry": {
        "type": "Point",
        "coordinates": [
          23.2577778,
          42.6652222
        ]
      },
      "properties": {
        "basin_directorate": "Дунавски район",
        "district": "София",
        "municipality": "Столична",
        "settlement": "София - Княжево",
        "deposit": "София - Княжево",
        "section": "",
        "facility": "Сондаж \" Книжна Фабрика\"",
        "facility_type": "водовземно",
        "year": "",
        "depth_m": "",
        "temperature_c": "",
        "status": "",
        "registry_number": "РМН1 - 077006",
        "source_date": "01.11.2022",
        "source": "БДДР – официален регистър",
        "source_url": "https://www.bd-dunav.bg/uploads/content/files/registri/razreshitelni%20i%20reshenia/2022/10-2022/VS_MV_BDDR_01112022.xlsx",
        "coordinate_accuracy": "A – официални географски координати",
        "mapped_status": "картографирано",
        "display_category": "Минерален сондаж",
        "temperature_class": "Без температура"
      }
    },
    {
      "type": "Feature",
      "geometry": {
        "type": "Point",
        "coordinates": [
          23.2577778,
          42.6652222
        ]
      },
      "properties": {
        "basin_directorate": "Дунавски район",
        "district": "София",
        "municipality": "Столична",
        "settlement": "София - Княжево",
        "deposit": "София - Княжево",
        "section": "",
        "facility": "Сондаж \" Книжна Фабрика\"",
        "facility_type": "водовземно",
        "year": "",
        "depth_m": "",
        "temperature_c": "",
        "status": "",
        "registry_number": "РМН1 - 077006",
        "source_date": "01.11.2022",
        "source": "БДДР – официален регистър",
        "source_url": "https://www.bd-dunav.bg/uploads/content/files/registri/razreshitelni%20i%20reshenia/2022/10-2022/VS_MV_BDDR_01112022.xlsx",
        "coordinate_accuracy": "A – официални географски координати",
        "mapped_status": "картографирано",
        "display_category": "Минерален сондаж",
        "temperature_class": "Без температура"
      }
    },
    {
      "type": "Feature",
      "geometry": {
        "type": "Point",
        "coordinates": [
          23.2435278,
          42.6594722
        ]
      },
      "properties": {
        "basin_directorate": "Дунавски район",
        "district": "София",
        "municipality": "Столична",
        "settlement": "София - Княжево",
        "deposit": "София - Княжево",
        "section": "",
        "facility": "КИ \"Бански каптаж\"",
        "facility_type": "водовземно",
        "year": "",
        "depth_m": "",
        "temperature_c": "",
        "status": "",
        "registry_number": "РМН1 - 077007",
        "source_date": "01.11.2022",
        "source": "БДДР – официален регистър",
        "source_url": "https://www.bd-dunav.bg/uploads/content/files/registri/razreshitelni%20i%20reshenia/2022/10-2022/VS_MV_BDDR_01112022.xlsx",
        "coordinate_accuracy": "A – официални географски координати",
        "mapped_status": "картографирано",
        "display_category": "Каптаж/естествен извор",
        "temperature_class": "Без температура"
      }
    },
    {
      "type": "Feature",
      "geometry": {
        "type": "Point",
        "coordinates": [
          23.2356389,
          42.6575833
        ]
      },
      "properties": {
        "basin_directorate": "Дунавски район",
        "district": "София",
        "municipality": "Столична",
        "settlement": "София - Княжево",
        "deposit": "София - Княжево",
        "section": "",
        "facility": "КИ \"Клисурска баня\"",
        "facility_type": "няма го",
        "year": "",
        "depth_m": "",
        "temperature_c": "",
        "status": "ликвидиран",
        "registry_number": "РМН1 - 077008",
        "source_date": "01.11.2022",
        "source": "БДДР – официален регистър",
        "source_url": "https://www.bd-dunav.bg/uploads/content/files/registri/razreshitelni%20i%20reshenia/2022/10-2022/VS_MV_BDDR_01112022.xlsx",
        "coordinate_accuracy": "A – официални географски координати",
        "mapped_status": "картографирано",
        "display_category": "Ликвидиран/закрит",
        "temperature_class": "Без температура"
      }
    },
    {
      "type": "Feature",
      "geometry": {
        "type": "Point",
        "coordinates": [
          23.3223889,
          42.6861389
        ]
      },
      "properties": {
        "basin_directorate": "Дунавски район",
        "district": "София",
        "municipality": "Лозенец",
        "settlement": "София",
        "deposit": "София - Лозенец",
        "section": "",
        "facility": "Сондаж № 2ХГ",
        "facility_type": "мониторинг",
        "year": "",
        "depth_m": "",
        "temperature_c": "",
        "status": "",
        "registry_number": "РМН1 - 078001",
        "source_date": "01.11.2022",
        "source": "БДДР – официален регистър",
        "source_url": "https://www.bd-dunav.bg/uploads/content/files/registri/razreshitelni%20i%20reshenia/2022/10-2022/VS_MV_BDDR_01112022.xlsx",
        "coordinate_accuracy": "A – официални географски координати",
        "mapped_status": "картографирано",
        "display_category": "Мониторингов сондаж",
        "temperature_class": "Без температура"
      }
    },
    {
      "type": "Feature",
      "geometry": {
        "type": "Point",
        "coordinates": [
          23.3220833,
          42.6861389
        ]
      },
      "properties": {
        "basin_directorate": "Дунавски район",
        "district": "София",
        "municipality": "Лозенец",
        "settlement": "София",
        "deposit": "София - Лозенец",
        "section": "",
        "facility": "Сондаж № 7ХГ",
        "facility_type": "мониторинг",
        "year": "",
        "depth_m": "",
        "temperature_c": "",
        "status": "",
        "registry_number": "РМН1 - 078002",
        "source_date": "01.11.2022",
        "source": "БДДР – официален регистър",
        "source_url": "https://www.bd-dunav.bg/uploads/content/files/registri/razreshitelni%20i%20reshenia/2022/10-2022/VS_MV_BDDR_01112022.xlsx",
        "coordinate_accuracy": "A – официални географски координати",
        "mapped_status": "картографирано",
        "display_category": "Мониторингов сондаж",
        "temperature_class": "Без температура"
      }
    },
    {
      "type": "Feature",
      "geometry": {
        "type": "Point",
        "coordinates": [
          23.3254861,
          42.684375
        ]
      },
      "properties": {
        "basin_directorate": "Дунавски район",
        "district": "София",
        "municipality": "Лозенец",
        "settlement": "София",
        "deposit": "София - Лозенец",
        "section": "",
        "facility": "Сондаж № 34ХГ",
        "facility_type": "водовземно",
        "year": "",
        "depth_m": "500.3",
        "temperature_c": "",
        "status": "добро до 40 м, трудна проводимост в дълчина - ексцентрично разположение на колоните",
        "registry_number": "РМН1 - 078003",
        "source_date": "01.11.2022",
        "source": "БДДР – официален регистър",
        "source_url": "https://www.bd-dunav.bg/uploads/content/files/registri/razreshitelni%20i%20reshenia/2022/10-2022/VS_MV_BDDR_01112022.xlsx",
        "coordinate_accuracy": "A – официални географски координати",
        "mapped_status": "картографирано",
        "display_category": "Минерален сондаж",
        "temperature_class": "Без температура"
      }
    },
    {
      "type": "Feature",
      "geometry": {
        "type": "Point",
        "coordinates": [
          23.3269556,
          42.6849083
        ]
      },
      "properties": {
        "basin_directorate": "Дунавски район",
        "district": "София",
        "municipality": "Лозенец",
        "settlement": "София",
        "deposit": "София - Лозенец",
        "section": "",
        "facility": "Сондаж № 35ХГ",
        "facility_type": "водовземно",
        "year": "",
        "depth_m": "543.3",
        "temperature_c": "",
        "status": "за ремонт",
        "registry_number": "РМН1 - 078004",
        "source_date": "01.11.2022",
        "source": "БДДР – официален регистър",
        "source_url": "https://www.bd-dunav.bg/uploads/content/files/registri/razreshitelni%20i%20reshenia/2022/10-2022/VS_MV_BDDR_01112022.xlsx",
        "coordinate_accuracy": "A – официални географски координати",
        "mapped_status": "картографирано",
        "display_category": "Минерален сондаж",
        "temperature_class": "Без температура"
      }
    },
    {
      "type": "Feature",
      "geometry": {
        "type": "Point",
        "coordinates": [
          23.3270833,
          42.7434722
        ]
      },
      "properties": {
        "basin_directorate": "Дунавски район",
        "district": "София",
        "municipality": "Илиенци",
        "settlement": "София",
        "deposit": "София - Надежда",
        "section": "",
        "facility": "Сондаж № 2ХГ",
        "facility_type": "неуточнено",
        "year": "",
        "depth_m": "",
        "temperature_c": "",
        "status": "",
        "registry_number": "РМН1 - 079001",
        "source_date": "01.11.2022",
        "source": "БДДР – официален регистър",
        "source_url": "https://www.bd-dunav.bg/uploads/content/files/registri/razreshitelni%20i%20reshenia/2022/10-2022/VS_MV_BDDR_01112022.xlsx",
        "coordinate_accuracy": "A – официални географски координати",
        "mapped_status": "картографирано",
        "display_category": "Минерален сондаж",
        "temperature_class": "Без температура"
      }
    },
    {
      "type": "Feature",
      "geometry": {
        "type": "Point",
        "coordinates": [
          23.3121944,
          42.7376667
        ]
      },
      "properties": {
        "basin_directorate": "Дунавски район",
        "district": "София",
        "municipality": "Надежда",
        "settlement": "София",
        "deposit": "София - Надежда",
        "section": "",
        "facility": "Сондаж № 4ХГ",
        "facility_type": "неуточнено",
        "year": "",
        "depth_m": "",
        "temperature_c": "",
        "status": "",
        "registry_number": "РМН1 - 079002",
        "source_date": "01.11.2022",
        "source": "БДДР – официален регистър",
        "source_url": "https://www.bd-dunav.bg/uploads/content/files/registri/razreshitelni%20i%20reshenia/2022/10-2022/VS_MV_BDDR_01112022.xlsx",
        "coordinate_accuracy": "A – официални географски координати",
        "mapped_status": "картографирано",
        "display_category": "Минерален сондаж",
        "temperature_class": "Без температура"
      }
    },
    {
      "type": "Feature",
      "geometry": {
        "type": "Point",
        "coordinates": [
          23.3084722,
          42.7286111
        ]
      },
      "properties": {
        "basin_directorate": "Дунавски район",
        "district": "София",
        "municipality": "Надежда",
        "settlement": "София",
        "deposit": "София - Надежда",
        "section": "",
        "facility": "Сондаж № 6ХГ",
        "facility_type": "водовземно",
        "year": "",
        "depth_m": "640.0",
        "temperature_c": "",
        "status": "",
        "registry_number": "РМН1 - 079003",
        "source_date": "01.11.2022",
        "source": "БДДР – официален регистър",
        "source_url": "https://www.bd-dunav.bg/uploads/content/files/registri/razreshitelni%20i%20reshenia/2022/10-2022/VS_MV_BDDR_01112022.xlsx",
        "coordinate_accuracy": "A – официални географски координати",
        "mapped_status": "картографирано",
        "display_category": "Минерален сондаж",
        "temperature_class": "Без температура"
      }
    },
    {
      "type": "Feature",
      "geometry": {
        "type": "Point",
        "coordinates": [
          23.3080556,
          42.7295556
        ]
      },
      "properties": {
        "basin_directorate": "Дунавски район",
        "district": "София",
        "municipality": "Надежда",
        "settlement": "София",
        "deposit": "София - Надежда",
        "section": "",
        "facility": "Сондаж № 7ХГ",
        "facility_type": "водовземно",
        "year": "",
        "depth_m": "670.0",
        "temperature_c": "",
        "status": "запълнен с отпадъци",
        "registry_number": "РМН1 - 079004",
        "source_date": "01.11.2022",
        "source": "БДДР – официален регистър",
        "source_url": "https://www.bd-dunav.bg/uploads/content/files/registri/razreshitelni%20i%20reshenia/2022/10-2022/VS_MV_BDDR_01112022.xlsx",
        "coordinate_accuracy": "A – официални географски координати",
        "mapped_status": "картографирано",
        "display_category": "Минерален сондаж",
        "temperature_class": "Без температура"
      }
    },
    {
      "type": "Feature",
      "geometry": {
        "type": "Point",
        "coordinates": [
          23.2697778,
          42.6781389
        ]
      },
      "properties": {
        "basin_directorate": "Дунавски район",
        "district": "София",
        "municipality": "Овча купел",
        "settlement": "София",
        "deposit": "София - Овча купел",
        "section": "",
        "facility": "Сондаж № 1ХГ",
        "facility_type": "водовземно",
        "year": "",
        "depth_m": "",
        "temperature_c": "",
        "status": "",
        "registry_number": "РМН1 - 080001",
        "source_date": "01.11.2022",
        "source": "БДДР – официален регистър",
        "source_url": "https://www.bd-dunav.bg/uploads/content/files/registri/razreshitelni%20i%20reshenia/2022/10-2022/VS_MV_BDDR_01112022.xlsx",
        "coordinate_accuracy": "A – официални географски координати",
        "mapped_status": "картографирано",
        "display_category": "Минерален сондаж",
        "temperature_class": "Без температура"
      }
    },
    {
      "type": "Feature",
      "geometry": {
        "type": "Point",
        "coordinates": [
          23.2699722,
          42.6827222
        ]
      },
      "properties": {
        "basin_directorate": "Дунавски район",
        "district": "София",
        "municipality": "Овча купел",
        "settlement": "София",
        "deposit": "София - Овча купел",
        "section": "",
        "facility": "Сондаж № 5ХГ",
        "facility_type": "водовземно",
        "year": "",
        "depth_m": "",
        "temperature_c": "",
        "status": "",
        "registry_number": "РМН1 - 080002",
        "source_date": "01.11.2022",
        "source": "БДДР – официален регистър",
        "source_url": "https://www.bd-dunav.bg/uploads/content/files/registri/razreshitelni%20i%20reshenia/2022/10-2022/VS_MV_BDDR_01112022.xlsx",
        "coordinate_accuracy": "A – официални географски координати",
        "mapped_status": "картографирано",
        "display_category": "Минерален сондаж",
        "temperature_class": "Без температура"
      }
    },
    {
      "type": "Feature",
      "geometry": {
        "type": "Point",
        "coordinates": [
          23.2678333,
          42.6776944
        ]
      },
      "properties": {
        "basin_directorate": "Дунавски район",
        "district": "София",
        "municipality": "Овча купел",
        "settlement": "София",
        "deposit": "София - Овча купел",
        "section": "",
        "facility": "Сондаж № 1 ВКП",
        "facility_type": "водовземно",
        "year": "",
        "depth_m": "",
        "temperature_c": "",
        "status": "",
        "registry_number": "РМН1 - 080003",
        "source_date": "01.11.2022",
        "source": "БДДР – официален регистър",
        "source_url": "https://www.bd-dunav.bg/uploads/content/files/registri/razreshitelni%20i%20reshenia/2022/10-2022/VS_MV_BDDR_01112022.xlsx",
        "coordinate_accuracy": "A – официални географски координати",
        "mapped_status": "картографирано",
        "display_category": "Минерален сондаж",
        "temperature_class": "Без температура"
      }
    },
    {
      "type": "Feature",
      "geometry": {
        "type": "Point",
        "coordinates": [
          23.2677778,
          42.6783056
        ]
      },
      "properties": {
        "basin_directorate": "Дунавски район",
        "district": "София",
        "municipality": "Овча купел",
        "settlement": "София",
        "deposit": "София - Овча купел",
        "section": "",
        "facility": "КИ",
        "facility_type": "неуточнено",
        "year": "",
        "depth_m": "",
        "temperature_c": "",
        "status": "",
        "registry_number": "РМН1 - 080004",
        "source_date": "01.11.2022",
        "source": "БДДР – официален регистър",
        "source_url": "https://www.bd-dunav.bg/uploads/content/files/registri/razreshitelni%20i%20reshenia/2022/10-2022/VS_MV_BDDR_01112022.xlsx",
        "coordinate_accuracy": "A – официални географски координати",
        "mapped_status": "картографирано",
        "display_category": "Друго минерално съоръжение",
        "temperature_class": "Без температура"
      }
    },
    {
      "type": "Feature",
      "geometry": {
        "type": "Point",
        "coordinates": [
          23.4033056,
          42.6021111
        ]
      },
      "properties": {
        "basin_directorate": "Дунавски район",
        "district": "София",
        "municipality": "Панчарево",
        "settlement": "Панчарево",
        "deposit": "София - Панчарево",
        "section": "",
        "facility": "КИ \"Тунела\"",
        "facility_type": "водовземно",
        "year": "",
        "depth_m": "",
        "temperature_c": "",
        "status": "",
        "registry_number": "РМН1 - 081001",
        "source_date": "01.11.2022",
        "source": "БДДР – официален регистър",
        "source_url": "https://www.bd-dunav.bg/uploads/content/files/registri/razreshitelni%20i%20reshenia/2022/10-2022/VS_MV_BDDR_01112022.xlsx",
        "coordinate_accuracy": "A – официални географски координати",
        "mapped_status": "картографирано",
        "display_category": "Минерален сондаж",
        "temperature_class": "Без температура"
      }
    },
    {
      "type": "Feature",
      "geometry": {
        "type": "Point",
        "coordinates": [
          23.4043056,
          42.6018333
        ]
      },
      "properties": {
        "basin_directorate": "Дунавски район",
        "district": "София",
        "municipality": "Панчарево",
        "settlement": "Панчарево",
        "deposit": "София - Панчарево",
        "section": "",
        "facility": "КИ \"Гъбата\"",
        "facility_type": "водовземно",
        "year": "",
        "depth_m": "",
        "temperature_c": "",
        "status": "",
        "registry_number": "РМН1 - 081002",
        "source_date": "01.11.2022",
        "source": "БДДР – официален регистър",
        "source_url": "https://www.bd-dunav.bg/uploads/content/files/registri/razreshitelni%20i%20reshenia/2022/10-2022/VS_MV_BDDR_01112022.xlsx",
        "coordinate_accuracy": "A – официални географски координати",
        "mapped_status": "картографирано",
        "display_category": "Минерален сондаж",
        "temperature_class": "Без температура"
      }
    },
    {
      "type": "Feature",
      "geometry": {
        "type": "Point",
        "coordinates": [
          23.3121111,
          42.7371111
        ]
      },
      "properties": {
        "basin_directorate": "Дунавски район",
        "district": "София",
        "municipality": "Свобода",
        "settlement": "София",
        "deposit": "София - Свобода",
        "section": "",
        "facility": "Сондаж № 4ХГ",
        "facility_type": "водовземно",
        "year": "",
        "depth_m": "",
        "temperature_c": "",
        "status": "",
        "registry_number": "РМН1 - 082001",
        "source_date": "01.11.2022",
        "source": "БДДР – официален регистър",
        "source_url": "https://www.bd-dunav.bg/uploads/content/files/registri/razreshitelni%20i%20reshenia/2022/10-2022/VS_MV_BDDR_01112022.xlsx",
        "coordinate_accuracy": "A – официални географски координати",
        "mapped_status": "картографирано",
        "display_category": "Минерален сондаж",
        "temperature_class": "Без температура"
      }
    },
    {
      "type": "Feature",
      "geometry": {
        "type": "Point",
        "coordinates": [
          23.3121944,
          42.7379444
        ]
      },
      "properties": {
        "basin_directorate": "Дунавски район",
        "district": "София",
        "municipality": "Свобода",
        "settlement": "София",
        "deposit": "София - Свобода",
        "section": "",
        "facility": "Сондаж № 5ХГ",
        "facility_type": "водовземно",
        "year": "",
        "depth_m": "",
        "temperature_c": "",
        "status": "",
        "registry_number": "РМН1 - 082002",
        "source_date": "01.11.2022",
        "source": "БДДР – официален регистър",
        "source_url": "https://www.bd-dunav.bg/uploads/content/files/registri/razreshitelni%20i%20reshenia/2022/10-2022/VS_MV_BDDR_01112022.xlsx",
        "coordinate_accuracy": "A – официални географски координати",
        "mapped_status": "картографирано",
        "display_category": "Минерален сондаж",
        "temperature_class": "Без температура"
      }
    },
    {
      "type": "Feature",
      "geometry": {
        "type": "Point",
        "coordinates": [
          23.3228556,
          42.6993167
        ]
      },
      "properties": {
        "basin_directorate": "Дунавски район",
        "district": "София",
        "municipality": "София",
        "settlement": "София",
        "deposit": "София - Център",
        "section": "",
        "facility": "КИ",
        "facility_type": "водовземно",
        "year": "",
        "depth_m": "",
        "temperature_c": "",
        "status": "",
        "registry_number": "РМН1 - 083001",
        "source_date": "01.11.2022",
        "source": "БДДР – официален регистър",
        "source_url": "https://www.bd-dunav.bg/uploads/content/files/registri/razreshitelni%20i%20reshenia/2022/10-2022/VS_MV_BDDR_01112022.xlsx",
        "coordinate_accuracy": "A – официални географски координати",
        "mapped_status": "картографирано",
        "display_category": "Минерален сондаж",
        "temperature_class": "Без температура"
      }
    },
    {
      "type": "Feature",
      "geometry": {
        "type": "Point",
        "coordinates": [
          23.3250389,
          42.6979833
        ]
      },
      "properties": {
        "basin_directorate": "Дунавски район",
        "district": "София",
        "municipality": "София",
        "settlement": "София",
        "deposit": "София - Център",
        "section": "",
        "facility": "Сондаж № 3ХГ",
        "facility_type": "мониторинг",
        "year": "",
        "depth_m": "490.7",
        "temperature_c": "",
        "status": "",
        "registry_number": "РМН1 - 083002",
        "source_date": "01.11.2022",
        "source": "БДДР – официален регистър",
        "source_url": "https://www.bd-dunav.bg/uploads/content/files/registri/razreshitelni%20i%20reshenia/2022/10-2022/VS_MV_BDDR_01112022.xlsx",
        "coordinate_accuracy": "A – официални географски координати",
        "mapped_status": "картографирано",
        "display_category": "Мониторингов сондаж",
        "temperature_class": "Без температура"
      }
    },
    {
      "type": "Feature",
      "geometry": {
        "type": "Point",
        "coordinates": [
          24.5500611,
          42.8265167
        ]
      },
      "properties": {
        "basin_directorate": "Дунавски район",
        "district": "Ловеч",
        "municipality": "Троян",
        "settlement": "Чифлик",
        "deposit": "Чифлик",
        "section": "",
        "facility": "Сондаж № Р 1-хг",
        "facility_type": "водовземно",
        "year": "1973",
        "depth_m": "1572.0",
        "temperature_c": "",
        "status": "",
        "registry_number": "РМН1 - 095001",
        "source_date": "01.11.2022",
        "source": "БДДР – официален регистър",
        "source_url": "https://www.bd-dunav.bg/uploads/content/files/registri/razreshitelni%20i%20reshenia/2022/10-2022/VS_MV_BDDR_01112022.xlsx",
        "coordinate_accuracy": "A – официални географски координати",
        "mapped_status": "картографирано",
        "display_category": "Минерален сондаж",
        "temperature_class": "Без температура"
      }
    },
    {
      "type": "Feature",
      "geometry": {
        "type": "Point",
        "coordinates": [
          24.5500611,
          42.8265167
        ]
      },
      "properties": {
        "basin_directorate": "Дунавски район",
        "district": "Ловеч",
        "municipality": "Троян",
        "settlement": "Чифлик",
        "deposit": "Чифлик",
        "section": "",
        "facility": "Сондаж № Р 1-хг",
        "facility_type": "водовземно",
        "year": "1973",
        "depth_m": "1572.0",
        "temperature_c": "",
        "status": "",
        "registry_number": "РМН1 - 095002",
        "source_date": "01.11.2022",
        "source": "БДДР – официален регистър",
        "source_url": "https://www.bd-dunav.bg/uploads/content/files/registri/razreshitelni%20i%20reshenia/2022/10-2022/VS_MV_BDDR_01112022.xlsx",
        "coordinate_accuracy": "A – официални географски координати",
        "mapped_status": "картографирано",
        "display_category": "Минерален сондаж",
        "temperature_class": "Без температура"
      }
    },
    {
      "type": "Feature",
      "geometry": {
        "type": "Point",
        "coordinates": [
          24.5500611,
          42.8265167
        ]
      },
      "properties": {
        "basin_directorate": "Дунавски район",
        "district": "Ловеч",
        "municipality": "Троян",
        "settlement": "Чифлик",
        "deposit": "Чифлик",
        "section": "",
        "facility": "Сондаж № Р 1-хг",
        "facility_type": "водовземно",
        "year": "1973",
        "depth_m": "1572.0",
        "temperature_c": "",
        "status": "",
        "registry_number": "РМН1 - 095003",
        "source_date": "01.11.2022",
        "source": "БДДР – официален регистър",
        "source_url": "https://www.bd-dunav.bg/uploads/content/files/registri/razreshitelni%20i%20reshenia/2022/10-2022/VS_MV_BDDR_01112022.xlsx",
        "coordinate_accuracy": "A – официални географски координати",
        "mapped_status": "картографирано",
        "display_category": "Минерален сондаж",
        "temperature_class": "Без температура"
      }
    },
    {
      "type": "Feature",
      "geometry": {
        "type": "Point",
        "coordinates": [
          24.5500611,
          42.8265167
        ]
      },
      "properties": {
        "basin_directorate": "Дунавски район",
        "district": "Ловеч",
        "municipality": "Троян",
        "settlement": "Чифлик",
        "deposit": "Чифлик",
        "section": "",
        "facility": "Сондаж № Р 1-хг",
        "facility_type": "водовземно",
        "year": "1973",
        "depth_m": "1572.0",
        "temperature_c": "",
        "status": "",
        "registry_number": "РМН1 - 095004",
        "source_date": "01.11.2022",
        "source": "БДДР – официален регистър",
        "source_url": "https://www.bd-dunav.bg/uploads/content/files/registri/razreshitelni%20i%20reshenia/2022/10-2022/VS_MV_BDDR_01112022.xlsx",
        "coordinate_accuracy": "A – официални географски координати",
        "mapped_status": "картографирано",
        "display_category": "Минерален сондаж",
        "temperature_class": "Без температура"
      }
    },
    {
      "type": "Feature",
      "geometry": {
        "type": "Point",
        "coordinates": [
          24.5380278,
          42.8790833
        ]
      },
      "properties": {
        "basin_directorate": "Дунавски район",
        "district": "Ловеч",
        "municipality": "Троян",
        "settlement": "Шипково",
        "deposit": "Шипково",
        "section": "",
        "facility": "Сондаж № Л - 1",
        "facility_type": "водовземно",
        "year": "1973",
        "depth_m": "612.0",
        "temperature_c": "",
        "status": "",
        "registry_number": "РМН1 - 097001",
        "source_date": "01.11.2022",
        "source": "БДДР – официален регистър",
        "source_url": "https://www.bd-dunav.bg/uploads/content/files/registri/razreshitelni%20i%20reshenia/2022/10-2022/VS_MV_BDDR_01112022.xlsx",
        "coordinate_accuracy": "A – официални географски координати",
        "mapped_status": "картографирано",
        "display_category": "Минерален сондаж",
        "temperature_class": "Без температура"
      }
    },
    {
      "type": "Feature",
      "geometry": {
        "type": "Point",
        "coordinates": [
          24.5380278,
          42.8790833
        ]
      },
      "properties": {
        "basin_directorate": "Дунавски район",
        "district": "Ловеч",
        "municipality": "Троян",
        "settlement": "Шипково",
        "deposit": "Шипково",
        "section": "",
        "facility": "Сондаж № Л - 2",
        "facility_type": "мониторинг",
        "year": "1974",
        "depth_m": "433.0",
        "temperature_c": "",
        "status": "",
        "registry_number": "РМН1 - 097002",
        "source_date": "01.11.2022",
        "source": "БДДР – официален регистър",
        "source_url": "https://www.bd-dunav.bg/uploads/content/files/registri/razreshitelni%20i%20reshenia/2022/10-2022/VS_MV_BDDR_01112022.xlsx",
        "coordinate_accuracy": "A – официални географски координати",
        "mapped_status": "картографирано",
        "display_category": "Мониторингов сондаж",
        "temperature_class": "Без температура"
      }
    },
    {
      "type": "Feature",
      "geometry": {
        "type": "Point",
        "coordinates": [
          24.5354167,
          42.8791111
        ]
      },
      "properties": {
        "basin_directorate": "Дунавски район",
        "district": "Ловеч",
        "municipality": "Троян",
        "settlement": "Шипково",
        "deposit": "Шипково",
        "section": "",
        "facility": "Сондаж № Л - 28",
        "facility_type": "проучвателен",
        "year": "1982",
        "depth_m": "230.0",
        "temperature_c": "",
        "status": "",
        "registry_number": "РМН1 - 097003",
        "source_date": "01.11.2022",
        "source": "БДДР – официален регистър",
        "source_url": "https://www.bd-dunav.bg/uploads/content/files/registri/razreshitelni%20i%20reshenia/2022/10-2022/VS_MV_BDDR_01112022.xlsx",
        "coordinate_accuracy": "A – официални географски координати",
        "mapped_status": "картографирано",
        "display_category": "Минерален сондаж",
        "temperature_class": "Без температура"
      }
    },
    {
      "type": "Feature",
      "geometry": {
        "type": "Point",
        "coordinates": [
          24.5494444,
          42.8775
        ]
      },
      "properties": {
        "basin_directorate": "Дунавски район",
        "district": "Ловеч",
        "municipality": "Троян",
        "settlement": "Шипково",
        "deposit": "Шипково",
        "section": "",
        "facility": "Сондаж № Л - 36",
        "facility_type": "водовземно",
        "year": "1983",
        "depth_m": "1031.0",
        "temperature_c": "",
        "status": "",
        "registry_number": "РМН1 - 097004",
        "source_date": "01.11.2022",
        "source": "БДДР – официален регистър",
        "source_url": "https://www.bd-dunav.bg/uploads/content/files/registri/razreshitelni%20i%20reshenia/2022/10-2022/VS_MV_BDDR_01112022.xlsx",
        "coordinate_accuracy": "A – официални географски координати",
        "mapped_status": "картографирано",
        "display_category": "Минерален сондаж",
        "temperature_class": "Без температура"
      }
    },
    {
      "type": "Feature",
      "geometry": {
        "type": "Point",
        "coordinates": [
          24.5354167,
          42.8791111
        ]
      },
      "properties": {
        "basin_directorate": "Дунавски район",
        "district": "Ловеч",
        "municipality": "Троян",
        "settlement": "Шипково",
        "deposit": "Шипково",
        "section": "",
        "facility": "Сондаж № Л - 37",
        "facility_type": "водовземно",
        "year": "1984",
        "depth_m": "1572.0",
        "temperature_c": "",
        "status": "",
        "registry_number": "РМН1 - 097005",
        "source_date": "01.11.2022",
        "source": "БДДР – официален регистър",
        "source_url": "https://www.bd-dunav.bg/uploads/content/files/registri/razreshitelni%20i%20reshenia/2022/10-2022/VS_MV_BDDR_01112022.xlsx",
        "coordinate_accuracy": "A – официални географски координати",
        "mapped_status": "картографирано",
        "display_category": "Минерален сондаж",
        "temperature_class": "Без температура"
      }
    },
    {
      "type": "Feature",
      "geometry": {
        "type": "Point",
        "coordinates": [
          24.5354167,
          42.8791111
        ]
      },
      "properties": {
        "basin_directorate": "Дунавски район",
        "district": "Ловеч",
        "municipality": "Троян",
        "settlement": "Шипково",
        "deposit": "Шипково",
        "section": "",
        "facility": "Сондаж № Л - 37",
        "facility_type": "водовземно",
        "year": "1984",
        "depth_m": "1572.0",
        "temperature_c": "",
        "status": "",
        "registry_number": "РМН1 - 097005",
        "source_date": "01.11.2022",
        "source": "БДДР – официален регистър",
        "source_url": "https://www.bd-dunav.bg/uploads/content/files/registri/razreshitelni%20i%20reshenia/2022/10-2022/VS_MV_BDDR_01112022.xlsx",
        "coordinate_accuracy": "A – официални географски координати",
        "mapped_status": "картографирано",
        "display_category": "Минерален сондаж",
        "temperature_class": "Без температура"
      }
    },
    {
      "type": "Feature",
      "geometry": {
        "type": "Point",
        "coordinates": [
          24.5354167,
          42.8791111
        ]
      },
      "properties": {
        "basin_directorate": "Дунавски район",
        "district": "Ловеч",
        "municipality": "Троян",
        "settlement": "Шипково",
        "deposit": "Шипково",
        "section": "",
        "facility": "Сондаж № Л - 37",
        "facility_type": "водовземно",
        "year": "1984",
        "depth_m": "1572.0",
        "temperature_c": "",
        "status": "",
        "registry_number": "РМН1 - 097005",
        "source_date": "01.11.2022",
        "source": "БДДР – официален регистър",
        "source_url": "https://www.bd-dunav.bg/uploads/content/files/registri/razreshitelni%20i%20reshenia/2022/10-2022/VS_MV_BDDR_01112022.xlsx",
        "coordinate_accuracy": "A – официални географски координати",
        "mapped_status": "картографирано",
        "display_category": "Минерален сондаж",
        "temperature_class": "Без температура"
      }
    },
    {
      "type": "Feature",
      "geometry": {
        "type": "Point",
        "coordinates": [
          24.5354167,
          42.8791111
        ]
      },
      "properties": {
        "basin_directorate": "Дунавски район",
        "district": "Ловеч",
        "municipality": "Троян",
        "settlement": "Шипково",
        "deposit": "Шипково",
        "section": "",
        "facility": "Сондаж № Л - 37",
        "facility_type": "водовземно",
        "year": "1984",
        "depth_m": "1572.0",
        "temperature_c": "",
        "status": "",
        "registry_number": "РМН1 - 097005",
        "source_date": "01.11.2022",
        "source": "БДДР – официален регистър",
        "source_url": "https://www.bd-dunav.bg/uploads/content/files/registri/razreshitelni%20i%20reshenia/2022/10-2022/VS_MV_BDDR_01112022.xlsx",
        "coordinate_accuracy": "A – официални географски координати",
        "mapped_status": "картографирано",
        "display_category": "Минерален сондаж",
        "temperature_class": "Без температура"
      }
    },
    {
      "type": "Feature",
      "geometry": {
        "type": "Point",
        "coordinates": [
          24.5357778,
          42.8799167
        ]
      },
      "properties": {
        "basin_directorate": "Дунавски район",
        "district": "Ловеч",
        "municipality": "Троян",
        "settlement": "Шипково",
        "deposit": "Шипково",
        "section": "",
        "facility": "Сондаж № ВКП 1",
        "facility_type": "наблюдателен",
        "year": "",
        "depth_m": "216.0",
        "temperature_c": "",
        "status": "",
        "registry_number": "РМН1 - 097006",
        "source_date": "01.11.2022",
        "source": "БДДР – официален регистър",
        "source_url": "https://www.bd-dunav.bg/uploads/content/files/registri/razreshitelni%20i%20reshenia/2022/10-2022/VS_MV_BDDR_01112022.xlsx",
        "coordinate_accuracy": "A – официални географски координати",
        "mapped_status": "картографирано",
        "display_category": "Мониторингов сондаж",
        "temperature_class": "Без температура"
      }
    },
    {
      "type": "Feature",
      "geometry": {
        "type": "Point",
        "coordinates": [
          24.535,
          42.8801111
        ]
      },
      "properties": {
        "basin_directorate": "Дунавски район",
        "district": "Ловеч",
        "municipality": "Троян",
        "settlement": "Шипково",
        "deposit": "Шипково",
        "section": "",
        "facility": "КИ Шипково",
        "facility_type": "водовземно",
        "year": "",
        "depth_m": "",
        "temperature_c": "",
        "status": "",
        "registry_number": "РМН1 - 097007",
        "source_date": "01.11.2022",
        "source": "БДДР – официален регистър",
        "source_url": "https://www.bd-dunav.bg/uploads/content/files/registri/razreshitelni%20i%20reshenia/2022/10-2022/VS_MV_BDDR_01112022.xlsx",
        "coordinate_accuracy": "A – официални географски координати",
        "mapped_status": "картографирано",
        "display_category": "Минерален сондаж",
        "temperature_class": "Без температура"
      }
    },
    {
      "type": "Feature",
      "geometry": {
        "type": "Point",
        "coordinates": [
          23.29075,
          42.8270833
        ]
      },
      "properties": {
        "basin_directorate": "Дунавски район",
        "district": "София",
        "municipality": "Нови Искър",
        "settlement": "Доброславци",
        "deposit": "Софийска котловина",
        "section": "София -МВ в триаски скали",
        "facility": "Сондаж № 2ХГ",
        "facility_type": "неуточнено",
        "year": "1974",
        "depth_m": "569.1",
        "temperature_c": "",
        "status": "",
        "registry_number": "РМН1 - 102001",
        "source_date": "01.11.2022",
        "source": "БДДР – официален регистър",
        "source_url": "https://www.bd-dunav.bg/uploads/content/files/registri/razreshitelni%20i%20reshenia/2022/10-2022/VS_MV_BDDR_01112022.xlsx",
        "coordinate_accuracy": "A – официални географски координати",
        "mapped_status": "картографирано",
        "display_category": "Минерален сондаж",
        "temperature_class": "Без температура"
      }
    },
    {
      "type": "Feature",
      "geometry": {
        "type": "Point",
        "coordinates": [
          23.2855568,
          42.8230126
        ]
      },
      "properties": {
        "basin_directorate": "Дунавски район",
        "district": "София",
        "municipality": "Нови Искър",
        "settlement": "Доброславци",
        "deposit": "Софийска котловина",
        "section": "София -МВ в триаски скали",
        "facility": "Сондаж № 4ХГ",
        "facility_type": "водовземно",
        "year": "1987",
        "depth_m": "491.9",
        "temperature_c": "",
        "status": "",
        "registry_number": "РМН1 - 102003",
        "source_date": "01.11.2022",
        "source": "БДДР – официален регистър",
        "source_url": "https://www.bd-dunav.bg/uploads/content/files/registri/razreshitelni%20i%20reshenia/2022/10-2022/VS_MV_BDDR_01112022.xlsx",
        "coordinate_accuracy": "A – официални географски координати",
        "mapped_status": "картографирано",
        "display_category": "Минерален сондаж",
        "temperature_class": "Без температура"
      }
    },
    {
      "type": "Feature",
      "geometry": {
        "type": "Point",
        "coordinates": [
          23.282627,
          42.8238519
        ]
      },
      "properties": {
        "basin_directorate": "Дунавски район",
        "district": "София",
        "municipality": "Нови Искър",
        "settlement": "Доброславци",
        "deposit": "Софийска котловина",
        "section": "София -МВ в триаски скали",
        "facility": "Сондаж № 603",
        "facility_type": "неуточнено",
        "year": "1986",
        "depth_m": "461.6",
        "temperature_c": "",
        "status": "",
        "registry_number": "РМН1 - 102004",
        "source_date": "01.11.2022",
        "source": "БДДР – официален регистър",
        "source_url": "https://www.bd-dunav.bg/uploads/content/files/registri/razreshitelni%20i%20reshenia/2022/10-2022/VS_MV_BDDR_01112022.xlsx",
        "coordinate_accuracy": "A – официални географски координати",
        "mapped_status": "картографирано",
        "display_category": "Минерален сондаж",
        "temperature_class": "Без температура"
      }
    },
    {
      "type": "Feature",
      "geometry": {
        "type": "Point",
        "coordinates": [
          23.3162667,
          42.7757063
        ]
      },
      "properties": {
        "basin_directorate": "Дунавски район",
        "district": "София",
        "municipality": "Нови Искър",
        "settlement": "Требич",
        "deposit": "Софийска котловина",
        "section": "София -МВ в триаски скали",
        "facility": "Сондаж № 1ХГ",
        "facility_type": "наблюдателен",
        "year": "1985",
        "depth_m": "654.2",
        "temperature_c": "",
        "status": "",
        "registry_number": "РМН1 - 102005",
        "source_date": "01.11.2022",
        "source": "БДДР – официален регистър",
        "source_url": "https://www.bd-dunav.bg/uploads/content/files/registri/razreshitelni%20i%20reshenia/2022/10-2022/VS_MV_BDDR_01112022.xlsx",
        "coordinate_accuracy": "A – официални географски координати",
        "mapped_status": "картографирано",
        "display_category": "Мониторингов сондаж",
        "temperature_class": "Без температура"
      }
    },
    {
      "type": "Feature",
      "geometry": {
        "type": "Point",
        "coordinates": [
          23.3165153,
          42.7750989
        ]
      },
      "properties": {
        "basin_directorate": "Дунавски район",
        "district": "София",
        "municipality": "Нови Искър",
        "settlement": "Требич",
        "deposit": "Софийска котловина",
        "section": "София -МВ в триаски скали",
        "facility": "Сондаж № 512хг",
        "facility_type": "водовземно",
        "year": "1988",
        "depth_m": "800.8",
        "temperature_c": "",
        "status": "",
        "registry_number": "РМН1 - 102006",
        "source_date": "01.11.2022",
        "source": "БДДР – официален регистър",
        "source_url": "https://www.bd-dunav.bg/uploads/content/files/registri/razreshitelni%20i%20reshenia/2022/10-2022/VS_MV_BDDR_01112022.xlsx",
        "coordinate_accuracy": "A – официални географски координати",
        "mapped_status": "картографирано",
        "display_category": "Минерален сондаж",
        "temperature_class": "Без температура"
      }
    },
    {
      "type": "Feature",
      "geometry": {
        "type": "Point",
        "coordinates": [
          23.3284823,
          42.7431405
        ]
      },
      "properties": {
        "basin_directorate": "Дунавски район",
        "district": "София",
        "municipality": "Илиенци",
        "settlement": "Илиянци",
        "deposit": "Софийска котловина",
        "section": "",
        "facility": "Сондаж № 2ХГ",
        "facility_type": "водовземно",
        "year": "1965",
        "depth_m": "898.7",
        "temperature_c": "",
        "status": "",
        "registry_number": "РМН1 - 102007",
        "source_date": "01.11.2022",
        "source": "БДДР – официален регистър",
        "source_url": "https://www.bd-dunav.bg/uploads/content/files/registri/razreshitelni%20i%20reshenia/2022/10-2022/VS_MV_BDDR_01112022.xlsx",
        "coordinate_accuracy": "A – официални географски координати",
        "mapped_status": "картографирано",
        "display_category": "Минерален сондаж",
        "temperature_class": "Без температура"
      }
    },
    {
      "type": "Feature",
      "geometry": {
        "type": "Point",
        "coordinates": [
          23.3271,
          42.7434833
        ]
      },
      "properties": {
        "basin_directorate": "Дунавски район",
        "district": "София",
        "municipality": "Илиенци",
        "settlement": "Илиянци",
        "deposit": "Софийска котловина",
        "section": "",
        "facility": "Сондаж № 3ХГ",
        "facility_type": "неуточнено",
        "year": "1984",
        "depth_m": "1125.7",
        "temperature_c": "",
        "status": "",
        "registry_number": "РМН1 - 102008",
        "source_date": "01.11.2022",
        "source": "БДДР – официален регистър",
        "source_url": "https://www.bd-dunav.bg/uploads/content/files/registri/razreshitelni%20i%20reshenia/2022/10-2022/VS_MV_BDDR_01112022.xlsx",
        "coordinate_accuracy": "A – официални географски координати",
        "mapped_status": "картографирано",
        "display_category": "Минерален сондаж",
        "temperature_class": "Без температура"
      }
    },
    {
      "type": "Feature",
      "geometry": {
        "type": "Point",
        "coordinates": [
          23.2063028,
          42.824075
        ]
      },
      "properties": {
        "basin_directorate": "Дунавски район",
        "district": "София",
        "municipality": "Костинброд",
        "settlement": "Костинброд",
        "deposit": "Софийска котловина",
        "section": "Костинброд - МВ в юрски  скали",
        "facility": "Сондаж № ТК-1",
        "facility_type": "неуточнено",
        "year": "1978",
        "depth_m": "127.0",
        "temperature_c": "",
        "status": "",
        "registry_number": "РМН1 - 102009",
        "source_date": "01.11.2022",
        "source": "БДДР – официален регистър",
        "source_url": "https://www.bd-dunav.bg/uploads/content/files/registri/razreshitelni%20i%20reshenia/2022/10-2022/VS_MV_BDDR_01112022.xlsx",
        "coordinate_accuracy": "A – официални географски координати",
        "mapped_status": "картографирано",
        "display_category": "Минерален сондаж",
        "temperature_class": "Без температура"
      }
    },
    {
      "type": "Feature",
      "geometry": {
        "type": "Point",
        "coordinates": [
          23.2044167,
          42.8247111
        ]
      },
      "properties": {
        "basin_directorate": "Дунавски район",
        "district": "София",
        "municipality": "Костинброд",
        "settlement": "Костинброд",
        "deposit": "Софийска котловина",
        "section": "Костинброд - МВ в юрски  скали",
        "facility": "Сондаж № ТК-2",
        "facility_type": "неуточнено",
        "year": "1978",
        "depth_m": "207.0",
        "temperature_c": "",
        "status": "",
        "registry_number": "РМН1 - 102010",
        "source_date": "01.11.2022",
        "source": "БДДР – официален регистър",
        "source_url": "https://www.bd-dunav.bg/uploads/content/files/registri/razreshitelni%20i%20reshenia/2022/10-2022/VS_MV_BDDR_01112022.xlsx",
        "coordinate_accuracy": "A – официални географски координати",
        "mapped_status": "картографирано",
        "display_category": "Минерален сондаж",
        "temperature_class": "Без температура"
      }
    },
    {
      "type": "Feature",
      "geometry": {
        "type": "Point",
        "coordinates": [
          23.2066383,
          42.8304806
        ]
      },
      "properties": {
        "basin_directorate": "Дунавски район",
        "district": "София",
        "municipality": "Костинброд",
        "settlement": "Костинброд",
        "deposit": "Софийска котловина",
        "section": "Костинброд - МВ в юрски  скали",
        "facility": "Сондаж № 738 Костинброд, Шияковци",
        "facility_type": "водовземно",
        "year": "1990",
        "depth_m": "200.0",
        "temperature_c": "",
        "status": "",
        "registry_number": "РМН1 - 102011",
        "source_date": "01.11.2022",
        "source": "БДДР – официален регистър",
        "source_url": "https://www.bd-dunav.bg/uploads/content/files/registri/razreshitelni%20i%20reshenia/2022/10-2022/VS_MV_BDDR_01112022.xlsx",
        "coordinate_accuracy": "A – официални географски координати",
        "mapped_status": "картографирано",
        "display_category": "Минерален сондаж",
        "temperature_class": "Без температура"
      }
    },
    {
      "type": "Feature",
      "geometry": {
        "type": "Point",
        "coordinates": [
          23.2041167,
          42.8306889
        ]
      },
      "properties": {
        "basin_directorate": "Дунавски район",
        "district": "София",
        "municipality": "Костинброд",
        "settlement": "Костинброд",
        "deposit": "Софийска котловина",
        "section": "Костинброд - МВ в юрски  скали",
        "facility": "Сондаж № ТК 2 - ПС Шияковци",
        "facility_type": "наблюдателен",
        "year": "1990",
        "depth_m": "200.0",
        "temperature_c": "",
        "status": "",
        "registry_number": "РМН1 - 102012",
        "source_date": "01.11.2022",
        "source": "БДДР – официален регистър",
        "source_url": "https://www.bd-dunav.bg/uploads/content/files/registri/razreshitelni%20i%20reshenia/2022/10-2022/VS_MV_BDDR_01112022.xlsx",
        "coordinate_accuracy": "A – официални географски координати",
        "mapped_status": "картографирано",
        "display_category": "Мониторингов сондаж",
        "temperature_class": "Без температура"
      }
    },
    {
      "type": "Feature",
      "geometry": {
        "type": "Point",
        "coordinates": [
          23.1818056,
          42.8397778
        ]
      },
      "properties": {
        "basin_directorate": "Дунавски район",
        "district": "София",
        "municipality": "Костинброд",
        "settlement": "Маслово",
        "deposit": "Софийска котловина",
        "section": "Костинброд - МВ в юрски  скали",
        "facility": "Сондаж № ТК - ПС Маслово",
        "facility_type": "неуточнено",
        "year": "1970",
        "depth_m": "134.0",
        "temperature_c": "",
        "status": "",
        "registry_number": "РМН1 - 102013",
        "source_date": "01.11.2022",
        "source": "БДДР – официален регистър",
        "source_url": "https://www.bd-dunav.bg/uploads/content/files/registri/razreshitelni%20i%20reshenia/2022/10-2022/VS_MV_BDDR_01112022.xlsx",
        "coordinate_accuracy": "A – официални географски координати",
        "mapped_status": "картографирано",
        "display_category": "Минерален сондаж",
        "temperature_class": "Без температура"
      }
    },
    {
      "type": "Feature",
      "geometry": {
        "type": "Point",
        "coordinates": [
          23.1565,
          42.847
        ]
      },
      "properties": {
        "basin_directorate": "Дунавски район",
        "district": "София",
        "municipality": "Костинброд",
        "settlement": "Петърч",
        "deposit": "Софийска котловина",
        "section": "Костинброд - МВ в юрски  скали",
        "facility": "Сондаж № ТК 1 - ПС Хаджия",
        "facility_type": "неуточнено",
        "year": "1992",
        "depth_m": "123.6",
        "temperature_c": "",
        "status": "",
        "registry_number": "РМН1 - 102014",
        "source_date": "01.11.2022",
        "source": "БДДР – официален регистър",
        "source_url": "https://www.bd-dunav.bg/uploads/content/files/registri/razreshitelni%20i%20reshenia/2022/10-2022/VS_MV_BDDR_01112022.xlsx",
        "coordinate_accuracy": "A – официални географски координати",
        "mapped_status": "картографирано",
        "display_category": "Минерален сондаж",
        "temperature_class": "Без температура"
      }
    },
    {
      "type": "Feature",
      "geometry": {
        "type": "Point",
        "coordinates": [
          23.1719333,
          42.79775
        ]
      },
      "properties": {
        "basin_directorate": "Дунавски район",
        "district": "София",
        "municipality": "Костинброд",
        "settlement": "Костинброд",
        "deposit": "Софийска котловина",
        "section": "Костинброд - МВ в кредни скали",
        "facility": "Сондаж № ТК 3",
        "facility_type": "водовземно",
        "year": "2000",
        "depth_m": "200.0",
        "temperature_c": "",
        "status": "",
        "registry_number": "РМН1 - 102015",
        "source_date": "01.11.2022",
        "source": "БДДР – официален регистър",
        "source_url": "https://www.bd-dunav.bg/uploads/content/files/registri/razreshitelni%20i%20reshenia/2022/10-2022/VS_MV_BDDR_01112022.xlsx",
        "coordinate_accuracy": "A – официални географски координати",
        "mapped_status": "картографирано",
        "display_category": "Минерален сондаж",
        "temperature_class": "Без температура"
      }
    },
    {
      "type": "Feature",
      "geometry": {
        "type": "Point",
        "coordinates": [
          23.2787333,
          42.7823556
        ]
      },
      "properties": {
        "basin_directorate": "Дунавски район",
        "district": "София",
        "municipality": "Нови Искър",
        "settlement": "Мрамор",
        "deposit": "Софийска котловина",
        "section": "",
        "facility": "Сондаж",
        "facility_type": "неуточнено",
        "year": "",
        "depth_m": "",
        "temperature_c": "",
        "status": "",
        "registry_number": "РМН1 - 102018",
        "source_date": "01.11.2022",
        "source": "БДДР – официален регистър",
        "source_url": "https://www.bd-dunav.bg/uploads/content/files/registri/razreshitelni%20i%20reshenia/2022/10-2022/VS_MV_BDDR_01112022.xlsx",
        "coordinate_accuracy": "A – официални географски координати",
        "mapped_status": "картографирано",
        "display_category": "Минерален сондаж",
        "temperature_class": "Без температура"
      }
    },
    {
      "type": "Feature",
      "geometry": {
        "type": "Point",
        "coordinates": [
          23.3412302,
          42.8037508
        ]
      },
      "properties": {
        "basin_directorate": "Дунавски район",
        "district": "София",
        "municipality": "Нови Искър",
        "settlement": "Кумарица",
        "deposit": "Софийска котловина",
        "section": "София-запад-МВ в неогенския седиментен комплекс",
        "facility": "Сондаж № С-451  (3хг)",
        "facility_type": "водовземно",
        "year": "1969",
        "depth_m": "590.9",
        "temperature_c": "",
        "status": "",
        "registry_number": "РМН1 - 102019",
        "source_date": "01.11.2022",
        "source": "БДДР – официален регистър",
        "source_url": "https://www.bd-dunav.bg/uploads/content/files/registri/razreshitelni%20i%20reshenia/2022/10-2022/VS_MV_BDDR_01112022.xlsx",
        "coordinate_accuracy": "A – официални географски координати",
        "mapped_status": "картографирано",
        "display_category": "Минерален сондаж",
        "temperature_class": "Без температура"
      }
    },
    {
      "type": "Feature",
      "geometry": {
        "type": "Point",
        "coordinates": [
          23.3421111,
          42.8016667
        ]
      },
      "properties": {
        "basin_directorate": "Дунавски район",
        "district": "София",
        "municipality": "Нови Искър",
        "settlement": "Кумарица",
        "deposit": "Софийска котловина",
        "section": "София-запад-МВ в неогенския седиментен комплекс",
        "facility": "Сондаж № 2хг",
        "facility_type": "неуточнено",
        "year": "",
        "depth_m": "",
        "temperature_c": "",
        "status": "",
        "registry_number": "РМН1 - 102020",
        "source_date": "01.11.2022",
        "source": "БДДР – официален регистър",
        "source_url": "https://www.bd-dunav.bg/uploads/content/files/registri/razreshitelni%20i%20reshenia/2022/10-2022/VS_MV_BDDR_01112022.xlsx",
        "coordinate_accuracy": "A – официални географски координати",
        "mapped_status": "картографирано",
        "display_category": "Минерален сондаж",
        "temperature_class": "Без температура"
      }
    },
    {
      "type": "Feature",
      "geometry": {
        "type": "Point",
        "coordinates": [
          23.3518889,
          42.8356944
        ]
      },
      "properties": {
        "basin_directorate": "Дунавски район",
        "district": "София",
        "municipality": "Нови Искър",
        "settlement": "Курило",
        "deposit": "Софийска котловина",
        "section": "София-запад-МВ в неогенския седиментен комплекс",
        "facility": "Сондаж № 20",
        "facility_type": "неуточнено",
        "year": "",
        "depth_m": "",
        "temperature_c": "",
        "status": "",
        "registry_number": "РМН1 - 102021",
        "source_date": "01.11.2022",
        "source": "БДДР – официален регистър",
        "source_url": "https://www.bd-dunav.bg/uploads/content/files/registri/razreshitelni%20i%20reshenia/2022/10-2022/VS_MV_BDDR_01112022.xlsx",
        "coordinate_accuracy": "A – официални географски координати",
        "mapped_status": "картографирано",
        "display_category": "Минерален сондаж",
        "temperature_class": "Без температура"
      }
    },
    {
      "type": "Feature",
      "geometry": {
        "type": "Point",
        "coordinates": [
          23.3822175,
          42.7998278
        ]
      },
      "properties": {
        "basin_directorate": "Дунавски район",
        "district": "София",
        "municipality": "Нови Искър",
        "settlement": "Гниляне",
        "deposit": "Софийска котловина",
        "section": "София-запад-МВ в неогенския седиментен комплекс",
        "facility": "Сондаж № 588хг",
        "facility_type": "водовземно",
        "year": "1964",
        "depth_m": "614.6",
        "temperature_c": "",
        "status": "",
        "registry_number": "РМН1 - 102022",
        "source_date": "01.11.2022",
        "source": "БДДР – официален регистър",
        "source_url": "https://www.bd-dunav.bg/uploads/content/files/registri/razreshitelni%20i%20reshenia/2022/10-2022/VS_MV_BDDR_01112022.xlsx",
        "coordinate_accuracy": "A – официални географски координати",
        "mapped_status": "картографирано",
        "display_category": "Минерален сондаж",
        "temperature_class": "Без температура"
      }
    },
    {
      "type": "Feature",
      "geometry": {
        "type": "Point",
        "coordinates": [
          23.3753042,
          42.7933613
        ]
      },
      "properties": {
        "basin_directorate": "Дунавски район",
        "district": "София",
        "municipality": "Нови Искър",
        "settlement": "Световрачане",
        "deposit": "Софийска котловина",
        "section": "София-запад-МВ в неогенския седиментен комплекс",
        "facility": "Сондаж № 320хг",
        "facility_type": "водовземно",
        "year": "1966",
        "depth_m": "760.3",
        "temperature_c": "",
        "status": "",
        "registry_number": "РМН1 - 102023",
        "source_date": "01.11.2022",
        "source": "БДДР – официален регистър",
        "source_url": "https://www.bd-dunav.bg/uploads/content/files/registri/razreshitelni%20i%20reshenia/2022/10-2022/VS_MV_BDDR_01112022.xlsx",
        "coordinate_accuracy": "A – официални географски координати",
        "mapped_status": "картографирано",
        "display_category": "Минерален сондаж",
        "temperature_class": "Без температура"
      }
    },
    {
      "type": "Feature",
      "geometry": {
        "type": "Point",
        "coordinates": [
          23.4233889,
          42.7558833
        ]
      },
      "properties": {
        "basin_directorate": "Дунавски район",
        "district": "София",
        "municipality": "Нови Искър",
        "settlement": "Чепинци",
        "deposit": "Софийска котловина",
        "section": "София-запад-МВ в неогенския седиментен комплекс",
        "facility": "Сондаж № 596хг",
        "facility_type": "неуточнено",
        "year": "1965",
        "depth_m": "697.5",
        "temperature_c": "",
        "status": "",
        "registry_number": "РМН1 - 102024",
        "source_date": "01.11.2022",
        "source": "БДДР – официален регистър",
        "source_url": "https://www.bd-dunav.bg/uploads/content/files/registri/razreshitelni%20i%20reshenia/2022/10-2022/VS_MV_BDDR_01112022.xlsx",
        "coordinate_accuracy": "A – официални географски координати",
        "mapped_status": "картографирано",
        "display_category": "Минерален сондаж",
        "temperature_class": "Без температура"
      }
    },
    {
      "type": "Feature",
      "geometry": {
        "type": "Point",
        "coordinates": [
          23.4233761,
          42.7558593
        ]
      },
      "properties": {
        "basin_directorate": "Дунавски район",
        "district": "София",
        "municipality": "Нови Искър",
        "settlement": "Чепинци",
        "deposit": "Софийска котловина",
        "section": "София-запад-МВ в неогенския седиментен комплекс",
        "facility": "Сондаж № 608хг",
        "facility_type": "водовземно",
        "year": "1965",
        "depth_m": "990.3",
        "temperature_c": "",
        "status": "",
        "registry_number": "РМН1 - 102025",
        "source_date": "01.11.2022",
        "source": "БДДР – официален регистър",
        "source_url": "https://www.bd-dunav.bg/uploads/content/files/registri/razreshitelni%20i%20reshenia/2022/10-2022/VS_MV_BDDR_01112022.xlsx",
        "coordinate_accuracy": "A – официални географски координати",
        "mapped_status": "картографирано",
        "display_category": "Минерален сондаж",
        "temperature_class": "Без температура"
      }
    },
    {
      "type": "Feature",
      "geometry": {
        "type": "Point",
        "coordinates": [
          23.4329167,
          42.7643056
        ]
      },
      "properties": {
        "basin_directorate": "Дунавски район",
        "district": "София",
        "municipality": "Нови Искър",
        "settlement": "Чепинци",
        "deposit": "Софийска котловина",
        "section": "София-запад-МВ в неогенския седиментен комплекс",
        "facility": "Сондаж",
        "facility_type": "неуточнено",
        "year": "",
        "depth_m": "",
        "temperature_c": "",
        "status": "",
        "registry_number": "РМН1 - 102026",
        "source_date": "01.11.2022",
        "source": "БДДР – официален регистър",
        "source_url": "https://www.bd-dunav.bg/uploads/content/files/registri/razreshitelni%20i%20reshenia/2022/10-2022/VS_MV_BDDR_01112022.xlsx",
        "coordinate_accuracy": "A – официални географски координати",
        "mapped_status": "картографирано",
        "display_category": "Минерален сондаж",
        "temperature_class": "Без температура"
      }
    },
    {
      "type": "Feature",
      "geometry": {
        "type": "Point",
        "coordinates": [
          23.4533889,
          42.7468056
        ]
      },
      "properties": {
        "basin_directorate": "Дунавски район",
        "district": "София",
        "municipality": "Нови Искър",
        "settlement": "Чепинци",
        "deposit": "Софийска котловина",
        "section": "София-запад-МВ в неогенския седиментен комплекс",
        "facility": "Сондаж № 61хг",
        "facility_type": "наблюдателен",
        "year": "1987",
        "depth_m": "912.4",
        "temperature_c": "",
        "status": "",
        "registry_number": "РМН1 - 102027",
        "source_date": "01.11.2022",
        "source": "БДДР – официален регистър",
        "source_url": "https://www.bd-dunav.bg/uploads/content/files/registri/razreshitelni%20i%20reshenia/2022/10-2022/VS_MV_BDDR_01112022.xlsx",
        "coordinate_accuracy": "A – официални географски координати",
        "mapped_status": "картографирано",
        "display_category": "Мониторингов сондаж",
        "temperature_class": "Без температура"
      }
    },
    {
      "type": "Feature",
      "geometry": {
        "type": "Point",
        "coordinates": [
          23.3614833,
          42.7265139
        ]
      },
      "properties": {
        "basin_directorate": "Дунавски район",
        "district": "София",
        "municipality": "Нови Искър",
        "settlement": "Бенковски",
        "deposit": "Софийска котловина",
        "section": "",
        "facility": "Сондаж № 1хг",
        "facility_type": "неуточнено",
        "year": "",
        "depth_m": "298.0",
        "temperature_c": "",
        "status": "",
        "registry_number": "РМН1 - 102028",
        "source_date": "01.11.2022",
        "source": "БДДР – официален регистър",
        "source_url": "https://www.bd-dunav.bg/uploads/content/files/registri/razreshitelni%20i%20reshenia/2022/10-2022/VS_MV_BDDR_01112022.xlsx",
        "coordinate_accuracy": "A – официални географски координати",
        "mapped_status": "картографирано",
        "display_category": "Минерален сондаж",
        "temperature_class": "Без температура"
      }
    },
    {
      "type": "Feature",
      "geometry": {
        "type": "Point",
        "coordinates": [
          23.4901465,
          42.6876193
        ]
      },
      "properties": {
        "basin_directorate": "Дунавски район",
        "district": "София",
        "municipality": "Панчарево",
        "settlement": "Кривина",
        "deposit": "Софийска котловина",
        "section": "София - МВ в кредни  скали",
        "facility": "Сондаж № 54хг",
        "facility_type": "водовземно",
        "year": "1985",
        "depth_m": "840.3",
        "temperature_c": "",
        "status": "",
        "registry_number": "РМН1 - 102029",
        "source_date": "01.11.2022",
        "source": "БДДР – официален регистър",
        "source_url": "https://www.bd-dunav.bg/uploads/content/files/registri/razreshitelni%20i%20reshenia/2022/10-2022/VS_MV_BDDR_01112022.xlsx",
        "coordinate_accuracy": "A – официални географски координати",
        "mapped_status": "картографирано",
        "display_category": "Минерален сондаж",
        "temperature_class": "Без температура"
      }
    },
    {
      "type": "Feature",
      "geometry": {
        "type": "Point",
        "coordinates": [
          23.5210075,
          42.7046917
        ]
      },
      "properties": {
        "basin_directorate": "Дунавски район",
        "district": "София",
        "municipality": "Кремиковци",
        "settlement": "Горни Богров",
        "deposit": "Софийска котловина",
        "section": "София-изток- МВ в неогенския седиментен комплекс",
        "facility": "Сондаж № 12хг",
        "facility_type": "водовземно",
        "year": "1966",
        "depth_m": "804.0",
        "temperature_c": "",
        "status": "",
        "registry_number": "РМН1 - 102030",
        "source_date": "01.11.2022",
        "source": "БДДР – официален регистър",
        "source_url": "https://www.bd-dunav.bg/uploads/content/files/registri/razreshitelni%20i%20reshenia/2022/10-2022/VS_MV_BDDR_01112022.xlsx",
        "coordinate_accuracy": "A – официални географски координати",
        "mapped_status": "картографирано",
        "display_category": "Минерален сондаж",
        "temperature_class": "Без температура"
      }
    },
    {
      "type": "Feature",
      "geometry": {
        "type": "Point",
        "coordinates": [
          23.3634958,
          42.6684428
        ]
      },
      "properties": {
        "basin_directorate": "Дунавски район",
        "district": "София",
        "municipality": "София",
        "settlement": "София",
        "deposit": "Софийска котловина",
        "section": "София - МВ в кредни  скали",
        "facility": "Сондаж № 14хг, 4-ти километър",
        "facility_type": "водовземно",
        "year": "1968",
        "depth_m": "987.8",
        "temperature_c": "",
        "status": "",
        "registry_number": "РМН1 - 102032",
        "source_date": "01.11.2022",
        "source": "БДДР – официален регистър",
        "source_url": "https://www.bd-dunav.bg/uploads/content/files/registri/razreshitelni%20i%20reshenia/2022/10-2022/VS_MV_BDDR_01112022.xlsx",
        "coordinate_accuracy": "A – официални географски координати",
        "mapped_status": "картографирано",
        "display_category": "Минерален сондаж",
        "temperature_class": "Без температура"
      }
    },
    {
      "type": "Feature",
      "geometry": {
        "type": "Point",
        "coordinates": [
          23.4727525,
          42.6793061
        ]
      },
      "properties": {
        "basin_directorate": "Дунавски район",
        "district": "София",
        "municipality": "Равно поле",
        "settlement": "Кривина",
        "deposit": "Софийска котловина",
        "section": "София-изток- МВ в неогенския седиментен комплекс",
        "facility": "Сондаж № 58хг",
        "facility_type": "водовземно",
        "year": "1985",
        "depth_m": "643.6",
        "temperature_c": "",
        "status": "",
        "registry_number": "РМН1 - 102033",
        "source_date": "01.11.2022",
        "source": "БДДР – официален регистър",
        "source_url": "https://www.bd-dunav.bg/uploads/content/files/registri/razreshitelni%20i%20reshenia/2022/10-2022/VS_MV_BDDR_01112022.xlsx",
        "coordinate_accuracy": "A – официални географски координати",
        "mapped_status": "картографирано",
        "display_category": "Минерален сондаж",
        "temperature_class": "Без температура"
      }
    },
    {
      "type": "Feature",
      "geometry": {
        "type": "Point",
        "coordinates": [
          23.1937964,
          42.8363736
        ]
      },
      "properties": {
        "basin_directorate": "Дунавски район",
        "district": "София",
        "municipality": "Костинброд",
        "settlement": "Маслово",
        "deposit": "Софийска котловина",
        "section": "София - МВ в юрски  скали",
        "facility": "Сондаж № С 49 Костинброд, Маслово",
        "facility_type": "водовземно",
        "year": "1970",
        "depth_m": "250.0",
        "temperature_c": "",
        "status": "",
        "registry_number": "РМН1 - 102034",
        "source_date": "01.11.2022",
        "source": "БДДР – официален регистър",
        "source_url": "https://www.bd-dunav.bg/uploads/content/files/registri/razreshitelni%20i%20reshenia/2022/10-2022/VS_MV_BDDR_01112022.xlsx",
        "coordinate_accuracy": "A – официални географски координати",
        "mapped_status": "картографирано",
        "display_category": "Минерален сондаж",
        "temperature_class": "Без температура"
      }
    },
    {
      "type": "Feature",
      "geometry": {
        "type": "Point",
        "coordinates": [
          23.1769467,
          42.7989742
        ]
      },
      "properties": {
        "basin_directorate": "Дунавски район",
        "district": "София",
        "municipality": "Костинброд",
        "settlement": "Костинброд",
        "deposit": "Софийска котловина",
        "section": "Костинброд - МВ в кредни скали",
        "facility": "Сондаж ТК - Никас, Костинброд",
        "facility_type": "водовземно",
        "year": "1996",
        "depth_m": "200.0",
        "temperature_c": "",
        "status": "оборудван за експлоатация",
        "registry_number": "РМН1 - 102035",
        "source_date": "01.11.2022",
        "source": "БДДР – официален регистър",
        "source_url": "https://www.bd-dunav.bg/uploads/content/files/registri/razreshitelni%20i%20reshenia/2022/10-2022/VS_MV_BDDR_01112022.xlsx",
        "coordinate_accuracy": "A – официални географски координати",
        "mapped_status": "картографирано",
        "display_category": "Минерален сондаж",
        "temperature_class": "Без температура"
      }
    },
    {
      "type": "Feature",
      "geometry": {
        "type": "Point",
        "coordinates": [
          23.3634958,
          42.6824556
        ]
      },
      "properties": {
        "basin_directorate": "Дунавски район",
        "district": "София",
        "municipality": "София",
        "settlement": "София",
        "deposit": "Софийска котловина",
        "section": "София - МВ в кредни  скали",
        "facility": "Сондаж № 36хг (плаж \"Република\")",
        "facility_type": "водовземно",
        "year": "1992",
        "depth_m": "600.0",
        "temperature_c": "",
        "status": "оборудван за експлоатация",
        "registry_number": "РМН1 - 102036",
        "source_date": "01.11.2022",
        "source": "БДДР – официален регистър",
        "source_url": "https://www.bd-dunav.bg/uploads/content/files/registri/razreshitelni%20i%20reshenia/2022/10-2022/VS_MV_BDDR_01112022.xlsx",
        "coordinate_accuracy": "A – официални географски координати",
        "mapped_status": "картографирано",
        "display_category": "Минерален сондаж",
        "temperature_class": "Без температура"
      }
    },
    {
      "type": "Feature",
      "geometry": {
        "type": "Point",
        "coordinates": [
          23.3411764,
          42.7007202
        ]
      },
      "properties": {
        "basin_directorate": "Дунавски район",
        "district": "София",
        "municipality": "София",
        "settlement": "София",
        "deposit": "Софийска котловина",
        "section": "София - МВ в кредни  скали",
        "facility": "Сондаж № С -1 Исул",
        "facility_type": "мониторинг",
        "year": "1964",
        "depth_m": "678.0",
        "temperature_c": "",
        "status": "не е оборудван",
        "registry_number": "РМН1 - 102037",
        "source_date": "01.11.2022",
        "source": "БДДР – официален регистър",
        "source_url": "https://www.bd-dunav.bg/uploads/content/files/registri/razreshitelni%20i%20reshenia/2022/10-2022/VS_MV_BDDR_01112022.xlsx",
        "coordinate_accuracy": "A – официални географски координати",
        "mapped_status": "картографирано",
        "display_category": "Мониторингов сондаж",
        "temperature_class": "Без температура"
      }
    },
    {
      "type": "Feature",
      "geometry": {
        "type": "Point",
        "coordinates": [
          28.0027364,
          43.2243108
        ]
      },
      "properties": {
        "basin_directorate": "Черноморски район",
        "district": "Варна",
        "municipality": "Варна",
        "settlement": "Варна",
        "deposit": "\"МВВХ\" №100 - участък  \"Варна\"",
        "section": "",
        "facility": "Р-134х ,,Св. Св. Константин и Елена\"           ПИ 10135.2569.164",
        "facility_type": "водовземно",
        "year": "1988/1989",
        "depth_m": "2050.5",
        "temperature_c": "44.5",
        "status": "оборудван",
        "registry_number": "251 100 00001/ 26.03.2008 г",
        "source_date": "31.12.2025",
        "source": "БДЧР – официален регистър",
        "source_url": "https://www.bsbd.bg/registri/Reg-saor_mineralni-vodi.xlsx",
        "coordinate_accuracy": "A – официални географски координати",
        "mapped_status": "картографирано",
        "display_category": "Минерален сондаж",
        "temperature_class": "40–60°C"
      }
    },
    {
      "type": "Feature",
      "geometry": {
        "type": "Point",
        "coordinates": [
          28.0093186,
          43.2332353
        ]
      },
      "properties": {
        "basin_directorate": "Черноморски район",
        "district": "Варна",
        "municipality": "Варна",
        "settlement": "Варна",
        "deposit": "\"МВВХ\" №100 - участък  \"Варна\"",
        "section": "",
        "facility": "Р-6х ,,Св. Св. Константин и Елена\"                      ПИ 10135.2569.4",
        "facility_type": "водовземно",
        "year": "1966",
        "depth_m": "1819.0",
        "temperature_c": "47.0",
        "status": "оборудван",
        "registry_number": "251 100 00002/ 26.03.2008 г",
        "source_date": "31.12.2025",
        "source": "БДЧР – официален регистър",
        "source_url": "https://www.bsbd.bg/registri/Reg-saor_mineralni-vodi.xlsx",
        "coordinate_accuracy": "A – официални географски координати",
        "mapped_status": "картографирано",
        "display_category": "Минерален сондаж",
        "temperature_class": "40–60°C"
      }
    },
    {
      "type": "Feature",
      "geometry": {
        "type": "Point",
        "coordinates": [
          27.9390383,
          43.2260406
        ]
      },
      "properties": {
        "basin_directorate": "Черноморски район",
        "district": "Варна",
        "municipality": "Варна",
        "settlement": "Варна",
        "deposit": "\"МВВХ\" №100 - участък  \"Варна\"",
        "section": "",
        "facility": "Р-119х Варна         ПИ 10135.2555.2644",
        "facility_type": "водовземно",
        "year": "1987",
        "depth_m": "1957.0",
        "temperature_c": "50.0",
        "status": "оборудван",
        "registry_number": "251 100 00003/ 26.03.2008 г",
        "source_date": "31.12.2025",
        "source": "БДЧР – официален регистър",
        "source_url": "https://www.bsbd.bg/registri/Reg-saor_mineralni-vodi.xlsx",
        "coordinate_accuracy": "A – официални географски координати",
        "mapped_status": "картографирано",
        "display_category": "Минерален сондаж",
        "temperature_class": "40–60°C"
      }
    },
    {
      "type": "Feature",
      "geometry": {
        "type": "Point",
        "coordinates": [
          28.0398306,
          43.2722572
        ]
      },
      "properties": {
        "basin_directorate": "Черноморски район",
        "district": "Варна",
        "municipality": "Варна",
        "settlement": "Варна",
        "deposit": "\"МВВХ\" №100 - участък  \"Варна\"",
        "section": "",
        "facility": "Р-11х                   ,,Зл. пясъци\"   ПИ 10135.2574.1",
        "facility_type": "водовземно",
        "year": "1968",
        "depth_m": "1512.0",
        "temperature_c": "37.4",
        "status": "оборудван",
        "registry_number": "251 100 00004/ 26.03.2008 г",
        "source_date": "31.12.2025",
        "source": "БДЧР – официален регистър",
        "source_url": "https://www.bsbd.bg/registri/Reg-saor_mineralni-vodi.xlsx",
        "coordinate_accuracy": "A – официални географски координати",
        "mapped_status": "картографирано",
        "display_category": "Минерален сондаж",
        "temperature_class": "25–40°C"
      }
    },
    {
      "type": "Feature",
      "geometry": {
        "type": "Point",
        "coordinates": [
          27.9198944,
          43.1971658
        ]
      },
      "properties": {
        "basin_directorate": "Черноморски район",
        "district": "Варна",
        "municipality": "Варна",
        "settlement": "Варна",
        "deposit": "\"МВВХ\" №100 - участък  \"Варна\"",
        "section": "",
        "facility": "Р-161х           Варна               ПИ  10135.1510.10",
        "facility_type": "водовземно",
        "year": "1992",
        "depth_m": "1996.0",
        "temperature_c": "51.0",
        "status": "оборудван",
        "registry_number": "251 100 00005/ 26.03.2008 г",
        "source_date": "31.12.2025",
        "source": "БДЧР – официален регистър",
        "source_url": "https://www.bsbd.bg/registri/Reg-saor_mineralni-vodi.xlsx",
        "coordinate_accuracy": "A – официални географски координати",
        "mapped_status": "картографирано",
        "display_category": "Минерален сондаж",
        "temperature_class": "40–60°C"
      }
    },
    {
      "type": "Feature",
      "geometry": {
        "type": "Point",
        "coordinates": [
          28.0517181,
          43.3033964
        ]
      },
      "properties": {
        "basin_directorate": "Черноморски район",
        "district": "Варна",
        "municipality": "Варна",
        "settlement": "к.к. Златни пясъци",
        "deposit": "\"МВВХ\" №100 - участък  \"Варна\"",
        "section": "",
        "facility": "Р-70х ( МП-36)                    Златни пясъци  ПИ 10135.513.9, с НТП - за хидротехн съоръж",
        "facility_type": "водовземно мониторинг ",
        "year": "1989",
        "depth_m": "1569.87",
        "temperature_c": "30.0",
        "status": "оборудван",
        "registry_number": "251 100 00006/ 26.03.2008 г",
        "source_date": "31.12.2025",
        "source": "БДЧР – официален регистър",
        "source_url": "https://www.bsbd.bg/registri/Reg-saor_mineralni-vodi.xlsx",
        "coordinate_accuracy": "A – официални географски координати",
        "mapped_status": "картографирано",
        "display_category": "Мониторингов сондаж",
        "temperature_class": "25–40°C"
      }
    },
    {
      "type": "Feature",
      "geometry": {
        "type": "Point",
        "coordinates": [
          28.014145,
          43.2294944
        ]
      },
      "properties": {
        "basin_directorate": "Черноморски район",
        "district": "Варна",
        "municipality": "Варна",
        "settlement": "к.к. \"Св. Св. Константин и Елена\"",
        "deposit": "\"МВВХ\" №100 - участък  \"Варна\"",
        "section": "",
        "facility": "Р-2х                        ,,Св. Св. Константин и Елена\"    ПИ 10135.2569.100",
        "facility_type": "водовземно",
        "year": "1961",
        "depth_m": "1842.0",
        "temperature_c": "46.0",
        "status": "оборудван",
        "registry_number": "251 100 00007/ 26.03.2008 г",
        "source_date": "31.12.2025",
        "source": "БДЧР – официален регистър",
        "source_url": "https://www.bsbd.bg/registri/Reg-saor_mineralni-vodi.xlsx",
        "coordinate_accuracy": "A – официални географски координати",
        "mapped_status": "картографирано",
        "display_category": "Минерален сондаж",
        "temperature_class": "40–60°C"
      }
    },
    {
      "type": "Feature",
      "geometry": {
        "type": "Point",
        "coordinates": [
          27.8967822,
          43.1908847
        ]
      },
      "properties": {
        "basin_directorate": "Черноморски район",
        "district": "Варна",
        "municipality": "Варна",
        "settlement": "Варна",
        "deposit": "\"МВВХ\" №100 - участък  \"Варна\"",
        "section": "",
        "facility": "Р-39х                        Варна (КРЗ)    ПИ 10135.5501.445",
        "facility_type": "водовземно",
        "year": "1976",
        "depth_m": "2106.0",
        "temperature_c": "52.0",
        "status": "оборудван",
        "registry_number": "251 100 00008/ 26.03.2008 г",
        "source_date": "31.12.2025",
        "source": "БДЧР – официален регистър",
        "source_url": "https://www.bsbd.bg/registri/Reg-saor_mineralni-vodi.xlsx",
        "coordinate_accuracy": "A – официални географски координати",
        "mapped_status": "картографирано",
        "display_category": "Минерален сондаж",
        "temperature_class": "40–60°C"
      }
    },
    {
      "type": "Feature",
      "geometry": {
        "type": "Point",
        "coordinates": [
          27.8975353,
          43.1997322
        ]
      },
      "properties": {
        "basin_directorate": "Черноморски район",
        "district": "Варна",
        "municipality": "Варна",
        "settlement": "Варна",
        "deposit": "\"МВВХ\" №100 - участък  \"Варна\"",
        "section": "",
        "facility": "Р-107х                    Варна   /КЗ \"Георги Димитров\"/     ПИ 10135.5501.278",
        "facility_type": "водовземно",
        "year": "1986",
        "depth_m": "1980.0",
        "temperature_c": "55.0",
        "status": "оборудван",
        "registry_number": "251 100 00009/ 26.03.2008 г",
        "source_date": "31.12.2025",
        "source": "БДЧР – официален регистър",
        "source_url": "https://www.bsbd.bg/registri/Reg-saor_mineralni-vodi.xlsx",
        "coordinate_accuracy": "A – официални географски координати",
        "mapped_status": "картографирано",
        "display_category": "Минерален сондаж",
        "temperature_class": "40–60°C"
      }
    },
    {
      "type": "Feature",
      "geometry": {
        "type": "Point",
        "coordinates": [
          27.76075,
          43.1847222
        ]
      },
      "properties": {
        "basin_directorate": "Черноморски район",
        "district": "Варна",
        "municipality": " Варна",
        "settlement": "с.Константиново",
        "deposit": "\"МВВХ\" №100 - участък  \"Варна\"",
        "section": "",
        "facility": "Р-82х                 Варна  (Флотски арсенал)     ПИ 38354.307.10",
        "facility_type": "водовземно",
        "year": "1984",
        "depth_m": "1400.0",
        "temperature_c": "32.0",
        "status": "оборудван",
        "registry_number": "251 100 00010/ 26.03.2008 г",
        "source_date": "31.12.2025",
        "source": "БДЧР – официален регистър",
        "source_url": "https://www.bsbd.bg/registri/Reg-saor_mineralni-vodi.xlsx",
        "coordinate_accuracy": "A – официални географски координати",
        "mapped_status": "картографирано",
        "display_category": "Минерален сондаж",
        "temperature_class": "25–40°C"
      }
    },
    {
      "type": "Feature",
      "geometry": {
        "type": "Point",
        "coordinates": [
          28.04425,
          43.2844736
        ]
      },
      "properties": {
        "basin_directorate": "Черноморски район",
        "district": "Варна",
        "municipality": "Варна",
        "settlement": "Варна",
        "deposit": "\"МВВХ\" №100 - участък  \"Варна\"",
        "section": "",
        "facility": "Р-3х ,,Зл. пясъци\"             (Интернационал)   ПИ 10135.513.253",
        "facility_type": "водовземно",
        "year": "1962",
        "depth_m": "1798.0",
        "temperature_c": "32.8",
        "status": "оборудван",
        "registry_number": "251 100 00011/ 26.03.2008 г",
        "source_date": "31.12.2025",
        "source": "БДЧР – официален регистър",
        "source_url": "https://www.bsbd.bg/registri/Reg-saor_mineralni-vodi.xlsx",
        "coordinate_accuracy": "A – официални географски координати",
        "mapped_status": "картографирано",
        "display_category": "Минерален сондаж",
        "temperature_class": "25–40°C"
      }
    },
    {
      "type": "Feature",
      "geometry": {
        "type": "Point",
        "coordinates": [
          28.0184661,
          43.2428483
        ]
      },
      "properties": {
        "basin_directorate": "Черноморски район",
        "district": "Варна",
        "municipality": "Варна",
        "settlement": "Варна",
        "deposit": "\"МВВХ\" №100 - участък  \"Варна\"",
        "section": "",
        "facility": "Р-9х                 ,,Св. Св. Константин и Елена\" (Сл. Ден)    ПИ 10135.2570.96",
        "facility_type": "водовземно",
        "year": "1963",
        "depth_m": "1801.0",
        "temperature_c": "43.0",
        "status": "оборудван",
        "registry_number": "251 100 00012/ 26.03.2008 г",
        "source_date": "31.12.2025",
        "source": "БДЧР – официален регистър",
        "source_url": "https://www.bsbd.bg/registri/Reg-saor_mineralni-vodi.xlsx",
        "coordinate_accuracy": "A – официални географски координати",
        "mapped_status": "картографирано",
        "display_category": "Минерален сондаж",
        "temperature_class": "40–60°C"
      }
    },
    {
      "type": "Feature",
      "geometry": {
        "type": "Point",
        "coordinates": [
          28.0153172,
          43.2348592
        ]
      },
      "properties": {
        "basin_directorate": "Черноморски район",
        "district": "Варна",
        "municipality": "Варна",
        "settlement": "Варна",
        "deposit": "\"МВВХ\" №100 - участък  \"Варна\"",
        "section": "",
        "facility": "Р-83х                     ,,Св. Св. Константин и Елена\" (МО)    ПИ 10135.2570.107",
        "facility_type": "водовземно",
        "year": "1984",
        "depth_m": "1804.0",
        "temperature_c": "45.5",
        "status": "оборудван",
        "registry_number": "251 100 00013/ 26.03.2008 г",
        "source_date": "31.12.2025",
        "source": "БДЧР – официален регистър",
        "source_url": "https://www.bsbd.bg/registri/Reg-saor_mineralni-vodi.xlsx",
        "coordinate_accuracy": "A – официални географски координати",
        "mapped_status": "картографирано",
        "display_category": "Минерален сондаж",
        "temperature_class": "40–60°C"
      }
    },
    {
      "type": "Feature",
      "geometry": {
        "type": "Point",
        "coordinates": [
          27.8874372,
          43.2264789
        ]
      },
      "properties": {
        "basin_directorate": "Черноморски район",
        "district": "Варна",
        "municipality": "Варна",
        "settlement": "Варна",
        "deposit": "\"МВВХ\" №100 - участък  \"Варна\"",
        "section": "",
        "facility": "Р-106х  Варна                      (Дом Младост)     ПИ 10135.3515.5020",
        "facility_type": "водовземно",
        "year": "1985",
        "depth_m": "1796.5",
        "temperature_c": "45.0",
        "status": "оборудван",
        "registry_number": "251 100 00014/ 26.03.2008 г",
        "source_date": "31.12.2025",
        "source": "БДЧР – официален регистър",
        "source_url": "https://www.bsbd.bg/registri/Reg-saor_mineralni-vodi.xlsx",
        "coordinate_accuracy": "A – официални географски координати",
        "mapped_status": "картографирано",
        "display_category": "Минерален сондаж",
        "temperature_class": "40–60°C"
      }
    },
    {
      "type": "Feature",
      "geometry": {
        "type": "Point",
        "coordinates": [
          27.8845511,
          43.1840806
        ]
      },
      "properties": {
        "basin_directorate": "Черноморски район",
        "district": "Варна",
        "municipality": "Варна",
        "settlement": "Варна",
        "deposit": "\"МВВХ\" №100 - участък  \"Варна\"",
        "section": "",
        "facility": "Р-1                     Аспарухово, Варна          ПИ 10135.5502.31",
        "facility_type": "водовземно",
        "year": "1958",
        "depth_m": "2060.0",
        "temperature_c": "50.0",
        "status": "оборудван",
        "registry_number": "251 100 00015/ 26.03.2008 г",
        "source_date": "31.12.2025",
        "source": "БДЧР – официален регистър",
        "source_url": "https://www.bsbd.bg/registri/Reg-saor_mineralni-vodi.xlsx",
        "coordinate_accuracy": "A – официални географски координати",
        "mapped_status": "картографирано",
        "display_category": "Минерален сондаж",
        "temperature_class": "40–60°C"
      }
    },
    {
      "type": "Feature",
      "geometry": {
        "type": "Point",
        "coordinates": [
          28.0324117,
          43.2600025
        ]
      },
      "properties": {
        "basin_directorate": "Черноморски район",
        "district": "Варна",
        "municipality": "Варна",
        "settlement": "Варна",
        "deposit": "\"МВВХ\" №100 - участък  \"Варна\"",
        "section": "",
        "facility": "Р-68х  ,,Зл. пясъци\"                    (Журналист)   ПИ 10135.2572.150",
        "facility_type": "водовземно",
        "year": "1988",
        "depth_m": "1774.0",
        "temperature_c": "39.0",
        "status": "оборудван",
        "registry_number": "251 100 00016/ 26.03.2008 г",
        "source_date": "31.12.2025",
        "source": "БДЧР – официален регистър",
        "source_url": "https://www.bsbd.bg/registri/Reg-saor_mineralni-vodi.xlsx",
        "coordinate_accuracy": "A – официални географски координати",
        "mapped_status": "картографирано",
        "display_category": "Минерален сондаж",
        "temperature_class": "25–40°C"
      }
    },
    {
      "type": "Feature",
      "geometry": {
        "type": "Point",
        "coordinates": [
          27.9365486,
          43.2081064
        ]
      },
      "properties": {
        "basin_directorate": "Черноморски район",
        "district": "Варна",
        "municipality": "Варна",
        "settlement": "Варна",
        "deposit": "\"МВВХ\" №100 - участък  \"Варна\"",
        "section": "",
        "facility": "Р-37х ,,Варна\"        /Офицерски плаж/     ПИ 10135.2561.16",
        "facility_type": "водовземно",
        "year": "1976",
        "depth_m": "2000.0",
        "temperature_c": "50.0",
        "status": "оборудван",
        "registry_number": "251 100 00017/ 26.03.2008 г",
        "source_date": "31.12.2025",
        "source": "БДЧР – официален регистър",
        "source_url": "https://www.bsbd.bg/registri/Reg-saor_mineralni-vodi.xlsx",
        "coordinate_accuracy": "A – официални географски координати",
        "mapped_status": "картографирано",
        "display_category": "Минерален сондаж",
        "temperature_class": "40–60°C"
      }
    },
    {
      "type": "Feature",
      "geometry": {
        "type": "Point",
        "coordinates": [
          27.9230581,
          43.2011489
        ]
      },
      "properties": {
        "basin_directorate": "Черноморски район",
        "district": "Варна",
        "municipality": "Варна",
        "settlement": "Варна",
        "deposit": "\"МВВХ\" №100 - участък  \"Варна\"",
        "section": "",
        "facility": "Р-1х  Варна                    (Аквариума)    ПИ 10135.1509.13",
        "facility_type": "водовземно",
        "year": "1961",
        "depth_m": "1992.0",
        "temperature_c": "51.0",
        "status": "оборудван",
        "registry_number": "251 100 00018/ 26.03.2008 г",
        "source_date": "31.12.2025",
        "source": "БДЧР – официален регистър",
        "source_url": "https://www.bsbd.bg/registri/Reg-saor_mineralni-vodi.xlsx",
        "coordinate_accuracy": "A – официални географски координати",
        "mapped_status": "картографирано",
        "display_category": "Минерален сондаж",
        "temperature_class": "40–60°C"
      }
    },
    {
      "type": "Feature",
      "geometry": {
        "type": "Point",
        "coordinates": [
          27.8842689,
          43.1844072
        ]
      },
      "properties": {
        "basin_directorate": "Черноморски район",
        "district": "Варна",
        "municipality": "Варна",
        "settlement": "Варна",
        "deposit": "\"EВХ\" - участък  Варна - №101",
        "section": "",
        "facility": "С-5              ,,Аспарухово\"  ПИ   10135.5502.588",
        "facility_type": "водовземно",
        "year": "1952/1954",
        "depth_m": "520.8",
        "temperature_c": "27.0",
        "status": "оборудван",
        "registry_number": "251 101 00019/  27.03.2008 г",
        "source_date": "31.12.2025",
        "source": "БДЧР – официален регистър",
        "source_url": "https://www.bsbd.bg/registri/Reg-saor_mineralni-vodi.xlsx",
        "coordinate_accuracy": "A – официални географски координати",
        "mapped_status": "картографирано",
        "display_category": "Минерален сондаж",
        "temperature_class": "25–40°C"
      }
    },
    {
      "type": "Feature",
      "geometry": {
        "type": "Point",
        "coordinates": [
          27.8401097,
          43.2088939
        ]
      },
      "properties": {
        "basin_directorate": "Черноморски район",
        "district": "Варна",
        "municipality": "Варна",
        "settlement": "с.Тополи",
        "deposit": "\"EВХ\" - участък  Варна - №101",
        "section": "",
        "facility": "С-6х           Тополи          ПИ 72709.516.1031",
        "facility_type": "водовземно",
        "year": "1965",
        "depth_m": "578.0",
        "temperature_c": "30.0",
        "status": "оборудван",
        "registry_number": "251 101 00020/        27.03.2008 г",
        "source_date": "31.12.2025",
        "source": "БДЧР – официален регистър",
        "source_url": "https://www.bsbd.bg/registri/Reg-saor_mineralni-vodi.xlsx",
        "coordinate_accuracy": "A – официални географски координати",
        "mapped_status": "картографирано",
        "display_category": "Минерален сондаж",
        "temperature_class": "25–40°C"
      }
    },
    {
      "type": "Feature",
      "geometry": {
        "type": "Point",
        "coordinates": [
          27.8863056,
          43.2095278
        ]
      },
      "properties": {
        "basin_directorate": "Черноморски район",
        "district": "Варна",
        "municipality": "Варна",
        "settlement": "Варна",
        "deposit": "\"EВХ\" - участък  Варна - №101",
        "section": "",
        "facility": "С-7          Максуда -Варна",
        "facility_type": "водовземно",
        "year": "няма данни",
        "depth_m": "",
        "temperature_c": "",
        "status": "самоликвидиран",
        "registry_number": "251 101 00022/    27.03.2008 г",
        "source_date": "31.12.2025",
        "source": "БДЧР – официален регистър",
        "source_url": "https://www.bsbd.bg/registri/Reg-saor_mineralni-vodi.xlsx",
        "coordinate_accuracy": "A – официални географски координати",
        "mapped_status": "картографирано",
        "display_category": "Ликвидиран/закрит",
        "temperature_class": "Без температура"
      }
    },
    {
      "type": "Feature",
      "geometry": {
        "type": "Point",
        "coordinates": [
          27.89325,
          43.19575
        ]
      },
      "properties": {
        "basin_directorate": "Черноморски район",
        "district": "Варна",
        "municipality": "Варна",
        "settlement": "Варна",
        "deposit": "\"EВХ\" - участък  Варна - №101",
        "section": "",
        "facility": "С-11                         ТЕЦ \"Я.Костов\" -Варна",
        "facility_type": "водовземно",
        "year": "няма данни",
        "depth_m": "",
        "temperature_c": "28.0",
        "status": "ликвидиран",
        "registry_number": "251 101 00023/    27.03.2008 г",
        "source_date": "31.12.2025",
        "source": "БДЧР – официален регистър",
        "source_url": "https://www.bsbd.bg/registri/Reg-saor_mineralni-vodi.xlsx",
        "coordinate_accuracy": "A – официални географски координати",
        "mapped_status": "картографирано",
        "display_category": "Ликвидиран/закрит",
        "temperature_class": "25–40°C"
      }
    },
    {
      "type": "Feature",
      "geometry": {
        "type": "Point",
        "coordinates": [
          27.8664722,
          43.1928333
        ]
      },
      "properties": {
        "basin_directorate": "Черноморски район",
        "district": "Варна",
        "municipality": "Варна",
        "settlement": "Варна",
        "deposit": "\"EВХ\" - участък  Варна - №101",
        "section": "",
        "facility": "С-1                               Гребна база -Варна",
        "facility_type": "водовземно",
        "year": "няма данни",
        "depth_m": "",
        "temperature_c": "26.5",
        "status": "ликвидиран",
        "registry_number": "251 101 00024/                27.03.2008 г",
        "source_date": "31.12.2025",
        "source": "БДЧР – официален регистър",
        "source_url": "https://www.bsbd.bg/registri/Reg-saor_mineralni-vodi.xlsx",
        "coordinate_accuracy": "A – официални географски координати",
        "mapped_status": "картографирано",
        "display_category": "Ликвидиран/закрит",
        "temperature_class": "25–40°C"
      }
    },
    {
      "type": "Feature",
      "geometry": {
        "type": "Point",
        "coordinates": [
          27.92325,
          43.20125
        ]
      },
      "properties": {
        "basin_directorate": "Черноморски район",
        "district": "Варна",
        "municipality": "Варна",
        "settlement": "Варна",
        "deposit": "\"EВХ\" - участък  Варна - №101",
        "section": "",
        "facility": "С-13        Аквариума -Варна",
        "facility_type": "водовземно",
        "year": "няма данни",
        "depth_m": "",
        "temperature_c": "",
        "status": "самоликвидиран",
        "registry_number": "251 101 00026/                 27.03.2008 г",
        "source_date": "31.12.2025",
        "source": "БДЧР – официален регистър",
        "source_url": "https://www.bsbd.bg/registri/Reg-saor_mineralni-vodi.xlsx",
        "coordinate_accuracy": "A – официални географски координати",
        "mapped_status": "картографирано",
        "display_category": "Ликвидиран/закрит",
        "temperature_class": "Без температура"
      }
    },
    {
      "type": "Feature",
      "geometry": {
        "type": "Point",
        "coordinates": [
          28.0433333,
          43.2801667
        ]
      },
      "properties": {
        "basin_directorate": "Черноморски район",
        "district": "Варна",
        "municipality": "Варна",
        "settlement": "Варна",
        "deposit": "\"EВХ\" - участък  Варна - №101",
        "section": "",
        "facility": "С-3х                    \"Кривата липа\"",
        "facility_type": "водовземно",
        "year": "1959-60",
        "depth_m": "",
        "temperature_c": "29.0",
        "status": "самоликвидиран",
        "registry_number": "251 101 00028/                    27.03.2008 г",
        "source_date": "31.12.2025",
        "source": "БДЧР – официален регистър",
        "source_url": "https://www.bsbd.bg/registri/Reg-saor_mineralni-vodi.xlsx",
        "coordinate_accuracy": "A – официални географски координати",
        "mapped_status": "картографирано",
        "display_category": "Ликвидиран/закрит",
        "temperature_class": "25–40°C"
      }
    },
    {
      "type": "Feature",
      "geometry": {
        "type": "Point",
        "coordinates": [
          27.7648381,
          43.2339633
        ]
      },
      "properties": {
        "basin_directorate": "Черноморски район",
        "district": "Варна",
        "municipality": "Аксаково",
        "settlement": "гр. .Игнатиево",
        "deposit": "\"МВВХ\" №100 - участък  \"Аксаково\"",
        "section": "",
        "facility": "Р-135х                 ,,Игнатиево\"      ПИ 32278.38.162",
        "facility_type": "водовземно",
        "year": "1989",
        "depth_m": "1535.0",
        "temperature_c": "34.0",
        "status": "необорудван",
        "registry_number": "251 100 00029/ 27.03.2008 г",
        "source_date": "31.12.2025",
        "source": "БДЧР – официален регистър",
        "source_url": "https://www.bsbd.bg/registri/Reg-saor_mineralni-vodi.xlsx",
        "coordinate_accuracy": "A – официални географски координати",
        "mapped_status": "картографирано",
        "display_category": "Минерален сондаж",
        "temperature_class": "25–40°C"
      }
    },
    {
      "type": "Feature",
      "geometry": {
        "type": "Point",
        "coordinates": [
          28.0264467,
          43.2465636
        ]
      },
      "properties": {
        "basin_directorate": "Черноморски район",
        "district": "Варна",
        "municipality": "Варна",
        "settlement": "Варна",
        "deposit": "\"МВВХ\" №100 - участък  \"Варна\"",
        "section": "",
        "facility": "Р-66х                   ,,Св. Св. Константин и Елена\"    ПИ 10135.2570.11",
        "facility_type": "водовземно",
        "year": "1983",
        "depth_m": "1800.0",
        "temperature_c": "41.0",
        "status": "консервиран",
        "registry_number": "251 100 00030/ 27.03.2008 г",
        "source_date": "31.12.2025",
        "source": "БДЧР – официален регистър",
        "source_url": "https://www.bsbd.bg/registri/Reg-saor_mineralni-vodi.xlsx",
        "coordinate_accuracy": "A – официални географски координати",
        "mapped_status": "картографирано",
        "display_category": "Консервиран",
        "temperature_class": "40–60°C"
      }
    },
    {
      "type": "Feature",
      "geometry": {
        "type": "Point",
        "coordinates": [
          27.4606786,
          43.1463322
        ]
      },
      "properties": {
        "basin_directorate": "Черноморски район",
        "district": "Варна",
        "municipality": "Провадия",
        "settlement": "Провадия",
        "deposit": "№ 59 ,,Провадия\"",
        "section": "",
        "facility": "С-43                       \"Ерека\"              ПИ 58503.171.339",
        "facility_type": "водовземно",
        "year": "1952-1962",
        "depth_m": "678.5",
        "temperature_c": "24.0",
        "status": "оборудван",
        "registry_number": "251 059 00031/ 27.03.2008 г",
        "source_date": "31.12.2025",
        "source": "БДЧР – официален регистър",
        "source_url": "https://www.bsbd.bg/registri/Reg-saor_mineralni-vodi.xlsx",
        "coordinate_accuracy": "A – официални географски координати",
        "mapped_status": "картографирано",
        "display_category": "Минерален сондаж",
        "temperature_class": "< 25°C"
      }
    },
    {
      "type": "Feature",
      "geometry": {
        "type": "Point",
        "coordinates": [
          28.0497778,
          43.3017222
        ]
      },
      "properties": {
        "basin_directorate": "Черноморски район",
        "district": "Варна",
        "municipality": "Варна",
        "settlement": "Варна",
        "deposit": "\"EВХ\" - участък  Варна - №101",
        "section": "",
        "facility": "С-2х                    Златна рибка",
        "facility_type": "водовземно",
        "year": "1959-60",
        "depth_m": "678.0",
        "temperature_c": "24.5",
        "status": "ликвидиран                                 ",
        "registry_number": "251 101 00032/       07.05.2008 г",
        "source_date": "31.12.2025",
        "source": "БДЧР – официален регистър",
        "source_url": "https://www.bsbd.bg/registri/Reg-saor_mineralni-vodi.xlsx",
        "coordinate_accuracy": "A – официални географски координати",
        "mapped_status": "картографирано",
        "display_category": "Ликвидиран/закрит",
        "temperature_class": "< 25°C"
      }
    },
    {
      "type": "Feature",
      "geometry": {
        "type": "Point",
        "coordinates": [
          28.0492292,
          43.30082
        ]
      },
      "properties": {
        "basin_directorate": "Черноморски район",
        "district": "Варна",
        "municipality": "Варна",
        "settlement": "Варна",
        "deposit": "\"EВХ\" - участък  Варна - №101",
        "section": "",
        "facility": "С-2Бх  ,,Зл.пясъци\"                           (х-л Берлин)  ПИ 10135.513.573",
        "facility_type": "водовземно",
        "year": "2002",
        "depth_m": "735.0",
        "temperature_c": "25.0",
        "status": "оборудван",
        "registry_number": "251 101 00033/            27.03.2008 г",
        "source_date": "31.12.2025",
        "source": "БДЧР – официален регистър",
        "source_url": "https://www.bsbd.bg/registri/Reg-saor_mineralni-vodi.xlsx",
        "coordinate_accuracy": "A – официални географски координати",
        "mapped_status": "картографирано",
        "display_category": "Минерален сондаж",
        "temperature_class": "25–40°C"
      }
    },
    {
      "type": "Feature",
      "geometry": {
        "type": "Point",
        "coordinates": [
          27.5601644,
          43.0890108
        ]
      },
      "properties": {
        "basin_directorate": "Черноморски район",
        "district": "Варна",
        "municipality": "Аврен",
        "settlement": "с.Царевци",
        "deposit": "\"МВВХ\"  №100 - участък  Аврен",
        "section": "",
        "facility": "Р-6                          Царевци,         ПИ 70220.47.34",
        "facility_type": "водовземно",
        "year": "няма данни",
        "depth_m": "1561.0",
        "temperature_c": "32.0",
        "status": "необорудван, самоизлив",
        "registry_number": "251 100 00034/                      27.03.2008 г",
        "source_date": "31.12.2025",
        "source": "БДЧР – официален регистър",
        "source_url": "https://www.bsbd.bg/registri/Reg-saor_mineralni-vodi.xlsx",
        "coordinate_accuracy": "A – официални географски координати",
        "mapped_status": "картографирано",
        "display_category": "Минерален сондаж",
        "temperature_class": "25–40°C"
      }
    },
    {
      "type": "Feature",
      "geometry": {
        "type": "Point",
        "coordinates": [
          27.8941575,
          43.2042831
        ]
      },
      "properties": {
        "basin_directorate": "Черноморски район",
        "district": "Варна",
        "municipality": "Варна",
        "settlement": "Варна",
        "deposit": "\"МВВХ\"  №100 - участък  Варна",
        "section": "",
        "facility": "Р-7х ,,Варна\"                          /сп. Варна/    ПИ  10135.1.708",
        "facility_type": "водовземно",
        "year": "1965",
        "depth_m": "2040.0",
        "temperature_c": "44.0",
        "status": "консервиран",
        "registry_number": "251 100 00035                                                     /27.03.2008 г",
        "source_date": "31.12.2025",
        "source": "БДЧР – официален регистър",
        "source_url": "https://www.bsbd.bg/registri/Reg-saor_mineralni-vodi.xlsx",
        "coordinate_accuracy": "A – официални географски координати",
        "mapped_status": "картографирано",
        "display_category": "Консервиран",
        "temperature_class": "40–60°C"
      }
    },
    {
      "type": "Feature",
      "geometry": {
        "type": "Point",
        "coordinates": [
          27.9068831,
          43.2004544
        ]
      },
      "properties": {
        "basin_directorate": "Черноморски район",
        "district": "Варна",
        "municipality": "Варна",
        "settlement": "Варна",
        "deposit": "\"МВВХ\"  №100 - участък  Варна",
        "section": "",
        "facility": "Р-96х ,,Варна\"                           /Ж.п. Гара/   ПИ 10135.1506.845",
        "facility_type": "водовземно",
        "year": "1985",
        "depth_m": "1802.0",
        "temperature_c": "51.0",
        "status": "оборудван",
        "registry_number": "251 100 00036/    27.03.2008 г",
        "source_date": "31.12.2025",
        "source": "БДЧР – официален регистър",
        "source_url": "https://www.bsbd.bg/registri/Reg-saor_mineralni-vodi.xlsx",
        "coordinate_accuracy": "A – официални географски координати",
        "mapped_status": "картографирано",
        "display_category": "Минерален сондаж",
        "temperature_class": "40–60°C"
      }
    },
    {
      "type": "Feature",
      "geometry": {
        "type": "Point",
        "coordinates": [
          27.6855833,
          42.9749722
        ]
      },
      "properties": {
        "basin_directorate": "Черноморски район",
        "district": "Варна",
        "municipality": "Д.чифлик",
        "settlement": "Долни чифлик",
        "deposit": "Район \"Долна Камчия\"                 -йодо-бромни води -  №99",
        "section": "",
        "facility": "С-16             Д.Чифлик",
        "facility_type": "водовземно",
        "year": "1956",
        "depth_m": "",
        "temperature_c": "",
        "status": "ликвидиран",
        "registry_number": "251 099 00039/           27.03.2008 г",
        "source_date": "31.12.2025",
        "source": "БДЧР – официален регистър",
        "source_url": "https://www.bsbd.bg/registri/Reg-saor_mineralni-vodi.xlsx",
        "coordinate_accuracy": "A – официални географски координати",
        "mapped_status": "картографирано",
        "display_category": "Ликвидиран/закрит",
        "temperature_class": "Без температура"
      }
    },
    {
      "type": "Feature",
      "geometry": {
        "type": "Point",
        "coordinates": [
          27.8629708,
          42.9865389
        ]
      },
      "properties": {
        "basin_directorate": "Черноморски район",
        "district": "Варна",
        "municipality": "Д.чифлик",
        "settlement": "с.Ново Оряхово",
        "deposit": "№ 99 - Район \"Долна Камчия\"                 -йодо-бромни води",
        "section": "",
        "facility": "Р-68               \"Н.Оряхово\"     ПИ 52115.28.104",
        "facility_type": "водовземно",
        "year": "няма данни",
        "depth_m": "",
        "temperature_c": "42.0",
        "status": "консервиран",
        "registry_number": "251 099 00041                      /27.03.2008 г",
        "source_date": "31.12.2025",
        "source": "БДЧР – официален регистър",
        "source_url": "https://www.bsbd.bg/registri/Reg-saor_mineralni-vodi.xlsx",
        "coordinate_accuracy": "A – официални географски координати",
        "mapped_status": "картографирано",
        "display_category": "Консервиран",
        "temperature_class": "40–60°C"
      }
    },
    {
      "type": "Feature",
      "geometry": {
        "type": "Point",
        "coordinates": [
          27.8446111,
          42.98825
        ]
      },
      "properties": {
        "basin_directorate": "Черноморски район",
        "district": "Варна",
        "municipality": "Д.чифлик",
        "settlement": "с.Ново Оряхово",
        "deposit": "Район \"Долна Камчия\"                 -йодо-бромни води -  №99",
        "section": "",
        "facility": "Е-9                               Н. Оряхово",
        "facility_type": "водовземно",
        "year": "няма данни",
        "depth_m": "",
        "temperature_c": "",
        "status": "н.данни",
        "registry_number": "251 099 00042/ 27.03.2008 г",
        "source_date": "31.12.2025",
        "source": "БДЧР – официален регистър",
        "source_url": "https://www.bsbd.bg/registri/Reg-saor_mineralni-vodi.xlsx",
        "coordinate_accuracy": "A – официални географски координати",
        "mapped_status": "картографирано",
        "display_category": "Минерален сондаж",
        "temperature_class": "Без температура"
      }
    },
    {
      "type": "Feature",
      "geometry": {
        "type": "Point",
        "coordinates": [
          27.8504722,
          42.9881944
        ]
      },
      "properties": {
        "basin_directorate": "Черноморски район",
        "district": "Варна",
        "municipality": "Д.чифлик",
        "settlement": "с.Ново Оряхово",
        "deposit": "Район \"Долна Камчия\"                 -йодо-бромни води -  №99",
        "section": "",
        "facility": "Е-8                               Н. Оряхово",
        "facility_type": "водовземно",
        "year": "няма данни",
        "depth_m": "",
        "temperature_c": "",
        "status": "н.данни",
        "registry_number": "251 099 00043/ 27.03.2008 г",
        "source_date": "31.12.2025",
        "source": "БДЧР – официален регистър",
        "source_url": "https://www.bsbd.bg/registri/Reg-saor_mineralni-vodi.xlsx",
        "coordinate_accuracy": "A – официални географски координати",
        "mapped_status": "картографирано",
        "display_category": "Минерален сондаж",
        "temperature_class": "Без температура"
      }
    },
    {
      "type": "Feature",
      "geometry": {
        "type": "Point",
        "coordinates": [
          27.8448056,
          42.9862778
        ]
      },
      "properties": {
        "basin_directorate": "Черноморски район",
        "district": "Варна",
        "municipality": "Д.чифлик",
        "settlement": "с.Ново Оряхово",
        "deposit": "Район \"Долна Камчия\"                 -йодо-бромни води -  №99",
        "section": "",
        "facility": "Е-6                               Н. Оряхово",
        "facility_type": "водовземно",
        "year": "няма данни",
        "depth_m": "",
        "temperature_c": "",
        "status": "н.данни",
        "registry_number": "251 099 00044/ 27.03.2008 г",
        "source_date": "31.12.2025",
        "source": "БДЧР – официален регистър",
        "source_url": "https://www.bsbd.bg/registri/Reg-saor_mineralni-vodi.xlsx",
        "coordinate_accuracy": "A – официални географски координати",
        "mapped_status": "картографирано",
        "display_category": "Минерален сондаж",
        "temperature_class": "Без температура"
      }
    },
    {
      "type": "Feature",
      "geometry": {
        "type": "Point",
        "coordinates": [
          27.8392222,
          42.9869722
        ]
      },
      "properties": {
        "basin_directorate": "Черноморски район",
        "district": "Варна",
        "municipality": "Д.чифлик",
        "settlement": "с.Ново Оряхово",
        "deposit": "Район \"Долна Камчия\"                 -йодо-бромни води -  №99",
        "section": "",
        "facility": "Е-7                               Н. Оряхово",
        "facility_type": "водовземно",
        "year": "няма данни",
        "depth_m": "",
        "temperature_c": "",
        "status": "н.данни",
        "registry_number": "251 099 00045/ 27.03.2008 г",
        "source_date": "31.12.2025",
        "source": "БДЧР – официален регистър",
        "source_url": "https://www.bsbd.bg/registri/Reg-saor_mineralni-vodi.xlsx",
        "coordinate_accuracy": "A – официални географски координати",
        "mapped_status": "картографирано",
        "display_category": "Минерален сондаж",
        "temperature_class": "Без температура"
      }
    },
    {
      "type": "Feature",
      "geometry": {
        "type": "Point",
        "coordinates": [
          27.8506667,
          42.9696944
        ]
      },
      "properties": {
        "basin_directorate": "Черноморски район",
        "district": "Варна",
        "municipality": "Д.чифлик",
        "settlement": "с.Шкорпиловци",
        "deposit": "Район \"Долна Камчия\"                 -йодо-бромни води -  №99",
        "section": "",
        "facility": "Р-15             Шкорпиловци",
        "facility_type": "водовземно",
        "year": "1955-57",
        "depth_m": "940.0",
        "temperature_c": "37.5",
        "status": "ликвидиран",
        "registry_number": "251 099 00046/ 27.03.2008 г",
        "source_date": "31.12.2025",
        "source": "БДЧР – официален регистър",
        "source_url": "https://www.bsbd.bg/registri/Reg-saor_mineralni-vodi.xlsx",
        "coordinate_accuracy": "A – официални географски координати",
        "mapped_status": "картографирано",
        "display_category": "Ликвидиран/закрит",
        "temperature_class": "25–40°C"
      }
    },
    {
      "type": "Feature",
      "geometry": {
        "type": "Point",
        "coordinates": [
          27.9905808,
          43.2173061
        ]
      },
      "properties": {
        "basin_directorate": "Черноморски район",
        "district": "Варна",
        "municipality": "Варна",
        "settlement": "Варна",
        "deposit": "\"МВВХ\"  №100 участък  Варна",
        "section": "",
        "facility": "Р-5х             \"Евксиноград\"  ПИ 10135.2567.173",
        "facility_type": "водовземно",
        "year": "1965",
        "depth_m": "1747.0",
        "temperature_c": "49.0",
        "status": "оборудван",
        "registry_number": "251 100 00047/ 28.03.2008 г",
        "source_date": "31.12.2025",
        "source": "БДЧР – официален регистър",
        "source_url": "https://www.bsbd.bg/registri/Reg-saor_mineralni-vodi.xlsx",
        "coordinate_accuracy": "A – официални географски координати",
        "mapped_status": "картографирано",
        "display_category": "Минерален сондаж",
        "temperature_class": "40–60°C"
      }
    },
    {
      "type": "Feature",
      "geometry": {
        "type": "Point",
        "coordinates": [
          27.7273528,
          43.1956667
        ]
      },
      "properties": {
        "basin_directorate": "Черноморски район",
        "district": "Варна",
        "municipality": "Белослав",
        "settlement": "с.Страшимирово",
        "deposit": "\"МВВХ\"  №100 участък  Белослав",
        "section": "",
        "facility": "Р-63х             \"Страшимирово\"(МП-35)    ПИ 03719.501.6179",
        "facility_type": "мониторингов",
        "year": "1986",
        "depth_m": "1483.0",
        "temperature_c": "31.0",
        "status": "самоизлив, изведен към езерото",
        "registry_number": "251 100 00048/ 28.03.2008 г",
        "source_date": "31.12.2025",
        "source": "БДЧР – официален регистър",
        "source_url": "https://www.bsbd.bg/registri/Reg-saor_mineralni-vodi.xlsx",
        "coordinate_accuracy": "A – официални географски координати",
        "mapped_status": "картографирано",
        "display_category": "Мониторингов сондаж",
        "temperature_class": "25–40°C"
      }
    },
    {
      "type": "Feature",
      "geometry": {
        "type": "Point",
        "coordinates": [
          27.7273611,
          43.1956667
        ]
      },
      "properties": {
        "basin_directorate": "Черноморски район",
        "district": "Варна",
        "municipality": "Белослав",
        "settlement": "с.Страшимирово",
        "deposit": "\"EВХ\" - участък  Варна - №101",
        "section": "",
        "facility": "С-1х             \"Белопал\"",
        "facility_type": "водовземно",
        "year": "1987",
        "depth_m": "82.0",
        "temperature_c": "18.0",
        "status": "ликвидиран",
        "registry_number": "251 101 00049/ 28.03.2008 г",
        "source_date": "31.12.2025",
        "source": "БДЧР – официален регистър",
        "source_url": "https://www.bsbd.bg/registri/Reg-saor_mineralni-vodi.xlsx",
        "coordinate_accuracy": "A – официални географски координати",
        "mapped_status": "картографирано",
        "display_category": "Ликвидиран/закрит",
        "temperature_class": "< 25°C"
      }
    },
    {
      "type": "Feature",
      "geometry": {
        "type": "Point",
        "coordinates": [
          27.7273611,
          43.1961111
        ]
      },
      "properties": {
        "basin_directorate": "Черноморски район",
        "district": "Варна",
        "municipality": "Белослав",
        "settlement": "с.Страшимирово",
        "deposit": "\"EВХ\" - участък  Варна - №101",
        "section": "",
        "facility": "С-2х             \"Белопал\"",
        "facility_type": "водовземно",
        "year": "1987",
        "depth_m": "100.15",
        "temperature_c": "18.0",
        "status": "самоликвидиран",
        "registry_number": "251 101 00050/ 28.03.2008 г",
        "source_date": "31.12.2025",
        "source": "БДЧР – официален регистър",
        "source_url": "https://www.bsbd.bg/registri/Reg-saor_mineralni-vodi.xlsx",
        "coordinate_accuracy": "A – официални географски координати",
        "mapped_status": "картографирано",
        "display_category": "Ликвидиран/закрит",
        "temperature_class": "< 25°C"
      }
    },
    {
      "type": "Feature",
      "geometry": {
        "type": "Point",
        "coordinates": [
          27.8508378,
          43.2256681
        ]
      },
      "properties": {
        "basin_directorate": "Черноморски район",
        "district": "Варна",
        "municipality": "Варна",
        "settlement": "Варна",
        "deposit": "\"МВВХ\"  №100 участък  Варна",
        "section": "",
        "facility": "Р-146х ,,Варна\"            /Пивоварен завод/  ПИ 10135.4510.461",
        "facility_type": "водовземно",
        "year": "1990",
        "depth_m": "1850.0",
        "temperature_c": "43.0",
        "status": "консервиран",
        "registry_number": "251 100 00051/ 28.03.2008 г",
        "source_date": "31.12.2025",
        "source": "БДЧР – официален регистър",
        "source_url": "https://www.bsbd.bg/registri/Reg-saor_mineralni-vodi.xlsx",
        "coordinate_accuracy": "A – официални географски координати",
        "mapped_status": "картографирано",
        "display_category": "Консервиран",
        "temperature_class": "40–60°C"
      }
    },
    {
      "type": "Feature",
      "geometry": {
        "type": "Point",
        "coordinates": [
          28.0294386,
          43.2529206
        ]
      },
      "properties": {
        "basin_directorate": "Черноморски район",
        "district": "Варна",
        "municipality": "Варна",
        "settlement": "Варна",
        "deposit": "\"МВВХ\"  №100 участък  Варна",
        "section": "",
        "facility": "Р-67х ,,Зл. пясъци\"                                 (Кабакум)   ПИ 10135.2572.206",
        "facility_type": "водовземно",
        "year": "1983/1984",
        "depth_m": "1804.0",
        "temperature_c": "39.0",
        "status": "консервиран",
        "registry_number": "251 100 00052/ 28.03.2008 г",
        "source_date": "31.12.2025",
        "source": "БДЧР – официален регистър",
        "source_url": "https://www.bsbd.bg/registri/Reg-saor_mineralni-vodi.xlsx",
        "coordinate_accuracy": "A – официални географски координати",
        "mapped_status": "картографирано",
        "display_category": "Консервиран",
        "temperature_class": "25–40°C"
      }
    },
    {
      "type": "Feature",
      "geometry": {
        "type": "Point",
        "coordinates": [
          27.7614972,
          43.191
        ]
      },
      "properties": {
        "basin_directorate": "Черноморски район",
        "district": "Варна",
        "municipality": "Белослав",
        "settlement": "с.Езерово",
        "deposit": "\"МВВХ\"  №100 участък  Белослав",
        "section": "",
        "facility": "Р-64х                       ТЕЦ-Варна     ПИ 27125.503.99",
        "facility_type": "водовземно",
        "year": "1983",
        "depth_m": "876.0",
        "temperature_c": "31.4",
        "status": "консервиран",
        "registry_number": "251 100 00053/ 28.03.2008 г",
        "source_date": "31.12.2025",
        "source": "БДЧР – официален регистър",
        "source_url": "https://www.bsbd.bg/registri/Reg-saor_mineralni-vodi.xlsx",
        "coordinate_accuracy": "A – официални географски координати",
        "mapped_status": "картографирано",
        "display_category": "Консервиран",
        "temperature_class": "25–40°C"
      }
    },
    {
      "type": "Feature",
      "geometry": {
        "type": "Point",
        "coordinates": [
          28.0065656,
          43.2376156
        ]
      },
      "properties": {
        "basin_directorate": "Черноморски район",
        "district": "Варна",
        "municipality": "Варна",
        "settlement": "Варна",
        "deposit": "\"МВВХ\"  №100 участък  Варна",
        "section": "",
        "facility": "Р-165х             ,,Св. Св. Константин и Елена\"     ПИ 10135.2517.5024",
        "facility_type": "водовземно",
        "year": "1993",
        "depth_m": "1803.0",
        "temperature_c": "45.0",
        "status": "оборудван",
        "registry_number": "251 100 00054/ 28.03.2008 г",
        "source_date": "31.12.2025",
        "source": "БДЧР – официален регистър",
        "source_url": "https://www.bsbd.bg/registri/Reg-saor_mineralni-vodi.xlsx",
        "coordinate_accuracy": "A – официални географски координати",
        "mapped_status": "картографирано",
        "display_category": "Минерален сондаж",
        "temperature_class": "40–60°C"
      }
    },
    {
      "type": "Feature",
      "geometry": {
        "type": "Point",
        "coordinates": [
          27.8819614,
          43.1899678
        ]
      },
      "properties": {
        "basin_directorate": "Черноморски район",
        "district": "Варна",
        "municipality": "Варна",
        "settlement": "Варна",
        "deposit": "\"EВХ\" - участък  Варна - №101",
        "section": "",
        "facility": "С-10               Джанавара    ПИ 10135.5214.2",
        "facility_type": "водовземно",
        "year": "1954",
        "depth_m": "598.5",
        "temperature_c": "",
        "status": "оборудван",
        "registry_number": "251 101 00055/ 28.03.2008 г",
        "source_date": "31.12.2025",
        "source": "БДЧР – официален регистър",
        "source_url": "https://www.bsbd.bg/registri/Reg-saor_mineralni-vodi.xlsx",
        "coordinate_accuracy": "A – официални географски координати",
        "mapped_status": "картографирано",
        "display_category": "Минерален сондаж",
        "temperature_class": "Без температура"
      }
    },
    {
      "type": "Feature",
      "geometry": {
        "type": "Point",
        "coordinates": [
          27.8905839,
          43.2066472
        ]
      },
      "properties": {
        "basin_directorate": "Черноморски район",
        "district": "Варна",
        "municipality": "Варна",
        "settlement": "Варна",
        "deposit": "\"МВВХ\" - участък  Варна - №101",
        "section": "",
        "facility": "С-5х ф-ка           ,,Христо Ботев\"       ПИ 10135.1.1691",
        "facility_type": "водовземно",
        "year": "1979",
        "depth_m": "540.0",
        "temperature_c": "",
        "status": "оборудван",
        "registry_number": "251 100 00056/                     28.03.2008 г",
        "source_date": "31.12.2025",
        "source": "БДЧР – официален регистър",
        "source_url": "https://www.bsbd.bg/registri/Reg-saor_mineralni-vodi.xlsx",
        "coordinate_accuracy": "A – официални географски координати",
        "mapped_status": "картографирано",
        "display_category": "Минерален сондаж",
        "temperature_class": "Без температура"
      }
    },
    {
      "type": "Feature",
      "geometry": {
        "type": "Point",
        "coordinates": [
          27.8873056,
          43.2086111
        ]
      },
      "properties": {
        "basin_directorate": "Черноморски район",
        "district": "Варна",
        "municipality": "Варна",
        "settlement": "Варна",
        "deposit": "\"EВХ\" - участък  Варна - №101",
        "section": "",
        "facility": "С-14               Спирка Варна",
        "facility_type": "водовземно",
        "year": "1954",
        "depth_m": "548.0",
        "temperature_c": "28.0",
        "status": "ликвидиран",
        "registry_number": "251 101 00058/  28.03.2008 г",
        "source_date": "31.12.2025",
        "source": "БДЧР – официален регистър",
        "source_url": "https://www.bsbd.bg/registri/Reg-saor_mineralni-vodi.xlsx",
        "coordinate_accuracy": "A – официални географски координати",
        "mapped_status": "картографирано",
        "display_category": "Ликвидиран/закрит",
        "temperature_class": "25–40°C"
      }
    },
    {
      "type": "Feature",
      "geometry": {
        "type": "Point",
        "coordinates": [
          27.8425306,
          43.1842722
        ]
      },
      "properties": {
        "basin_directorate": "Черноморски район",
        "district": "Варна",
        "municipality": "Варна",
        "settlement": "с. Звездица",
        "deposit": "\"МВВХ\"  №100 участък  Варна",
        "section": "",
        "facility": "Р-110х             ,,Варна\"    ПИ 30497.37.15",
        "facility_type": "водовземно",
        "year": "1987",
        "depth_m": "2079.0",
        "temperature_c": "55.0",
        "status": "оборудван",
        "registry_number": "251 100 00059/    28.03.2008 г",
        "source_date": "31.12.2025",
        "source": "БДЧР – официален регистър",
        "source_url": "https://www.bsbd.bg/registri/Reg-saor_mineralni-vodi.xlsx",
        "coordinate_accuracy": "A – официални географски координати",
        "mapped_status": "картографирано",
        "display_category": "Минерален сондаж",
        "temperature_class": "40–60°C"
      }
    },
    {
      "type": "Feature",
      "geometry": {
        "type": "Point",
        "coordinates": [
          27.816885,
          43.2532039
        ]
      },
      "properties": {
        "basin_directorate": "Черноморски район",
        "district": "Варна",
        "municipality": "Аксаково",
        "settlement": "Аксаково",
        "deposit": "\"МВВХ\"  №100 участък  Аксаково",
        "section": "",
        "facility": "Р-126х             ,,Аксаково\"  ПИ 00182.502.390",
        "facility_type": "водовземно",
        "year": "1988",
        "depth_m": "1560.0",
        "temperature_c": "38.0",
        "status": "няма данни",
        "registry_number": "251 100 00060/              28.03.2008 г",
        "source_date": "31.12.2025",
        "source": "БДЧР – официален регистър",
        "source_url": "https://www.bsbd.bg/registri/Reg-saor_mineralni-vodi.xlsx",
        "coordinate_accuracy": "A – официални географски координати",
        "mapped_status": "картографирано",
        "display_category": "Минерален сондаж",
        "temperature_class": "25–40°C"
      }
    },
    {
      "type": "Feature",
      "geometry": {
        "type": "Point",
        "coordinates": [
          27.9108889,
          43.2960556
        ]
      },
      "properties": {
        "basin_directorate": "Черноморски район",
        "district": "Варна",
        "municipality": "Аксаково",
        "settlement": "с.Орешак",
        "deposit": "\"МВВХ\"  №100 участък  Аксаково",
        "section": "",
        "facility": "Р-60х             Орешак",
        "facility_type": "водовземно",
        "year": "1991",
        "depth_m": "1790.0",
        "temperature_c": "34.0",
        "status": "няма данни",
        "registry_number": "251 100 00061/           28.03.2008 г",
        "source_date": "31.12.2025",
        "source": "БДЧР – официален регистър",
        "source_url": "https://www.bsbd.bg/registri/Reg-saor_mineralni-vodi.xlsx",
        "coordinate_accuracy": "A – официални географски координати",
        "mapped_status": "картографирано",
        "display_category": "Минерален сондаж",
        "temperature_class": "25–40°C"
      }
    },
    {
      "type": "Feature",
      "geometry": {
        "type": "Point",
        "coordinates": [
          27.9051944,
          43.1778333
        ]
      },
      "properties": {
        "basin_directorate": "Черноморски район",
        "district": "Варна",
        "municipality": "Варна",
        "settlement": "Варна",
        "deposit": "\"МВВХ\"  №100 участък  Варна",
        "section": "",
        "facility": "Р-4х             Първи май",
        "facility_type": "водовземно",
        "year": "1964",
        "depth_m": "2004.5",
        "temperature_c": "50.0",
        "status": "ликвидиран",
        "registry_number": "251 100 00062/               28.03.2008 г",
        "source_date": "31.12.2025",
        "source": "БДЧР – официален регистър",
        "source_url": "https://www.bsbd.bg/registri/Reg-saor_mineralni-vodi.xlsx",
        "coordinate_accuracy": "A – официални географски координати",
        "mapped_status": "картографирано",
        "display_category": "Ликвидиран/закрит",
        "temperature_class": "40–60°C"
      }
    },
    {
      "type": "Feature",
      "geometry": {
        "type": "Point",
        "coordinates": [
          28.2253889,
          43.4016667
        ]
      },
      "properties": {
        "basin_directorate": "Черноморски район",
        "district": "Добрич",
        "municipality": "Балчик",
        "settlement": "Балчик",
        "deposit": "\"ЕВХ\" -  №101 - участък Балчик",
        "section": "",
        "facility": "С-29                           Балчик \"Тузлата\"",
        "facility_type": "водовземно",
        "year": "няма данни",
        "depth_m": "560.0",
        "temperature_c": "27.0",
        "status": "оборудван",
        "registry_number": "251 101 0063/ 08.04.2008 г",
        "source_date": "31.12.2025",
        "source": "БДЧР – официален регистър",
        "source_url": "https://www.bsbd.bg/registri/Reg-saor_mineralni-vodi.xlsx",
        "coordinate_accuracy": "A – официални географски координати",
        "mapped_status": "картографирано",
        "display_category": "Минерален сондаж",
        "temperature_class": "25–40°C"
      }
    },
    {
      "type": "Feature",
      "geometry": {
        "type": "Point",
        "coordinates": [
          27.8641389,
          42.9868056
        ]
      },
      "properties": {
        "basin_directorate": "Черноморски район",
        "district": "Варна",
        "municipality": "Д.чифлик",
        "settlement": "с.Ново Оряхово",
        "deposit": "№ 99 - Район \"Долна Камчия\"                 -йодо-бромни води",
        "section": "",
        "facility": "Р-23                              Н. Оряхово",
        "facility_type": "водовземно",
        "year": "няма данни",
        "depth_m": "",
        "temperature_c": "",
        "status": "няма данни",
        "registry_number": "251 101 00064/       28.03.2008 г",
        "source_date": "31.12.2025",
        "source": "БДЧР – официален регистър",
        "source_url": "https://www.bsbd.bg/registri/Reg-saor_mineralni-vodi.xlsx",
        "coordinate_accuracy": "A – официални географски координати",
        "mapped_status": "картографирано",
        "display_category": "Минерален сондаж",
        "temperature_class": "Без температура"
      }
    },
    {
      "type": "Feature",
      "geometry": {
        "type": "Point",
        "coordinates": [
          28.0109461,
          43.2255272
        ]
      },
      "properties": {
        "basin_directorate": "Черноморски район",
        "district": "Варна",
        "municipality": "Варна",
        "settlement": "Варна",
        "deposit": "\"EВХ\" - участък  Варна - №101",
        "section": "",
        "facility": "Вн-48 ,,Варна\"                             /Гранд хотел Варна/             ПИ 10135.2569.130",
        "facility_type": "водовземно",
        "year": "1994",
        "depth_m": "817.0",
        "temperature_c": "33.0",
        "status": "самоизлив",
        "registry_number": "251 101 00065/        31.03.2008 г",
        "source_date": "31.12.2025",
        "source": "БДЧР – официален регистър",
        "source_url": "https://www.bsbd.bg/registri/Reg-saor_mineralni-vodi.xlsx",
        "coordinate_accuracy": "A – официални географски координати",
        "mapped_status": "картографирано",
        "display_category": "Минерален сондаж",
        "temperature_class": "25–40°C"
      }
    },
    {
      "type": "Feature",
      "geometry": {
        "type": "Point",
        "coordinates": [
          27.8561111,
          43.2123611
        ]
      },
      "properties": {
        "basin_directorate": "Черноморски район",
        "district": "Варна",
        "municipality": "Варна",
        "settlement": "с.Тополи",
        "deposit": "\"МВВХ\"  №100 участък  Варна",
        "section": "",
        "facility": "Р-65х             Налбанка",
        "facility_type": "водовземно",
        "year": "1989",
        "depth_m": "",
        "temperature_c": "48.0",
        "status": "ликвидиран",
        "registry_number": "251 100 00066               /31.03.2008 г",
        "source_date": "31.12.2025",
        "source": "БДЧР – официален регистър",
        "source_url": "https://www.bsbd.bg/registri/Reg-saor_mineralni-vodi.xlsx",
        "coordinate_accuracy": "A – официални географски координати",
        "mapped_status": "картографирано",
        "display_category": "Ликвидиран/закрит",
        "temperature_class": "40–60°C"
      }
    },
    {
      "type": "Feature",
      "geometry": {
        "type": "Point",
        "coordinates": [
          28.0246403,
          43.3324947
        ]
      },
      "properties": {
        "basin_directorate": "Черноморски район",
        "district": "Варна",
        "municipality": "Аксаково",
        "settlement": "с. Осеново",
        "deposit": "\"МВВХ\" №100 участък  Аксаково",
        "section": "",
        "facility": "Р-179х ,,Осеново\"  /Пашева/              ПИ 54145.30.41",
        "facility_type": "водовземно",
        "year": "2008",
        "depth_m": "1250.0",
        "temperature_c": "32.0",
        "status": "оборудван",
        "registry_number": "251 100 00077/ 31.03.2008 г",
        "source_date": "31.12.2025",
        "source": "БДЧР – официален регистър",
        "source_url": "https://www.bsbd.bg/registri/Reg-saor_mineralni-vodi.xlsx",
        "coordinate_accuracy": "A – официални географски координати",
        "mapped_status": "картографирано",
        "display_category": "Минерален сондаж",
        "temperature_class": "25–40°C"
      }
    },
    {
      "type": "Feature",
      "geometry": {
        "type": "Point",
        "coordinates": [
          27.85802,
          43.2186194
        ]
      },
      "properties": {
        "basin_directorate": "Черноморски район",
        "district": "Варна",
        "municipality": "Варна",
        "settlement": "Варна",
        "deposit": "\"EВХ\" - участък  Варна - №101",
        "section": "",
        "facility": "ТК-5х                  ЗПЗ-Варна     ПИ 10135.4510.106",
        "facility_type": "водовземно",
        "year": "1973",
        "depth_m": "515.0",
        "temperature_c": "",
        "status": "самоизлив",
        "registry_number": "251 101 00078/ 31.03.2008 г",
        "source_date": "31.12.2025",
        "source": "БДЧР – официален регистър",
        "source_url": "https://www.bsbd.bg/registri/Reg-saor_mineralni-vodi.xlsx",
        "coordinate_accuracy": "A – официални географски координати",
        "mapped_status": "картографирано",
        "display_category": "Минерален сондаж",
        "temperature_class": "Без температура"
      }
    },
    {
      "type": "Feature",
      "geometry": {
        "type": "Point",
        "coordinates": [
          28.0276622,
          43.3869225
        ]
      },
      "properties": {
        "basin_directorate": "Черноморски район",
        "district": "Добрич",
        "municipality": "Балчик",
        "settlement": "с.Рогачево",
        "deposit": "\"МВВХ\" №100 - участък Балчик",
        "section": "",
        "facility": "Р-184х, Албена             \"Екопроект С\" Рогачево        ПИ 62788.8.511",
        "facility_type": "водовземно",
        "year": "2008",
        "depth_m": "1282.0",
        "temperature_c": "26.0",
        "status": "оборудван",
        "registry_number": "251 100 00079/ 15.04.2008г.",
        "source_date": "31.12.2025",
        "source": "БДЧР – официален регистър",
        "source_url": "https://www.bsbd.bg/registri/Reg-saor_mineralni-vodi.xlsx",
        "coordinate_accuracy": "A – официални географски координати",
        "mapped_status": "картографирано",
        "display_category": "Минерален сондаж",
        "temperature_class": "25–40°C"
      }
    },
    {
      "type": "Feature",
      "geometry": {
        "type": "Point",
        "coordinates": [
          26.4961944,
          43.191
        ]
      },
      "properties": {
        "basin_directorate": "Черноморски район",
        "district": "Търговище",
        "municipality": "Търговище",
        "settlement": "с. Пайдушко",
        "deposit": "\"Боаза\" - област Търговище- №90",
        "section": "",
        "facility": "Сн-2                             Боаза",
        "facility_type": "водовземно",
        "year": "1959",
        "depth_m": "",
        "temperature_c": "",
        "status": "дублиращ",
        "registry_number": "251 090 00080/ 08.04.2008 г",
        "source_date": "31.12.2025",
        "source": "БДЧР – официален регистър",
        "source_url": "https://www.bsbd.bg/registri/Reg-saor_mineralni-vodi.xlsx",
        "coordinate_accuracy": "A – официални географски координати",
        "mapped_status": "картографирано",
        "display_category": "Минерален сондаж",
        "temperature_class": "Без температура"
      }
    },
    {
      "type": "Feature",
      "geometry": {
        "type": "Point",
        "coordinates": [
          26.4962072,
          43.1910092
        ]
      },
      "properties": {
        "basin_directorate": "Черноморски район",
        "district": "Търговище",
        "municipality": "Търговище",
        "settlement": "с. Пайдушко",
        "deposit": "\"Боаза\" - област Търговище- №90",
        "section": "",
        "facility": "Сондаж № 1                            Боаза",
        "facility_type": "водовземно",
        "year": "няма данни",
        "depth_m": "454.0",
        "temperature_c": "27.0",
        "status": "оборудван",
        "registry_number": "251 090 00081/ 08.04.2008 г",
        "source_date": "31.12.2025",
        "source": "БДЧР – официален регистър",
        "source_url": "https://www.bsbd.bg/registri/Reg-saor_mineralni-vodi.xlsx",
        "coordinate_accuracy": "A – официални географски координати",
        "mapped_status": "картографирано",
        "display_category": "Минерален сондаж",
        "temperature_class": "25–40°C"
      }
    },
    {
      "type": "Feature",
      "geometry": {
        "type": "Point",
        "coordinates": [
          26.9504722,
          43.2707778
        ]
      },
      "properties": {
        "basin_directorate": "Черноморски район",
        "district": "Шумен",
        "municipality": "Шумен",
        "settlement": "Шумен",
        "deposit": "\"МВВХ\" - област Шумен- №100",
        "section": "",
        "facility": "ТК-1                         Лида",
        "facility_type": "водовземно",
        "year": "1991",
        "depth_m": "650.0",
        "temperature_c": "20.2",
        "status": "няма данни",
        "registry_number": "251 100 00082/ 08.04.2008 г",
        "source_date": "31.12.2025",
        "source": "БДЧР – официален регистър",
        "source_url": "https://www.bsbd.bg/registri/Reg-saor_mineralni-vodi.xlsx",
        "coordinate_accuracy": "A – официални географски координати",
        "mapped_status": "картографирано",
        "display_category": "Минерален сондаж",
        "temperature_class": "< 25°C"
      }
    },
    {
      "type": "Feature",
      "geometry": {
        "type": "Point",
        "coordinates": [
          26.9403333,
          43.1970833
        ]
      },
      "properties": {
        "basin_directorate": "Черноморски район",
        "district": "Шумен",
        "municipality": "Шумен",
        "settlement": "с.Мараш",
        "deposit": "\"Мараш\" - област Шумен- № 41",
        "section": "",
        "facility": "СН-1 (Р-2)                               Мараш                ПИ 47161.503.2",
        "facility_type": "водовземно",
        "year": "1977",
        "depth_m": "2800.0",
        "temperature_c": "67.0",
        "status": "консервиран с бетонови плочи",
        "registry_number": "251 041 00083/ 08.04.2008 г",
        "source_date": "31.12.2025",
        "source": "БДЧР – официален регистър",
        "source_url": "https://www.bsbd.bg/registri/Reg-saor_mineralni-vodi.xlsx",
        "coordinate_accuracy": "A – официални географски координати",
        "mapped_status": "картографирано",
        "display_category": "Консервиран",
        "temperature_class": "60–80°C"
      }
    },
    {
      "type": "Feature",
      "geometry": {
        "type": "Point",
        "coordinates": [
          28.1606944,
          43.4057778
        ]
      },
      "properties": {
        "basin_directorate": "Черноморски район",
        "district": "Добрич",
        "municipality": "Балчик",
        "settlement": "Балчик",
        "deposit": "\"МВВХ\" №100 - участък Балчик",
        "section": "",
        "facility": "Р-41х             \"Балчик\"                     ПИ 02508.87.104.1.10",
        "facility_type": "водовземно",
        "year": "1977",
        "depth_m": "1204.0",
        "temperature_c": "24.0",
        "status": "оборудван",
        "registry_number": "251 100 00084/ 08.04.2008 г",
        "source_date": "31.12.2025",
        "source": "БДЧР – официален регистър",
        "source_url": "https://www.bsbd.bg/registri/Reg-saor_mineralni-vodi.xlsx",
        "coordinate_accuracy": "A – официални географски координати",
        "mapped_status": "картографирано",
        "display_category": "Минерален сондаж",
        "temperature_class": "< 25°C"
      }
    },
    {
      "type": "Feature",
      "geometry": {
        "type": "Point",
        "coordinates": [
          28.2373889,
          43.4053056
        ]
      },
      "properties": {
        "basin_directorate": "Черноморски район",
        "district": "Добрич",
        "municipality": "Каварна",
        "settlement": "с.Топола ",
        "deposit": "\"МВВХ\" - област Добрич - участък Каварна №100",
        "section": "",
        "facility": "Тх-33             Тузлата",
        "facility_type": "водовземно",
        "year": "1986",
        "depth_m": "840.0",
        "temperature_c": "34.2",
        "status": "ликвидиран",
        "registry_number": "251 100 00085/ 08.04.2008 г",
        "source_date": "31.12.2025",
        "source": "БДЧР – официален регистър",
        "source_url": "https://www.bsbd.bg/registri/Reg-saor_mineralni-vodi.xlsx",
        "coordinate_accuracy": "A – официални географски координати",
        "mapped_status": "картографирано",
        "display_category": "Ликвидиран/закрит",
        "temperature_class": "25–40°C"
      }
    },
    {
      "type": "Feature",
      "geometry": {
        "type": "Point",
        "coordinates": [
          28.2804186,
          43.4136322
        ]
      },
      "properties": {
        "basin_directorate": "Черноморски район",
        "district": "Добрич",
        "municipality": "Каварна",
        "settlement": "с.Божурец",
        "deposit": "\"МВВХ\" - област Добрич - участък Каварна №100",
        "section": "",
        "facility": "Р-155х             \"Каварна\"       ПИ 05009.200.599",
        "facility_type": "водовземно",
        "year": "1994",
        "depth_m": "1200.0",
        "temperature_c": "32.0",
        "status": "оборудван",
        "registry_number": "251 100 00086/ 08.04.2008 г",
        "source_date": "31.12.2025",
        "source": "БДЧР – официален регистър",
        "source_url": "https://www.bsbd.bg/registri/Reg-saor_mineralni-vodi.xlsx",
        "coordinate_accuracy": "A – официални географски координати",
        "mapped_status": "картографирано",
        "display_category": "Минерален сондаж",
        "temperature_class": "25–40°C"
      }
    },
    {
      "type": "Feature",
      "geometry": {
        "type": "Point",
        "coordinates": [
          28.5153622,
          43.4162697
        ]
      },
      "properties": {
        "basin_directorate": "Черноморски район",
        "district": "Добрич",
        "municipality": "Каварна",
        "settlement": "с. Св. Никола",
        "deposit": "\"МВВХ\" - област Добрич - участък Каварна №100",
        "section": "",
        "facility": "Р-8х             \"Русалка\"        ПИ 65543.31.165",
        "facility_type": "водовземно",
        "year": "няма данни",
        "depth_m": "777.0",
        "temperature_c": "32.0",
        "status": "оборудван",
        "registry_number": "251 100 00087/ 08.04.2008 г",
        "source_date": "31.12.2025",
        "source": "БДЧР – официален регистър",
        "source_url": "https://www.bsbd.bg/registri/Reg-saor_mineralni-vodi.xlsx",
        "coordinate_accuracy": "A – официални географски координати",
        "mapped_status": "картографирано",
        "display_category": "Минерален сондаж",
        "temperature_class": "25–40°C"
      }
    },
    {
      "type": "Feature",
      "geometry": {
        "type": "Point",
        "coordinates": [
          28.5604722,
          43.6280278
        ]
      },
      "properties": {
        "basin_directorate": "Черноморски район",
        "district": "Добрич",
        "municipality": "Шабла",
        "settlement": "с.Крапец",
        "deposit": "\"ЕВХ\" - област Добрич- №101",
        "section": "",
        "facility": "С-1             \"Крапец\"",
        "facility_type": "водовземно",
        "year": "няма данни",
        "depth_m": "",
        "temperature_c": "",
        "status": "самоликвидиран",
        "registry_number": "251 101 00088/ 08.04.2008 г",
        "source_date": "31.12.2025",
        "source": "БДЧР – официален регистър",
        "source_url": "https://www.bsbd.bg/registri/Reg-saor_mineralni-vodi.xlsx",
        "coordinate_accuracy": "A – официални географски координати",
        "mapped_status": "картографирано",
        "display_category": "Ликвидиран/закрит",
        "temperature_class": "Без температура"
      }
    },
    {
      "type": "Feature",
      "geometry": {
        "type": "Point",
        "coordinates": [
          28.0672222,
          43.3357222
        ]
      },
      "properties": {
        "basin_directorate": "Черноморски район",
        "district": "Добрич",
        "municipality": "Балчик",
        "settlement": "с.Кранево",
        "deposit": "\"ЕВХ\" -  №101 - участък Балчик",
        "section": "",
        "facility": "С-1х                           х-л Палма",
        "facility_type": "водовземно",
        "year": "няма данни",
        "depth_m": "685.0",
        "temperature_c": "24.0",
        "status": "самоизлив",
        "registry_number": "251 101 00089/ 08.04.2008 г",
        "source_date": "31.12.2025",
        "source": "БДЧР – официален регистър",
        "source_url": "https://www.bsbd.bg/registri/Reg-saor_mineralni-vodi.xlsx",
        "coordinate_accuracy": "A – официални географски координати",
        "mapped_status": "картографирано",
        "display_category": "Минерален сондаж",
        "temperature_class": "< 25°C"
      }
    },
    {
      "type": "Feature",
      "geometry": {
        "type": "Point",
        "coordinates": [
          28.1688889,
          43.4041833
        ]
      },
      "properties": {
        "basin_directorate": "Черноморски район",
        "district": "Добрич",
        "municipality": "Балчик",
        "settlement": "Балчик",
        "deposit": "\"ЕВХ\" -  №101 - участък Балчик",
        "section": "",
        "facility": "С-5х                           Балчик",
        "facility_type": "водовземно",
        "year": "1965",
        "depth_m": "550.0",
        "temperature_c": "22.0",
        "status": "ликвидиран",
        "registry_number": "251 101 00090/ 08.04.2008 г",
        "source_date": "31.12.2025",
        "source": "БДЧР – официален регистър",
        "source_url": "https://www.bsbd.bg/registri/Reg-saor_mineralni-vodi.xlsx",
        "coordinate_accuracy": "A – официални географски координати",
        "mapped_status": "картографирано",
        "display_category": "Ликвидиран/закрит",
        "temperature_class": "< 25°C"
      }
    },
    {
      "type": "Feature",
      "geometry": {
        "type": "Point",
        "coordinates": [
          28.0515,
          43.389
        ]
      },
      "properties": {
        "basin_directorate": "Черноморски район",
        "district": "Добрич",
        "municipality": "Балчик",
        "settlement": "с.Оброчище",
        "deposit": "\"ЕВХ\" -  №101 - участък Балчик",
        "section": "",
        "facility": "С-6х                           \"Оброчище\"",
        "facility_type": "водовземно",
        "year": "няма данни",
        "depth_m": "",
        "temperature_c": "",
        "status": "ликвидиран",
        "registry_number": "251 101 00092/ 08.04.2008 г",
        "source_date": "31.12.2025",
        "source": "БДЧР – официален регистър",
        "source_url": "https://www.bsbd.bg/registri/Reg-saor_mineralni-vodi.xlsx",
        "coordinate_accuracy": "A – официални географски координати",
        "mapped_status": "картографирано",
        "display_category": "Ликвидиран/закрит",
        "temperature_class": "Без температура"
      }
    },
    {
      "type": "Feature",
      "geometry": {
        "type": "Point",
        "coordinates": [
          28.2164444,
          43.3999444
        ]
      },
      "properties": {
        "basin_directorate": "Черноморски район",
        "district": "Добрич",
        "municipality": "Балчик",
        "settlement": "Балчик",
        "deposit": "\"ЕВХ\" -  №101 - участък Балчик",
        "section": "",
        "facility": "Тх-15х             \"Тузлата\"",
        "facility_type": "водовземно",
        "year": "1976",
        "depth_m": "560.0",
        "temperature_c": "29.1",
        "status": "оборудван",
        "registry_number": "251 101 00093/ 09.04.2008 г",
        "source_date": "31.12.2025",
        "source": "БДЧР – официален регистър",
        "source_url": "https://www.bsbd.bg/registri/Reg-saor_mineralni-vodi.xlsx",
        "coordinate_accuracy": "A – официални географски координати",
        "mapped_status": "картографирано",
        "display_category": "Минерален сондаж",
        "temperature_class": "25–40°C"
      }
    },
    {
      "type": "Feature",
      "geometry": {
        "type": "Point",
        "coordinates": [
          28.6066389,
          43.5415
        ]
      },
      "properties": {
        "basin_directorate": "Черноморски район",
        "district": "Добрич",
        "municipality": "Шабла",
        "settlement": "Шабла",
        "deposit": "\"МВВХ\" - област Добрич - участък Шабла №100",
        "section": "",
        "facility": "Р-118 (МП-101)            Фара Шабла              ПИ 83017.505.6",
        "facility_type": "мониторингов",
        "year": "1972",
        "depth_m": "975.0",
        "temperature_c": "40.0",
        "status": "оборудван",
        "registry_number": "251 100 00095/ 09.04.2008 г",
        "source_date": "31.12.2025",
        "source": "БДЧР – официален регистър",
        "source_url": "https://www.bsbd.bg/registri/Reg-saor_mineralni-vodi.xlsx",
        "coordinate_accuracy": "A – официални географски координати",
        "mapped_status": "картографирано",
        "display_category": "Мониторингов сондаж",
        "temperature_class": "40–60°C"
      }
    },
    {
      "type": "Feature",
      "geometry": {
        "type": "Point",
        "coordinates": [
          28.5835,
          43.5666944
        ]
      },
      "properties": {
        "basin_directorate": "Черноморски район",
        "district": "Добрич",
        "municipality": "Шабла",
        "settlement": "Шабла",
        "deposit": "\"МВВХ\" - област Добрич - участък Шабла №100",
        "section": "",
        "facility": "Р-124            \"Шабла\"           ПИ 83017.48.62",
        "facility_type": "водовземно",
        "year": "1976",
        "depth_m": "1225.0",
        "temperature_c": "40.0",
        "status": "необорудван",
        "registry_number": "251 100 00096/ 09.04.2008 г",
        "source_date": "31.12.2025",
        "source": "БДЧР – официален регистър",
        "source_url": "https://www.bsbd.bg/registri/Reg-saor_mineralni-vodi.xlsx",
        "coordinate_accuracy": "A – официални географски координати",
        "mapped_status": "картографирано",
        "display_category": "Минерален сондаж",
        "temperature_class": "40–60°C"
      }
    },
    {
      "type": "Feature",
      "geometry": {
        "type": "Point",
        "coordinates": [
          28.0474261,
          43.3460956
        ]
      },
      "properties": {
        "basin_directorate": "Черноморски район",
        "district": "Добрич",
        "municipality": "Балчик",
        "settlement": "с.Кранево",
        "deposit": "\"МВВХ\" №100 - участък Балчик",
        "section": "",
        "facility": "Р-58х              ВиК Кранево    ПИ 39459.19.47",
        "facility_type": "водовземно",
        "year": "1980",
        "depth_m": "1500.0",
        "temperature_c": "30.0",
        "status": "оборудван ,,ВиК\"",
        "registry_number": "251 100 00097/ 09.04.2008 г",
        "source_date": "31.12.2025",
        "source": "БДЧР – официален регистър",
        "source_url": "https://www.bsbd.bg/registri/Reg-saor_mineralni-vodi.xlsx",
        "coordinate_accuracy": "A – официални географски координати",
        "mapped_status": "картографирано",
        "display_category": "Минерален сондаж",
        "temperature_class": "25–40°C"
      }
    },
    {
      "type": "Feature",
      "geometry": {
        "type": "Point",
        "coordinates": [
          28.1408611,
          43.4143611
        ]
      },
      "properties": {
        "basin_directorate": "Черноморски район",
        "district": "Добрич",
        "municipality": "Балчик",
        "settlement": "Балчик",
        "deposit": "\"МВВХ\" №100 - участък Балчик",
        "section": "",
        "facility": "Р-61х              ВиК Балчик",
        "facility_type": "водовземно",
        "year": "1984",
        "depth_m": "1081.0",
        "temperature_c": "22.0",
        "status": "оборудван ,,ВиК\"",
        "registry_number": "251 100 00098/ 09.04.2008 г",
        "source_date": "31.12.2025",
        "source": "БДЧР – официален регистър",
        "source_url": "https://www.bsbd.bg/registri/Reg-saor_mineralni-vodi.xlsx",
        "coordinate_accuracy": "A – официални географски координати",
        "mapped_status": "картографирано",
        "display_category": "Минерален сондаж",
        "temperature_class": "< 25°C"
      }
    },
    {
      "type": "Feature",
      "geometry": {
        "type": "Point",
        "coordinates": [
          28.2429353,
          43.4059186
        ]
      },
      "properties": {
        "basin_directorate": "Черноморски район",
        "district": "Добрич",
        "municipality": "Каварна",
        "settlement": "с.Топола - к.к.\"Карвуна\"",
        "deposit": "\"МВВХ\" №100 - участък Каварна",
        "section": "",
        "facility": "Вн-39 ,,Каварна\"               /Икантълъка/    ПИ 72693.600.1.4-ЧДС",
        "facility_type": "водовземно",
        "year": "1991",
        "depth_m": "860.0",
        "temperature_c": "32.5",
        "status": "оборудван",
        "registry_number": "251100 00099/ 15.04.2008г.",
        "source_date": "31.12.2025",
        "source": "БДЧР – официален регистър",
        "source_url": "https://www.bsbd.bg/registri/Reg-saor_mineralni-vodi.xlsx",
        "coordinate_accuracy": "A – официални географски координати",
        "mapped_status": "картографирано",
        "display_category": "Минерален сондаж",
        "temperature_class": "25–40°C"
      }
    },
    {
      "type": "Feature",
      "geometry": {
        "type": "Point",
        "coordinates": [
          28.2508683,
          43.4070928
        ]
      },
      "properties": {
        "basin_directorate": "Черноморски район",
        "district": "Добрич",
        "municipality": "Каварна",
        "settlement": "с.Топола ",
        "deposit": "\"МВВХ\" №100 - участък Каварна",
        "section": "",
        "facility": "Р-54х ,,Каварна\"          /Тервелски лагер/               ПИ 72693.155.8",
        "facility_type": "водовземно",
        "year": "1980",
        "depth_m": "1100.0",
        "temperature_c": "33.0",
        "status": "оборудван",
        "registry_number": "251 100 00100/ 09.04.2008 г",
        "source_date": "31.12.2025",
        "source": "БДЧР – официален регистър",
        "source_url": "https://www.bsbd.bg/registri/Reg-saor_mineralni-vodi.xlsx",
        "coordinate_accuracy": "A – официални географски координати",
        "mapped_status": "картографирано",
        "display_category": "Минерален сондаж",
        "temperature_class": "25–40°C"
      }
    },
    {
      "type": "Feature",
      "geometry": {
        "type": "Point",
        "coordinates": [
          28.0639777,
          43.3417969
        ]
      },
      "properties": {
        "basin_directorate": "Черноморски район",
        "district": "Добрич",
        "municipality": "Балчик",
        "settlement": "с.Кранево",
        "deposit": "\"МВВХ\" №100 - участък Балчик",
        "section": "",
        "facility": "Вн-45        Кранево                ПИ 39459.503.221",
        "facility_type": "водовземно",
        "year": "1994",
        "depth_m": "1400.0",
        "temperature_c": "29.0",
        "status": "оборудван; самоизлив",
        "registry_number": "251100 00101                  /15.04.2008 г",
        "source_date": "31.12.2025",
        "source": "БДЧР – официален регистър",
        "source_url": "https://www.bsbd.bg/registri/Reg-saor_mineralni-vodi.xlsx",
        "coordinate_accuracy": "A – официални географски координати",
        "mapped_status": "картографирано",
        "display_category": "Минерален сондаж",
        "temperature_class": "25–40°C"
      }
    },
    {
      "type": "Feature",
      "geometry": {
        "type": "Point",
        "coordinates": [
          28.3495628,
          43.4165619
        ]
      },
      "properties": {
        "basin_directorate": "Черноморски район",
        "district": "Добрич",
        "municipality": "Каварна",
        "settlement": "Каварна",
        "deposit": "\"МВВХ\" №100 - участък Каварна",
        "section": "",
        "facility": "Р-113                   ,,Каварна\"      ПИ 35064.501.2299",
        "facility_type": "водовземно",
        "year": "няма данни",
        "depth_m": "1337.0",
        "temperature_c": "40.0",
        "status": "оборудван",
        "registry_number": "251 100 00102/ 15.04.2008г.",
        "source_date": "31.12.2025",
        "source": "БДЧР – официален регистър",
        "source_url": "https://www.bsbd.bg/registri/Reg-saor_mineralni-vodi.xlsx",
        "coordinate_accuracy": "A – официални географски координати",
        "mapped_status": "картографирано",
        "display_category": "Минерален сондаж",
        "temperature_class": "40–60°C"
      }
    },
    {
      "type": "Feature",
      "geometry": {
        "type": "Point",
        "coordinates": [
          28.1482639,
          43.4222528
        ]
      },
      "properties": {
        "basin_directorate": "Черноморски район",
        "district": "Добрич",
        "municipality": "Балчик",
        "settlement": "Балчик",
        "deposit": "\"МВВХ\" №100 - участък Балчик",
        "section": "",
        "facility": "Р-169х, Балчик               Папас олио     ПИ 02508.55.188",
        "facility_type": "водовземно",
        "year": "1998",
        "depth_m": "1100.0",
        "temperature_c": "24.6",
        "status": "оборудван",
        "registry_number": "251 100 00103/ 15.04.2008г.",
        "source_date": "31.12.2025",
        "source": "БДЧР – официален регистър",
        "source_url": "https://www.bsbd.bg/registri/Reg-saor_mineralni-vodi.xlsx",
        "coordinate_accuracy": "A – официални географски координати",
        "mapped_status": "картографирано",
        "display_category": "Минерален сондаж",
        "temperature_class": "< 25°C"
      }
    },
    {
      "type": "Feature",
      "geometry": {
        "type": "Point",
        "coordinates": [
          28.5059444,
          43.6419167
        ]
      },
      "properties": {
        "basin_directorate": "Черноморски район",
        "district": "Добрич",
        "municipality": "Шабла",
        "settlement": "с.Ваклино",
        "deposit": "\"МВВХ\" -  №100 - участък Шабла",
        "section": "",
        "facility": "Р-1            Ваклино",
        "facility_type": "водовземно",
        "year": "1967",
        "depth_m": "3496.0",
        "temperature_c": "26.0",
        "status": "не оборудван",
        "registry_number": "251 100 00104/ 15.04.2008г.",
        "source_date": "31.12.2025",
        "source": "БДЧР – официален регистър",
        "source_url": "https://www.bsbd.bg/registri/Reg-saor_mineralni-vodi.xlsx",
        "coordinate_accuracy": "A – официални географски координати",
        "mapped_status": "картографирано",
        "display_category": "Минерален сондаж",
        "temperature_class": "25–40°C"
      }
    },
    {
      "type": "Feature",
      "geometry": {
        "type": "Point",
        "coordinates": [
          28.0683428,
          43.3386933
        ]
      },
      "properties": {
        "basin_directorate": "Черноморски район",
        "district": "Добрич",
        "municipality": "Балчик",
        "settlement": "с.Кранево",
        "deposit": "\"МВВХ\" №100 - участък Балчик",
        "section": "",
        "facility": "Вн-35х               Кранево          ПИ 39459.25.509",
        "facility_type": "водовземно",
        "year": "1990",
        "depth_m": "1400.0",
        "temperature_c": "27.0",
        "status": "оборудван",
        "registry_number": "251 100 00105/ 15.04.2008г.",
        "source_date": "31.12.2025",
        "source": "БДЧР – официален регистър",
        "source_url": "https://www.bsbd.bg/registri/Reg-saor_mineralni-vodi.xlsx",
        "coordinate_accuracy": "A – официални географски координати",
        "mapped_status": "картографирано",
        "display_category": "Минерален сондаж",
        "temperature_class": "25–40°C"
      }
    },
    {
      "type": "Feature",
      "geometry": {
        "type": "Point",
        "coordinates": [
          28.0856257,
          43.3718062
        ]
      },
      "properties": {
        "basin_directorate": "Черноморски район",
        "district": "Добрич",
        "municipality": "Балчик",
        "settlement": "с. Оброчище",
        "deposit": "\"МВВХ\" №100 - участък Балчик",
        "section": "",
        "facility": "Р-12х                     Aлбена                 ПИ 53120.506.54",
        "facility_type": "водовземно",
        "year": "1961",
        "depth_m": "1500.0",
        "temperature_c": "30.0",
        "status": "оборудван",
        "registry_number": "251 100 00107 15.04.2008г.",
        "source_date": "31.12.2025",
        "source": "БДЧР – официален регистър",
        "source_url": "https://www.bsbd.bg/registri/Reg-saor_mineralni-vodi.xlsx",
        "coordinate_accuracy": "A – официални географски координати",
        "mapped_status": "картографирано",
        "display_category": "Минерален сондаж",
        "temperature_class": "25–40°C"
      }
    },
    {
      "type": "Feature",
      "geometry": {
        "type": "Point",
        "coordinates": [
          28.0618228,
          43.3708756
        ]
      },
      "properties": {
        "basin_directorate": "Черноморски район",
        "district": "Добрич",
        "municipality": "Балчик",
        "settlement": "с. Оброчище",
        "deposit": "\"МВВХ\" №100 - участък Балчик",
        "section": "",
        "facility": "Р-13х                     Aлбена                     ПИ 53120.109.1",
        "facility_type": "водовземно",
        "year": "1969",
        "depth_m": "1681.0",
        "temperature_c": "28.0",
        "status": "оборудван",
        "registry_number": "251 100 00108/ 15.04.2008г.",
        "source_date": "31.12.2025",
        "source": "БДЧР – официален регистър",
        "source_url": "https://www.bsbd.bg/registri/Reg-saor_mineralni-vodi.xlsx",
        "coordinate_accuracy": "A – официални географски координати",
        "mapped_status": "картографирано",
        "display_category": "Минерален сондаж",
        "temperature_class": "25–40°C"
      }
    },
    {
      "type": "Feature",
      "geometry": {
        "type": "Point",
        "coordinates": [
          28.0781246,
          43.3648218
        ]
      },
      "properties": {
        "basin_directorate": "Черноморски район",
        "district": "Добрич",
        "municipality": "Балчик",
        "settlement": "с. Оброчище",
        "deposit": "\"МВВХ\" №100 - участък Балчик",
        "section": "",
        "facility": "Р-149х                     Aлбена                         ПИ 53120.506.107",
        "facility_type": "водовземно",
        "year": "1992",
        "depth_m": "1409.0",
        "temperature_c": "28.0",
        "status": "оборудван",
        "registry_number": "251 100 00109/ 15.04.2008г.",
        "source_date": "31.12.2025",
        "source": "БДЧР – официален регистър",
        "source_url": "https://www.bsbd.bg/registri/Reg-saor_mineralni-vodi.xlsx",
        "coordinate_accuracy": "A – официални географски координати",
        "mapped_status": "картографирано",
        "display_category": "Минерален сондаж",
        "temperature_class": "25–40°C"
      }
    },
    {
      "type": "Feature",
      "geometry": {
        "type": "Point",
        "coordinates": [
          28.1983456,
          43.4156086
        ]
      },
      "properties": {
        "basin_directorate": "Черноморски район",
        "district": "Добрич",
        "municipality": "Балчик",
        "settlement": "Балчик",
        "deposit": "\"МВВХ\" №100 - участък Балчик",
        "section": "",
        "facility": "Р-177х               Балчик                    ПИ 02508.541.136.1",
        "facility_type": "водовземно",
        "year": "",
        "depth_m": "1228.0",
        "temperature_c": "27.0",
        "status": "оборудван",
        "registry_number": "251 100 00110/ 15.04.2008г.",
        "source_date": "31.12.2025",
        "source": "БДЧР – официален регистър",
        "source_url": "https://www.bsbd.bg/registri/Reg-saor_mineralni-vodi.xlsx",
        "coordinate_accuracy": "A – официални географски координати",
        "mapped_status": "картографирано",
        "display_category": "Минерален сондаж",
        "temperature_class": "25–40°C"
      }
    },
    {
      "type": "Feature",
      "geometry": {
        "type": "Point",
        "coordinates": [
          28.2263656,
          43.4139522
        ]
      },
      "properties": {
        "basin_directorate": "Черноморски район",
        "district": "Добрич",
        "municipality": "Балчик",
        "settlement": "Балчик",
        "deposit": "\"МВВХ\" №100 - участък Балчик",
        "section": "",
        "facility": "Р-178х               Балчик                   ПИ 02508.541.447",
        "facility_type": "водовземно",
        "year": "2006",
        "depth_m": "1102.0",
        "temperature_c": "27.0",
        "status": "оборудван",
        "registry_number": "251 100 00111/ 15.04.2008г.",
        "source_date": "31.12.2025",
        "source": "БДЧР – официален регистър",
        "source_url": "https://www.bsbd.bg/registri/Reg-saor_mineralni-vodi.xlsx",
        "coordinate_accuracy": "A – официални географски координати",
        "mapped_status": "картографирано",
        "display_category": "Минерален сондаж",
        "temperature_class": "25–40°C"
      }
    },
    {
      "type": "Feature",
      "geometry": {
        "type": "Point",
        "coordinates": [
          27.1979278,
          42.7015611
        ]
      },
      "properties": {
        "basin_directorate": "Черноморски район",
        "district": "Бургас",
        "municipality": "Айтос",
        "settlement": "с.Поляново",
        "deposit": "\"Поляново\"   община Айтос          № 58",
        "section": "",
        "facility": "Б-135                     Поляново",
        "facility_type": "водовземно",
        "year": "1992",
        "depth_m": "432.6",
        "temperature_c": "48.0",
        "status": "оборудван",
        "registry_number": "251 058 00112/ 07.05.2008г.",
        "source_date": "31.12.2025",
        "source": "БДЧР – официален регистър",
        "source_url": "https://www.bsbd.bg/registri/Reg-saor_mineralni-vodi.xlsx",
        "coordinate_accuracy": "A – официални географски координати",
        "mapped_status": "картографирано",
        "display_category": "Минерален сондаж",
        "temperature_class": "40–60°C"
      }
    },
    {
      "type": "Feature",
      "geometry": {
        "type": "Point",
        "coordinates": [
          27.1984722,
          42.7013889
        ]
      },
      "properties": {
        "basin_directorate": "Черноморски район",
        "district": "Бургас",
        "municipality": "Айтос",
        "settlement": "с.Поляново",
        "deposit": "\"Поляново\"   община Айтос          № 58",
        "section": "",
        "facility": "Б-111                   Поляново",
        "facility_type": "водовземно",
        "year": "1988",
        "depth_m": "263.0",
        "temperature_c": "50.0",
        "status": "оборудван",
        "registry_number": "251 058 00113/ 07.05.2008г.",
        "source_date": "31.12.2025",
        "source": "БДЧР – официален регистър",
        "source_url": "https://www.bsbd.bg/registri/Reg-saor_mineralni-vodi.xlsx",
        "coordinate_accuracy": "A – официални географски координати",
        "mapped_status": "картографирано",
        "display_category": "Минерален сондаж",
        "temperature_class": "40–60°C"
      }
    },
    {
      "type": "Feature",
      "geometry": {
        "type": "Point",
        "coordinates": [
          27.3133333,
          42.6742222
        ]
      },
      "properties": {
        "basin_directorate": "Черноморски район",
        "district": "Бургас",
        "municipality": "Айтос",
        "settlement": "с.Съдиево",
        "deposit": "\"Съдиево\" община Айтос           № 88",
        "section": "",
        "facility": "Б-20                       Съдиево",
        "facility_type": "водовземно",
        "year": "1968",
        "depth_m": "185.4",
        "temperature_c": "29.0",
        "status": "оборудван",
        "registry_number": "251 088 00114/ 07.05.2008г.",
        "source_date": "31.12.2025",
        "source": "БДЧР – официален регистър",
        "source_url": "https://www.bsbd.bg/registri/Reg-saor_mineralni-vodi.xlsx",
        "coordinate_accuracy": "A – официални географски координати",
        "mapped_status": "картографирано",
        "display_category": "Минерален сондаж",
        "temperature_class": "25–40°C"
      }
    },
    {
      "type": "Feature",
      "geometry": {
        "type": "Point",
        "coordinates": [
          27.3127778,
          42.6734722
        ]
      },
      "properties": {
        "basin_directorate": "Черноморски район",
        "district": "Бургас",
        "municipality": "Айтос",
        "settlement": "с.Съдиево",
        "deposit": "\"Съдиево\" община Айтос           № 88",
        "section": "",
        "facility": "Б-88                       Съдиево",
        "facility_type": "водовземно",
        "year": "1982",
        "depth_m": "520.6",
        "temperature_c": "30.0",
        "status": "оборудван",
        "registry_number": "251 088 00115/ 07.05.2008г.",
        "source_date": "31.12.2025",
        "source": "БДЧР – официален регистър",
        "source_url": "https://www.bsbd.bg/registri/Reg-saor_mineralni-vodi.xlsx",
        "coordinate_accuracy": "A – официални географски координати",
        "mapped_status": "картографирано",
        "display_category": "Минерален сондаж",
        "temperature_class": "25–40°C"
      }
    },
    {
      "type": "Feature",
      "geometry": {
        "type": "Point",
        "coordinates": [
          27.5723333,
          42.6236389
        ]
      },
      "properties": {
        "basin_directorate": "Черноморски район",
        "district": "Бургас",
        "municipality": "Поморие",
        "settlement": "с. Каменар",
        "deposit": "\"Каменар\"             община Поморие                  № 32",
        "section": "",
        "facility": "Б-53                   Каменар",
        "facility_type": "водовземно",
        "year": "1973",
        "depth_m": "247.8",
        "temperature_c": "21.3",
        "status": "оборудван",
        "registry_number": "251 032 00116/ 07.05.2008г.",
        "source_date": "31.12.2025",
        "source": "БДЧР – официален регистър",
        "source_url": "https://www.bsbd.bg/registri/Reg-saor_mineralni-vodi.xlsx",
        "coordinate_accuracy": "A – официални географски координати",
        "mapped_status": "картографирано",
        "display_category": "Минерален сондаж",
        "temperature_class": "< 25°C"
      }
    },
    {
      "type": "Feature",
      "geometry": {
        "type": "Point",
        "coordinates": [
          27.5723333,
          42.6236667
        ]
      },
      "properties": {
        "basin_directorate": "Черноморски район",
        "district": "Бургас",
        "municipality": "Поморие",
        "settlement": "с. Каменар",
        "deposit": "\"Каменар\"             община Поморие                  № 32",
        "section": "",
        "facility": "ТК-1                   Каменар",
        "facility_type": "мониторингов",
        "year": "1991",
        "depth_m": "265.0",
        "temperature_c": "20.5",
        "status": "самоизлив",
        "registry_number": "251 032 00117/ 07.05.2008г.",
        "source_date": "31.12.2025",
        "source": "БДЧР – официален регистър",
        "source_url": "https://www.bsbd.bg/registri/Reg-saor_mineralni-vodi.xlsx",
        "coordinate_accuracy": "A – официални географски координати",
        "mapped_status": "картографирано",
        "display_category": "Мониторингов сондаж",
        "temperature_class": "< 25°C"
      }
    },
    {
      "type": "Feature",
      "geometry": {
        "type": "Point",
        "coordinates": [
          27.5816667,
          42.6144167
        ]
      },
      "properties": {
        "basin_directorate": "Черноморски район",
        "district": "Бургас",
        "municipality": "Поморие",
        "settlement": "с. Каменар",
        "deposit": "\"Каменар\"             община Поморие                  № 32",
        "section": "",
        "facility": "Б-180                   Каменар",
        "facility_type": "водовземно",
        "year": "1997",
        "depth_m": "590.0",
        "temperature_c": "21.5",
        "status": "оборудван",
        "registry_number": "251 032 00119/ 07.05.2008г.",
        "source_date": "31.12.2025",
        "source": "БДЧР – официален регистър",
        "source_url": "https://www.bsbd.bg/registri/Reg-saor_mineralni-vodi.xlsx",
        "coordinate_accuracy": "A – официални географски координати",
        "mapped_status": "картографирано",
        "display_category": "Минерален сондаж",
        "temperature_class": "< 25°C"
      }
    },
    {
      "type": "Feature",
      "geometry": {
        "type": "Point",
        "coordinates": [
          27.5563889,
          42.7044722
        ]
      },
      "properties": {
        "basin_directorate": "Черноморски район",
        "district": "Бургас",
        "municipality": "Поморие",
        "settlement": "с. Медово",
        "deposit": "\"Медово\"             община Поморие                  № 43",
        "section": "",
        "facility": "Б-11                   Медово",
        "facility_type": "водовземно",
        "year": "1967",
        "depth_m": "250.3",
        "temperature_c": "22.1",
        "status": "няма данни",
        "registry_number": "251 043 00120/ 07.05.2008г.",
        "source_date": "31.12.2025",
        "source": "БДЧР – официален регистър",
        "source_url": "https://www.bsbd.bg/registri/Reg-saor_mineralni-vodi.xlsx",
        "coordinate_accuracy": "A – официални географски координати",
        "mapped_status": "картографирано",
        "display_category": "Минерален сондаж",
        "temperature_class": "< 25°C"
      }
    },
    {
      "type": "Feature",
      "geometry": {
        "type": "Point",
        "coordinates": [
          27.5554444,
          42.7040833
        ]
      },
      "properties": {
        "basin_directorate": "Черноморски район",
        "district": "Бургас",
        "municipality": "Поморие",
        "settlement": "с. Медово",
        "deposit": "\"Медово\"             община Поморие                  № 43",
        "section": "",
        "facility": "Б-72                  Медово",
        "facility_type": "водовземно",
        "year": "1977",
        "depth_m": "246.7",
        "temperature_c": "29.3",
        "status": "оборудван",
        "registry_number": "251 043 00121/ 07.05.2008г.",
        "source_date": "31.12.2025",
        "source": "БДЧР – официален регистър",
        "source_url": "https://www.bsbd.bg/registri/Reg-saor_mineralni-vodi.xlsx",
        "coordinate_accuracy": "A – официални географски координати",
        "mapped_status": "картографирано",
        "display_category": "Минерален сондаж",
        "temperature_class": "25–40°C"
      }
    },
    {
      "type": "Feature",
      "geometry": {
        "type": "Point",
        "coordinates": [
          27.5676111,
          42.6981667
        ]
      },
      "properties": {
        "basin_directorate": "Черноморски район",
        "district": "Бургас",
        "municipality": "Поморие",
        "settlement": "с. Медово",
        "deposit": "\"Медово\"             община Поморие                  № 43",
        "section": "",
        "facility": "Б-73                 Медово",
        "facility_type": "водовземно",
        "year": "1978",
        "depth_m": "340.2",
        "temperature_c": "39.0",
        "status": "оборудван",
        "registry_number": "251 043 00122/ 07.05.2008г.",
        "source_date": "31.12.2025",
        "source": "БДЧР – официален регистър",
        "source_url": "https://www.bsbd.bg/registri/Reg-saor_mineralni-vodi.xlsx",
        "coordinate_accuracy": "A – официални географски координати",
        "mapped_status": "картографирано",
        "display_category": "Минерален сондаж",
        "temperature_class": "25–40°C"
      }
    },
    {
      "type": "Feature",
      "geometry": {
        "type": "Point",
        "coordinates": [
          27.4802222,
          42.6056111
        ]
      },
      "properties": {
        "basin_directorate": "Черноморски район",
        "district": "Бургас",
        "municipality": "Бургас",
        "settlement": "с.Рудник",
        "deposit": "\"Рудник\"             община Бургас                 № 63",
        "section": "",
        "facility": "Б-166                  Рудник             ПИ 07079.17.2348",
        "facility_type": "водовземно",
        "year": "1955",
        "depth_m": "201.4",
        "temperature_c": "20.2",
        "status": "оборудван",
        "registry_number": " 251 063 00123/ 07.05.2008г.",
        "source_date": "31.12.2025",
        "source": "БДЧР – официален регистър",
        "source_url": "https://www.bsbd.bg/registri/Reg-saor_mineralni-vodi.xlsx",
        "coordinate_accuracy": "A – официални географски координати",
        "mapped_status": "картографирано",
        "display_category": "Минерален сондаж",
        "temperature_class": "< 25°C"
      }
    },
    {
      "type": "Feature",
      "geometry": {
        "type": "Point",
        "coordinates": [
          27.4120278,
          42.6185278
        ]
      },
      "properties": {
        "basin_directorate": "Черноморски район",
        "district": "Бургас",
        "municipality": "Бургас",
        "settlement": "с.Изворище",
        "deposit": "\"Изворище\"             община Бургас                 № 30",
        "section": "",
        "facility": "Б-81               \"Изворище\"  ПИ 070799.13.2908",
        "facility_type": "водовземно",
        "year": "1978",
        "depth_m": "150.5",
        "temperature_c": "22.4",
        "status": "оборудван",
        "registry_number": " 251 030 00124/ 07.05.2008г.",
        "source_date": "31.12.2025",
        "source": "БДЧР – официален регистър",
        "source_url": "https://www.bsbd.bg/registri/Reg-saor_mineralni-vodi.xlsx",
        "coordinate_accuracy": "A – официални географски координати",
        "mapped_status": "картографирано",
        "display_category": "Минерален сондаж",
        "temperature_class": "< 25°C"
      }
    },
    {
      "type": "Feature",
      "geometry": {
        "type": "Point",
        "coordinates": [
          27.2542019,
          42.6974683
        ]
      },
      "properties": {
        "basin_directorate": "Черноморски район",
        "district": "Бургас",
        "municipality": "Айтос",
        "settlement": "Айтос",
        "deposit": "\"Айтос\"             община Айтос                 № 1",
        "section": "",
        "facility": "Б-75               Айтос",
        "facility_type": "мониторингов",
        "year": "1976",
        "depth_m": "701.8",
        "temperature_c": "35.0",
        "status": "оборудван",
        "registry_number": " 251 001 00125/ 07.05.2008г.",
        "source_date": "31.12.2025",
        "source": "БДЧР – официален регистър",
        "source_url": "https://www.bsbd.bg/registri/Reg-saor_mineralni-vodi.xlsx",
        "coordinate_accuracy": "A – официални географски координати",
        "mapped_status": "картографирано",
        "display_category": "Мониторингов сондаж",
        "temperature_class": "25–40°C"
      }
    },
    {
      "type": "Feature",
      "geometry": {
        "type": "Point",
        "coordinates": [
          27.2546944,
          42.6975833
        ]
      },
      "properties": {
        "basin_directorate": "Черноморски район",
        "district": "Бургас",
        "municipality": "Айтос",
        "settlement": "Айтос",
        "deposit": "\"Айтос\"             община Айтос                 № 1",
        "section": "",
        "facility": "Б-18              Айтос",
        "facility_type": "водовземно",
        "year": "няма данни",
        "depth_m": "701.8",
        "temperature_c": "44.0",
        "status": "оборудван",
        "registry_number": "251 001 00126/ 07.05.2008г",
        "source_date": "31.12.2025",
        "source": "БДЧР – официален регистър",
        "source_url": "https://www.bsbd.bg/registri/Reg-saor_mineralni-vodi.xlsx",
        "coordinate_accuracy": "A – официални географски координати",
        "mapped_status": "картографирано",
        "display_category": "Минерален сондаж",
        "temperature_class": "40–60°C"
      }
    },
    {
      "type": "Feature",
      "geometry": {
        "type": "Point",
        "coordinates": [
          27.3938889,
          42.6117778
        ]
      },
      "properties": {
        "basin_directorate": "Черноморски район",
        "district": "Бургас",
        "municipality": "Бургас",
        "settlement": "с.Ветрен",
        "deposit": "\"Бургаски минерални бани\"             община Бургас                № 13",
        "section": "",
        "facility": "Б-191              Бургаски минерални бани",
        "facility_type": "водовземно",
        "year": "1996",
        "depth_m": "133.5",
        "temperature_c": "41.0",
        "status": "оборудван",
        "registry_number": "251 013 00127/ 08.05.2008г.",
        "source_date": "31.12.2025",
        "source": "БДЧР – официален регистър",
        "source_url": "https://www.bsbd.bg/registri/Reg-saor_mineralni-vodi.xlsx",
        "coordinate_accuracy": "A – официални географски координати",
        "mapped_status": "картографирано",
        "display_category": "Минерален сондаж",
        "temperature_class": "40–60°C"
      }
    },
    {
      "type": "Feature",
      "geometry": {
        "type": "Point",
        "coordinates": [
          27.7650661,
          42.2382742
        ]
      },
      "properties": {
        "basin_directorate": "Черноморски район",
        "district": "Бургас",
        "municipality": "Приморско",
        "settlement": "с.Китен",
        "deposit": "\"Китен\"             община Приморско                  № 35",
        "section": "",
        "facility": "Б-6                  Китен                          ПИ 37023.501.18",
        "facility_type": "водовземно",
        "year": "1966",
        "depth_m": "570.1",
        "temperature_c": "16.0",
        "status": "оборудван",
        "registry_number": "251 035 00128/ 08.05.2008г.",
        "source_date": "31.12.2025",
        "source": "БДЧР – официален регистър",
        "source_url": "https://www.bsbd.bg/registri/Reg-saor_mineralni-vodi.xlsx",
        "coordinate_accuracy": "A – официални географски координати",
        "mapped_status": "картографирано",
        "display_category": "Минерален сондаж",
        "temperature_class": "< 25°C"
      }
    },
    {
      "type": "Feature",
      "geometry": {
        "type": "Point",
        "coordinates": [
          27.7096503,
          42.7050464
        ]
      },
      "properties": {
        "basin_directorate": "Черноморски район",
        "district": "Бургас",
        "municipality": "Несебър",
        "settlement": "к.к. Слънчев бряг",
        "deposit": "\"Слънчев бряг\"             община Несебър               № 73",
        "section": "",
        "facility": "Б-76            \"Слънчев бряг\"",
        "facility_type": "водовземно",
        "year": "1977",
        "depth_m": "618.4",
        "temperature_c": "28.0",
        "status": "няма данни",
        "registry_number": "251 073 00129/ 08.05.2008г.",
        "source_date": "31.12.2025",
        "source": "БДЧР – официален регистър",
        "source_url": "https://www.bsbd.bg/registri/Reg-saor_mineralni-vodi.xlsx",
        "coordinate_accuracy": "A – официални географски координати",
        "mapped_status": "картографирано",
        "display_category": "Минерален сондаж",
        "temperature_class": "25–40°C"
      }
    },
    {
      "type": "Feature",
      "geometry": {
        "type": "Point",
        "coordinates": [
          27.7200322,
          42.7074103
        ]
      },
      "properties": {
        "basin_directorate": "Черноморски район",
        "district": "Бургас",
        "municipality": "Несебър",
        "settlement": "к.к. Слънчев бряг",
        "deposit": "\"Слънчев бряг\"             община Несебър               № 73",
        "section": "",
        "facility": "Б-1           Слънчев бряг",
        "facility_type": "водовземно",
        "year": "1964",
        "depth_m": "1249.6",
        "temperature_c": "33.0",
        "status": "няма данни",
        "registry_number": "251 073 00130/ 08.05.2008г.",
        "source_date": "31.12.2025",
        "source": "БДЧР – официален регистър",
        "source_url": "https://www.bsbd.bg/registri/Reg-saor_mineralni-vodi.xlsx",
        "coordinate_accuracy": "A – официални географски координати",
        "mapped_status": "картографирано",
        "display_category": "Минерален сондаж",
        "temperature_class": "25–40°C"
      }
    },
    {
      "type": "Feature",
      "geometry": {
        "type": "Point",
        "coordinates": [
          27.8712222,
          42.9523333
        ]
      },
      "properties": {
        "basin_directorate": "Черноморски район",
        "district": "Варна",
        "municipality": "Д.чифлик",
        "settlement": "с.Шкорпиловци",
        "deposit": "Район \"Долна Камчия\"                 -йодо-бромни води -  №99",
        "section": "",
        "facility": "Р-54 Шкорпиловци",
        "facility_type": "водовземно",
        "year": "",
        "depth_m": "",
        "temperature_c": "",
        "status": "ликвидиран",
        "registry_number": "251 099 00131/08.05.2008",
        "source_date": "31.12.2025",
        "source": "БДЧР – официален регистър",
        "source_url": "https://www.bsbd.bg/registri/Reg-saor_mineralni-vodi.xlsx",
        "coordinate_accuracy": "A – официални географски координати",
        "mapped_status": "картографирано",
        "display_category": "Ликвидиран/закрит",
        "temperature_class": "Без температура"
      }
    },
    {
      "type": "Feature",
      "geometry": {
        "type": "Point",
        "coordinates": [
          28.1159858,
          43.4183967
        ]
      },
      "properties": {
        "basin_directorate": "Черноморски район",
        "district": "Добрич",
        "municipality": "Балчик",
        "settlement": "Балчик",
        "deposit": "\"МВВХ\" №100 - участък Балчик",
        "section": "",
        "facility": "Р-199х\"Албена-Балчик\"                      ПИ 02508.90.770",
        "facility_type": "водовземно",
        "year": "2012",
        "depth_m": "1008.0",
        "temperature_c": "26.0",
        "status": "оборудван",
        "registry_number": "251 100 00132/23.04.2013",
        "source_date": "31.12.2025",
        "source": "БДЧР – официален регистър",
        "source_url": "https://www.bsbd.bg/registri/Reg-saor_mineralni-vodi.xlsx",
        "coordinate_accuracy": "A – официални географски координати",
        "mapped_status": "картографирано",
        "display_category": "Минерален сондаж",
        "temperature_class": "25–40°C"
      }
    },
    {
      "type": "Feature",
      "geometry": {
        "type": "Point",
        "coordinates": [
          28.2371692,
          43.4086775
        ]
      },
      "properties": {
        "basin_directorate": "Черноморски район",
        "district": "Добрич",
        "municipality": "Каварна",
        "settlement": "с.Топола",
        "deposit": "\"МВВХ\" №100 - участък Каварна",
        "section": "",
        "facility": "Р-33а \"Тузлата - Бялата лагуна\"     ПИ 72693.154.9",
        "facility_type": "водовземно",
        "year": "2014",
        "depth_m": "1000.0",
        "temperature_c": "32.0",
        "status": "оборудван",
        "registry_number": "251 100 00133/28.05.2014",
        "source_date": "31.12.2025",
        "source": "БДЧР – официален регистър",
        "source_url": "https://www.bsbd.bg/registri/Reg-saor_mineralni-vodi.xlsx",
        "coordinate_accuracy": "A – официални географски координати",
        "mapped_status": "картографирано",
        "display_category": "Минерален сондаж",
        "temperature_class": "25–40°C"
      }
    },
    {
      "type": "Feature",
      "geometry": {
        "type": "Point",
        "coordinates": [
          28.2146444,
          43.4822306
        ]
      },
      "properties": {
        "basin_directorate": "Черноморски район",
        "district": "Добрич",
        "municipality": "Балчик",
        "settlement": "с.Гурково",
        "deposit": "\"МВВХ\" №100 - участък Балчик",
        "section": "",
        "facility": "Р-1 \"Гурково\"",
        "facility_type": "водовземно",
        "year": "2014",
        "depth_m": "3010.0",
        "temperature_c": "28.0",
        "status": "необорудван",
        "registry_number": "251 100 00134/14./01.2015",
        "source_date": "31.12.2025",
        "source": "БДЧР – официален регистър",
        "source_url": "https://www.bsbd.bg/registri/Reg-saor_mineralni-vodi.xlsx",
        "coordinate_accuracy": "A – официални географски координати",
        "mapped_status": "картографирано",
        "display_category": "Минерален сондаж",
        "temperature_class": "25–40°C"
      }
    },
    {
      "type": "Feature",
      "geometry": {
        "type": "Point",
        "coordinates": [
          28.0119642,
          43.3591447
        ]
      },
      "properties": {
        "basin_directorate": "Черноморски район",
        "district": "Варна",
        "municipality": "Аксаково",
        "settlement": "с. Генерал Кантарджиево",
        "deposit": "\"МВВХ\" №100 участък  Аксаково",
        "section": "",
        "facility": "Р-182х ,,Кранево\"                 /\"Евросилекс\"/                        ПИ 14653.136.68",
        "facility_type": "водовземно",
        "year": "2007",
        "depth_m": "1400.0",
        "temperature_c": "32.0",
        "status": "необорудван",
        "registry_number": "251 100 00135/02.04.2009 г",
        "source_date": "31.12.2025",
        "source": "БДЧР – официален регистър",
        "source_url": "https://www.bsbd.bg/registri/Reg-saor_mineralni-vodi.xlsx",
        "coordinate_accuracy": "A – официални географски координати",
        "mapped_status": "картографирано",
        "display_category": "Минерален сондаж",
        "temperature_class": "25–40°C"
      }
    },
    {
      "type": "Feature",
      "geometry": {
        "type": "Point",
        "coordinates": [
          28.6079167,
          43.5615
        ]
      },
      "properties": {
        "basin_directorate": "Черноморски район",
        "district": "Добрич",
        "municipality": "Шабла",
        "settlement": "Шабла",
        "deposit": "\"МВВХ\" №100 - участък Шабла",
        "section": "",
        "facility": "Р-40              Шабла",
        "facility_type": "водовземно",
        "year": "1954-57",
        "depth_m": "3145.0",
        "temperature_c": "45.0",
        "status": "ликвидиран",
        "registry_number": "251100 00136/ 05.02.2009г.",
        "source_date": "31.12.2025",
        "source": "БДЧР – официален регистър",
        "source_url": "https://www.bsbd.bg/registri/Reg-saor_mineralni-vodi.xlsx",
        "coordinate_accuracy": "A – официални географски координати",
        "mapped_status": "картографирано",
        "display_category": "Ликвидиран/закрит",
        "temperature_class": "40–60°C"
      }
    },
    {
      "type": "Feature",
      "geometry": {
        "type": "Point",
        "coordinates": [
          27.8920556,
          43.07725
        ]
      },
      "properties": {
        "basin_directorate": "Черноморски район",
        "district": "Варна",
        "municipality": "Аврен",
        "settlement": "с. Близнаци",
        "deposit": "\"МВВХ\"  №100 участък  Аврен",
        "section": "",
        "facility": "Р-70 ,,Близнаци\"      ПИ 04426.501.62",
        "facility_type": "водовземно",
        "year": "",
        "depth_m": "1905.0",
        "temperature_c": "69.6",
        "status": "оборудван",
        "registry_number": "251 100 00138/14.09.2015г.",
        "source_date": "31.12.2025",
        "source": "БДЧР – официален регистър",
        "source_url": "https://www.bsbd.bg/registri/Reg-saor_mineralni-vodi.xlsx",
        "coordinate_accuracy": "A – официални географски координати",
        "mapped_status": "картографирано",
        "display_category": "Минерален сондаж",
        "temperature_class": "60–80°C"
      }
    },
    {
      "type": "Feature",
      "geometry": {
        "type": "Point",
        "coordinates": [
          28.0595833,
          43.3518333
        ]
      },
      "properties": {
        "basin_directorate": "Черноморски район",
        "district": "Добрич",
        "municipality": "Балчик",
        "settlement": "с. Кранево",
        "deposit": "\"ЕВХ\" -  №101 - участък Балчик",
        "section": "",
        "facility": "С-8 /СК-8 Албена/ Кранево  ПИ 39459.4.159-ДС",
        "facility_type": "водовземно",
        "year": "",
        "depth_m": "700.0",
        "temperature_c": "23.0",
        "status": "самоизлив",
        "registry_number": "нов - 215 026 00139/11.09.2015г./стар -252 026 00817/ 12.07.2007/",
        "source_date": "31.12.2025",
        "source": "БДЧР – официален регистър",
        "source_url": "https://www.bsbd.bg/registri/Reg-saor_mineralni-vodi.xlsx",
        "coordinate_accuracy": "A – официални географски координати",
        "mapped_status": "картографирано",
        "display_category": "Минерален сондаж",
        "temperature_class": "< 25°C"
      }
    },
    {
      "type": "Feature",
      "geometry": {
        "type": "Point",
        "coordinates": [
          27.87853,
          43.21938
        ]
      },
      "properties": {
        "basin_directorate": "Черноморски район",
        "district": "Варна",
        "municipality": "Варна",
        "settlement": "Варна",
        "deposit": "\"МВВХ\" №100 - участък Варна",
        "section": "",
        "facility": "Р-209х ,,ИСУ – Инвест – Варна“   ПИ 10135.3514.813",
        "facility_type": "водовземно",
        "year": "2019",
        "depth_m": "1960.0",
        "temperature_c": "48.0",
        "status": "оборудван",
        "registry_number": "215 100 00140/30.10.2019г.",
        "source_date": "31.12.2025",
        "source": "БДЧР – официален регистър",
        "source_url": "https://www.bsbd.bg/registri/Reg-saor_mineralni-vodi.xlsx",
        "coordinate_accuracy": "A – официални географски координати",
        "mapped_status": "картографирано",
        "display_category": "Минерален сондаж",
        "temperature_class": "40–60°C"
      }
    },
    {
      "type": "Feature",
      "geometry": {
        "type": "Point",
        "coordinates": [
          28.04425,
          43.3833889
        ]
      },
      "properties": {
        "basin_directorate": "Черноморски район",
        "district": "Добрич",
        "municipality": "Балчик",
        "settlement": "с.Оброчище ",
        "deposit": "\"ЕВХ\" -  №101 - участък Балчик",
        "section": "",
        "facility": "С-1 /СК-1 \"Албена\"/       ПИ 53120.109.29",
        "facility_type": "водовземно",
        "year": "",
        "depth_m": "605.0",
        "temperature_c": "23.0",
        "status": "оборудван",
        "registry_number": "нов - 251 101 00141/16.06.2020/стар -  252 026 00810/ 12.07.2007",
        "source_date": "31.12.2025",
        "source": "БДЧР – официален регистър",
        "source_url": "https://www.bsbd.bg/registri/Reg-saor_mineralni-vodi.xlsx",
        "coordinate_accuracy": "A – официални географски координати",
        "mapped_status": "картографирано",
        "display_category": "Минерален сондаж",
        "temperature_class": "< 25°C"
      }
    },
    {
      "type": "Feature",
      "geometry": {
        "type": "Point",
        "coordinates": [
          28.0613889,
          43.3715
        ]
      },
      "properties": {
        "basin_directorate": "Черноморски район",
        "district": "Добрич",
        "municipality": "Балчик",
        "settlement": "с. Рогачево",
        "deposit": "\"ЕВХ\" -  №101 - участък Балчик",
        "section": "",
        "facility": "С-2 /СК-2 \"Албена\"/              ПИ 62788.34.12",
        "facility_type": "водовземно",
        "year": "",
        "depth_m": "600.0",
        "temperature_c": "22.8",
        "status": "оборудван",
        "registry_number": "нов - 251 101 00142/16.06.2020/стар -  252 026 00811/ 12.07.2007",
        "source_date": "31.12.2025",
        "source": "БДЧР – официален регистър",
        "source_url": "https://www.bsbd.bg/registri/Reg-saor_mineralni-vodi.xlsx",
        "coordinate_accuracy": "A – официални географски координати",
        "mapped_status": "картографирано",
        "display_category": "Минерален сондаж",
        "temperature_class": "< 25°C"
      }
    },
    {
      "type": "Feature",
      "geometry": {
        "type": "Point",
        "coordinates": [
          28.0568889,
          43.3685556
        ]
      },
      "properties": {
        "basin_directorate": "Черноморски район",
        "district": "Добрич",
        "municipality": "Балчик",
        "settlement": "с. Рогачево",
        "deposit": "\"ЕВХ\" -  №101 - участък Балчик",
        "section": "",
        "facility": "С-3 /СК-3 \"Албена\"/                ПИ 62788.34.10",
        "facility_type": "водовземно",
        "year": "",
        "depth_m": "600.0",
        "temperature_c": "21.5",
        "status": "оборудван",
        "registry_number": "нов - 251 101 00143/16.06.2020/стар -  252 026 00812/ 12.07.2007",
        "source_date": "31.12.2025",
        "source": "БДЧР – официален регистър",
        "source_url": "https://www.bsbd.bg/registri/Reg-saor_mineralni-vodi.xlsx",
        "coordinate_accuracy": "A – официални географски координати",
        "mapped_status": "картографирано",
        "display_category": "Минерален сондаж",
        "temperature_class": "< 25°C"
      }
    },
    {
      "type": "Feature",
      "geometry": {
        "type": "Point",
        "coordinates": [
          28.0525556,
          43.368
        ]
      },
      "properties": {
        "basin_directorate": "Черноморски район",
        "district": "Добрич",
        "municipality": "Балчик",
        "settlement": "с. Рогачево",
        "deposit": "\"ЕВХ\" -  №101 - участък Балчик",
        "section": "",
        "facility": "С-4 /СК-4 \"Албена\"/              ПИ 62788.34.6",
        "facility_type": "водовземно",
        "year": "",
        "depth_m": "600.0",
        "temperature_c": "25.0",
        "status": "оборудван",
        "registry_number": "нов - 251 101  00144/16.06.2020/стар -  252 026 00813/ 12.07.2007",
        "source_date": "31.12.2025",
        "source": "БДЧР – официален регистър",
        "source_url": "https://www.bsbd.bg/registri/Reg-saor_mineralni-vodi.xlsx",
        "coordinate_accuracy": "A – официални географски координати",
        "mapped_status": "картографирано",
        "display_category": "Минерален сондаж",
        "temperature_class": "25–40°C"
      }
    },
    {
      "type": "Feature",
      "geometry": {
        "type": "Point",
        "coordinates": [
          28.0528889,
          43.3639722
        ]
      },
      "properties": {
        "basin_directorate": "Черноморски район",
        "district": "Добрич",
        "municipality": "Балчик",
        "settlement": "с. Рогачево",
        "deposit": "\"ЕВХ\" -  №101 - участък Балчик",
        "section": "",
        "facility": "С-5 /СК-5 \"Албена\"/              ПИ 62788.33.9",
        "facility_type": "водовземно",
        "year": "",
        "depth_m": "570.0",
        "temperature_c": "",
        "status": "оборудван",
        "registry_number": "нов - 251 101 00145/16.06.2020/стар -  252 026 00814/ 12.07.2007",
        "source_date": "31.12.2025",
        "source": "БДЧР – официален регистър",
        "source_url": "https://www.bsbd.bg/registri/Reg-saor_mineralni-vodi.xlsx",
        "coordinate_accuracy": "A – официални географски координати",
        "mapped_status": "картографирано",
        "display_category": "Минерален сондаж",
        "temperature_class": "Без температура"
      }
    },
    {
      "type": "Feature",
      "geometry": {
        "type": "Point",
        "coordinates": [
          28.0537778,
          43.3603611
        ]
      },
      "properties": {
        "basin_directorate": "Черноморски район",
        "district": "Добрич",
        "municipality": "Балчик",
        "settlement": "с. Кранево",
        "deposit": "\"ЕВХ\" -  №101 - участък Балчик",
        "section": "",
        "facility": "С-6 /СК-6 \"Албена\"/                 ПИ 39459.507.404",
        "facility_type": "водовземно",
        "year": "",
        "depth_m": "640.0",
        "temperature_c": "22.1",
        "status": "оборудван",
        "registry_number": "нов - 251 101 00146/16.06.2020/стар -  252 026 00815/ 12.07.2007",
        "source_date": "31.12.2025",
        "source": "БДЧР – официален регистър",
        "source_url": "https://www.bsbd.bg/registri/Reg-saor_mineralni-vodi.xlsx",
        "coordinate_accuracy": "A – официални географски координати",
        "mapped_status": "картографирано",
        "display_category": "Минерален сондаж",
        "temperature_class": "< 25°C"
      }
    },
    {
      "type": "Feature",
      "geometry": {
        "type": "Point",
        "coordinates": [
          28.0573333,
          43.3566111
        ]
      },
      "properties": {
        "basin_directorate": "Черноморски район",
        "district": "Добрич",
        "municipality": "Балчик",
        "settlement": "с. Кранево",
        "deposit": "\"ЕВХ\" -  №101 - участък Балчик",
        "section": "",
        "facility": "С-7 /СК-7 \"Албена\"/        ПИ 39459.4.159",
        "facility_type": "водовземно",
        "year": "",
        "depth_m": "600.0",
        "temperature_c": "24.1",
        "status": "оборудван",
        "registry_number": "нов - 251 101 00147/16.06.2020/стар -  252 026 00816/ 12.07.2007",
        "source_date": "31.12.2025",
        "source": "БДЧР – официален регистър",
        "source_url": "https://www.bsbd.bg/registri/Reg-saor_mineralni-vodi.xlsx",
        "coordinate_accuracy": "A – официални географски координати",
        "mapped_status": "картографирано",
        "display_category": "Минерален сондаж",
        "temperature_class": "< 25°C"
      }
    },
    {
      "type": "Feature",
      "geometry": {
        "type": "Point",
        "coordinates": [
          28.2811022,
          43.4987481
        ]
      },
      "properties": {
        "basin_directorate": "Черноморски район",
        "district": "Добрич",
        "municipality": "Балчик",
        "settlement": "с. Гурково",
        "deposit": "\"МВВХ\"  №100 участък  Балчик",
        "section": "",
        "facility": "Р-66х Гурково            ПИ 18160.40.79",
        "facility_type": "водовземно",
        "year": "1970",
        "depth_m": "1010.0",
        "temperature_c": "25.0",
        "status": "консервиран",
        "registry_number": "нов - 251 100 00148/16.06.2020/стар -  252 041 00723/ 15.07.2007/",
        "source_date": "31.12.2025",
        "source": "БДЧР – официален регистър",
        "source_url": "https://www.bsbd.bg/registri/Reg-saor_mineralni-vodi.xlsx",
        "coordinate_accuracy": "A – официални географски координати",
        "mapped_status": "картографирано",
        "display_category": "Консервиран",
        "temperature_class": "25–40°C"
      }
    },
    {
      "type": "Feature",
      "geometry": {
        "type": "Point",
        "coordinates": [
          28.2641561,
          43.4871322
        ]
      },
      "properties": {
        "basin_directorate": "Черноморски район",
        "district": "Добрич",
        "municipality": "Балчик",
        "settlement": "с. Гурково",
        "deposit": "\"МВВХ\"  №100 участък  Балчик",
        "section": "",
        "facility": "Р-134 Гурково      /Македонка/     ПИ 18160.56.2",
        "facility_type": "водовземно",
        "year": "1978",
        "depth_m": "1848.0",
        "temperature_c": "22.0",
        "status": "оборудван",
        "registry_number": "нов - 251 100 00149/16.06.2020 /стар -  252 041 00724/ 15.07.2007/",
        "source_date": "31.12.2025",
        "source": "БДЧР – официален регистър",
        "source_url": "https://www.bsbd.bg/registri/Reg-saor_mineralni-vodi.xlsx",
        "coordinate_accuracy": "A – официални географски координати",
        "mapped_status": "картографирано",
        "display_category": "Минерален сондаж",
        "temperature_class": "< 25°C"
      }
    },
    {
      "type": "Feature",
      "geometry": {
        "type": "Point",
        "coordinates": [
          28.2895375,
          43.4905147
        ]
      },
      "properties": {
        "basin_directorate": "Черноморски район",
        "district": "Добрич",
        "municipality": "Балчик",
        "settlement": "с. Гурково",
        "deposit": "\"МВВХ\"  №100 участък  Балчик",
        "section": "",
        "facility": "Р-136 Гурково    ПИ 18160.43.25",
        "facility_type": "водовземно",
        "year": "1983",
        "depth_m": "1997.0",
        "temperature_c": "23.0",
        "status": "оборудван",
        "registry_number": "нов - 251 100 00150/16.06.2020 /стар -  252 041 00725/ 15.07.2007/",
        "source_date": "31.12.2025",
        "source": "БДЧР – официален регистър",
        "source_url": "https://www.bsbd.bg/registri/Reg-saor_mineralni-vodi.xlsx",
        "coordinate_accuracy": "A – официални географски координати",
        "mapped_status": "картографирано",
        "display_category": "Минерален сондаж",
        "temperature_class": "< 25°C"
      }
    },
    {
      "type": "Feature",
      "geometry": {
        "type": "Point",
        "coordinates": [
          28.2976892,
          43.4877369
        ]
      },
      "properties": {
        "basin_directorate": "Черноморски район",
        "district": "Добрич",
        "municipality": "Балчик",
        "settlement": "с. Гурково",
        "deposit": "\"МВВХ\"  №100 участък  Балчик",
        "section": "",
        "facility": "Р-170 Гурково      ПИ 18160.43.27",
        "facility_type": "водовземно",
        "year": "1983",
        "depth_m": "1784.0",
        "temperature_c": "24.0",
        "status": "оборудван",
        "registry_number": "нов - 251 100 00151/16.06.2020 /стар -  252 041 00727/ 15.07.2007/",
        "source_date": "31.12.2025",
        "source": "БДЧР – официален регистър",
        "source_url": "https://www.bsbd.bg/registri/Reg-saor_mineralni-vodi.xlsx",
        "coordinate_accuracy": "A – официални географски координати",
        "mapped_status": "картографирано",
        "display_category": "Минерален сондаж",
        "temperature_class": "< 25°C"
      }
    },
    {
      "type": "Feature",
      "geometry": {
        "type": "Point",
        "coordinates": [
          28.0829653,
          43.4401844
        ]
      },
      "properties": {
        "basin_directorate": "Черноморски район",
        "district": "Добрич",
        "municipality": "Балчик",
        "settlement": "с. Бобовец",
        "deposit": "\"МВВХ\"  №100 участък  Балчик",
        "section": "",
        "facility": "Р - Бобовец     ПИ 04515.13.51",
        "facility_type": "водовземно",
        "year": "1991",
        "depth_m": "",
        "temperature_c": "16.5",
        "status": "оборудван",
        "registry_number": "нов - 251 100 00152/16.06.2020 /стар -  252 041 00820/ 15.07.2007/",
        "source_date": "31.12.2025",
        "source": "БДЧР – официален регистър",
        "source_url": "https://www.bsbd.bg/registri/Reg-saor_mineralni-vodi.xlsx",
        "coordinate_accuracy": "A – официални географски координати",
        "mapped_status": "картографирано",
        "display_category": "Минерален сондаж",
        "temperature_class": "< 25°C"
      }
    },
    {
      "type": "Feature",
      "geometry": {
        "type": "Point",
        "coordinates": [
          28.0690653,
          43.5689622
        ]
      },
      "properties": {
        "basin_directorate": "Черноморски район",
        "district": "Добрич",
        "municipality": "Балчик",
        "settlement": "с. Дропла",
        "deposit": "\"МВВХ\"  №100 участък  Балчик",
        "section": "",
        "facility": "Р-Дропла         ПИ 23769.51.78",
        "facility_type": "водовземно",
        "year": "1983",
        "depth_m": "767.0",
        "temperature_c": "19.0",
        "status": "оборудван",
        "registry_number": "нов - 251 100 00153/16.06.2020 /стар - 252 041 00826/ 15.07.2007/",
        "source_date": "31.12.2025",
        "source": "БДЧР – официален регистър",
        "source_url": "https://www.bsbd.bg/registri/Reg-saor_mineralni-vodi.xlsx",
        "coordinate_accuracy": "A – официални географски координати",
        "mapped_status": "картографирано",
        "display_category": "Минерален сондаж",
        "temperature_class": "< 25°C"
      }
    },
    {
      "type": "Feature",
      "geometry": {
        "type": "Point",
        "coordinates": [
          28.0247092,
          43.4114861
        ]
      },
      "properties": {
        "basin_directorate": "Черноморски район",
        "district": "Добрич",
        "municipality": "Балчик",
        "settlement": "с. Църква",
        "deposit": "\"МВВХ\"  №100 участък  Балчик",
        "section": "",
        "facility": "Р-59х \"Църква\"     ПИ 78639.16.24",
        "facility_type": "водовземно",
        "year": "1982",
        "depth_m": "1200.0",
        "temperature_c": "22.0",
        "status": "оборудван",
        "registry_number": "нов - 251 100 00154/16.06.2020 /стар - 252 041 00844/ 15.07.2007/",
        "source_date": "31.12.2025",
        "source": "БДЧР – официален регистър",
        "source_url": "https://www.bsbd.bg/registri/Reg-saor_mineralni-vodi.xlsx",
        "coordinate_accuracy": "A – официални географски координати",
        "mapped_status": "картографирано",
        "display_category": "Минерален сондаж",
        "temperature_class": "< 25°C"
      }
    },
    {
      "type": "Feature",
      "geometry": {
        "type": "Point",
        "coordinates": [
          28.3053222,
          43.5020825
        ]
      },
      "properties": {
        "basin_directorate": "Черноморски район",
        "district": "Добрич",
        "municipality": "Каварна",
        "settlement": "с. Могилище",
        "deposit": "\"МВВХ\"  №100 участък  Каварна",
        "section": "",
        "facility": "Р-109 Могилище       ПИ 48828.1.109-ЧС",
        "facility_type": "водовземно",
        "year": "1970",
        "depth_m": "1750.0",
        "temperature_c": "24.0",
        "status": "оборудван",
        "registry_number": "нов - 251 100 00155/16.06.2020 /стар - 252 041 00728/ 15.07.2007/",
        "source_date": "31.12.2025",
        "source": "БДЧР – официален регистър",
        "source_url": "https://www.bsbd.bg/registri/Reg-saor_mineralni-vodi.xlsx",
        "coordinate_accuracy": "A – официални географски координати",
        "mapped_status": "картографирано",
        "display_category": "Минерален сондаж",
        "temperature_class": "< 25°C"
      }
    },
    {
      "type": "Feature",
      "geometry": {
        "type": "Point",
        "coordinates": [
          28.3418472,
          43.4590656
        ]
      },
      "properties": {
        "basin_directorate": "Черноморски район",
        "district": "Добрич",
        "municipality": "Каварна",
        "settlement": "Каварна",
        "deposit": "\"МВВХ\"  №100 участък  Каварна",
        "section": "",
        "facility": "Р-104 Каварна     ПИ 35064.30.158-МЗГ-ХМС",
        "facility_type": "водовземно",
        "year": "1969",
        "depth_m": "",
        "temperature_c": "",
        "status": "оборудван",
        "registry_number": "нов - 251 100 00156/16.06.2020 /стар - 252 041 00880/ 15.07.2007/",
        "source_date": "31.12.2025",
        "source": "БДЧР – официален регистър",
        "source_url": "https://www.bsbd.bg/registri/Reg-saor_mineralni-vodi.xlsx",
        "coordinate_accuracy": "A – официални географски координати",
        "mapped_status": "картографирано",
        "display_category": "Минерален сондаж",
        "temperature_class": "Без температура"
      }
    },
    {
      "type": "Feature",
      "geometry": {
        "type": "Point",
        "coordinates": [
          28.2787586,
          43.4413558
        ]
      },
      "properties": {
        "basin_directorate": "Черноморски район",
        "district": "Добрич",
        "municipality": "Каварна",
        "settlement": "с. Божурец",
        "deposit": "\"МВВХ\"  №100 участък  Каварна",
        "section": "",
        "facility": "Р-Селце               ПИ 05009.15.117 - ОС-Кв",
        "facility_type": "водовземно",
        "year": "1988",
        "depth_m": "1180.0",
        "temperature_c": "27.0",
        "status": "оборудван",
        "registry_number": "нов - 251 100 00157/16.06.2020 /стар - 252 041 00883/ 15.07.2007/",
        "source_date": "31.12.2025",
        "source": "БДЧР – официален регистър",
        "source_url": "https://www.bsbd.bg/registri/Reg-saor_mineralni-vodi.xlsx",
        "coordinate_accuracy": "A – официални географски координати",
        "mapped_status": "картографирано",
        "display_category": "Минерален сондаж",
        "temperature_class": "25–40°C"
      }
    },
    {
      "type": "Feature",
      "geometry": {
        "type": "Point",
        "coordinates": [
          28.31566,
          43.4676222
        ]
      },
      "properties": {
        "basin_directorate": "Черноморски район",
        "district": "Добрич",
        "municipality": "Каварна",
        "settlement": "с. Селце",
        "deposit": "\"МВВХ\"  №100 участък  Каварна",
        "section": "",
        "facility": "Р-110 Раковски      ПИ 66113.26.58 -,,НС\" ЕАД",
        "facility_type": "водовземно",
        "year": "1968",
        "depth_m": "",
        "temperature_c": "",
        "status": "оборудван",
        "registry_number": "нов - 251 100 00158/16.06.2020 /стар - 252 041 00884/ 15.07.2007/",
        "source_date": "31.12.2025",
        "source": "БДЧР – официален регистър",
        "source_url": "https://www.bsbd.bg/registri/Reg-saor_mineralni-vodi.xlsx",
        "coordinate_accuracy": "A – официални географски координати",
        "mapped_status": "картографирано",
        "display_category": "Минерален сондаж",
        "temperature_class": "Без температура"
      }
    },
    {
      "type": "Feature",
      "geometry": {
        "type": "Point",
        "coordinates": [
          28.3107381,
          43.6017872
        ]
      },
      "properties": {
        "basin_directorate": "Черноморски район",
        "district": "Добрич",
        "municipality": "Каварна",
        "settlement": "с. Белгун",
        "deposit": "\"МВВХ\"  №100 участък  Каварна",
        "section": "",
        "facility": "Р-Белгун    ПИ 03318.10.156- ОС-Кв",
        "facility_type": "водовземно",
        "year": "1987",
        "depth_m": "",
        "temperature_c": "16.0",
        "status": "оборудван",
        "registry_number": "нов - 251 100 00159/16.06.2020 /стар - 252 041 00890/ 15.07.2007/",
        "source_date": "31.12.2025",
        "source": "БДЧР – официален регистър",
        "source_url": "https://www.bsbd.bg/registri/Reg-saor_mineralni-vodi.xlsx",
        "coordinate_accuracy": "A – официални географски координати",
        "mapped_status": "картографирано",
        "display_category": "Минерален сондаж",
        "temperature_class": "< 25°C"
      }
    },
    {
      "type": "Feature",
      "geometry": {
        "type": "Point",
        "coordinates": [
          27.7047222,
          43.3088056
        ]
      },
      "properties": {
        "basin_directorate": "Черноморски район",
        "district": "Варна",
        "municipality": "Суворово",
        "settlement": "с. Изгрев",
        "deposit": "\"МВВХ\"  №100 участък  Суворово",
        "section": "",
        "facility": "Р-162х Изгрев       ПИ 32528.23.48",
        "facility_type": "водовземно",
        "year": "1993",
        "depth_m": "1313.0",
        "temperature_c": "23.0",
        "status": "оборудван",
        "registry_number": "нов-251 100 00160/11.12.2021/стар -252  040 01236/ 16.07.2007",
        "source_date": "31.12.2025",
        "source": "БДЧР – официален регистър",
        "source_url": "https://www.bsbd.bg/registri/Reg-saor_mineralni-vodi.xlsx",
        "coordinate_accuracy": "A – официални географски координати",
        "mapped_status": "картографирано",
        "display_category": "Минерален сондаж",
        "temperature_class": "< 25°C"
      }
    },
    {
      "type": "Feature",
      "geometry": {
        "type": "Point",
        "coordinates": [
          27.61761,
          43.0876256
        ]
      },
      "properties": {
        "basin_directorate": "Черноморски район",
        "district": "Варна",
        "municipality": "Аврен",
        "settlement": "с. Казашка река",
        "deposit": "\"МВВХ\"  №100 участък  Аврен",
        "section": "",
        "facility": "С-65 ,,Юнак\"   ПИ 35208.57.8 и ПИ 35208.57.10",
        "facility_type": "водовземно",
        "year": "1963",
        "depth_m": "556.0",
        "temperature_c": "27.0",
        "status": "самоизлив",
        "registry_number": "251 100 00161/12.08.2024",
        "source_date": "31.12.2025",
        "source": "БДЧР – официален регистър",
        "source_url": "https://www.bsbd.bg/registri/Reg-saor_mineralni-vodi.xlsx",
        "coordinate_accuracy": "A – официални географски координати",
        "mapped_status": "картографирано",
        "display_category": "Минерален сондаж",
        "temperature_class": "25–40°C"
      }
    },
    {
      "type": "Feature",
      "geometry": {
        "type": "Point",
        "coordinates": [
          27.6865833,
          43.2503611
        ]
      },
      "properties": {
        "basin_directorate": "Черноморски район",
        "district": "Варна",
        "municipality": "Аксаково",
        "settlement": "с. Слънчево",
        "deposit": "\"МВВХ\"  №100 участък  Аксаково",
        "section": "",
        "facility": "Р-139х ,,Сук - Слънчево\"",
        "facility_type": "водовземно",
        "year": "",
        "depth_m": "1096.0",
        "temperature_c": "22.3",
        "status": "оборудван",
        "registry_number": "251 100 00162/24.01.2025г.",
        "source_date": "31.12.2025",
        "source": "БДЧР – официален регистър",
        "source_url": "https://www.bsbd.bg/registri/Reg-saor_mineralni-vodi.xlsx",
        "coordinate_accuracy": "A – официални географски координати",
        "mapped_status": "картографирано",
        "display_category": "Минерален сондаж",
        "temperature_class": "< 25°C"
      }
    },
    {
      "type": "Feature",
      "geometry": {
        "type": "Point",
        "coordinates": [
          28.3135833,
          43.5275278
        ]
      },
      "properties": {
        "basin_directorate": "Черноморски район",
        "district": "Каварна",
        "municipality": "Каварна",
        "settlement": "с.Вранино ",
        "deposit": "\"МВВХ\" - област Добрич - участък Каварна №100",
        "section": "",
        "facility": "Р-52 \"Елана - Вранино\"",
        "facility_type": "водовземно",
        "year": "",
        "depth_m": "2020.0",
        "temperature_c": "22.9",
        "status": "оборудван",
        "registry_number": "252 100 00162/19.01.2026 г.",
        "source_date": "31.12.2025",
        "source": "БДЧР – официален регистър",
        "source_url": "https://www.bsbd.bg/registri/Reg-saor_mineralni-vodi.xlsx",
        "coordinate_accuracy": "A – официални географски координати",
        "mapped_status": "картографирано",
        "display_category": "Минерален сондаж",
        "temperature_class": "< 25°C"
      }
    }
  ]
}